00060026007c616900ed670c004000000000
000400220092ad7601847766004000400000
0002002000a1cfb8020da3bc004000800000
0001001f00aba7af028eb340004000c00000
0001001f00b194cb030b4318004001000000
0000001e00b4200003859c8c004001400000
ffff001f00b3800003ff6134004001800000
fffe001f00afa3e0047a81f8004001c00000
fffd002100a82d8804f893c0004002000000
fffc0024009c7350057c7bd8004002400000
fffa0027008af5a4060a9e28002902800000
00060026007c616900ed670c004000000000
000400220092ad7601847766004000400000
0002002000a1cfb8020da3bc004000800000
0001001f00aba7af028eb340004000c00000
0001001f00b194cb030b4318004001000000
0000001e00b4200003859c8c004001400000
ffff001f00b3800003ff6134004001800000
fffe001f00afa3e0047a81f8004001c00000
fffd002100a82d8804f893c0004002000000
fffc0024009c7350057c7bd8004002400000
fffa0027008af5a4060a9e28002902800000
00060026007c616900ed670c004000000000
000400220092ad7601847766004000400000
0002002000a1cfb8020da3bc004000800000
0001001f00aba7af028eb340004000c00000
0001001f00b194cb030b4318004001000000
0000001e00b4200003859c8c004001400000
ffff001f00b3800003ff6134004001800000
fffe001f00afa3e0047a81f8004001c00000
fffd002100a82d8804f893c0004002000000
fffc0024009c7350057c7bd8004002400000
fffa0027008af5a4060a9e28002902800000
00060026007c616900ed670c004000000000
000400220092ad7601847766004000400000
0002002000a1cfb8020da3bc004000800000
0001001f00aba7af028eb340004000c00000
0001001f00b194cb030b4318004001000000
0000001e00b4200003859c8c004001400000
ffff001f00b3800003ff6134004001800000
fffe001f00afa3e0047a81f8004001c00000
fffd002100a82d8804f893c0004002000000
fffc0024009c7350057c7bd8004002400000
fffa0027008af5a4060a9e28002902800000
00060026007c616900ed670c004000000000
000400220092ad7601847766004000400000
0002002000a1cfb8020da3bc004000800000
0001001f00aba7af028eb340004000c00000
0001001f00b194cb030b4318004001000000
0000001e00b4200003859c8c004001400000
ffff001f00b3800003ff6134004001800000
fffe001f00afa3e0047a81f8004001c00000
fffd002100a82d8804f893c0004002000000
fffc0024009c7350057c7bd8004002400000
fffa0027008af5a4060a9e28002902800000
00060026007c616900ed670c004000000000
000400220092ad7601847766004000400000
0002002000a1cfb8020da3bc004000800000
0001001f00aba7af028eb340004000c00000
0001001f00b194cb030b4318004001000000
0000001e00b4200003859c8c004001400000
ffff001f00b3800003ff6134004001800000
fffe001f00afa3e0047a81f8004001c00000
fffd002100a82d8804f893c0004002000000
fffc0024009c7350057c7bd8004002400000
fffa0027008af5a4060a9e28002902800000
00060026007ec10f00ed670c004000000001
000400220094baed018464de004000400001
0002002000a3ba93020d83bc004000800001
0001001f00ada7af028e9aec004000c00001
0001001f00b38000030b37e4004001000001
0000001e00b601e703859c8c004001400001
ffff001f00b5600003ff6134004001800001
fffe002000b1a000047a81f8004001c00001
fffd002100aa36c404f8aa80004002000001
fffc0024009e9350057c7bd8004002400001
fffa0027008d15a4060abab8002902800001
00060026007ec10f00ed670c004000000001
000400220094baed018464de004000400001
0002002000a3ba93020d83bc004000800001
0001001f00ada7af028e9aec004000c00001
0001001f00b38000030b37e4004001000001
0000001e00b601e703859c8c004001400001
ffff001f00b5600003ff6134004001800001
fffe002000b1a000047a81f8004001c00001
fffd002100aa36c404f8aa80004002000001
fffc0024009e9350057c7bd8004002400001
fffa0027008d15a4060abab8002902800001
00060026007ec10f00ed670c004000000001
000400220094baed018464de004000400001
0002002000a3ba93020d83bc004000800001
0001001f00ada7af028e9aec004000c00001
0001001f00b38000030b37e4004001000001
0000001e00b601e703859c8c004001400001
ffff001f00b5600003ff6134004001800001
fffe002000b1a000047a81f8004001c00001
fffd002100aa36c404f8aa80004002000001
fffc0024009e9350057c7bd8004002400001
fffa0027008d15a4060abab8002902800001
00060026007ec10f00ed670c004000000001
000400220094baed018464de004000400001
0002002000a3ba93020d83bc004000800001
0001001f00ada7af028e9aec004000c00001
0001001f00b38000030b37e4004001000001
0000001e00b601e703859c8c004001400001
ffff001f00b5600003ff6134004001800001
fffe002000b1a000047a81f8004001c00001
fffd002100aa36c404f8aa80004002000001
fffc0024009e9350057c7bd8004002400001
fffa0027008d15a4060abab8002902800001
00060026007ec10f00ed670c004000000001
000400220094baed018464de004000400001
0002002000a3ba93020d83bc004000800001
0001001f00ada7af028e9aec004000c00001
0001001f00b38000030b37e4004001000001
0000001e00b601e703859c8c004001400001
ffff001f00b5600003ff6134004001800001
fffe002000b1a000047a81f8004001c00001
fffd002100aa36c404f8aa80004002000001
fffc0024009e9350057c7bd8004002400001
fffa0027008d15a4060abab8002902800001
00060026007ec10f00ed670c004000000001
000400220094baed018464de004000400001
0002002000a3ba93020d83bc004000800001
0001001f00ada7af028e9aec004000c00001
0001001f00b38000030b37e4004001000001
0000001e00b601e703859c8c004001400001
ffff001f00b5600003ff6134004001800001
fffe002000b1a000047a81f8004001c00001
fffd002100aa36c404f8aa80004002000001
fffc0024009e9350057c7bd8004002400001
fffa0027008d15a4060abab8002902800001
000600260081016900ed66b2004000000002
000400220096daed01845766004000400002
0002002000a5ba93020d83bc004000800002
0001001f00afa000028e9340004000c00002
0001001f00b56000030b37e4004001000002
0000001e00b7e1e703859c8c004001400002
ffff001f00b74f0303ff7230004001800002
fffe002000b383e0047a85d8004001c00002
fffd002100ac36c404f8aa80004002000002
fffc002400a09350057c9bd8004002400002
fffa0027008f55a4060abe28002902800002
000600260081016900ed66b2004000000002
000400220096daed01845766004000400002
0002002000a5ba93020d83bc004000800002
0001001f00afa000028e9340004000c00002
0001001f00b56000030b37e4004001000002
0000001e00b7e1e703859c8c004001400002
ffff001f00b74f0303ff7230004001800002
fffe002000b383e0047a85d8004001c00002
fffd002100ac36c404f8aa80004002000002
fffc002400a09350057c9bd8004002400002
fffa0027008f55a4060abe28002902800002
000600260081016900ed66b2004000000002
000400220096daed01845766004000400002
0002002000a5ba93020d83bc004000800002
0001001f00afa000028e9340004000c00002
0001001f00b56000030b37e4004001000002
0000001e00b7e1e703859c8c004001400002
ffff001f00b74f0303ff7230004001800002
fffe002000b383e0047a85d8004001c00002
fffd002100ac36c404f8aa80004002000002
fffc002400a09350057c9bd8004002400002
fffa0027008f55a4060abe28002902800002
000600260081016900ed66b2004000000002
000400220096daed01845766004000400002
0002002000a5ba93020d83bc004000800002
0001001f00afa000028e9340004000c00002
0001001f00b56000030b37e4004001000002
0000001e00b7e1e703859c8c004001400002
ffff001f00b74f0303ff7230004001800002
fffe002000b383e0047a85d8004001c00002
fffd002100ac36c404f8aa80004002000002
fffc002400a09350057c9bd8004002400002
fffa0027008f55a4060abe28002902800002
000600260081016900ed66b2004000000002
000400220096daed01845766004000400002
0002002000a5ba93020d83bc004000800002
0001001f00afa000028e9340004000c00002
0001001f00b56000030b37e4004001000002
0000001e00b7e1e703859c8c004001400002
ffff001f00b74f0303ff7230004001800002
fffe002000b383e0047a85d8004001c00002
fffd002100ac36c404f8aa80004002000002
fffc002400a09350057c9bd8004002400002
fffa0027008f55a4060abe28002902800002
000600260081016900ed66b2004000000002
000400220096daed01845766004000400002
0002002000a5ba93020d83bc004000800002
0001001f00afa000028e9340004000c00002
0001001f00b56000030b37e4004001000002
0000001e00b7e1e703859c8c004001400002
ffff001f00b74f0303ff7230004001800002
fffe002000b383e0047a85d8004001c00002
fffd002100ac36c404f8aa80004002000002
fffc002400a09350057c9bd8004002400002
fffa0027008f55a4060abe28002902800002
000500260083410f00ed470c004000000003
000400220098faed018444de004000400003
0002002000a7ba93020d63bc004000800003
0001001f00b1a7af028e9340004000c00003
0001001f00b754cb030b2318004001000003
0000001e00ba000003859aa4004001400003
ffff001f00b9400003ff7230004001800003
fffe002000b583e0047a85d8004001c00003
fffd002100ae4d8804f8b3c0004002000003
fffc002300a2a9a8057cbbd8004002400003
fffa0027009175a4060adab8002902800003
000500260083410f00ed470c004000000003
000400220098faed018444de004000400003
0002002000a7ba93020d63bc004000800003
0001001f00b1a7af028e9340004000c00003
0001001f00b754cb030b2318004001000003
0000001e00ba000003859aa4004001400003
ffff001f00b9400003ff7230004001800003
fffe002000b583e0047a85d8004001c00003
fffd002100ae4d8804f8b3c0004002000003
fffc002300a2a9a8057cbbd8004002400003
fffa0027009175a4060adab8002902800003
000500260083410f00ed470c004000000003
000400220098faed018444de004000400003
0002002000a7ba93020d63bc004000800003
0001001f00b1a7af028e9340004000c00003
0001001f00b754cb030b2318004001000003
0000001e00ba000003859aa4004001400003
ffff001f00b9400003ff7230004001800003
fffe002000b583e0047a85d8004001c00003
fffd002100ae4d8804f8b3c0004002000003
fffc002300a2a9a8057cbbd8004002400003
fffa0027009175a4060adab8002902800003
000500260083410f00ed470c004000000003
000400220098faed018444de004000400003
0002002000a7ba93020d63bc004000800003
0001001f00b1a7af028e9340004000c00003
0001001f00b754cb030b2318004001000003
0000001e00ba000003859aa4004001400003
ffff001f00b9400003ff7230004001800003
fffe002000b583e0047a85d8004001c00003
fffd002100ae4d8804f8b3c0004002000003
fffc002300a2a9a8057cbbd8004002400003
fffa0027009175a4060adab8002902800003
000500260083410f00ed470c004000000003
000400220098faed018444de004000400003
0002002000a7ba93020d63bc004000800003
0001001f00b1a7af028e9340004000c00003
0001001f00b754cb030b2318004001000003
0000001e00ba000003859aa4004001400003
ffff001f00b9400003ff7230004001800003
fffe002000b583e0047a85d8004001c00003
fffd002100ae4d8804f8b3c0004002000003
fffc002300a2a9a8057cbbd8004002400003
fffa0027009175a4060adab8002902800003
000500260083410f00ed470c004000000003
000400220098faed018444de004000400003
0002002000a7ba93020d63bc004000800003
0001001f00b1a7af028e9340004000c00003
0001001f00b754cb030b2318004001000003
0000001e00ba000003859aa4004001400003
ffff001f00b9400003ff7230004001800003
fffe002000b583e0047a85d8004001c00003
fffd002100ae4d8804f8b3c0004002000003
fffc002300a2a9a8057cbbd8004002400003
fffa0027009175a4060adab8002902800003
000500260085810f00ed46b2004000000004
00040022009b2863018444de004000400004
0002002000a9da93020d63bc004000800004
0001001f00b387af028e9340004000c00004
0001001f00b954cb030b2318004001000004
0000001e00bbe00003859aa4004001400004
ffff001f00bb30fd03ff7230004001800004
fffe002000b763e0047aa1f8004001c00004
fffd002100b036c404f8ca80004002000004
fffc002300a49cf8057cbbd8004002400004
fffa0027009395a4060adab8002902800004
000500260085810f00ed46b2004000000004
00040022009b2863018444de004000400004
0002002000a9da93020d63bc004000800004
0001001f00b387af028e9340004000c00004
0001001f00b954cb030b2318004001000004
0000001e00bbe00003859aa4004001400004
ffff001f00bb30fd03ff7230004001800004
fffe002000b763e0047aa1f8004001c00004
fffd002100b036c404f8ca80004002000004
fffc002300a49cf8057cbbd8004002400004
fffa0027009395a4060adab8002902800004
000500260085810f00ed46b2004000000004
00040022009b2863018444de004000400004
0002002000a9da93020d63bc004000800004
0001001f00b387af028e9340004000c00004
0001001f00b954cb030b2318004001000004
0000001e00bbe00003859aa4004001400004
ffff001f00bb30fd03ff7230004001800004
fffe002000b763e0047aa1f8004001c00004
fffd002100b036c404f8ca80004002000004
fffc002300a49cf8057cbbd8004002400004
fffa0027009395a4060adab8002902800004
000500260085810f00ed46b2004000000004
00040022009b2863018444de004000400004
0002002000a9da93020d63bc004000800004
0001001f00b387af028e9340004000c00004
0001001f00b954cb030b2318004001000004
0000001e00bbe00003859aa4004001400004
ffff001f00bb30fd03ff7230004001800004
fffe002000b763e0047aa1f8004001c00004
fffd002100b036c404f8ca80004002000004
fffc002300a49cf8057cbbd8004002400004
fffa0027009395a4060adab8002902800004
000500260085810f00ed46b2004000000004
00040022009b2863018444de004000400004
0002002000a9da93020d63bc004000800004
0001001f00b387af028e9340004000c00004
0001001f00b954cb030b2318004001000004
0000001e00bbe00003859aa4004001400004
ffff001f00bb30fd03ff7230004001800004
fffe002000b763e0047aa1f8004001c00004
fffd002100b036c404f8ca80004002000004
fffc002300a49cf8057cbbd8004002400004
fffa0027009395a4060adab8002902800004
000500260085810f00ed46b2004000000004
00040022009b2863018444de004000400004
0002002000a9da93020d63bc004000800004
0001001f00b387af028e9340004000c00004
0001001f00b954cb030b2318004001000004
0000001e00bbe00003859aa4004001400004
ffff001f00bb30fd03ff7230004001800004
fffe002000b763e0047aa1f8004001c00004
fffd002100b036c404f8ca80004002000004
fffc002300a49cf8057cbbd8004002400004
fffa0027009395a4060adab8002902800004
000500260087c10f00ed270c004000000005
00040022009d486301843766004000400005
0002002000abf525020d63bc004000800005
0001001f00b58000028e7340004000c00005
0001001f00bb4000030b17e4004001000005
0000001e00bdc00003859aa4004001400005
ffff001f00bd10fd03ff8134004001800005
fffe002000b98000047aa1f8004001c00005
fffd002100b236c404f8ca80004002000005
fffc002400a6b350057cbbd8004002400005
fffa00270095b5a4060afab8002902800005
000500260087c10f00ed270c004000000005
00040022009d486301843766004000400005
0002002000abf525020d63bc004000800005
0001001f00b58000028e7340004000c00005
0001001f00bb4000030b17e4004001000005
0000001e00bdc00003859aa4004001400005
ffff001f00bd10fd03ff8134004001800005
fffe002000b98000047aa1f8004001c00005
fffd002100b236c404f8ca80004002000005
fffc002400a6b350057cbbd8004002400005
fffa00270095b5a4060afab8002902800005
000500260087c10f00ed270c004000000005
00040022009d486301843766004000400005
0002002000abf525020d63bc004000800005
0001001f00b58000028e7340004000c00005
0001001f00bb4000030b17e4004001000005
0000001e00bdc00003859aa4004001400005
ffff001f00bd10fd03ff8134004001800005
fffe002000b98000047aa1f8004001c00005
fffd002100b236c404f8ca80004002000005
fffc002400a6b350057cbbd8004002400005
fffa00270095b5a4060afab8002902800005
000500260087c10f00ed270c004000000005
00040022009d486301843766004000400005
0002002000abf525020d63bc004000800005
0001001f00b58000028e7340004000c00005
0001001f00bb4000030b17e4004001000005
0000001e00bdc00003859aa4004001400005
ffff001f00bd10fd03ff8134004001800005
fffe002000b98000047aa1f8004001c00005
fffd002100b236c404f8ca80004002000005
fffc002400a6b350057cbbd8004002400005
fffa00270095b5a4060afab8002902800005
000500260087c10f00ed270c004000000005
00040022009d486301843766004000400005
0002002000abf525020d63bc004000800005
0001001f00b58000028e7340004000c00005
0001001f00bb4000030b17e4004001000005
0000001e00bdc00003859aa4004001400005
ffff001f00bd10fd03ff8134004001800005
fffe002000b98000047aa1f8004001c00005
fffd002100b236c404f8ca80004002000005
fffc002400a6b350057cbbd8004002400005
fffa00270095b5a4060afab8002902800005
000500260087c10f00ed270c004000000005
00040022009d486301843766004000400005
0002002000abf525020d63bc004000800005
0001001f00b58000028e7340004000c00005
0001001f00bb4000030b17e4004001000005
0000001e00bdc00003859aa4004001400005
ffff001f00bd10fd03ff8134004001800005
fffe002000b98000047aa1f8004001c00005
fffd002100b236c404f8ca80004002000005
fffc002400a6b350057cbbd8004002400005
fffa00270095b5a4060afab8002902800005
00050026008a016900ed270c004000000006
00040022009f6863018424de004000400006
0002002000adf525020d43bc004000800006
0001001f00b78000028e7340004000c00006
0001001f00bd34cb030b17e4004001000006
0000001e00bfc00003859aa4004001400006
ffff001f00bf200003ff8134004001800006
fffe002000bb63e0047aa5d8004001c00006
fffd002100b436c404f8ea80004002000006
fffc002300a8e9a8057cdbd8004002400006
fffa00270097f22f060afab8002902800006
00050026008a016900ed270c004000000006
00040022009f6863018424de004000400006
0002002000adf525020d43bc004000800006
0001001f00b78000028e7340004000c00006
0001001f00bd34cb030b17e4004001000006
0000001e00bfc00003859aa4004001400006
ffff001f00bf200003ff8134004001800006
fffe002000bb63e0047aa5d8004001c00006
fffd002100b436c404f8ea80004002000006
fffc002300a8e9a8057cdbd8004002400006
fffa00270097f22f060afab8002902800006
00050026008a016900ed270c004000000006
00040022009f6863018424de004000400006
0002002000adf525020d43bc004000800006
0001001f00b78000028e7340004000c00006
0001001f00bd34cb030b17e4004001000006
0000001e00bfc00003859aa4004001400006
ffff001f00bf200003ff8134004001800006
fffe002000bb63e0047aa5d8004001c00006
fffd002100b436c404f8ea80004002000006
fffc002300a8e9a8057cdbd8004002400006
fffa00270097f22f060afab8002902800006
00050026008a016900ed270c004000000006
00040022009f6863018424de004000400006
0002002000adf525020d43bc004000800006
0001001f00b78000028e7340004000c00006
0001001f00bd34cb030b17e4004001000006
0000001e00bfc00003859aa4004001400006
ffff001f00bf200003ff8134004001800006
fffe002000bb63e0047aa5d8004001c00006
fffd002100b436c404f8ea80004002000006
fffc002300a8e9a8057cdbd8004002400006
fffa00270097f22f060afab8002902800006
00050026008a016900ed270c004000000006
00040022009f6863018424de004000400006
0002002000adf525020d43bc004000800006
0001001f00b78000028e7340004000c00006
0001001f00bd34cb030b17e4004001000006
0000001e00bfc00003859aa4004001400006
ffff001f00bf200003ff8134004001800006
fffe002000bb63e0047aa5d8004001c00006
fffd002100b436c404f8ea80004002000006
fffc002300a8e9a8057cdbd8004002400006
fffa00270097f22f060afab8002902800006
00050026008a016900ed270c004000000006
00040022009f6863018424de004000400006
0002002000adf525020d43bc004000800006
0001001f00b78000028e7340004000c00006
0001001f00bd34cb030b17e4004001000006
0000001e00bfc00003859aa4004001400006
ffff001f00bf200003ff8134004001800006
fffe002000bb63e0047aa5d8004001c00006
fffd002100b436c404f8ea80004002000006
fffc002300a8e9a8057cdbd8004002400006
fffa00270097f22f060afab8002902800006
00050026008c416900ed26b2004000000007
0004002200a18863018424de004000400007
0002002000aff525020d43bc004000800007
0001001f00b96f5e028e5aec004000c00007
0001001f00bf2000030b17e4004001000007
0000001e00c1a00003859aa4004001400007
ffff001f00c1000003ff8134004001800007
fffe002000bd6000047aa5d8004001c00007
fffd002100b6200004f8ea80004002000007
fffc002300aae9a8057cdbd8004002400007
fffa0027009a15a4060afe28002902800007
00050026008c416900ed26b2004000000007
0004002200a18863018424de004000400007
0002002000aff525020d43bc004000800007
0001001f00b96f5e028e5aec004000c00007
0001001f00bf2000030b17e4004001000007
0000001e00c1a00003859aa4004001400007
ffff001f00c1000003ff8134004001800007
fffe002000bd6000047aa5d8004001c00007
fffd002100b6200004f8ea80004002000007
fffc002300aae9a8057cdbd8004002400007
fffa0027009a15a4060afe28002902800007
00050026008c416900ed26b2004000000007
0004002200a18863018424de004000400007
0002002000aff525020d43bc004000800007
0001001f00b96f5e028e5aec004000c00007
0001001f00bf2000030b17e4004001000007
0000001e00c1a00003859aa4004001400007
ffff001f00c1000003ff8134004001800007
fffe002000bd6000047aa5d8004001c00007
fffd002100b6200004f8ea80004002000007
fffc002300aae9a8057cdbd8004002400007
fffa0027009a15a4060afe28002902800007
00050026008c416900ed26b2004000000007
0004002200a18863018424de004000400007
0002002000aff525020d43bc004000800007
0001001f00b96f5e028e5aec004000c00007
0001001f00bf2000030b17e4004001000007
0000001e00c1a00003859aa4004001400007
ffff001f00c1000003ff8134004001800007
fffe002000bd6000047aa5d8004001c00007
fffd002100b6200004f8ea80004002000007
fffc002300aae9a8057cdbd8004002400007
fffa0027009a15a4060afe28002902800007
00050026008c416900ed26b2004000000007
0004002200a18863018424de004000400007
0002002000aff525020d43bc004000800007
0001001f00b96f5e028e5aec004000c00007
0001001f00bf2000030b17e4004001000007
0000001e00c1a00003859aa4004001400007
ffff001f00c1000003ff8134004001800007
fffe002000bd6000047aa5d8004001c00007
fffd002100b6200004f8ea80004002000007
fffc002300aae9a8057cdbd8004002400007
fffa0027009a15a4060afe28002902800007
00050026008c416900ed26b2004000000007
0004002200a18863018424de004000400007
0002002000aff525020d43bc004000800007
0001001f00b96f5e028e5aec004000c00007
0001001f00bf2000030b17e4004001000007
0000001e00c1a00003859aa4004001400007
ffff001f00c1000003ff8134004001800007
fffe002000bd6000047aa5d8004001c00007
fffd002100b6200004f8ea80004002000007
fffc002300aae9a8057cdbd8004002400007
fffa0027009a15a4060afe28002902800007
00050026008e810f00ed070c004000000008
0004002200a39aed018404de004000400008
0002002000b21525020d23bc004000800008
0001001f00bb67af028e5340004000c00008
0001001f00c12000030b0318004001000008
0000001f00c381e703857c8c004001400008
ffff001f00c2e00003ff8134004001800008
fffe002000bf43e0047ac1f8004001c00008
fffd002100b836c404f8f3c0004002000008
fffc002400ad09a8057cdbd8004002400008
fffa0027009c522f060b1ab8002902800008
00050026008e810f00ed070c004000000008
0004002200a39aed018404de004000400008
0002002000b21525020d23bc004000800008
0001001f00bb67af028e5340004000c00008
0001001f00c12000030b0318004001000008
0000001f00c381e703857c8c004001400008
ffff001f00c2e00003ff8134004001800008
fffe002000bf43e0047ac1f8004001c00008
fffd002100b836c404f8f3c0004002000008
fffc002400ad09a8057cdbd8004002400008
fffa0027009c522f060b1ab8002902800008
00050026008e810f00ed070c004000000008
0004002200a39aed018404de004000400008
0002002000b21525020d23bc004000800008
0001001f00bb67af028e5340004000c00008
0001001f00c12000030b0318004001000008
0000001f00c381e703857c8c004001400008
ffff001f00c2e00003ff8134004001800008
fffe002000bf43e0047ac1f8004001c00008
fffd002100b836c404f8f3c0004002000008
fffc002400ad09a8057cdbd8004002400008
fffa0027009c522f060b1ab8002902800008
00050026008e810f00ed070c004000000008
0004002200a39aed018404de004000400008
0002002000b21525020d23bc004000800008
0001001f00bb67af028e5340004000c00008
0001001f00c12000030b0318004001000008
0000001f00c381e703857c8c004001400008
ffff001f00c2e00003ff8134004001800008
fffe002000bf43e0047ac1f8004001c00008
fffd002100b836c404f8f3c0004002000008
fffc002400ad09a8057cdbd8004002400008
fffa0027009c522f060b1ab8002902800008
00050026008e810f00ed070c004000000008
0004002200a39aed018404de004000400008
0002002000b21525020d23bc004000800008
0001001f00bb67af028e5340004000c00008
0001001f00c12000030b0318004001000008
0000001f00c381e703857c8c004001400008
ffff001f00c2e00003ff8134004001800008
fffe002000bf43e0047ac1f8004001c00008
fffd002100b836c404f8f3c0004002000008
fffc002400ad09a8057cdbd8004002400008
fffa0027009c522f060b1ab8002902800008
00050026008e810f00ed070c004000000008
0004002200a39aed018404de004000400008
0002002000b21525020d23bc004000800008
0001001f00bb67af028e5340004000c00008
0001001f00c12000030b0318004001000008
0000001f00c381e703857c8c004001400008
ffff001f00c2e00003ff8134004001800008
fffe002000bf43e0047ac1f8004001c00008
fffd002100b836c404f8f3c0004002000008
fffc002400ad09a8057cdbd8004002400008
fffa0027009c522f060b1ab8002902800008
000500260090c10f00ed06b2004000000009
0004002200a5cd760183f766004000400009
0002002000b41525020d23bc004000800009
0001001f00bd67af028e5340004000c00009
0001001f00c314cb030b0318004001000009
0000001f00c5a00003857c8c004001400009
ffff001f00c4f0fd03ff8134004001800009
fffe002000c14000047ac1f8004001c00009
fffd002100ba2d8804f90a80004002000009
fffc002400af1350057cfbd8004002400009
fffa0027009e75a4060b1e28002902800009
000500260090c10f00ed06b2004000000009
0004002200a5cd760183f766004000400009
0002002000b41525020d23bc004000800009
0001001f00bd67af028e5340004000c00009
0001001f00c314cb030b0318004001000009
0000001f00c5a00003857c8c004001400009
ffff001f00c4f0fd03ff8134004001800009
fffe002000c14000047ac1f8004001c00009
fffd002100ba2d8804f90a80004002000009
fffc002400af1350057cfbd8004002400009
fffa0027009e75a4060b1e28002902800009
000500260090c10f00ed06b2004000000009
0004002200a5cd760183f766004000400009
0002002000b41525020d23bc004000800009
0001001f00bd67af028e5340004000c00009
0001001f00c314cb030b0318004001000009
0000001f00c5a00003857c8c004001400009
ffff001f00c4f0fd03ff8134004001800009
fffe002000c14000047ac1f8004001c00009
fffd002100ba2d8804f90a80004002000009
fffc002400af1350057cfbd8004002400009
fffa0027009e75a4060b1e28002902800009
000500260090c10f00ed06b2004000000009
0004002200a5cd760183f766004000400009
0002002000b41525020d23bc004000800009
0001001f00bd67af028e5340004000c00009
0001001f00c314cb030b0318004001000009
0000001f00c5a00003857c8c004001400009
ffff001f00c4f0fd03ff8134004001800009
fffe002000c14000047ac1f8004001c00009
fffd002100ba2d8804f90a80004002000009
fffc002400af1350057cfbd8004002400009
fffa0027009e75a4060b1e28002902800009
000500260090c10f00ed06b2004000000009
0004002200a5cd760183f766004000400009
0002002000b41525020d23bc004000800009
0001001f00bd67af028e5340004000c00009
0001001f00c314cb030b0318004001000009
0000001f00c5a00003857c8c004001400009
ffff001f00c4f0fd03ff8134004001800009
fffe002000c14000047ac1f8004001c00009
fffd002100ba2d8804f90a80004002000009
fffc002400af1350057cfbd8004002400009
fffa0027009e75a4060b1e28002902800009
000500260090c10f00ed06b2004000000009
0004002200a5cd760183f766004000400009
0002002000b41525020d23bc004000800009
0001001f00bd67af028e5340004000c00009
0001001f00c314cb030b0318004001000009
0000001f00c5a00003857c8c004001400009
ffff001f00c4f0fd03ff8134004001800009
fffe002000c14000047ac1f8004001c00009
fffd002100ba2d8804f90a80004002000009
fffc002400af1350057cfbd8004002400009
fffa0027009e75a4060b1e28002902800009
000500260093016900ece70c00400000000a
0004002200a7ed760183e4de00400040000a
0002002000b61a93020d23bc00400080000a
0001001f00bf67af028e3aec004000c0000a
0001001f00c4f4cb030af7e400400100000a
0000001f00c7800003857c8c00400140000a
ffff001f00c6d0fd03ff813400400180000a
fffe002000c323e0047ac5d8004001c0000a
fffd002100bc2d8804f90a8000400200000a
fffc002400b13350057cfbd800400240000a
fffa002700a07918060b3ab800290280000a
000500260093016900ece70c00400000000a
0004002200a7ed760183e4de00400040000a
0002002000b61a93020d23bc00400080000a
0001001f00bf67af028e3aec004000c0000a
0001001f00c4f4cb030af7e400400100000a
0000001f00c7800003857c8c00400140000a
ffff001f00c6d0fd03ff813400400180000a
fffe002000c323e0047ac5d8004001c0000a
fffd002100bc2d8804f90a8000400200000a
fffc002400b13350057cfbd800400240000a
fffa002700a07918060b3ab800290280000a
000500260093016900ece70c00400000000a
0004002200a7ed760183e4de00400040000a
0002002000b61a93020d23bc00400080000a
0001001f00bf67af028e3aec004000c0000a
0001001f00c4f4cb030af7e400400100000a
0000001f00c7800003857c8c00400140000a
ffff001f00c6d0fd03ff813400400180000a
fffe002000c323e0047ac5d8004001c0000a
fffd002100bc2d8804f90a8000400200000a
fffc002400b13350057cfbd800400240000a
fffa002700a07918060b3ab800290280000a
000500260093016900ece70c00400000000a
0004002200a7ed760183e4de00400040000a
0002002000b61a93020d23bc00400080000a
0001001f00bf67af028e3aec004000c0000a
0001001f00c4f4cb030af7e400400100000a
0000001f00c7800003857c8c00400140000a
ffff001f00c6d0fd03ff813400400180000a
fffe002000c323e0047ac5d8004001c0000a
fffd002100bc2d8804f90a8000400200000a
fffc002400b13350057cfbd800400240000a
fffa002700a07918060b3ab800290280000a
000500260093016900ece70c00400000000a
0004002200a7ed760183e4de00400040000a
0002002000b61a93020d23bc00400080000a
0001001f00bf67af028e3aec004000c0000a
0001001f00c4f4cb030af7e400400100000a
0000001f00c7800003857c8c00400140000a
ffff001f00c6d0fd03ff813400400180000a
fffe002000c323e0047ac5d8004001c0000a
fffd002100bc2d8804f90a8000400200000a
fffc002400b13350057cfbd800400240000a
fffa002700a07918060b3ab800290280000a
000500260093016900ece70c00400000000a
0004002200a7ed760183e4de00400040000a
0002002000b61a93020d23bc00400080000a
0001001f00bf67af028e3aec004000c0000a
0001001f00c4f4cb030af7e400400100000a
0000001f00c7800003857c8c00400140000a
ffff001f00c6d0fd03ff813400400180000a
fffe002000c323e0047ac5d8004001c0000a
fffd002100bc2d8804f90a8000400200000a
fffc002400b13350057cfbd800400240000a
fffa002700a07918060b3ab800290280000a
000500260095416900ece70c00400000000b
0004002200aa0d760183e4de00400040000b
0002002000b81a93020d03bc00400080000b
0001001f00c167af028e3340004000c0000b
0001001f00c70000030af7e400400100000b
0000001f00c9600003857c8c00400140000b
ffff001f00c8c00003ff813400400180000b
fffe002000c52000047ac5d8004001c0000b
fffd002100be200004f913c000400200000b
fffc002300b33350057d1bd800400240000b
fffa002700a2b918060b3e2800290280000b
000500260095416900ece70c00400000000b
0004002200aa0d760183e4de00400040000b
0002002000b81a93020d03bc00400080000b
0001001f00c167af028e3340004000c0000b
0001001f00c70000030af7e400400100000b
0000001f00c9600003857c8c00400140000b
ffff001f00c8c00003ff813400400180000b
fffe002000c52000047ac5d8004001c0000b
fffd002100be200004f913c000400200000b
fffc002300b33350057d1bd800400240000b
fffa002700a2b918060b3e2800290280000b
000500260095416900ece70c00400000000b
0004002200aa0d760183e4de00400040000b
0002002000b81a93020d03bc00400080000b
0001001f00c167af028e3340004000c0000b
0001001f00c70000030af7e400400100000b
0000001f00c9600003857c8c00400140000b
ffff001f00c8c00003ff813400400180000b
fffe002000c52000047ac5d8004001c0000b
fffd002100be200004f913c000400200000b
fffc002300b33350057d1bd800400240000b
fffa002700a2b918060b3e2800290280000b
000500260095416900ece70c00400000000b
0004002200aa0d760183e4de00400040000b
0002002000b81a93020d03bc00400080000b
0001001f00c167af028e3340004000c0000b
0001001f00c70000030af7e400400100000b
0000001f00c9600003857c8c00400140000b
ffff001f00c8c00003ff813400400180000b
fffe002000c52000047ac5d8004001c0000b
fffd002100be200004f913c000400200000b
fffc002300b33350057d1bd800400240000b
fffa002700a2b918060b3e2800290280000b
000500260095416900ece70c00400000000b
0004002200aa0d760183e4de00400040000b
0002002000b81a93020d03bc00400080000b
0001001f00c167af028e3340004000c0000b
0001001f00c70000030af7e400400100000b
0000001f00c9600003857c8c00400140000b
ffff001f00c8c00003ff813400400180000b
fffe002000c52000047ac5d8004001c0000b
fffd002100be200004f913c000400200000b
fffc002300b33350057d1bd800400240000b
fffa002700a2b918060b3e2800290280000b
000500260095416900ece70c00400000000b
0004002200aa0d760183e4de00400040000b
0002002000b81a93020d03bc00400080000b
0001001f00c167af028e3340004000c0000b
0001001f00c70000030af7e400400100000b
0000001f00c9600003857c8c00400140000b
ffff001f00c8c00003ff813400400180000b
fffe002000c52000047ac5d8004001c0000b
fffd002100be200004f913c000400200000b
fffc002300b33350057d1bd800400240000b
fffa002700a2b918060b3e2800290280000b
000500260097816900ece6b200400000000c
0004002200ac3aed0183c4de00400040000c
0002002000ba2000020d03bc00400080000c
0001001f00c367af028e3340004000c0000c
0001001f00c8f4cb030af7e400400100000c
0000001f00cb600003857c8c00400140000c
ffff001f00cac00003ff813400400180000c
fffe002000c723e0047ae1f8004001c0000c
fffd002100c036c404f92a8000400200000c
fffc002400b55350057d1bd800400240000c
fffb002700a4d918060b3e2800290280000c
000500260097816900ece6b200400000000c
0004002200ac3aed0183c4de00400040000c
0002002000ba2000020d03bc00400080000c
0001001f00c367af028e3340004000c0000c
0001001f00c8f4cb030af7e400400100000c
0000001f00cb600003857c8c00400140000c
ffff001f00cac00003ff813400400180000c
fffe002000c723e0047ae1f8004001c0000c
fffd002100c036c404f92a8000400200000c
fffc002400b55350057d1bd800400240000c
fffb002700a4d918060b3e2800290280000c
000500260097816900ece6b200400000000c
0004002200ac3aed0183c4de00400040000c
0002002000ba2000020d03bc00400080000c
0001001f00c367af028e3340004000c0000c
0001001f00c8f4cb030af7e400400100000c
0000001f00cb600003857c8c00400140000c
ffff001f00cac00003ff813400400180000c
fffe002000c723e0047ae1f8004001c0000c
fffd002100c036c404f92a8000400200000c
fffc002400b55350057d1bd800400240000c
fffb002700a4d918060b3e2800290280000c
000500260097816900ece6b200400000000c
0004002200ac3aed0183c4de00400040000c
0002002000ba2000020d03bc00400080000c
0001001f00c367af028e3340004000c0000c
0001001f00c8f4cb030af7e400400100000c
0000001f00cb600003857c8c00400140000c
ffff001f00cac00003ff813400400180000c
fffe002000c723e0047ae1f8004001c0000c
fffd002100c036c404f92a8000400200000c
fffc002400b55350057d1bd800400240000c
fffb002700a4d918060b3e2800290280000c
000500260097816900ece6b200400000000c
0004002200ac3aed0183c4de00400040000c
0002002000ba2000020d03bc00400080000c
0001001f00c367af028e3340004000c0000c
0001001f00c8f4cb030af7e400400100000c
0000001f00cb600003857c8c00400140000c
ffff001f00cac00003ff813400400180000c
fffe002000c723e0047ae1f8004001c0000c
fffd002100c036c404f92a8000400200000c
fffc002400b55350057d1bd800400240000c
fffb002700a4d918060b3e2800290280000c
000500260097816900ece6b200400000000c
0004002200ac3aed0183c4de00400040000c
0002002000ba2000020d03bc00400080000c
0001001f00c367af028e3340004000c0000c
0001001f00c8f4cb030af7e400400100000c
0000001f00cb600003857c8c00400140000c
ffff001f00cac00003ff813400400180000c
fffe002000c723e0047ae1f8004001c0000c
fffd002100c036c404f92a8000400200000c
fffc002400b55350057d1bd800400240000c
fffb002700a4d918060b3e2800290280000c
000500260099e0b400ece6b200400000000d
0003002200ae5aed0183c4de00400040000d
0002002000bc5525020cfe5000400080000d
0001001f00c54f5e028e1aec004000c0000d
0001001f00cad4cb030af7e400400100000d
0000001f00cd400003857c8c00400140000d
ffff001f00cca00003ff923000400180000d
fffe002000c903e0047ae1f8004001c0000d
fffd002100c236c404f92a8000400200000d
fffc002400b749a8057d258000400240000d
fffa002700a71918060b5ab800290280000d
000500260099e0b400ece6b200400000000d
0003002200ae5aed0183c4de00400040000d
0002002000bc5525020cfe5000400080000d
0001001f00c54f5e028e1aec004000c0000d
0001001f00cad4cb030af7e400400100000d
0000001f00cd400003857c8c00400140000d
ffff001f00cca00003ff923000400180000d
fffe002000c903e0047ae1f8004001c0000d
fffd002100c236c404f92a8000400200000d
fffc002400b749a8057d258000400240000d
fffa002700a71918060b5ab800290280000d
000500260099e0b400ece6b200400000000d
0003002200ae5aed0183c4de00400040000d
0002002000bc5525020cfe5000400080000d
0001001f00c54f5e028e1aec004000c0000d
0001001f00cad4cb030af7e400400100000d
0000001f00cd400003857c8c00400140000d
ffff001f00cca00003ff923000400180000d
fffe002000c903e0047ae1f8004001c0000d
fffd002100c236c404f92a8000400200000d
fffc002400b749a8057d258000400240000d
fffa002700a71918060b5ab800290280000d
000500260099e0b400ece6b200400000000d
0003002200ae5aed0183c4de00400040000d
0002002000bc5525020cfe5000400080000d
0001001f00c54f5e028e1aec004000c0000d
0001001f00cad4cb030af7e400400100000d
0000001f00cd400003857c8c00400140000d
ffff001f00cca00003ff923000400180000d
fffe002000c903e0047ae1f8004001c0000d
fffd002100c236c404f92a8000400200000d
fffc002400b749a8057d258000400240000d
fffa002700a71918060b5ab800290280000d
000500260099e0b400ece6b200400000000d
0003002200ae5aed0183c4de00400040000d
0002002000bc5525020cfe5000400080000d
0001001f00c54f5e028e1aec004000c0000d
0001001f00cad4cb030af7e400400100000d
0000001f00cd400003857c8c00400140000d
ffff001f00cca00003ff923000400180000d
fffe002000c903e0047ae1f8004001c0000d
fffd002100c236c404f92a8000400200000d
fffc002400b749a8057d258000400240000d
fffa002700a71918060b5ab800290280000d
000500260099e0b400ece6b200400000000d
0003002200ae5aed0183c4de00400040000d
0002002000bc5525020cfe5000400080000d
0001001f00c54f5e028e1aec004000c0000d
0001001f00cad4cb030af7e400400100000d
0000001f00cd400003857c8c00400140000d
ffff001f00cca00003ff923000400180000d
fffe002000c903e0047ae1f8004001c0000d
fffd002100c236c404f92a8000400200000d
fffc002400b749a8057d258000400240000d
fffa002700a71918060b5ab800290280000d
00050026009c016900ecc70c00400000000e
0003002200b07aed0183b76600400040000e
0002002000be3a93020ce3bc00400080000e
0001001f00c76000028e1340004000c0000e
0001001f00ccc000030ae31800400100000e
0000001f00cf21e703857c8c00400140000e
ffff001f00ce90fd03ff923000400180000e
fffe002000cb0000047ae1f8004001c0000e
fffd002100c42d8804f933c000400200000e
fffc002300b969a8057d3bd800400240000e
fffb002700a93918060b5e2800290280000e
00050026009c016900ecc70c00400000000e
0003002200b07aed0183b76600400040000e
0002002000be3a93020ce3bc00400080000e
0001001f00c76000028e1340004000c0000e
0001001f00ccc000030ae31800400100000e
0000001f00cf21e703857c8c00400140000e
ffff001f00ce90fd03ff923000400180000e
fffe002000cb0000047ae1f8004001c0000e
fffd002100c42d8804f933c000400200000e
fffc002300b969a8057d3bd800400240000e
fffb002700a93918060b5e2800290280000e
00050026009c016900ecc70c00400000000e
0003002200b07aed0183b76600400040000e
0002002000be3a93020ce3bc00400080000e
0001001f00c76000028e1340004000c0000e
0001001f00ccc000030ae31800400100000e
0000001f00cf21e703857c8c00400140000e
ffff001f00ce90fd03ff923000400180000e
fffe002000cb0000047ae1f8004001c0000e
fffd002100c42d8804f933c000400200000e
fffc002300b969a8057d3bd800400240000e
fffb002700a93918060b5e2800290280000e
00050026009c016900ecc70c00400000000e
0003002200b07aed0183b76600400040000e
0002002000be3a93020ce3bc00400080000e
0001001f00c76000028e1340004000c0000e
0001001f00ccc000030ae31800400100000e
0000001f00cf21e703857c8c00400140000e
ffff001f00ce90fd03ff923000400180000e
fffe002000cb0000047ae1f8004001c0000e
fffd002100c42d8804f933c000400200000e
fffc002300b969a8057d3bd800400240000e
fffb002700a93918060b5e2800290280000e
00050026009c016900ecc70c00400000000e
0003002200b07aed0183b76600400040000e
0002002000be3a93020ce3bc00400080000e
0001001f00c76000028e1340004000c0000e
0001001f00ccc000030ae31800400100000e
0000001f00cf21e703857c8c00400140000e
ffff001f00ce90fd03ff923000400180000e
fffe002000cb0000047ae1f8004001c0000e
fffd002100c42d8804f933c000400200000e
fffc002300b969a8057d3bd800400240000e
fffb002700a93918060b5e2800290280000e
00050026009c016900ecc70c00400000000e
0003002200b07aed0183b76600400040000e
0002002000be3a93020ce3bc00400080000e
0001001f00c76000028e1340004000c0000e
0001001f00ccc000030ae31800400100000e
0000001f00cf21e703857c8c00400140000e
ffff001f00ce90fd03ff923000400180000e
fffe002000cb0000047ae1f8004001c0000e
fffd002100c42d8804f933c000400200000e
fffc002300b969a8057d3bd800400240000e
fffb002700a93918060b5e2800290280000e
00050026009e416900ecc6b200400000000f
0003002200b28d760183a4de00400040000f
0002002000c03a93020cc92800400080000f
0001001f00c967af028e1340004000c0000f
0001001f00cec000030ae31800400100000f
0000001f00d1200003857c8c00400140000f
ffff001f00d090fd03ff923000400180000f
fffe002000cd03e0047ae5d8004001c0000f
fffd002100c636c404f94a8000400200000f
fffc002400bb69a8057d3bd800400240000f
fffb002700ab7918060b5e2800290280000f
00050026009e416900ecc6b200400000000f
0003002200b28d760183a4de00400040000f
0002002000c03a93020cc92800400080000f
0001001f00c967af028e1340004000c0000f
0001001f00cec000030ae31800400100000f
0000001f00d1200003857c8c00400140000f
ffff001f00d090fd03ff923000400180000f
fffe002000cd03e0047ae5d8004001c0000f
fffd002100c636c404f94a8000400200000f
fffc002400bb69a8057d3bd800400240000f
fffb002700ab7918060b5e2800290280000f
00050026009e416900ecc6b200400000000f
0003002200b28d760183a4de00400040000f
0002002000c03a93020cc92800400080000f
0001001f00c967af028e1340004000c0000f
0001001f00cec000030ae31800400100000f
0000001f00d1200003857c8c00400140000f
ffff001f00d090fd03ff923000400180000f
fffe002000cd03e0047ae5d8004001c0000f
fffd002100c636c404f94a8000400200000f
fffc002400bb69a8057d3bd800400240000f
fffb002700ab7918060b5e2800290280000f
00050026009e416900ecc6b200400000000f
0003002200b28d760183a4de00400040000f
0002002000c03a93020cc92800400080000f
0001001f00c967af028e1340004000c0000f
0001001f00cec000030ae31800400100000f
0000001f00d1200003857c8c00400140000f
ffff001f00d090fd03ff923000400180000f
fffe002000cd03e0047ae5d8004001c0000f
fffd002100c636c404f94a8000400200000f
fffc002400bb69a8057d3bd800400240000f
fffb002700ab7918060b5e2800290280000f
00050026009e416900ecc6b200400000000f
0003002200b28d760183a4de00400040000f
0002002000c03a93020cc92800400080000f
0001001f00c967af028e1340004000c0000f
0001001f00cec000030ae31800400100000f
0000001f00d1200003857c8c00400140000f
ffff001f00d090fd03ff923000400180000f
fffe002000cd03e0047ae5d8004001c0000f
fffd002100c636c404f94a8000400200000f
fffc002400bb69a8057d3bd800400240000f
fffb002700ab7918060b5e2800290280000f
00050026009e416900ecc6b200400000000f
0003002200b28d760183a4de00400040000f
0002002000c03a93020cc92800400080000f
0001001f00c967af028e1340004000c0000f
0001001f00cec000030ae31800400100000f
0000001f00d1200003857c8c00400140000f
ffff001f00d090fd03ff923000400180000f
fffe002000cd03e0047ae5d8004001c0000f
fffd002100c636c404f94a8000400200000f
fffc002400bb69a8057d3bd800400240000f
fffb002700ab7918060b5e2800290280000f
0005002600a0816900eca70c004000000010
0003002200b4ad7601839766004000400010
0002002000c24000020cc3bc004000800010
0001001f00cb4f5e028dfaec004000c00010
0001001f00d0b4cb030ad7e4004001000010
0000001f00d3000003857c8c004001400010
ffff001f00d2800003ffa134004001800010
fffe002000cee3e0047b01f8004001c00010
fffd002100c836c404f94a80004002000010
fffc002300bd9350057d5bd8004002400010
fffb002700adb5a4060b7ab8002902800010
0005002600a0816900eca70c004000000010
0003002200b4ad7601839766004000400010
0002002000c24000020cc3bc004000800010
0001001f00cb4f5e028dfaec004000c00010
0001001f00d0b4cb030ad7e4004001000010
0000001f00d3000003857c8c004001400010
ffff001f00d2800003ffa134004001800010
fffe002000cee3e0047b01f8004001c00010
fffd002100c836c404f94a80004002000010
fffc002300bd9350057d5bd8004002400010
fffb002700adb5a4060b7ab8002902800010
0005002600a0816900eca70c004000000010
0003002200b4ad7601839766004000400010
0002002000c24000020cc3bc004000800010
0001001f00cb4f5e028dfaec004000c00010
0001001f00d0b4cb030ad7e4004001000010
0000001f00d3000003857c8c004001400010
ffff001f00d2800003ffa134004001800010
fffe002000cee3e0047b01f8004001c00010
fffd002100c836c404f94a80004002000010
fffc002300bd9350057d5bd8004002400010
fffb002700adb5a4060b7ab8002902800010
0005002600a0816900eca70c004000000010
0003002200b4ad7601839766004000400010
0002002000c24000020cc3bc004000800010
0001001f00cb4f5e028dfaec004000c00010
0001001f00d0b4cb030ad7e4004001000010
0000001f00d3000003857c8c004001400010
ffff001f00d2800003ffa134004001800010
fffe002000cee3e0047b01f8004001c00010
fffd002100c836c404f94a80004002000010
fffc002300bd9350057d5bd8004002400010
fffb002700adb5a4060b7ab8002902800010
0005002600a0816900eca70c004000000010
0003002200b4ad7601839766004000400010
0002002000c24000020cc3bc004000800010
0001001f00cb4f5e028dfaec004000c00010
0001001f00d0b4cb030ad7e4004001000010
0000001f00d3000003857c8c004001400010
ffff001f00d2800003ffa134004001800010
fffe002000cee3e0047b01f8004001c00010
fffd002100c836c404f94a80004002000010
fffc002300bd9350057d5bd8004002400010
fffb002700adb5a4060b7ab8002902800010
0005002600a0816900eca70c004000000010
0003002200b4ad7601839766004000400010
0002002000c24000020cc3bc004000800010
0001001f00cb4f5e028dfaec004000c00010
0001001f00d0b4cb030ad7e4004001000010
0000001f00d3000003857c8c004001400010
ffff001f00d2800003ffa134004001800010
fffe002000cee3e0047b01f8004001c00010
fffd002100c836c404f94a80004002000010
fffc002300bd9350057d5bd8004002400010
fffb002700adb5a4060b7ab8002902800010
0005002600a2e10f00eca70c004000000011
0003002200b6baed018384de004000400011
0002002000c45a93020cc3bc004000800011
0001001f00cd47af028dfaec004000c00011
0001001f00d2a000030ad7e4004001000011
0000001f00d5000003857c8c004001400011
ffff001f00d4600003ffa134004001800011
fffe002000d10000047b01f8004001c00011
fffd002100ca36c404f953c0004002000011
fffc002400bf9350057d5bd8004002400011
fffb002700afd918060b7e28002902800011
0005002600a2e10f00eca70c004000000011
0003002200b6baed018384de004000400011
0002002000c45a93020cc3bc004000800011
0001001f00cd47af028dfaec004000c00011
0001001f00d2a000030ad7e4004001000011
0000001f00d5000003857c8c004001400011
ffff001f00d4600003ffa134004001800011
fffe002000d10000047b01f8004001c00011
fffd002100ca36c404f953c0004002000011
fffc002400bf9350057d5bd8004002400011
fffb002700afd918060b7e28002902800011
0005002600a2e10f00eca70c004000000011
0003002200b6baed018384de004000400011
0002002000c45a93020cc3bc004000800011
0001001f00cd47af028dfaec004000c00011
0001001f00d2a000030ad7e4004001000011
0000001f00d5000003857c8c004001400011
ffff001f00d4600003ffa134004001800011
fffe002000d10000047b01f8004001c00011
fffd002100ca36c404f953c0004002000011
fffc002400bf9350057d5bd8004002400011
fffb002700afd918060b7e28002902800011
0005002600a2e10f00eca70c004000000011
0003002200b6baed018384de004000400011
0002002000c45a93020cc3bc004000800011
0001001f00cd47af028dfaec004000c00011
0001001f00d2a000030ad7e4004001000011
0000001f00d5000003857c8c004001400011
ffff001f00d4600003ffa134004001800011
fffe002000d10000047b01f8004001c00011
fffd002100ca36c404f953c0004002000011
fffc002400bf9350057d5bd8004002400011
fffb002700afd918060b7e28002902800011
0005002600a2e10f00eca70c004000000011
0003002200b6baed018384de004000400011
0002002000c45a93020cc3bc004000800011
0001001f00cd47af028dfaec004000c00011
0001001f00d2a000030ad7e4004001000011
0000001f00d5000003857c8c004001400011
ffff001f00d4600003ffa134004001800011
fffe002000d10000047b01f8004001c00011
fffd002100ca36c404f953c0004002000011
fffc002400bf9350057d5bd8004002400011
fffb002700afd918060b7e28002902800011
0005002600a2e10f00eca70c004000000011
0003002200b6baed018384de004000400011
0002002000c45a93020cc3bc004000800011
0001001f00cd47af028dfaec004000c00011
0001001f00d2a000030ad7e4004001000011
0000001f00d5000003857c8c004001400011
ffff001f00d4600003ffa134004001800011
fffe002000d10000047b01f8004001c00011
fffd002100ca36c404f953c0004002000011
fffc002400bf9350057d5bd8004002400011
fffb002700afd918060b7e28002902800011
0005002600a5210f00eca6b2004000000012
0003002200b8daed018384de004000400012
0002002000c67525020ca3bc004000800012
0001001f00cf6000028df340004000c00012
0001001f00d4a000030ad7e4004001000012
0000001f00d6e00003857c8c004001400012
ffff001f00d6600003ffa134004001800012
fffe002000d2e3e0047b01f8004001c00012
fffd002100cc36c404f96a80004002000012
fffc002300c1b350057d7bd8004002400012
fffb002700b1f5a4060b9ab8002902800012
0005002600a5210f00eca6b2004000000012
0003002200b8daed018384de004000400012
0002002000c67525020ca3bc004000800012
0001001f00cf6000028df340004000c00012
0001001f00d4a000030ad7e4004001000012
0000001f00d6e00003857c8c004001400012
ffff001f00d6600003ffa134004001800012
fffe002000d2e3e0047b01f8004001c00012
fffd002100cc36c404f96a80004002000012
fffc002300c1b350057d7bd8004002400012
fffb002700b1f5a4060b9ab8002902800012
0005002600a5210f00eca6b2004000000012
0003002200b8daed018384de004000400012
0002002000c67525020ca3bc004000800012
0001001f00cf6000028df340004000c00012
0001001f00d4a000030ad7e4004001000012
0000001f00d6e00003857c8c004001400012
ffff001f00d6600003ffa134004001800012
fffe002000d2e3e0047b01f8004001c00012
fffd002100cc36c404f96a80004002000012
fffc002300c1b350057d7bd8004002400012
fffb002700b1f5a4060b9ab8002902800012
0005002600a5210f00eca6b2004000000012
0003002200b8daed018384de004000400012
0002002000c67525020ca3bc004000800012
0001001f00cf6000028df340004000c00012
0001001f00d4a000030ad7e4004001000012
0000001f00d6e00003857c8c004001400012
ffff001f00d6600003ffa134004001800012
fffe002000d2e3e0047b01f8004001c00012
fffd002100cc36c404f96a80004002000012
fffc002300c1b350057d7bd8004002400012
fffb002700b1f5a4060b9ab8002902800012
0005002600a5210f00eca6b2004000000012
0003002200b8daed018384de004000400012
0002002000c67525020ca3bc004000800012
0001001f00cf6000028df340004000c00012
0001001f00d4a000030ad7e4004001000012
0000001f00d6e00003857c8c004001400012
ffff001f00d6600003ffa134004001800012
fffe002000d2e3e0047b01f8004001c00012
fffd002100cc36c404f96a80004002000012
fffc002300c1b350057d7bd8004002400012
fffb002700b1f5a4060b9ab8002902800012
0005002600a5210f00eca6b2004000000012
0003002200b8daed018384de004000400012
0002002000c67525020ca3bc004000800012
0001001f00cf6000028df340004000c00012
0001001f00d4a000030ad7e4004001000012
0000001f00d6e00003857c8c004001400012
ffff001f00d6600003ffa134004001800012
fffe002000d2e3e0047b01f8004001c00012
fffd002100cc36c404f96a80004002000012
fffc002300c1b350057d7bd8004002400012
fffb002700b1f5a4060b9ab8002902800012
0005002600a7416900ec870c004000000013
0003002200bb1aed018364de004000400013
0002002000c87525020ca3bc004000800013
0001001f00d14f5e028df340004000c00013
0001001f00d694cb030ac318004001000013
0000001f00d8de1903857c8c004001400013
ffff001f00d8400003ffa134004001800013
fffe002000d4e000047b05d8004001c00013
fffd002100ce400004f96a80004002000013
fffc002300c3b350057d7bd8004002400013
fffb002700b435a4060b9e28002902800013
0005002600a7416900ec870c004000000013
0003002200bb1aed018364de004000400013
0002002000c87525020ca3bc004000800013
0001001f00d14f5e028df340004000c00013
0001001f00d694cb030ac318004001000013
0000001f00d8de1903857c8c004001400013
ffff001f00d8400003ffa134004001800013
fffe002000d4e000047b05d8004001c00013
fffd002100ce400004f96a80004002000013
fffc002300c3b350057d7bd8004002400013
fffb002700b435a4060b9e28002902800013
0005002600a7416900ec870c004000000013
0003002200bb1aed018364de004000400013
0002002000c87525020ca3bc004000800013
0001001f00d14f5e028df340004000c00013
0001001f00d694cb030ac318004001000013
0000001f00d8de1903857c8c004001400013
ffff001f00d8400003ffa134004001800013
fffe002000d4e000047b05d8004001c00013
fffd002100ce400004f96a80004002000013
fffc002300c3b350057d7bd8004002400013
fffb002700b435a4060b9e28002902800013
0005002600a7416900ec870c004000000013
0003002200bb1aed018364de004000400013
0002002000c87525020ca3bc004000800013
0001001f00d14f5e028df340004000c00013
0001001f00d694cb030ac318004001000013
0000001f00d8de1903857c8c004001400013
ffff001f00d8400003ffa134004001800013
fffe002000d4e000047b05d8004001c00013
fffd002100ce400004f96a80004002000013
fffc002300c3b350057d7bd8004002400013
fffb002700b435a4060b9e28002902800013
0005002600a7416900ec870c004000000013
0003002200bb1aed018364de004000400013
0002002000c87525020ca3bc004000800013
0001001f00d14f5e028df340004000c00013
0001001f00d694cb030ac318004001000013
0000001f00d8de1903857c8c004001400013
ffff001f00d8400003ffa134004001800013
fffe002000d4e000047b05d8004001c00013
fffd002100ce400004f96a80004002000013
fffc002300c3b350057d7bd8004002400013
fffb002700b435a4060b9e28002902800013
0005002600a7416900ec870c004000000013
0003002200bb1aed018364de004000400013
0002002000c87525020ca3bc004000800013
0001001f00d14f5e028df340004000c00013
0001001f00d694cb030ac318004001000013
0000001f00d8de1903857c8c004001400013
ffff001f00d8400003ffa134004001800013
fffe002000d4e000047b05d8004001c00013
fffd002100ce400004f96a80004002000013
fffc002300c3b350057d7bd8004002400013
fffb002700b435a4060b9e28002902800013
0005002600a9a10f00ec86b2004000000014
0003002200bd3aed018364de004000400014
0002002000ca7a93020c9e50004000800014
0001001f00d347af028ddaec004000c00014
0001001f00d894cb030ac318004001000014
0000001f00dac00003857c8c004001400014
ffff001f00da50fd03ffa134004001800014
fffe002000d6e000047b05d8004001c00014
fffd002100d056c404f973c0004002000014
fffc002400c5e9a8057d7bd8004002400014
fffb002700b655a4060b9e28002902800014
0005002600a9a10f00ec86b2004000000014
0003002200bd3aed018364de004000400014
0002002000ca7a93020c9e50004000800014
0001001f00d347af028ddaec004000c00014
0001001f00d894cb030ac318004001000014
0000001f00dac00003857c8c004001400014
ffff001f00da50fd03ffa134004001800014
fffe002000d6e000047b05d8004001c00014
fffd002100d056c404f973c0004002000014
fffc002400c5e9a8057d7bd8004002400014
fffb002700b655a4060b9e28002902800014
0005002600a9a10f00ec86b2004000000014
0003002200bd3aed018364de004000400014
0002002000ca7a93020c9e50004000800014
0001001f00d347af028ddaec004000c00014
0001001f00d894cb030ac318004001000014
0000001f00dac00003857c8c004001400014
ffff001f00da50fd03ffa134004001800014
fffe002000d6e000047b05d8004001c00014
fffd002100d056c404f973c0004002000014
fffc002400c5e9a8057d7bd8004002400014
fffb002700b655a4060b9e28002902800014
0005002600a9a10f00ec86b2004000000014
0003002200bd3aed018364de004000400014
0002002000ca7a93020c9e50004000800014
0001001f00d347af028ddaec004000c00014
0001001f00d894cb030ac318004001000014
0000001f00dac00003857c8c004001400014
ffff001f00da50fd03ffa134004001800014
fffe002000d6e000047b05d8004001c00014
fffd002100d056c404f973c0004002000014
fffc002400c5e9a8057d7bd8004002400014
fffb002700b655a4060b9e28002902800014
0005002600a9a10f00ec86b2004000000014
0003002200bd3aed018364de004000400014
0002002000ca7a93020c9e50004000800014
0001001f00d347af028ddaec004000c00014
0001001f00d894cb030ac318004001000014
0000001f00dac00003857c8c004001400014
ffff001f00da50fd03ffa134004001800014
fffe002000d6e000047b05d8004001c00014
fffd002100d056c404f973c0004002000014
fffc002400c5e9a8057d7bd8004002400014
fffb002700b655a4060b9e28002902800014
0005002600a9a10f00ec86b2004000000014
0003002200bd3aed018364de004000400014
0002002000ca7a93020c9e50004000800014
0001001f00d347af028ddaec004000c00014
0001001f00d894cb030ac318004001000014
0000001f00dac00003857c8c004001400014
ffff001f00da50fd03ffa134004001800014
fffe002000d6e000047b05d8004001c00014
fffd002100d056c404f973c0004002000014
fffc002400c5e9a8057d7bd8004002400014
fffb002700b655a4060b9e28002902800014
0005002600abe10f00ec670c004000000015
0003002200bf5aed01835766004000400015
0002002000cc9a93020c83bc004000800015
0001001f00d56000028dd340004000c00015
0001001f00da8000030ab7e4004001000015
0000001f00dca1e703857c8c004001400015
ffff001f00dc400003ffa134004001800015
fffe002000d8c3e0047b21f8004001c00015
fffd002100d24d8804f98a80004002000015
fffc002300c7e9a8057d9bd8004002400015
fffb002700b895a4060bbab8002902800015
0005002600abe10f00ec670c004000000015
0003002200bf5aed01835766004000400015
0002002000cc9a93020c83bc004000800015
0001001f00d56000028dd340004000c00015
0001001f00da8000030ab7e4004001000015
0000001f00dca1e703857c8c004001400015
ffff001f00dc400003ffa134004001800015
fffe002000d8c3e0047b21f8004001c00015
fffd002100d24d8804f98a80004002000015
fffc002300c7e9a8057d9bd8004002400015
fffb002700b895a4060bbab8002902800015
0005002600abe10f00ec670c004000000015
0003002200bf5aed01835766004000400015
0002002000cc9a93020c83bc004000800015
0001001f00d56000028dd340004000c00015
0001001f00da8000030ab7e4004001000015
0000001f00dca1e703857c8c004001400015
ffff001f00dc400003ffa134004001800015
fffe002000d8c3e0047b21f8004001c00015
fffd002100d24d8804f98a80004002000015
fffc002300c7e9a8057d9bd8004002400015
fffb002700b895a4060bbab8002902800015
0005002600abe10f00ec670c004000000015
0003002200bf5aed01835766004000400015
0002002000cc9a93020c83bc004000800015
0001001f00d56000028dd340004000c00015
0001001f00da8000030ab7e4004001000015
0000001f00dca1e703857c8c004001400015
ffff001f00dc400003ffa134004001800015
fffe002000d8c3e0047b21f8004001c00015
fffd002100d24d8804f98a80004002000015
fffc002300c7e9a8057d9bd8004002400015
fffb002700b895a4060bbab8002902800015
0005002600abe10f00ec670c004000000015
0003002200bf5aed01835766004000400015
0002002000cc9a93020c83bc004000800015
0001001f00d56000028dd340004000c00015
0001001f00da8000030ab7e4004001000015
0000001f00dca1e703857c8c004001400015
ffff001f00dc400003ffa134004001800015
fffe002000d8c3e0047b21f8004001c00015
fffd002100d24d8804f98a80004002000015
fffc002300c7e9a8057d9bd8004002400015
fffb002700b895a4060bbab8002902800015
0005002600abe10f00ec670c004000000015
0003002200bf5aed01835766004000400015
0002002000cc9a93020c83bc004000800015
0001001f00d56000028dd340004000c00015
0001001f00da8000030ab7e4004001000015
0000001f00dca1e703857c8c004001400015
ffff001f00dc400003ffa134004001800015
fffe002000d8c3e0047b21f8004001c00015
fffd002100d24d8804f98a80004002000015
fffc002300c7e9a8057d9bd8004002400015
fffb002700b895a4060bbab8002902800015
0005002600ae210f00ec670c004000000016
0003002200c18d76018344de004000400016
0002002000ce9a93020c83bc004000800016
0001001f00d747af028dd340004000c00016
0001001f00dc74cb030ab7e4004001000016
0000001f00dec00003857aa4004001400016
ffff001f00de200003ffa134004001800016
fffe002000dac3e0047b21f8004001c00016
fffd002100d44d8804f98a80004002000016
fffc002400ca1350057d9bd8004002400016
fffb002700bab5a4060bbe28002902800016
0005002600ae210f00ec670c004000000016
0003002200c18d76018344de004000400016
0002002000ce9a93020c83bc004000800016
0001001f00d747af028dd340004000c00016
0001001f00dc74cb030ab7e4004001000016
0000001f00dec00003857aa4004001400016
ffff001f00de200003ffa134004001800016
fffe002000dac3e0047b21f8004001c00016
fffd002100d44d8804f98a80004002000016
fffc002400ca1350057d9bd8004002400016
fffb002700bab5a4060bbe28002902800016
0005002600ae210f00ec670c004000000016
0003002200c18d76018344de004000400016
0002002000ce9a93020c83bc004000800016
0001001f00d747af028dd340004000c00016
0001001f00dc74cb030ab7e4004001000016
0000001f00dec00003857aa4004001400016
ffff001f00de200003ffa134004001800016
fffe002000dac3e0047b21f8004001c00016
fffd002100d44d8804f98a80004002000016
fffc002400ca1350057d9bd8004002400016
fffb002700bab5a4060bbe28002902800016
0005002600ae210f00ec670c004000000016
0003002200c18d76018344de004000400016
0002002000ce9a93020c83bc004000800016
0001001f00d747af028dd340004000c00016
0001001f00dc74cb030ab7e4004001000016
0000001f00dec00003857aa4004001400016
ffff001f00de200003ffa134004001800016
fffe002000dac3e0047b21f8004001c00016
fffd002100d44d8804f98a80004002000016
fffc002400ca1350057d9bd8004002400016
fffb002700bab5a4060bbe28002902800016
0005002600ae210f00ec670c004000000016
0003002200c18d76018344de004000400016
0002002000ce9a93020c83bc004000800016
0001001f00d747af028dd340004000c00016
0001001f00dc74cb030ab7e4004001000016
0000001f00dec00003857aa4004001400016
ffff001f00de200003ffa134004001800016
fffe002000dac3e0047b21f8004001c00016
fffd002100d44d8804f98a80004002000016
fffc002400ca1350057d9bd8004002400016
fffb002700bab5a4060bbe28002902800016
0005002600ae210f00ec670c004000000016
0003002200c18d76018344de004000400016
0002002000ce9a93020c83bc004000800016
0001001f00d747af028dd340004000c00016
0001001f00dc74cb030ab7e4004001000016
0000001f00dec00003857aa4004001400016
ffff001f00de200003ffa134004001800016
fffe002000dac3e0047b21f8004001c00016
fffd002100d44d8804f98a80004002000016
fffc002400ca1350057d9bd8004002400016
fffb002700bab5a4060bbe28002902800016
0005002600b0610f00ec66b2004000000017
0003002200c3ad7601833766004000400017
0002002000d0b525020c63bc004000800017
0001001f00d947af028dbaec004000c00017
0001001f00de74cb030ab7e4004001000017
0000001f00e0a00003857aa4004001400017
ffff001f00e0200003ffa134004001800017
fffe002000dcc000047b21f8004001c00017
fffd002100d656c404f993c0004002000017
fffc002400cc1350057da580004002400017
fffb002700bcd918060bdab8002902800017
0005002600b0610f00ec66b2004000000017
0003002200c3ad7601833766004000400017
0002002000d0b525020c63bc004000800017
0001001f00d947af028dbaec004000c00017
0001001f00de74cb030ab7e4004001000017
0000001f00e0a00003857aa4004001400017
ffff001f00e0200003ffa134004001800017
fffe002000dcc000047b21f8004001c00017
fffd002100d656c404f993c0004002000017
fffc002400cc1350057da580004002400017
fffb002700bcd918060bdab8002902800017
0005002600b0610f00ec66b2004000000017
0003002200c3ad7601833766004000400017
0002002000d0b525020c63bc004000800017
0001001f00d947af028dbaec004000c00017
0001001f00de74cb030ab7e4004001000017
0000001f00e0a00003857aa4004001400017
ffff001f00e0200003ffa134004001800017
fffe002000dcc000047b21f8004001c00017
fffd002100d656c404f993c0004002000017
fffc002400cc1350057da580004002400017
fffb002700bcd918060bdab8002902800017
0005002600b0610f00ec66b2004000000017
0003002200c3ad7601833766004000400017
0002002000d0b525020c63bc004000800017
0001001f00d947af028dbaec004000c00017
0001001f00de74cb030ab7e4004001000017
0000001f00e0a00003857aa4004001400017
ffff001f00e0200003ffa134004001800017
fffe002000dcc000047b21f8004001c00017
fffd002100d656c404f993c0004002000017
fffc002400cc1350057da580004002400017
fffb002700bcd918060bdab8002902800017
0005002600b0610f00ec66b2004000000017
0003002200c3ad7601833766004000400017
0002002000d0b525020c63bc004000800017
0001001f00d947af028dbaec004000c00017
0001001f00de74cb030ab7e4004001000017
0000001f00e0a00003857aa4004001400017
ffff001f00e0200003ffa134004001800017
fffe002000dcc000047b21f8004001c00017
fffd002100d656c404f993c0004002000017
fffc002400cc1350057da580004002400017
fffb002700bcd918060bdab8002902800017
0005002600b0610f00ec66b2004000000017
0003002200c3ad7601833766004000400017
0002002000d0b525020c63bc004000800017
0001001f00d947af028dbaec004000c00017
0001001f00de74cb030ab7e4004001000017
0000001f00e0a00003857aa4004001400017
ffff001f00e0200003ffa134004001800017
fffe002000dcc000047b21f8004001c00017
fffd002100d656c404f993c0004002000017
fffc002400cc1350057da580004002400017
fffb002700bcd918060bdab8002902800017
0005002600b2a10f00ec470c004000000018
0003002200c5baed018324de004000400018
0002002000d2ba93020c63bc004000800018
0001001f00db47af028db340004000c00018
0001001f00e06000030aa318004001000018
0000001f00e29e1903857aa4004001400018
ffff001f00e2000003ffb230004001800018
fffe002000dec000047b25d8004001c00018
fffd002100d856c404f9aa80004002000018
fffc002300ce29a8057dbbd8004002400018
fffb002700bef918060bde28002902800018
0005002600b2a10f00ec470c004000000018
0003002200c5baed018324de004000400018
0002002000d2ba93020c63bc004000800018
0001001f00db47af028db340004000c00018
0001001f00e06000030aa318004001000018
0000001f00e29e1903857aa4004001400018
ffff001f00e2000003ffb230004001800018
fffe002000dec000047b25d8004001c00018
fffd002100d856c404f9aa80004002000018
fffc002300ce29a8057dbbd8004002400018
fffb002700bef918060bde28002902800018
0005002600b2a10f00ec470c004000000018
0003002200c5baed018324de004000400018
0002002000d2ba93020c63bc004000800018
0001001f00db47af028db340004000c00018
0001001f00e06000030aa318004001000018
0000001f00e29e1903857aa4004001400018
ffff001f00e2000003ffb230004001800018
fffe002000dec000047b25d8004001c00018
fffd002100d856c404f9aa80004002000018
fffc002300ce29a8057dbbd8004002400018
fffb002700bef918060bde28002902800018
0005002600b2a10f00ec470c004000000018
0003002200c5baed018324de004000400018
0002002000d2ba93020c63bc004000800018
0001001f00db47af028db340004000c00018
0001001f00e06000030aa318004001000018
0000001f00e29e1903857aa4004001400018
ffff001f00e2000003ffb230004001800018
fffe002000dec000047b25d8004001c00018
fffd002100d856c404f9aa80004002000018
fffc002300ce29a8057dbbd8004002400018
fffb002700bef918060bde28002902800018
0005002600b2a10f00ec470c004000000018
0003002200c5baed018324de004000400018
0002002000d2ba93020c63bc004000800018
0001001f00db47af028db340004000c00018
0001001f00e06000030aa318004001000018
0000001f00e29e1903857aa4004001400018
ffff001f00e2000003ffb230004001800018
fffe002000dec000047b25d8004001c00018
fffd002100d856c404f9aa80004002000018
fffc002300ce29a8057dbbd8004002400018
fffb002700bef918060bde28002902800018
0005002600b2a10f00ec470c004000000018
0003002200c5baed018324de004000400018
0002002000d2ba93020c63bc004000800018
0001001f00db47af028db340004000c00018
0001001f00e06000030aa318004001000018
0000001f00e29e1903857aa4004001400018
ffff001f00e2000003ffb230004001800018
fffe002000dec000047b25d8004001c00018
fffd002100d856c404f9aa80004002000018
fffc002300ce29a8057dbbd8004002400018
fffb002700bef918060bde28002902800018
0005002600b4e10f00ec470c004000000019
0003002200c7daed018324de004000400019
0002002000d4d525020c63bc004000800019
0001001f00dd47af028db340004000c00019
0001001f00e26000030aa318004001000019
0000001f00e4800003857aa4004001400019
ffff001f00e410fd03ffb230004001800019
fffe002000e0a3e0047b25d8004001c00019
fffd002100da56c404f9aa80004002000019
fffc002400d03350057dbbd8004002400019
fffb002700c13918060bfab8002902800019
0005002600b4e10f00ec470c004000000019
0003002200c7daed018324de004000400019
0002002000d4d525020c63bc004000800019
0001001f00dd47af028db340004000c00019
0001001f00e26000030aa318004001000019
0000001f00e4800003857aa4004001400019
ffff001f00e410fd03ffb230004001800019
fffe002000e0a3e0047b25d8004001c00019
fffd002100da56c404f9aa80004002000019
fffc002400d03350057dbbd8004002400019
fffb002700c13918060bfab8002902800019
0005002600b4e10f00ec470c004000000019
0003002200c7daed018324de004000400019
0002002000d4d525020c63bc004000800019
0001001f00dd47af028db340004000c00019
0001001f00e26000030aa318004001000019
0000001f00e4800003857aa4004001400019
ffff001f00e410fd03ffb230004001800019
fffe002000e0a3e0047b25d8004001c00019
fffd002100da56c404f9aa80004002000019
fffc002400d03350057dbbd8004002400019
fffb002700c13918060bfab8002902800019
0005002600b4e10f00ec470c004000000019
0003002200c7daed018324de004000400019
0002002000d4d525020c63bc004000800019
0001001f00dd47af028db340004000c00019
0001001f00e26000030aa318004001000019
0000001f00e4800003857aa4004001400019
ffff001f00e410fd03ffb230004001800019
fffe002000e0a3e0047b25d8004001c00019
fffd002100da56c404f9aa80004002000019
fffc002400d03350057dbbd8004002400019
fffb002700c13918060bfab8002902800019
0005002600b4e10f00ec470c004000000019
0003002200c7daed018324de004000400019
0002002000d4d525020c63bc004000800019
0001001f00dd47af028db340004000c00019
0001001f00e26000030aa318004001000019
0000001f00e4800003857aa4004001400019
ffff001f00e410fd03ffb230004001800019
fffe002000e0a3e0047b25d8004001c00019
fffd002100da56c404f9aa80004002000019
fffc002400d03350057dbbd8004002400019
fffb002700c13918060bfab8002902800019
0005002600b4e10f00ec470c004000000019
0003002200c7daed018324de004000400019
0002002000d4d525020c63bc004000800019
0001001f00dd47af028db340004000c00019
0001001f00e26000030aa318004001000019
0000001f00e4800003857aa4004001400019
ffff001f00e410fd03ffb230004001800019
fffe002000e0a3e0047b25d8004001c00019
fffd002100da56c404f9aa80004002000019
fffc002400d03350057dbbd8004002400019
fffb002700c13918060bfab8002902800019
0005002600b7210f00ec46b200400000001a
0003002200c9faed018304de00400040001a
0002002000d6da93020c43bc00400080001a
0001001f00df47af028db340004000c0001a
0001001f00e454cb030a97e400400100001a
0000001f00e6600003855c8c00400140001a
ffff001f00e5f0fd03ffb23000400180001a
fffe002000e2a000047b41f8004001c0001a
fffe002100dc400004f9ca8000400200001a
fffc002300d25350057ddbd800400240001a
fffb002700c375a4060bfab800290280001a
0005002600b7210f00ec46b200400000001a
0003002200c9faed018304de00400040001a
0002002000d6da93020c43bc00400080001a
0001001f00df47af028db340004000c0001a
0001001f00e454cb030a97e400400100001a
0000001f00e6600003855c8c00400140001a
ffff001f00e5f0fd03ffb23000400180001a
fffe002000e2a000047b41f8004001c0001a
fffe002100dc400004f9ca8000400200001a
fffc002300d25350057ddbd800400240001a
fffb002700c375a4060bfab800290280001a
0005002600b7210f00ec46b200400000001a
0003002200c9faed018304de00400040001a
0002002000d6da93020c43bc00400080001a
0001001f00df47af028db340004000c0001a
0001001f00e454cb030a97e400400100001a
0000001f00e6600003855c8c00400140001a
ffff001f00e5f0fd03ffb23000400180001a
fffe002000e2a000047b41f8004001c0001a
fffe002100dc400004f9ca8000400200001a
fffc002300d25350057ddbd800400240001a
fffb002700c375a4060bfab800290280001a
0005002600b7210f00ec46b200400000001a
0003002200c9faed018304de00400040001a
0002002000d6da93020c43bc00400080001a
0001001f00df47af028db340004000c0001a
0001001f00e454cb030a97e400400100001a
0000001f00e6600003855c8c00400140001a
ffff001f00e5f0fd03ffb23000400180001a
fffe002000e2a000047b41f8004001c0001a
fffe002100dc400004f9ca8000400200001a
fffc002300d25350057ddbd800400240001a
fffb002700c375a4060bfab800290280001a
0005002600b7210f00ec46b200400000001a
0003002200c9faed018304de00400040001a
0002002000d6da93020c43bc00400080001a
0001001f00df47af028db340004000c0001a
0001001f00e454cb030a97e400400100001a
0000001f00e6600003855c8c00400140001a
ffff001f00e5f0fd03ffb23000400180001a
fffe002000e2a000047b41f8004001c0001a
fffe002100dc400004f9ca8000400200001a
fffc002300d25350057ddbd800400240001a
fffb002700c375a4060bfab800290280001a
0005002600b7210f00ec46b200400000001a
0003002200c9faed018304de00400040001a
0002002000d6da93020c43bc00400080001a
0001001f00df47af028db340004000c0001a
0001001f00e454cb030a97e400400100001a
0000001f00e6600003855c8c00400140001a
ffff001f00e5f0fd03ffb23000400180001a
fffe002000e2a000047b41f8004001c0001a
fffe002100dc400004f9ca8000400200001a
fffc002300d25350057ddbd800400240001a
fffb002700c375a4060bfab800290280001a
0005002600b9616900ec270c00400000001b
0003002200cc1aed018304de00400040001b
0002002000d8da93020c43bc00400080001b
0001001f00e147af028d9aec004000c0001b
0001001f00e64000030a97e400400100001b
0000001f00e861e703855c8c00400140001b
ffff001f00e7e00003ffc13400400180001b
fffe002000e4a3e0047b41f8004001c0001b
fffe002100de56c404f9ca8000400200001b
fffc002300d47350057ddbd800400240001b
fffb002700c59918060bfe2800290280001b
0005002600b9616900ec270c00400000001b
0003002200cc1aed018304de00400040001b
0002002000d8da93020c43bc00400080001b
0001001f00e147af028d9aec004000c0001b
0001001f00e64000030a97e400400100001b
0000001f00e861e703855c8c00400140001b
ffff001f00e7e00003ffc13400400180001b
fffe002000e4a3e0047b41f8004001c0001b
fffe002100de56c404f9ca8000400200001b
fffc002300d47350057ddbd800400240001b
fffb002700c59918060bfe2800290280001b
0005002600b9616900ec270c00400000001b
0003002200cc1aed018304de00400040001b
0002002000d8da93020c43bc00400080001b
0001001f00e147af028d9aec004000c0001b
0001001f00e64000030a97e400400100001b
0000001f00e861e703855c8c00400140001b
ffff001f00e7e00003ffc13400400180001b
fffe002000e4a3e0047b41f8004001c0001b
fffe002100de56c404f9ca8000400200001b
fffc002300d47350057ddbd800400240001b
fffb002700c59918060bfe2800290280001b
0005002600b9616900ec270c00400000001b
0003002200cc1aed018304de00400040001b
0002002000d8da93020c43bc00400080001b
0001001f00e147af028d9aec004000c0001b
0001001f00e64000030a97e400400100001b
0000001f00e861e703855c8c00400140001b
ffff001f00e7e00003ffc13400400180001b
fffe002000e4a3e0047b41f8004001c0001b
fffe002100de56c404f9ca8000400200001b
fffc002300d47350057ddbd800400240001b
fffb002700c59918060bfe2800290280001b
0005002600b9616900ec270c00400000001b
0003002200cc1aed018304de00400040001b
0002002000d8da93020c43bc00400080001b
0001001f00e147af028d9aec004000c0001b
0001001f00e64000030a97e400400100001b
0000001f00e861e703855c8c00400140001b
ffff001f00e7e00003ffc13400400180001b
fffe002000e4a3e0047b41f8004001c0001b
fffe002100de56c404f9ca8000400200001b
fffc002300d47350057ddbd800400240001b
fffb002700c59918060bfe2800290280001b
0005002600b9616900ec270c00400000001b
0003002200cc1aed018304de00400040001b
0002002000d8da93020c43bc00400080001b
0001001f00e147af028d9aec004000c0001b
0001001f00e64000030a97e400400100001b
0000001f00e861e703855c8c00400140001b
ffff001f00e7e00003ffc13400400180001b
fffe002000e4a3e0047b41f8004001c0001b
fffe002100de56c404f9ca8000400200001b
fffc002300d47350057ddbd800400240001b
fffb002700c59918060bfe2800290280001b
0005002600bbc0b400ec26b200400000001c
0003002200ce3aed0182f76600400040001c
0002002000dada93020c23bc00400080001c
0001001f00e347af028d9340004000c0001c
0001001f00e84000030a97e400400100001c
0000001f00ea600003855c8c00400140001c
ffff001f00e9e00003ffc13400400180001c
fffe002000e683e0047b41f8004001c0001c
fffe002100e04d8804f9ca8000400200001c
fffc002300d67350057dfbd800400240001c
fffb002700c7d5a4060c1ab800290280001c
0005002600bbc0b400ec26b200400000001c
0003002200ce3aed0182f76600400040001c
0002002000dada93020c23bc00400080001c
0001001f00e347af028d9340004000c0001c
0001001f00e84000030a97e400400100001c
0000001f00ea600003855c8c00400140001c
ffff001f00e9e00003ffc13400400180001c
fffe002000e683e0047b41f8004001c0001c
fffe002100e04d8804f9ca8000400200001c
fffc002300d67350057dfbd800400240001c
fffb002700c7d5a4060c1ab800290280001c
0005002600bbc0b400ec26b200400000001c
0003002200ce3aed0182f76600400040001c
0002002000dada93020c23bc00400080001c
0001001f00e347af028d9340004000c0001c
0001001f00e84000030a97e400400100001c
0000001f00ea600003855c8c00400140001c
ffff001f00e9e00003ffc13400400180001c
fffe002000e683e0047b41f8004001c0001c
fffe002100e04d8804f9ca8000400200001c
fffc002300d67350057dfbd800400240001c
fffb002700c7d5a4060c1ab800290280001c
0005002600bbc0b400ec26b200400000001c
0003002200ce3aed0182f76600400040001c
0002002000dada93020c23bc00400080001c
0001001f00e347af028d9340004000c0001c
0001001f00e84000030a97e400400100001c
0000001f00ea600003855c8c00400140001c
ffff001f00e9e00003ffc13400400180001c
fffe002000e683e0047b41f8004001c0001c
fffe002100e04d8804f9ca8000400200001c
fffc002300d67350057dfbd800400240001c
fffb002700c7d5a4060c1ab800290280001c
0005002600bbc0b400ec26b200400000001c
0003002200ce3aed0182f76600400040001c
0002002000dada93020c23bc00400080001c
0001001f00e347af028d9340004000c0001c
0001001f00e84000030a97e400400100001c
0000001f00ea600003855c8c00400140001c
ffff001f00e9e00003ffc13400400180001c
fffe002000e683e0047b41f8004001c0001c
fffe002100e04d8804f9ca8000400200001c
fffc002300d67350057dfbd800400240001c
fffb002700c7d5a4060c1ab800290280001c
0005002600bbc0b400ec26b200400000001c
0003002200ce3aed0182f76600400040001c
0002002000dada93020c23bc00400080001c
0001001f00e347af028d9340004000c0001c
0001001f00e84000030a97e400400100001c
0000001f00ea600003855c8c00400140001c
ffff001f00e9e00003ffc13400400180001c
fffe002000e683e0047b41f8004001c0001c
fffe002100e04d8804f9ca8000400200001c
fffc002300d67350057dfbd800400240001c
fffb002700c7d5a4060c1ab800290280001c
0005002600bde10f00ec070c00400000001d
0003002200d07aed0182e4de00400040001d
0002002000dcf525020c23bc00400080001d
0001001f00e54000028d9340004000c0001d
0001001f00ea34cb030a97e400400100001d
0000001f00ec600003855c8c00400140001d
ffff001f00ebc00003ffc13400400180001d
fffe002000e8a3e0047b45d8004001c0001d
fffe002100e256c404f9d3c000400200001d
fffc002300d8a9a8057dfbd800400240001d
fffb002700c9f918060c1ab800290280001d
0005002600bde10f00ec070c00400000001d
0003002200d07aed0182e4de00400040001d
0002002000dcf525020c23bc00400080001d
0001001f00e54000028d9340004000c0001d
0001001f00ea34cb030a97e400400100001d
0000001f00ec600003855c8c00400140001d
ffff001f00ebc00003ffc13400400180001d
fffe002000e8a3e0047b45d8004001c0001d
fffe002100e256c404f9d3c000400200001d
fffc002300d8a9a8057dfbd800400240001d
fffb002700c9f918060c1ab800290280001d
0005002600bde10f00ec070c00400000001d
0003002200d07aed0182e4de00400040001d
0002002000dcf525020c23bc00400080001d
0001001f00e54000028d9340004000c0001d
0001001f00ea34cb030a97e400400100001d
0000001f00ec600003855c8c00400140001d
ffff001f00ebc00003ffc13400400180001d
fffe002000e8a3e0047b45d8004001c0001d
fffe002100e256c404f9d3c000400200001d
fffc002300d8a9a8057dfbd800400240001d
fffb002700c9f918060c1ab800290280001d
0005002600bde10f00ec070c00400000001d
0003002200d07aed0182e4de00400040001d
0002002000dcf525020c23bc00400080001d
0001001f00e54000028d9340004000c0001d
0001001f00ea34cb030a97e400400100001d
0000001f00ec600003855c8c00400140001d
ffff001f00ebc00003ffc13400400180001d
fffe002000e8a3e0047b45d8004001c0001d
fffe002100e256c404f9d3c000400200001d
fffc002300d8a9a8057dfbd800400240001d
fffb002700c9f918060c1ab800290280001d
0005002600bde10f00ec070c00400000001d
0003002200d07aed0182e4de00400040001d
0002002000dcf525020c23bc00400080001d
0001001f00e54000028d9340004000c0001d
0001001f00ea34cb030a97e400400100001d
0000001f00ec600003855c8c00400140001d
ffff001f00ebc00003ffc13400400180001d
fffe002000e8a3e0047b45d8004001c0001d
fffe002100e256c404f9d3c000400200001d
fffc002300d8a9a8057dfbd800400240001d
fffb002700c9f918060c1ab800290280001d
0005002600bde10f00ec070c00400000001d
0003002200d07aed0182e4de00400040001d
0002002000dcf525020c23bc00400080001d
0001001f00e54000028d9340004000c0001d
0001001f00ea34cb030a97e400400100001d
0000001f00ec600003855c8c00400140001d
ffff001f00ebc00003ffc13400400180001d
fffe002000e8a3e0047b45d8004001c0001d
fffe002100e256c404f9d3c000400200001d
fffc002300d8a9a8057dfbd800400240001d
fffb002700c9f918060c1ab800290280001d
0005002600c0210f00ec070c00400000001e
0003002200d29aed0182e4de00400040001e
0002002000defa93020c1e5000400080001e
0001001f00e74000028d7340004000c0001e
0001001f00ec2000030a831800400100001e
0000001f00ee400003855c8c00400140001e
ffff001f00edd0fd03ffc13400400180001e
fffe002000ea83e0047b61f8004001c0001e
fffe002100e46d8804f9ea8000400200001e
fffc002400daa9a8057dfbd800400240001e
fffb002700cc1918060c3ab800290280001e
0005002600c0210f00ec070c00400000001e
0003002200d29aed0182e4de00400040001e
0002002000defa93020c1e5000400080001e
0001001f00e74000028d7340004000c0001e
0001001f00ec2000030a831800400100001e
0000001f00ee400003855c8c00400140001e
ffff001f00edd0fd03ffc13400400180001e
fffe002000ea83e0047b61f8004001c0001e
fffe002100e46d8804f9ea8000400200001e
fffc002400daa9a8057dfbd800400240001e
fffb002700cc1918060c3ab800290280001e
0005002600c0210f00ec070c00400000001e
0003002200d29aed0182e4de00400040001e
0002002000defa93020c1e5000400080001e
0001001f00e74000028d7340004000c0001e
0001001f00ec2000030a831800400100001e
0000001f00ee400003855c8c00400140001e
ffff001f00edd0fd03ffc13400400180001e
fffe002000ea83e0047b61f8004001c0001e
fffe002100e46d8804f9ea8000400200001e
fffc002400daa9a8057dfbd800400240001e
fffb002700cc1918060c3ab800290280001e
0005002600c0210f00ec070c00400000001e
0003002200d29aed0182e4de00400040001e
0002002000defa93020c1e5000400080001e
0001001f00e74000028d7340004000c0001e
0001001f00ec2000030a831800400100001e
0000001f00ee400003855c8c00400140001e
ffff001f00edd0fd03ffc13400400180001e
fffe002000ea83e0047b61f8004001c0001e
fffe002100e46d8804f9ea8000400200001e
fffc002400daa9a8057dfbd800400240001e
fffb002700cc1918060c3ab800290280001e
0005002600c0210f00ec070c00400000001e
0003002200d29aed0182e4de00400040001e
0002002000defa93020c1e5000400080001e
0001001f00e74000028d7340004000c0001e
0001001f00ec2000030a831800400100001e
0000001f00ee400003855c8c00400140001e
ffff001f00edd0fd03ffc13400400180001e
fffe002000ea83e0047b61f8004001c0001e
fffe002100e46d8804f9ea8000400200001e
fffc002400daa9a8057dfbd800400240001e
fffb002700cc1918060c3ab800290280001e
0005002600c0210f00ec070c00400000001e
0003002200d29aed0182e4de00400040001e
0002002000defa93020c1e5000400080001e
0001001f00e74000028d7340004000c0001e
0001001f00ec2000030a831800400100001e
0000001f00ee400003855c8c00400140001e
ffff001f00edd0fd03ffc13400400180001e
fffe002000ea83e0047b61f8004001c0001e
fffe002100e46d8804f9ea8000400200001e
fffc002400daa9a8057dfbd800400240001e
fffb002700cc1918060c3ab800290280001e
0005002600c2810f00ec06b200400000001f
0003002200d4c0000182d76600400040001f
0002002000e11a93020c03bc00400080001f
0001001f00e92f5e028d7340004000c0001f
0001001f00ee2000030a831800400100001f
0000001f00f0400003855c8c00400140001f
ffff001f00efb0fd03ffc13400400180001f
fffe002000ec9c20047b61f8004001c0001f
fffe002100e656c404f9ea8000400200001f
fffc002300dcd350057e1bd800400240001f
fffb002700ce3c8c060c3ab800290280001f
0005002600c2810f00ec06b200400000001f
0003002200d4c0000182d76600400040001f
0002002000e11a93020c03bc00400080001f
0001001f00e92f5e028d7340004000c0001f
0001001f00ee2000030a831800400100001f
0000001f00f0400003855c8c00400140001f
ffff001f00efb0fd03ffc13400400180001f
fffe002000ec9c20047b61f8004001c0001f
fffe002100e656c404f9ea8000400200001f
fffc002300dcd350057e1bd800400240001f
fffb002700ce3c8c060c3ab800290280001f
0005002600c2810f00ec06b200400000001f
0003002200d4c0000182d76600400040001f
0002002000e11a93020c03bc00400080001f
0001001f00e92f5e028d7340004000c0001f
0001001f00ee2000030a831800400100001f
0000001f00f0400003855c8c00400140001f
ffff001f00efb0fd03ffc13400400180001f
fffe002000ec9c20047b61f8004001c0001f
fffe002100e656c404f9ea8000400200001f
fffc002300dcd350057e1bd800400240001f
fffb002700ce3c8c060c3ab800290280001f
0005002600c2810f00ec06b200400000001f
0003002200d4c0000182d76600400040001f
0002002000e11a93020c03bc00400080001f
0001001f00e92f5e028d7340004000c0001f
0001001f00ee2000030a831800400100001f
0000001f00f0400003855c8c00400140001f
ffff001f00efb0fd03ffc13400400180001f
fffe002000ec9c20047b61f8004001c0001f
fffe002100e656c404f9ea8000400200001f
fffc002300dcd350057e1bd800400240001f
fffb002700ce3c8c060c3ab800290280001f
0005002600c2810f00ec06b200400000001f
0003002200d4c0000182d76600400040001f
0002002000e11a93020c03bc00400080001f
0001001f00e92f5e028d7340004000c0001f
0001001f00ee2000030a831800400100001f
0000001f00f0400003855c8c00400140001f
ffff001f00efb0fd03ffc13400400180001f
fffe002000ec9c20047b61f8004001c0001f
fffe002100e656c404f9ea8000400200001f
fffc002300dcd350057e1bd800400240001f
fffb002700ce3c8c060c3ab800290280001f
0005002600c2810f00ec06b200400000001f
0003002200d4c0000182d76600400040001f
0002002000e11a93020c03bc00400080001f
0001001f00e92f5e028d7340004000c0001f
0001001f00ee2000030a831800400100001f
0000001f00f0400003855c8c00400140001f
ffff001f00efb0fd03ffc13400400180001f
fffe002000ec9c20047b61f8004001c0001f
fffe002100e656c404f9ea8000400200001f
fffc002300dcd350057e1bd800400240001f
fffb002700ce3c8c060c3ab800290280001f
0005002600c4e0b400ec06b2004000000020
0003002200d6cd760182c4de004000400020
0002002000e31a93020c03bc004000800020
0001001f00eb27af028d5aec004000c00020
0001001f00f014cb030a77e4004001000020
0000001f00f2200003855c8c004001400020
ffff001f00f1c00003ffc134004001800020
fffe002000ee83e0047b61f8004001c00020
fffe002100e8600004f9f3c0004002000020
fffc002300ded350057e1bd8004002400020
fffb002700d07918060c3e28002902800020
0005002600c4e0b400ec06b2004000000020
0003002200d6cd760182c4de004000400020
0002002000e31a93020c03bc004000800020
0001001f00eb27af028d5aec004000c00020
0001001f00f014cb030a77e4004001000020
0000001f00f2200003855c8c004001400020
ffff001f00f1c00003ffc134004001800020
fffe002000ee83e0047b61f8004001c00020
fffe002100e8600004f9f3c0004002000020
fffc002300ded350057e1bd8004002400020
fffb002700d07918060c3e28002902800020
0005002600c4e0b400ec06b2004000000020
0003002200d6cd760182c4de004000400020
0002002000e31a93020c03bc004000800020
0001001f00eb27af028d5aec004000c00020
0001001f00f014cb030a77e4004001000020
0000001f00f2200003855c8c004001400020
ffff001f00f1c00003ffc134004001800020
fffe002000ee83e0047b61f8004001c00020
fffe002100e8600004f9f3c0004002000020
fffc002300ded350057e1bd8004002400020
fffb002700d07918060c3e28002902800020
0005002600c4e0b400ec06b2004000000020
0003002200d6cd760182c4de004000400020
0002002000e31a93020c03bc004000800020
0001001f00eb27af028d5aec004000c00020
0001001f00f014cb030a77e4004001000020
0000001f00f2200003855c8c004001400020
ffff001f00f1c00003ffc134004001800020
fffe002000ee83e0047b61f8004001c00020
fffe002100e8600004f9f3c0004002000020
fffc002300ded350057e1bd8004002400020
fffb002700d07918060c3e28002902800020
0005002600c4e0b400ec06b2004000000020
0003002200d6cd760182c4de004000400020
0002002000e31a93020c03bc004000800020
0001001f00eb27af028d5aec004000c00020
0001001f00f014cb030a77e4004001000020
0000001f00f2200003855c8c004001400020
ffff001f00f1c00003ffc134004001800020
fffe002000ee83e0047b61f8004001c00020
fffe002100e8600004f9f3c0004002000020
fffc002300ded350057e1bd8004002400020
fffb002700d07918060c3e28002902800020
0005002600c4e0b400ec06b2004000000020
0003002200d6cd760182c4de004000400020
0002002000e31a93020c03bc004000800020
0001001f00eb27af028d5aec004000c00020
0001001f00f014cb030a77e4004001000020
0000001f00f2200003855c8c004001400020
ffff001f00f1c00003ffc134004001800020
fffe002000ee83e0047b61f8004001c00020
fffe002100e8600004f9f3c0004002000020
fffc002300ded350057e1bd8004002400020
fffb002700d07918060c3e28002902800020
0004002600c7205a00ebe70c004000000021
0003002200d8ed760182a4de004000400021
0002002000e53525020be3bc004000800021
0001001f00ed4000028d5aec004000c00021
0001001f00f214cb030a77e4004001000021
0000001f00f4200003855c8c004001400021
ffff001f00f3a00003ffc134004001800021
ffff002000f063e0047b65d8004001c00021
fffe002100ea76c404fa0a80004002000021
fffc002400e0f350057e2580004002400021
fffb002700d29c8c060c5ab8002902800021
0004002600c7205a00ebe70c004000000021
0003002200d8ed760182a4de004000400021
0002002000e53525020be3bc004000800021
0001001f00ed4000028d5aec004000c00021
0001001f00f214cb030a77e4004001000021
0000001f00f4200003855c8c004001400021
ffff001f00f3a00003ffc134004001800021
ffff002000f063e0047b65d8004001c00021
fffe002100ea76c404fa0a80004002000021
fffc002400e0f350057e2580004002400021
fffb002700d29c8c060c5ab8002902800021
0004002600c7205a00ebe70c004000000021
0003002200d8ed760182a4de004000400021
0002002000e53525020be3bc004000800021
0001001f00ed4000028d5aec004000c00021
0001001f00f214cb030a77e4004001000021
0000001f00f4200003855c8c004001400021
ffff001f00f3a00003ffc134004001800021
ffff002000f063e0047b65d8004001c00021
fffe002100ea76c404fa0a80004002000021
fffc002400e0f350057e2580004002400021
fffb002700d29c8c060c5ab8002902800021
0004002600c7205a00ebe70c004000000021
0003002200d8ed760182a4de004000400021
0002002000e53525020be3bc004000800021
0001001f00ed4000028d5aec004000c00021
0001001f00f214cb030a77e4004001000021
0000001f00f4200003855c8c004001400021
ffff001f00f3a00003ffc134004001800021
ffff002000f063e0047b65d8004001c00021
fffe002100ea76c404fa0a80004002000021
fffc002400e0f350057e2580004002400021
fffb002700d29c8c060c5ab8002902800021
0004002600c7205a00ebe70c004000000021
0003002200d8ed760182a4de004000400021
0002002000e53525020be3bc004000800021
0001001f00ed4000028d5aec004000c00021
0001001f00f214cb030a77e4004001000021
0000001f00f4200003855c8c004001400021
ffff001f00f3a00003ffc134004001800021
ffff002000f063e0047b65d8004001c00021
fffe002100ea76c404fa0a80004002000021
fffc002400e0f350057e2580004002400021
fffb002700d29c8c060c5ab8002902800021
0004002600c7205a00ebe70c004000000021
0003002200d8ed760182a4de004000400021
0002002000e53525020be3bc004000800021
0001001f00ed4000028d5aec004000c00021
0001001f00f214cb030a77e4004001000021
0000001f00f4200003855c8c004001400021
ffff001f00f3a00003ffc134004001800021
ffff002000f063e0047b65d8004001c00021
fffe002100ea76c404fa0a80004002000021
fffc002400e0f350057e2580004002400021
fffb002700d29c8c060c5ab8002902800021
0004002600c940b400ebe6b2004000000022
0003002200db0d760182a4de004000400022
0002002000e73a93020be3bc004000800022
0001001f00ef2f5e028d5340004000c00022
0001001f00f40000030a77e4004001000022
0000001f00f601e703855c8c004001400022
ffff001f00f5a00003ffc134004001800022
fffe002000f283e0047b65d8004001c00022
fffe002100ec76c404fa0a80004002000022
fffc002300e30000057e3bd8004002400022
fffb002700d4f5a4060c5ab8002902800022
0004002600c940b400ebe6b2004000000022
0003002200db0d760182a4de004000400022
0002002000e73a93020be3bc004000800022
0001001f00ef2f5e028d5340004000c00022
0001001f00f40000030a77e4004001000022
0000001f00f601e703855c8c004001400022
ffff001f00f5a00003ffc134004001800022
fffe002000f283e0047b65d8004001c00022
fffe002100ec76c404fa0a80004002000022
fffc002300e30000057e3bd8004002400022
fffb002700d4f5a4060c5ab8002902800022
0004002600c940b400ebe6b2004000000022
0003002200db0d760182a4de004000400022
0002002000e73a93020be3bc004000800022
0001001f00ef2f5e028d5340004000c00022
0001001f00f40000030a77e4004001000022
0000001f00f601e703855c8c004001400022
ffff001f00f5a00003ffc134004001800022
fffe002000f283e0047b65d8004001c00022
fffe002100ec76c404fa0a80004002000022
fffc002300e30000057e3bd8004002400022
fffb002700d4f5a4060c5ab8002902800022
0004002600c940b400ebe6b2004000000022
0003002200db0d760182a4de004000400022
0002002000e73a93020be3bc004000800022
0001001f00ef2f5e028d5340004000c00022
0001001f00f40000030a77e4004001000022
0000001f00f601e703855c8c004001400022
ffff001f00f5a00003ffc134004001800022
fffe002000f283e0047b65d8004001c00022
fffe002100ec76c404fa0a80004002000022
fffc002300e30000057e3bd8004002400022
fffb002700d4f5a4060c5ab8002902800022
0004002600c940b400ebe6b2004000000022
0003002200db0d760182a4de004000400022
0002002000e73a93020be3bc004000800022
0001001f00ef2f5e028d5340004000c00022
0001001f00f40000030a77e4004001000022
0000001f00f601e703855c8c004001400022
ffff001f00f5a00003ffc134004001800022
fffe002000f283e0047b65d8004001c00022
fffe002100ec76c404fa0a80004002000022
fffc002300e30000057e3bd8004002400022
fffb002700d4f5a4060c5ab8002902800022
0004002600c940b400ebe6b2004000000022
0003002200db0d760182a4de004000400022
0002002000e73a93020be3bc004000800022
0001001f00ef2f5e028d5340004000c00022
0001001f00f40000030a77e4004001000022
0000001f00f601e703855c8c004001400022
ffff001f00f5a00003ffc134004001800022
fffe002000f283e0047b65d8004001c00022
fffe002100ec76c404fa0a80004002000022
fffc002300e30000057e3bd8004002400022
fffb002700d4f5a4060c5ab8002902800022
0004002600cb810f00ebc70c004000000023
0003002200dd486301829766004000400023
0002002000e94000020be3bc004000800023
0001001f00f127af028d5340004000c00023
0000001f00f614cb030a77e4004001000023
0000001f00f81e1903855c8c004001400023
ffff001f00f790fd03ffc134004001800023
ffff002000f463e0047b81f8004001c00023
fffe002100ee76c404fa13c0004002000023
fffc002400e51350057e3bd8004002400023
fffb002700d71918060c5e28002902800023
0004002600cb810f00ebc70c004000000023
0003002200dd486301829766004000400023
0002002000e94000020be3bc004000800023
0001001f00f127af028d5340004000c00023
0000001f00f614cb030a77e4004001000023
0000001f00f81e1903855c8c004001400023
ffff001f00f790fd03ffc134004001800023
ffff002000f463e0047b81f8004001c00023
fffe002100ee76c404fa13c0004002000023
fffc002400e51350057e3bd8004002400023
fffb002700d71918060c5e28002902800023
0004002600cb810f00ebc70c004000000023
0003002200dd486301829766004000400023
0002002000e94000020be3bc004000800023
0001001f00f127af028d5340004000c00023
0000001f00f614cb030a77e4004001000023
0000001f00f81e1903855c8c004001400023
ffff001f00f790fd03ffc134004001800023
ffff002000f463e0047b81f8004001c00023
fffe002100ee76c404fa13c0004002000023
fffc002400e51350057e3bd8004002400023
fffb002700d71918060c5e28002902800023
0004002600cb810f00ebc70c004000000023
0003002200dd486301829766004000400023
0002002000e94000020be3bc004000800023
0001001f00f127af028d5340004000c00023
0000001f00f614cb030a77e4004001000023
0000001f00f81e1903855c8c004001400023
ffff001f00f790fd03ffc134004001800023
ffff002000f463e0047b81f8004001c00023
fffe002100ee76c404fa13c0004002000023
fffc002400e51350057e3bd8004002400023
fffb002700d71918060c5e28002902800023
0004002600cb810f00ebc70c004000000023
0003002200dd486301829766004000400023
0002002000e94000020be3bc004000800023
0001001f00f127af028d5340004000c00023
0000001f00f614cb030a77e4004001000023
0000001f00f81e1903855c8c004001400023
ffff001f00f790fd03ffc134004001800023
ffff002000f463e0047b81f8004001c00023
fffe002100ee76c404fa13c0004002000023
fffc002400e51350057e3bd8004002400023
fffb002700d71918060c5e28002902800023
0004002600cb810f00ebc70c004000000023
0003002200dd486301829766004000400023
0002002000e94000020be3bc004000800023
0001001f00f127af028d5340004000c00023
0000001f00f614cb030a77e4004001000023
0000001f00f81e1903855c8c004001400023
ffff001f00f790fd03ffc134004001800023
ffff002000f463e0047b81f8004001c00023
fffe002100ee76c404fa13c0004002000023
fffc002400e51350057e3bd8004002400023
fffb002700d71918060c5e28002902800023
0004002600cde0b400ebc70c004000000024
0003002200df6863018284de004000400024
0002002000eb5a93020bc3bc004000800024
0001001f00f34000028d3aec004000c00024
0001001f00f7f4cb030a6318004001000024
0000001f00fa000003855c8c004001400024
ffff001f00f9800003ffd230004001800024
ffff002000f68000047b81f8004001c00024
fffe002100f08d8804fa2a80004002000024
fffd002300e71350057e5bd8004002400024
fffb002700d93918060c7ab8002902800024
0004002600cde0b400ebc70c004000000024
0003002200df6863018284de004000400024
0002002000eb5a93020bc3bc004000800024
0001001f00f34000028d3aec004000c00024
0001001f00f7f4cb030a6318004001000024
0000001f00fa000003855c8c004001400024
ffff001f00f9800003ffd230004001800024
ffff002000f68000047b81f8004001c00024
fffe002100f08d8804fa2a80004002000024
fffd002300e71350057e5bd8004002400024
fffb002700d93918060c7ab8002902800024
0004002600cde0b400ebc70c004000000024
0003002200df6863018284de004000400024
0002002000eb5a93020bc3bc004000800024
0001001f00f34000028d3aec004000c00024
0001001f00f7f4cb030a6318004001000024
0000001f00fa000003855c8c004001400024
ffff001f00f9800003ffd230004001800024
ffff002000f68000047b81f8004001c00024
fffe002100f08d8804fa2a80004002000024
fffd002300e71350057e5bd8004002400024
fffb002700d93918060c7ab8002902800024
0004002600cde0b400ebc70c004000000024
0003002200df6863018284de004000400024
0002002000eb5a93020bc3bc004000800024
0001001f00f34000028d3aec004000c00024
0001001f00f7f4cb030a6318004001000024
0000001f00fa000003855c8c004001400024
ffff001f00f9800003ffd230004001800024
ffff002000f68000047b81f8004001c00024
fffe002100f08d8804fa2a80004002000024
fffd002300e71350057e5bd8004002400024
fffb002700d93918060c7ab8002902800024
0004002600cde0b400ebc70c004000000024
0003002200df6863018284de004000400024
0002002000eb5a93020bc3bc004000800024
0001001f00f34000028d3aec004000c00024
0001001f00f7f4cb030a6318004001000024
0000001f00fa000003855c8c004001400024
ffff001f00f9800003ffd230004001800024
ffff002000f68000047b81f8004001c00024
fffe002100f08d8804fa2a80004002000024
fffd002300e71350057e5bd8004002400024
fffb002700d93918060c7ab8002902800024
0004002600cde0b400ebc70c004000000024
0003002200df6863018284de004000400024
0002002000eb5a93020bc3bc004000800024
0001001f00f34000028d3aec004000c00024
0001001f00f7f4cb030a6318004001000024
0000001f00fa000003855c8c004001400024
ffff001f00f9800003ffd230004001800024
ffff002000f68000047b81f8004001c00024
fffe002100f08d8804fa2a80004002000024
fffd002300e71350057e5bd8004002400024
fffb002700d93918060c7ab8002902800024
0004002600d020b400ebc6b2004000000025
0003002200e19aed018284de004000400025
0002002000ed7525020bc3bc004000800025
0001001f00f52f5e028d3340004000c00025
0001001f00f9eb35030a57e4004001000025
0000001f00fbe00003855c8c004001400025
ffff001f00fb800003ffd230004001800025
ffff002000f863e0047b81f8004001c00025
fffe002100f276c404fa2a80004002000025
fffd002300e949a8057e5bd8004002400025
fffb002700db5918060c7e28002902800025
0004002600d020b400ebc6b2004000000025
0003002200e19aed018284de004000400025
0002002000ed7525020bc3bc004000800025
0001001f00f52f5e028d3340004000c00025
0001001f00f9eb35030a57e4004001000025
0000001f00fbe00003855c8c004001400025
ffff001f00fb800003ffd230004001800025
ffff002000f863e0047b81f8004001c00025
fffe002100f276c404fa2a80004002000025
fffd002300e949a8057e5bd8004002400025
fffb002700db5918060c7e28002902800025
0004002600d020b400ebc6b2004000000025
0003002200e19aed018284de004000400025
0002002000ed7525020bc3bc004000800025
0001001f00f52f5e028d3340004000c00025
0001001f00f9eb35030a57e4004001000025
0000001f00fbe00003855c8c004001400025
ffff001f00fb800003ffd230004001800025
ffff002000f863e0047b81f8004001c00025
fffe002100f276c404fa2a80004002000025
fffd002300e949a8057e5bd8004002400025
fffb002700db5918060c7e28002902800025
0004002600d020b400ebc6b2004000000025
0003002200e19aed018284de004000400025
0002002000ed7525020bc3bc004000800025
0001001f00f52f5e028d3340004000c00025
0001001f00f9eb35030a57e4004001000025
0000001f00fbe00003855c8c004001400025
ffff001f00fb800003ffd230004001800025
ffff002000f863e0047b81f8004001c00025
fffe002100f276c404fa2a80004002000025
fffd002300e949a8057e5bd8004002400025
fffb002700db5918060c7e28002902800025
0004002600d020b400ebc6b2004000000025
0003002200e19aed018284de004000400025
0002002000ed7525020bc3bc004000800025
0001001f00f52f5e028d3340004000c00025
0001001f00f9eb35030a57e4004001000025
0000001f00fbe00003855c8c004001400025
ffff001f00fb800003ffd230004001800025
ffff002000f863e0047b81f8004001c00025
fffe002100f276c404fa2a80004002000025
fffd002300e949a8057e5bd8004002400025
fffb002700db5918060c7e28002902800025
0004002600d020b400ebc6b2004000000025
0003002200e19aed018284de004000400025
0002002000ed7525020bc3bc004000800025
0001001f00f52f5e028d3340004000c00025
0001001f00f9eb35030a57e4004001000025
0000001f00fbe00003855c8c004001400025
ffff001f00fb800003ffd230004001800025
ffff002000f863e0047b81f8004001c00025
fffe002100f276c404fa2a80004002000025
fffd002300e949a8057e5bd8004002400025
fffb002700db5918060c7e28002902800025
0004002600d2605a00eba70c004000000026
0003002200e3ad7601827766004000400026
0002002000ef7a93020bc3bc004000800026
0001001f00f74000028d3340004000c00026
0000001f00fbf4cb030a57e4004001000026
0000001f00fde00003855c8c004001400026
ffff001f00fd6f0303ffd230004001800026
ffff002000fa6000047b85d8004001c00026
fffe002100f4800004fa33c0004002000026
fffd002400eb49a8057e5bd8004002400026
fffb002700dd9918060c9ab8002902800026
0004002600d2605a00eba70c004000000026
0003002200e3ad7601827766004000400026
0002002000ef7a93020bc3bc004000800026
0001001f00f74000028d3340004000c00026
0000001f00fbf4cb030a57e4004001000026
0000001f00fde00003855c8c004001400026
ffff001f00fd6f0303ffd230004001800026
ffff002000fa6000047b85d8004001c00026
fffe002100f4800004fa33c0004002000026
fffd002400eb49a8057e5bd8004002400026
fffb002700dd9918060c9ab8002902800026
0004002600d2605a00eba70c004000000026
0003002200e3ad7601827766004000400026
0002002000ef7a93020bc3bc004000800026
0001001f00f74000028d3340004000c00026
0000001f00fbf4cb030a57e4004001000026
0000001f00fde00003855c8c004001400026
ffff001f00fd6f0303ffd230004001800026
ffff002000fa6000047b85d8004001c00026
fffe002100f4800004fa33c0004002000026
fffd002400eb49a8057e5bd8004002400026
fffb002700dd9918060c9ab8002902800026
0004002600d2605a00eba70c004000000026
0003002200e3ad7601827766004000400026
0002002000ef7a93020bc3bc004000800026
0001001f00f74000028d3340004000c00026
0000001f00fbf4cb030a57e4004001000026
0000001f00fde00003855c8c004001400026
ffff001f00fd6f0303ffd230004001800026
ffff002000fa6000047b85d8004001c00026
fffe002100f4800004fa33c0004002000026
fffd002400eb49a8057e5bd8004002400026
fffb002700dd9918060c9ab8002902800026
0004002600d2605a00eba70c004000000026
0003002200e3ad7601827766004000400026
0002002000ef7a93020bc3bc004000800026
0001001f00f74000028d3340004000c00026
0000001f00fbf4cb030a57e4004001000026
0000001f00fde00003855c8c004001400026
ffff001f00fd6f0303ffd230004001800026
ffff002000fa6000047b85d8004001c00026
fffe002100f4800004fa33c0004002000026
fffd002400eb49a8057e5bd8004002400026
fffb002700dd9918060c9ab8002902800026
0004002600d2605a00eba70c004000000026
0003002200e3ad7601827766004000400026
0002002000ef7a93020bc3bc004000800026
0001001f00f74000028d3340004000c00026
0000001f00fbf4cb030a57e4004001000026
0000001f00fde00003855c8c004001400026
ffff001f00fd6f0303ffd230004001800026
ffff002000fa6000047b85d8004001c00026
fffe002100f4800004fa33c0004002000026
fffd002400eb49a8057e5bd8004002400026
fffb002700dd9918060c9ab8002902800026
0004002600d4810f00eba6b2004000000027
0003002200e5cd76018264de004000400027
0002002000f19a93020ba3bc004000800027
0001001f00f947af028d1aec004000c00027
0001001f00fde000030a57e4004001000027
0000001f00ffc00003855c8c004001400027
ffff001f00ff600003ffe134004001800027
ffff002000fc63e0047b85d8004001c00027
fffe002100f696c404fa33c0004002000027
fffd002300ed7350057e7bd8004002400027
fffb002700dfbc8c060c9ab8002902800027
0004002600d4810f00eba6b2004000000027
0003002200e5cd76018264de004000400027
0002002000f19a93020ba3bc004000800027
0001001f00f947af028d1aec004000c00027
0001001f00fde000030a57e4004001000027
0000001f00ffc00003855c8c004001400027
ffff001f00ff600003ffe134004001800027
ffff002000fc63e0047b85d8004001c00027
fffe002100f696c404fa33c0004002000027
fffd002300ed7350057e7bd8004002400027
fffb002700dfbc8c060c9ab8002902800027
0004002600d4810f00eba6b2004000000027
0003002200e5cd76018264de004000400027
0002002000f19a93020ba3bc004000800027
0001001f00f947af028d1aec004000c00027
0001001f00fde000030a57e4004001000027
0000001f00ffc00003855c8c004001400027
ffff001f00ff600003ffe134004001800027
ffff002000fc63e0047b85d8004001c00027
fffe002100f696c404fa33c0004002000027
fffd002300ed7350057e7bd8004002400027
fffb002700dfbc8c060c9ab8002902800027
0004002600d4810f00eba6b2004000000027
0003002200e5cd76018264de004000400027
0002002000f19a93020ba3bc004000800027
0001001f00f947af028d1aec004000c00027
0001001f00fde000030a57e4004001000027
0000001f00ffc00003855c8c004001400027
ffff001f00ff600003ffe134004001800027
ffff002000fc63e0047b85d8004001c00027
fffe002100f696c404fa33c0004002000027
fffd002300ed7350057e7bd8004002400027
fffb002700dfbc8c060c9ab8002902800027
0004002600d4810f00eba6b2004000000027
0003002200e5cd76018264de004000400027
0002002000f19a93020ba3bc004000800027
0001001f00f947af028d1aec004000c00027
0001001f00fde000030a57e4004001000027
0000001f00ffc00003855c8c004001400027
ffff001f00ff600003ffe134004001800027
ffff002000fc63e0047b85d8004001c00027
fffe002100f696c404fa33c0004002000027
fffd002300ed7350057e7bd8004002400027
fffb002700dfbc8c060c9ab8002902800027
0004002600d4810f00eba6b2004000000027
0003002200e5cd76018264de004000400027
0002002000f19a93020ba3bc004000800027
0001001f00f947af028d1aec004000c00027
0001001f00fde000030a57e4004001000027
0000001f00ffc00003855c8c004001400027
ffff001f00ff600003ffe134004001800027
ffff002000fc63e0047b85d8004001c00027
fffe002100f696c404fa33c0004002000027
fffd002300ed7350057e7bd8004002400027
fffb002700dfbc8c060c9ab8002902800027
0004002600d6e0b400eba6b2004000000028
0003002200e7ed7601825766004000400028
0002002000f38000020ba3bc004000800028
0001001f00fb2f5e028d1aec004000c00028
0000001f00ffe000030a57e4004001000028
0000001f0101c1e803855c8c004001400028
ffff001f01014f0403ffe134004001800028
ffff002000fe6000047ba1f8004001c00028
fffe002100f896c404fa4a80004002000028
fffd002300ef7350057e7bd8004002400028
fffb002700e1f918060c9e28002902800028
0004002600d6e0b400eba6b2004000000028
0003002200e7ed7601825766004000400028
0002002000f38000020ba3bc004000800028
0001001f00fb2f5e028d1aec004000c00028
0000001f00ffe000030a57e4004001000028
0000001f0101c1e803855c8c004001400028
ffff001f01014f0403ffe134004001800028
ffff002000fe6000047ba1f8004001c00028
fffe002100f896c404fa4a80004002000028
fffd002300ef7350057e7bd8004002400028
fffb002700e1f918060c9e28002902800028
0004002600d6e0b400eba6b2004000000028
0003002200e7ed7601825766004000400028
0002002000f38000020ba3bc004000800028
0001001f00fb2f5e028d1aec004000c00028
0000001f00ffe000030a57e4004001000028
0000001f0101c1e803855c8c004001400028
ffff001f01014f0403ffe134004001800028
ffff002000fe6000047ba1f8004001c00028
fffe002100f896c404fa4a80004002000028
fffd002300ef7350057e7bd8004002400028
fffb002700e1f918060c9e28002902800028
0004002600d6e0b400eba6b2004000000028
0003002200e7ed7601825766004000400028
0002002000f38000020ba3bc004000800028
0001001f00fb2f5e028d1aec004000c00028
0000001f00ffe000030a57e4004001000028
0000001f0101c1e803855c8c004001400028
ffff001f01014f0403ffe134004001800028
ffff002000fe6000047ba1f8004001c00028
fffe002100f896c404fa4a80004002000028
fffd002300ef7350057e7bd8004002400028
fffb002700e1f918060c9e28002902800028
0004002600d6e0b400eba6b2004000000028
0003002200e7ed7601825766004000400028
0002002000f38000020ba3bc004000800028
0001001f00fb2f5e028d1aec004000c00028
0000001f00ffe000030a57e4004001000028
0000001f0101c1e803855c8c004001400028
ffff001f01014f0403ffe134004001800028
ffff002000fe6000047ba1f8004001c00028
fffe002100f896c404fa4a80004002000028
fffd002300ef7350057e7bd8004002400028
fffb002700e1f918060c9e28002902800028
0004002600d6e0b400eba6b2004000000028
0003002200e7ed7601825766004000400028
0002002000f38000020ba3bc004000800028
0001001f00fb2f5e028d1aec004000c00028
0000001f00ffe000030a57e4004001000028
0000001f0101c1e803855c8c004001400028
ffff001f01014f0403ffe134004001800028
ffff002000fe6000047ba1f8004001c00028
fffe002100f896c404fa4a80004002000028
fffd002300ef7350057e7bd8004002400028
fffb002700e1f918060c9e28002902800028
0004002600d920b400eb870c004000000029
0003002200ea1aed018244de004000400029
0002002000f59a93020b83bc004000800029
0001001f00fd4000028d1340004000c00029
0000001f0101d4ca030a4318004001000029
0000001f0103de1803855c8c004001400029
ffff001f010350fc03ffe134004001800029
ffff002001006000047ba1f8004001c00029
fffe002100faa00004fa4a80004002000029
fffd002400f1a9a8057e7bd8004002400029
fffb002700e435a4060cbab8002902800029
0004002600d920b400eb870c004000000029
0003002200ea1aed018244de004000400029
0002002000f59a93020b83bc004000800029
0001001f00fd4000028d1340004000c00029
0000001f0101d4ca030a4318004001000029
0000001f0103de1803855c8c004001400029
ffff001f010350fc03ffe134004001800029
ffff002001006000047ba1f8004001c00029
fffe002100faa00004fa4a80004002000029
fffd002400f1a9a8057e7bd8004002400029
fffb002700e435a4060cbab8002902800029
0004002600d920b400eb870c004000000029
0003002200ea1aed018244de004000400029
0002002000f59a93020b83bc004000800029
0001001f00fd4000028d1340004000c00029
0000001f0101d4ca030a4318004001000029
0000001f0103de1803855c8c004001400029
ffff001f010350fc03ffe134004001800029
ffff002001006000047ba1f8004001c00029
fffe002100faa00004fa4a80004002000029
fffd002400f1a9a8057e7bd8004002400029
fffb002700e435a4060cbab8002902800029
0004002600d920b400eb870c004000000029
0003002200ea1aed018244de004000400029
0002002000f59a93020b83bc004000800029
0001001f00fd4000028d1340004000c00029
0000001f0101d4ca030a4318004001000029
0000001f0103de1803855c8c004001400029
ffff001f010350fc03ffe134004001800029
ffff002001006000047ba1f8004001c00029
fffe002100faa00004fa4a80004002000029
fffd002400f1a9a8057e7bd8004002400029
fffb002700e435a4060cbab8002902800029
0004002600d920b400eb870c004000000029
0003002200ea1aed018244de004000400029
0002002000f59a93020b83bc004000800029
0001001f00fd4000028d1340004000c00029
0000001f0101d4ca030a4318004001000029
0000001f0103de1803855c8c004001400029
ffff001f010350fc03ffe134004001800029
ffff002001006000047ba1f8004001c00029
fffe002100faa00004fa4a80004002000029
fffd002400f1a9a8057e7bd8004002400029
fffb002700e435a4060cbab8002902800029
0004002600d920b400eb870c004000000029
0003002200ea1aed018244de004000400029
0002002000f59a93020b83bc004000800029
0001001f00fd4000028d1340004000c00029
0000001f0101d4ca030a4318004001000029
0000001f0103de1803855c8c004001400029
ffff001f010350fc03ffe134004001800029
ffff002001006000047ba1f8004001c00029
fffe002100faa00004fa4a80004002000029
fffd002400f1a9a8057e7bd8004002400029
fffb002700e435a4060cbab8002902800029
0004002600db610f00eb870c00400000002a
0003002200ec3aed018244de00400040002a
0002002000f7b525020b83bc00400080002a
0001001f00ff47af028d1340004000c0002a
0000001f0103d4ca030a431800400100002a
0000001f0105c00003855c8c00400140002a
ffff001f01054f0403ffe13400400180002a
ffff0020010243e0047ba1f8004001c0002a
fffe002100fcad8804fa53c000400200002a
fffd002300f3a9a8057e9bd800400240002a
fffb002700e65918060cbab800290280002a
0004002600db610f00eb870c00400000002a
0003002200ec3aed018244de00400040002a
0002002000f7b525020b83bc00400080002a
0001001f00ff47af028d1340004000c0002a
0000001f0103d4ca030a431800400100002a
0000001f0105c00003855c8c00400140002a
ffff001f01054f0403ffe13400400180002a
ffff0020010243e0047ba1f8004001c0002a
fffe002100fcad8804fa53c000400200002a
fffd002300f3a9a8057e9bd800400240002a
fffb002700e65918060cbab800290280002a
0004002600db610f00eb870c00400000002a
0003002200ec3aed018244de00400040002a
0002002000f7b525020b83bc00400080002a
0001001f00ff47af028d1340004000c0002a
0000001f0103d4ca030a431800400100002a
0000001f0105c00003855c8c00400140002a
ffff001f01054f0403ffe13400400180002a
ffff0020010243e0047ba1f8004001c0002a
fffe002100fcad8804fa53c000400200002a
fffd002300f3a9a8057e9bd800400240002a
fffb002700e65918060cbab800290280002a
0004002600db610f00eb870c00400000002a
0003002200ec3aed018244de00400040002a
0002002000f7b525020b83bc00400080002a
0001001f00ff47af028d1340004000c0002a
0000001f0103d4ca030a431800400100002a
0000001f0105c00003855c8c00400140002a
ffff001f01054f0403ffe13400400180002a
ffff0020010243e0047ba1f8004001c0002a
fffe002100fcad8804fa53c000400200002a
fffd002300f3a9a8057e9bd800400240002a
fffb002700e65918060cbab800290280002a
0004002600db610f00eb870c00400000002a
0003002200ec3aed018244de00400040002a
0002002000f7b525020b83bc00400080002a
0001001f00ff47af028d1340004000c0002a
0000001f0103d4ca030a431800400100002a
0000001f0105c00003855c8c00400140002a
ffff001f01054f0403ffe13400400180002a
ffff0020010243e0047ba1f8004001c0002a
fffe002100fcad8804fa53c000400200002a
fffd002300f3a9a8057e9bd800400240002a
fffb002700e65918060cbab800290280002a
0004002600db610f00eb870c00400000002a
0003002200ec3aed018244de00400040002a
0002002000f7b525020b83bc00400080002a
0001001f00ff47af028d1340004000c0002a
0000001f0103d4ca030a431800400100002a
0000001f0105c00003855c8c00400140002a
ffff001f01054f0403ffe13400400180002a
ffff0020010243e0047ba1f8004001c0002a
fffe002100fcad8804fa53c000400200002a
fffd002300f3a9a8057e9bd800400240002a
fffb002700e65918060cbab800290280002a
0004002600ddc0b400eb86b200400000002b
0003002200ee6d760182376600400040002b
0002002000f9ba93020b83bc00400080002b
0001001f01012f5e028cfaec004000c0002b
0001001f0105c000030a37e400400100002b
0000001f0107c00003855aa400400140002b
ffff001f0107400003ffe13400400180002b
ffff002001046000047ba5d8004001c0002b
fffe002100feb6c404fa6a8000400200002b
fffd002400f5d350057e9bd800400240002b
fffc002700e87918060cbe2800290280002b
0004002600ddc0b400eb86b200400000002b
0003002200ee6d760182376600400040002b
0002002000f9ba93020b83bc00400080002b
0001001f01012f5e028cfaec004000c0002b
0001001f0105c000030a37e400400100002b
0000001f0107c00003855aa400400140002b
ffff001f0107400003ffe13400400180002b
ffff002001046000047ba5d8004001c0002b
fffe002100feb6c404fa6a8000400200002b
fffd002400f5d350057e9bd800400240002b
fffc002700e87918060cbe2800290280002b
0004002600ddc0b400eb86b200400000002b
0003002200ee6d760182376600400040002b
0002002000f9ba93020b83bc00400080002b
0001001f01012f5e028cfaec004000c0002b
0001001f0105c000030a37e400400100002b
0000001f0107c00003855aa400400140002b
ffff001f0107400003ffe13400400180002b
ffff002001046000047ba5d8004001c0002b
fffe002100feb6c404fa6a8000400200002b
fffd002400f5d350057e9bd800400240002b
fffc002700e87918060cbe2800290280002b
0004002600ddc0b400eb86b200400000002b
0003002200ee6d760182376600400040002b
0002002000f9ba93020b83bc00400080002b
0001001f01012f5e028cfaec004000c0002b
0001001f0105c000030a37e400400100002b
0000001f0107c00003855aa400400140002b
ffff001f0107400003ffe13400400180002b
ffff002001046000047ba5d8004001c0002b
fffe002100feb6c404fa6a8000400200002b
fffd002400f5d350057e9bd800400240002b
fffc002700e87918060cbe2800290280002b
0004002600ddc0b400eb86b200400000002b
0003002200ee6d760182376600400040002b
0002002000f9ba93020b83bc00400080002b
0001001f01012f5e028cfaec004000c0002b
0001001f0105c000030a37e400400100002b
0000001f0107c00003855aa400400140002b
ffff001f0107400003ffe13400400180002b
ffff002001046000047ba5d8004001c0002b
fffe002100feb6c404fa6a8000400200002b
fffd002400f5d350057e9bd800400240002b
fffc002700e87918060cbe2800290280002b
0004002600ddc0b400eb86b200400000002b
0003002200ee6d760182376600400040002b
0002002000f9ba93020b83bc00400080002b
0001001f01012f5e028cfaec004000c0002b
0001001f0105c000030a37e400400100002b
0000001f0107c00003855aa400400140002b
ffff001f0107400003ffe13400400180002b
ffff002001046000047ba5d8004001c0002b
fffe002100feb6c404fa6a8000400200002b
fffd002400f5d350057e9bd800400240002b
fffc002700e87918060cbe2800290280002b
0004002600dfe10f00eb670c00400000002c
0003002200f08d76018224de00400040002c
0002002000fbc000020b63bc00400080002c
0001001f010347ae028cfaec004000c0002c
0000001f0107c000030a37e400400100002c
0000001f0109a00003855aa400400140002c
ffff001f0109400003ffe13400400180002c
ffff0020010643e0047ba5d8004001c0002c
fffe00210100b6c404fa6a8000400200002c
fffd002400f7d350057ea58000400240002c
fffc002700ea9c8c060cdab800290280002c
0004002600dfe10f00eb670c00400000002c
0003002200f08d76018224de00400040002c
0002002000fbc000020b63bc00400080002c
0001001f010347ae028cfaec004000c0002c
0000001f0107c000030a37e400400100002c
0000001f0109a00003855aa400400140002c
ffff001f0109400003ffe13400400180002c
ffff0020010643e0047ba5d8004001c0002c
fffe00210100b6c404fa6a8000400200002c
fffd002400f7d350057ea58000400240002c
fffc002700ea9c8c060cdab800290280002c
0004002600dfe10f00eb670c00400000002c
0003002200f08d76018224de00400040002c
0002002000fbc000020b63bc00400080002c
0001001f010347ae028cfaec004000c0002c
0000001f0107c000030a37e400400100002c
0000001f0109a00003855aa400400140002c
ffff001f0109400003ffe13400400180002c
ffff0020010643e0047ba5d8004001c0002c
fffe00210100b6c404fa6a8000400200002c
fffd002400f7d350057ea58000400240002c
fffc002700ea9c8c060cdab800290280002c
0004002600dfe10f00eb670c00400000002c
0003002200f08d76018224de00400040002c
0002002000fbc000020b63bc00400080002c
0001001f010347ae028cfaec004000c0002c
0000001f0107c000030a37e400400100002c
0000001f0109a00003855aa400400140002c
ffff001f0109400003ffe13400400180002c
ffff0020010643e0047ba5d8004001c0002c
fffe00210100b6c404fa6a8000400200002c
fffd002400f7d350057ea58000400240002c
fffc002700ea9c8c060cdab800290280002c
0004002600dfe10f00eb670c00400000002c
0003002200f08d76018224de00400040002c
0002002000fbc000020b63bc00400080002c
0001001f010347ae028cfaec004000c0002c
0000001f0107c000030a37e400400100002c
0000001f0109a00003855aa400400140002c
ffff001f0109400003ffe13400400180002c
ffff0020010643e0047ba5d8004001c0002c
fffe00210100b6c404fa6a8000400200002c
fffd002400f7d350057ea58000400240002c
fffc002700ea9c8c060cdab800290280002c
0004002600dfe10f00eb670c00400000002c
0003002200f08d76018224de00400040002c
0002002000fbc000020b63bc00400080002c
0001001f010347ae028cfaec004000c0002c
0000001f0107c000030a37e400400100002c
0000001f0109a00003855aa400400140002c
ffff001f0109400003ffe13400400180002c
ffff0020010643e0047ba5d8004001c0002c
fffe00210100b6c404fa6a8000400200002c
fffd002400f7d350057ea58000400240002c
fffc002700ea9c8c060cdab800290280002c
0004002600e2210f00eb66b200400000002d
0003002200f2ad76018224de00400040002d
0002002000fdf525020b63bc00400080002d
0001001f010547ae028cf340004000c0002d
0000001f0109b4ca030a37e400400100002d
0000001f010ba00003855aa400400140002d
ffff001f010b200003ffe13400400180002d
ffff0020010843e0047bc1f8004001c0002d
fffe00210102a00004fa8a8000400200002d
fffd002300fa09a8057ebbd800400240002d
fffc002700ecd918060cde2800290280002d
0004002600e2210f00eb66b200400000002d
0003002200f2ad76018224de00400040002d
0002002000fdf525020b63bc00400080002d
0001001f010547ae028cf340004000c0002d
0000001f0109b4ca030a37e400400100002d
0000001f010ba00003855aa400400140002d
ffff001f010b200003ffe13400400180002d
ffff0020010843e0047bc1f8004001c0002d
fffe00210102a00004fa8a8000400200002d
fffd002300fa09a8057ebbd800400240002d
fffc002700ecd918060cde2800290280002d
0004002600e2210f00eb66b200400000002d
0003002200f2ad76018224de00400040002d
0002002000fdf525020b63bc00400080002d
0001001f010547ae028cf340004000c0002d
0000001f0109b4ca030a37e400400100002d
0000001f010ba00003855aa400400140002d
ffff001f010b200003ffe13400400180002d
ffff0020010843e0047bc1f8004001c0002d
fffe00210102a00004fa8a8000400200002d
fffd002300fa09a8057ebbd800400240002d
fffc002700ecd918060cde2800290280002d
0004002600e2210f00eb66b200400000002d
0003002200f2ad76018224de00400040002d
0002002000fdf525020b63bc00400080002d
0001001f010547ae028cf340004000c0002d
0000001f0109b4ca030a37e400400100002d
0000001f010ba00003855aa400400140002d
ffff001f010b200003ffe13400400180002d
ffff0020010843e0047bc1f8004001c0002d
fffe00210102a00004fa8a8000400200002d
fffd002300fa09a8057ebbd800400240002d
fffc002700ecd918060cde2800290280002d
0004002600e2210f00eb66b200400000002d
0003002200f2ad76018224de00400040002d
0002002000fdf525020b63bc00400080002d
0001001f010547ae028cf340004000c0002d
0000001f0109b4ca030a37e400400100002d
0000001f010ba00003855aa400400140002d
ffff001f010b200003ffe13400400180002d
ffff0020010843e0047bc1f8004001c0002d
fffe00210102a00004fa8a8000400200002d
fffd002300fa09a8057ebbd800400240002d
fffc002700ecd918060cde2800290280002d
0004002600e2210f00eb66b200400000002d
0003002200f2ad76018224de00400040002d
0002002000fdf525020b63bc00400080002d
0001001f010547ae028cf340004000c0002d
0000001f0109b4ca030a37e400400100002d
0000001f010ba00003855aa400400140002d
ffff001f010b200003ffe13400400180002d
ffff0020010843e0047bc1f8004001c0002d
fffe00210102a00004fa8a8000400200002d
fffd002300fa09a8057ebbd800400240002d
fffc002700ecd918060cde2800290280002d
0004002600e4610f00eb66b200400000002e
0003002200f4cd76018204de00400040002e
0002002000fff525020b63bc00400080002e
0001001f01076000028cf340004000c0002e
0000001f010bc000030a37e400400100002e
0000001f010d800003855aa400400140002e
ffff001f010d200003ffe13400400180002e
ffff0020010a43e0047bc1f8004001c0002e
fffe00210104b6c404fa8a8000400200002e
fffd002400fc09a8057ebbd800400240002e
fffc002700ef1918060cde2800290280002e
0004002600e4610f00eb66b200400000002e
0003002200f4cd76018204de00400040002e
0002002000fff525020b63bc00400080002e
0001001f01076000028cf340004000c0002e
0000001f010bc000030a37e400400100002e
0000001f010d800003855aa400400140002e
ffff001f010d200003ffe13400400180002e
ffff0020010a43e0047bc1f8004001c0002e
fffe00210104b6c404fa8a8000400200002e
fffd002400fc09a8057ebbd800400240002e
fffc002700ef1918060cde2800290280002e
0004002600e4610f00eb66b200400000002e
0003002200f4cd76018204de00400040002e
0002002000fff525020b63bc00400080002e
0001001f01076000028cf340004000c0002e
0000001f010bc000030a37e400400100002e
0000001f010d800003855aa400400140002e
ffff001f010d200003ffe13400400180002e
ffff0020010a43e0047bc1f8004001c0002e
fffe00210104b6c404fa8a8000400200002e
fffd002400fc09a8057ebbd800400240002e
fffc002700ef1918060cde2800290280002e
0004002600e4610f00eb66b200400000002e
0003002200f4cd76018204de00400040002e
0002002000fff525020b63bc00400080002e
0001001f01076000028cf340004000c0002e
0000001f010bc000030a37e400400100002e
0000001f010d800003855aa400400140002e
ffff001f010d200003ffe13400400180002e
ffff0020010a43e0047bc1f8004001c0002e
fffe00210104b6c404fa8a8000400200002e
fffd002400fc09a8057ebbd800400240002e
fffc002700ef1918060cde2800290280002e
0004002600e4610f00eb66b200400000002e
0003002200f4cd76018204de00400040002e
0002002000fff525020b63bc00400080002e
0001001f01076000028cf340004000c0002e
0000001f010bc000030a37e400400100002e
0000001f010d800003855aa400400140002e
ffff001f010d200003ffe13400400180002e
ffff0020010a43e0047bc1f8004001c0002e
fffe00210104b6c404fa8a8000400200002e
fffd002400fc09a8057ebbd800400240002e
fffc002700ef1918060cde2800290280002e
0004002600e4610f00eb66b200400000002e
0003002200f4cd76018204de00400040002e
0002002000fff525020b63bc00400080002e
0001001f01076000028cf340004000c0002e
0000001f010bc000030a37e400400100002e
0000001f010d800003855aa400400140002e
ffff001f010d200003ffe13400400180002e
ffff0020010a43e0047bc1f8004001c0002e
fffe00210104b6c404fa8a8000400200002e
fffd002400fc09a8057ebbd800400240002e
fffc002700ef1918060cde2800290280002e
0004002600e6e05a00eb470c00400000002f
0003002200f6e863018204de00400040002f
000200200101fa92020b43bc00400080002f
0001001f010947ae028cdaec004000c0002f
0000001f010da000030a231800400100002f
0000001f010f81e803853c8c00400140002f
ffff001f010f10fc03ffe13400400180002f
ffff0020010c4000047bc5d8004001c0002f
fffe00210106b6c404fa8a8000400200002f
fffd002300fe1350057edbd800400240002f
fffc002700f155a4060cfab800290280002f
0004002600e6e05a00eb470c00400000002f
0003002200f6e863018204de00400040002f
000200200101fa92020b43bc00400080002f
0001001f010947ae028cdaec004000c0002f
0000001f010da000030a231800400100002f
0000001f010f81e803853c8c00400140002f
ffff001f010f10fc03ffe13400400180002f
ffff0020010c4000047bc5d8004001c0002f
fffe00210106b6c404fa8a8000400200002f
fffd002300fe1350057edbd800400240002f
fffc002700f155a4060cfab800290280002f
0004002600e6e05a00eb470c00400000002f
0003002200f6e863018204de00400040002f
000200200101fa92020b43bc00400080002f
0001001f010947ae028cdaec004000c0002f
0000001f010da000030a231800400100002f
0000001f010f81e803853c8c00400140002f
ffff001f010f10fc03ffe13400400180002f
ffff0020010c4000047bc5d8004001c0002f
fffe00210106b6c404fa8a8000400200002f
fffd002300fe1350057edbd800400240002f
fffc002700f155a4060cfab800290280002f
0004002600e6e05a00eb470c00400000002f
0003002200f6e863018204de00400040002f
000200200101fa92020b43bc00400080002f
0001001f010947ae028cdaec004000c0002f
0000001f010da000030a231800400100002f
0000001f010f81e803853c8c00400140002f
ffff001f010f10fc03ffe13400400180002f
ffff0020010c4000047bc5d8004001c0002f
fffe00210106b6c404fa8a8000400200002f
fffd002300fe1350057edbd800400240002f
fffc002700f155a4060cfab800290280002f
0004002600e6e05a00eb470c00400000002f
0003002200f6e863018204de00400040002f
000200200101fa92020b43bc00400080002f
0001001f010947ae028cdaec004000c0002f
0000001f010da000030a231800400100002f
0000001f010f81e803853c8c00400140002f
ffff001f010f10fc03ffe13400400180002f
ffff0020010c4000047bc5d8004001c0002f
fffe00210106b6c404fa8a8000400200002f
fffd002300fe1350057edbd800400240002f
fffc002700f155a4060cfab800290280002f
0004002600e6e05a00eb470c00400000002f
0003002200f6e863018204de00400040002f
000200200101fa92020b43bc00400080002f
0001001f010947ae028cdaec004000c0002f
0000001f010da000030a231800400100002f
0000001f010f81e803853c8c00400140002f
ffff001f010f10fc03ffe13400400180002f
ffff0020010c4000047bc5d8004001c0002f
fffe00210106b6c404fa8a8000400200002f
fffd002300fe1350057edbd800400240002f
fffc002700f155a4060cfab800290280002f
0004002600e9205a00eb46b2004000000030
0003002200f91aed0181e4de004000400030
0002002001040000020b43bc004000800030
0001001f010b6000028cd340004000c00030
0000001f010fb4ca030a2318004001000030
0000001f0111800003853c8c004001400030
ffff001f0111000003fff230004001800030
ffff0020010e4000047bc5d8004001c00030
fffe00210108d6c404fa93c0004002000030
fffd002401004000057edbd8004002400030
fffc002700f37918060cfe28002902800030
0004002600e9205a00eb46b2004000000030
0003002200f91aed0181e4de004000400030
0002002001040000020b43bc004000800030
0001001f010b6000028cd340004000c00030
0000001f010fb4ca030a2318004001000030
0000001f0111800003853c8c004001400030
ffff001f0111000003fff230004001800030
ffff0020010e4000047bc5d8004001c00030
fffe00210108d6c404fa93c0004002000030
fffd002401004000057edbd8004002400030
fffc002700f37918060cfe28002902800030
0004002600e9205a00eb46b2004000000030
0003002200f91aed0181e4de004000400030
0002002001040000020b43bc004000800030
0001001f010b6000028cd340004000c00030
0000001f010fb4ca030a2318004001000030
0000001f0111800003853c8c004001400030
ffff001f0111000003fff230004001800030
ffff0020010e4000047bc5d8004001c00030
fffe00210108d6c404fa93c0004002000030
fffd002401004000057edbd8004002400030
fffc002700f37918060cfe28002902800030
0004002600e9205a00eb46b2004000000030
0003002200f91aed0181e4de004000400030
0002002001040000020b43bc004000800030
0001001f010b6000028cd340004000c00030
0000001f010fb4ca030a2318004001000030
0000001f0111800003853c8c004001400030
ffff001f0111000003fff230004001800030
ffff0020010e4000047bc5d8004001c00030
fffe00210108d6c404fa93c0004002000030
fffd002401004000057edbd8004002400030
fffc002700f37918060cfe28002902800030
0004002600e9205a00eb46b2004000000030
0003002200f91aed0181e4de004000400030
0002002001040000020b43bc004000800030
0001001f010b6000028cd340004000c00030
0000001f010fb4ca030a2318004001000030
0000001f0111800003853c8c004001400030
ffff001f0111000003fff230004001800030
ffff0020010e4000047bc5d8004001c00030
fffe00210108d6c404fa93c0004002000030
fffd002401004000057edbd8004002400030
fffc002700f37918060cfe28002902800030
0004002600e9205a00eb46b2004000000030
0003002200f91aed0181e4de004000400030
0002002001040000020b43bc004000800030
0001001f010b6000028cd340004000c00030
0000001f010fb4ca030a2318004001000030
0000001f0111800003853c8c004001400030
ffff001f0111000003fff230004001800030
ffff0020010e4000047bc5d8004001c00030
fffe00210108d6c404fa93c0004002000030
fffd002401004000057edbd8004002400030
fffc002700f37918060cfe28002902800030
0004002600eb40b400eb270c004000000031
0003002200fb4d760181e4de004000400031
0002002001063526020b43bc004000800031
0001001f010d67ae028cd340004000c00031
0000001f011194ca030a17e4004001000031
0000001f0113800003853c8c004001400031
ffff001f0113000003fff230004001800031
ffff0020011023e0047be1f8004001c00031
fffe0021010acd8804faaa80004002000031
fffd002401025350057edbd8004002400031
fffc002700f59918060d1ab8002902800031
0004002600eb40b400eb270c004000000031
0003002200fb4d760181e4de004000400031
0002002001063526020b43bc004000800031
0001001f010d67ae028cd340004000c00031
0000001f011194ca030a17e4004001000031
0000001f0113800003853c8c004001400031
ffff001f0113000003fff230004001800031
ffff0020011023e0047be1f8004001c00031
fffe0021010acd8804faaa80004002000031
fffd002401025350057edbd8004002400031
fffc002700f59918060d1ab8002902800031
0004002600eb40b400eb270c004000000031
0003002200fb4d760181e4de004000400031
0002002001063526020b43bc004000800031
0001001f010d67ae028cd340004000c00031
0000001f011194ca030a17e4004001000031
0000001f0113800003853c8c004001400031
ffff001f0113000003fff230004001800031
ffff0020011023e0047be1f8004001c00031
fffe0021010acd8804faaa80004002000031
fffd002401025350057edbd8004002400031
fffc002700f59918060d1ab8002902800031
0004002600eb40b400eb270c004000000031
0003002200fb4d760181e4de004000400031
0002002001063526020b43bc004000800031
0001001f010d67ae028cd340004000c00031
0000001f011194ca030a17e4004001000031
0000001f0113800003853c8c004001400031
ffff001f0113000003fff230004001800031
ffff0020011023e0047be1f8004001c00031
fffe0021010acd8804faaa80004002000031
fffd002401025350057edbd8004002400031
fffc002700f59918060d1ab8002902800031
0004002600eb40b400eb270c004000000031
0003002200fb4d760181e4de004000400031
0002002001063526020b43bc004000800031
0001001f010d67ae028cd340004000c00031
0000001f011194ca030a17e4004001000031
0000001f0113800003853c8c004001400031
ffff001f0113000003fff230004001800031
ffff0020011023e0047be1f8004001c00031
fffe0021010acd8804faaa80004002000031
fffd002401025350057edbd8004002400031
fffc002700f59918060d1ab8002902800031
0004002600eb40b400eb270c004000000031
0003002200fb4d760181e4de004000400031
0002002001063526020b43bc004000800031
0001001f010d67ae028cd340004000c00031
0000001f011194ca030a17e4004001000031
0000001f0113800003853c8c004001400031
ffff001f0113000003fff230004001800031
ffff0020011023e0047be1f8004001c00031
fffe0021010acd8804faaa80004002000031
fffd002401025350057edbd8004002400031
fffc002700f59918060d1ab8002902800031
0004002600ed80b400eb270c004000000032
0003002200fd6d760181e4de004000400032
0002002001083526020b23bc004000800032
0001001f010f47ae028cd340004000c00032
0000001f0113a000030a17e4004001000032
0000001f0115600003853c8c004001400032
ffff001f0114e00004000130004001800032
ffff002001124000047be1f8004001c00032
fffe0021010cd6c404faaa80004002000032
fffd0023010469a8057efbd8004002400032
fffc002700f7bc8c060d1e28002902800032
0004002600ed80b400eb270c004000000032
0003002200fd6d760181e4de004000400032
0002002001083526020b23bc004000800032
0001001f010f47ae028cd340004000c00032
0000001f0113a000030a17e4004001000032
0000001f0115600003853c8c004001400032
ffff001f0114e00004000130004001800032
ffff002001124000047be1f8004001c00032
fffe0021010cd6c404faaa80004002000032
fffd0023010469a8057efbd8004002400032
fffc002700f7bc8c060d1e28002902800032
0004002600ed80b400eb270c004000000032
0003002200fd6d760181e4de004000400032
0002002001083526020b23bc004000800032
0001001f010f47ae028cd340004000c00032
0000001f0113a000030a17e4004001000032
0000001f0115600003853c8c004001400032
ffff001f0114e00004000130004001800032
ffff002001124000047be1f8004001c00032
fffe0021010cd6c404faaa80004002000032
fffd0023010469a8057efbd8004002400032
fffc002700f7bc8c060d1e28002902800032
0004002600ed80b400eb270c004000000032
0003002200fd6d760181e4de004000400032
0002002001083526020b23bc004000800032
0001001f010f47ae028cd340004000c00032
0000001f0113a000030a17e4004001000032
0000001f0115600003853c8c004001400032
ffff001f0114e00004000130004001800032
ffff002001124000047be1f8004001c00032
fffe0021010cd6c404faaa80004002000032
fffd0023010469a8057efbd8004002400032
fffc002700f7bc8c060d1e28002902800032
0004002600ed80b400eb270c004000000032
0003002200fd6d760181e4de004000400032
0002002001083526020b23bc004000800032
0001001f010f47ae028cd340004000c00032
0000001f0113a000030a17e4004001000032
0000001f0115600003853c8c004001400032
ffff001f0114e00004000130004001800032
ffff002001124000047be1f8004001c00032
fffe0021010cd6c404faaa80004002000032
fffd0023010469a8057efbd8004002400032
fffc002700f7bc8c060d1e28002902800032
0004002600ed80b400eb270c004000000032
0003002200fd6d760181e4de004000400032
0002002001083526020b23bc004000800032
0001001f010f47ae028cd340004000c00032
0000001f0113a000030a17e4004001000032
0000001f0115600003853c8c004001400032
ffff001f0114e00004000130004001800032
ffff002001124000047be1f8004001c00032
fffe0021010cd6c404faaa80004002000032
fffd0023010469a8057efbd8004002400032
fffc002700f7bc8c060d1e28002902800032
0004002600efe05a00eb26b2004000000033
0003002200ff9aed0181c4de004000400033
00020020010a4000020b23bc004000800033
0001001f011167ae028cbaec004000c00033
0000001f011594ca030a17e4004001000033
0000001f0117600003853c8c004001400033
ffff001f0116f0fc04000130004001800033
ffff0020011423e0047be1f8004001c00033
fffe0021010ed6c404fab3c0004002000033
fffd0024010689a8057efbd8004002400033
fffc002700fa15a4060d1e28002902800033
0004002600efe05a00eb26b2004000000033
0003002200ff9aed0181c4de004000400033
00020020010a4000020b23bc004000800033
0001001f011167ae028cbaec004000c00033
0000001f011594ca030a17e4004001000033
0000001f0117600003853c8c004001400033
ffff001f0116f0fc04000130004001800033
ffff0020011423e0047be1f8004001c00033
fffe0021010ed6c404fab3c0004002000033
fffd0024010689a8057efbd8004002400033
fffc002700fa15a4060d1e28002902800033
0004002600efe05a00eb26b2004000000033
0003002200ff9aed0181c4de004000400033
00020020010a4000020b23bc004000800033
0001001f011167ae028cbaec004000c00033
0000001f011594ca030a17e4004001000033
0000001f0117600003853c8c004001400033
ffff001f0116f0fc04000130004001800033
ffff0020011423e0047be1f8004001c00033
fffe0021010ed6c404fab3c0004002000033
fffd0024010689a8057efbd8004002400033
fffc002700fa15a4060d1e28002902800033
0004002600efe05a00eb26b2004000000033
0003002200ff9aed0181c4de004000400033
00020020010a4000020b23bc004000800033
0001001f011167ae028cbaec004000c00033
0000001f011594ca030a17e4004001000033
0000001f0117600003853c8c004001400033
ffff001f0116f0fc04000130004001800033
ffff0020011423e0047be1f8004001c00033
fffe0021010ed6c404fab3c0004002000033
fffd0024010689a8057efbd8004002400033
fffc002700fa15a4060d1e28002902800033
0004002600efe05a00eb26b2004000000033
0003002200ff9aed0181c4de004000400033
00020020010a4000020b23bc004000800033
0001001f011167ae028cbaec004000c00033
0000001f011594ca030a17e4004001000033
0000001f0117600003853c8c004001400033
ffff001f0116f0fc04000130004001800033
ffff0020011423e0047be1f8004001c00033
fffe0021010ed6c404fab3c0004002000033
fffd0024010689a8057efbd8004002400033
fffc002700fa15a4060d1e28002902800033
0004002600efe05a00eb26b2004000000033
0003002200ff9aed0181c4de004000400033
00020020010a4000020b23bc004000800033
0001001f011167ae028cbaec004000c00033
0000001f011594ca030a17e4004001000033
0000001f0117600003853c8c004001400033
ffff001f0116f0fc04000130004001800033
ffff0020011423e0047be1f8004001c00033
fffe0021010ed6c404fab3c0004002000033
fffd0024010689a8057efbd8004002400033
fffc002700fa15a4060d1e28002902800033
0004002600f220b400eb26b2004000000034
000300220101baec0181c4de004000400034
00020020010c5a92020b23bc004000800034
0001001f01136000028cb340004000c00034
0000001f01178000030a0318004001000034
0000001f0119600003853c8c004001400034
ffff001f0118e00004000130004001800034
ffff0020011623e0047be1f8004001c00034
fffe00210110e00004faca80004002000034
fffd00240108a9a8057efbd8004002400034
fffc002700fc3918060d3ab8002902800034
0004002600f220b400eb26b2004000000034
000300220101baec0181c4de004000400034
00020020010c5a92020b23bc004000800034
0001001f01136000028cb340004000c00034
0000001f01178000030a0318004001000034
0000001f0119600003853c8c004001400034
ffff001f0118e00004000130004001800034
ffff0020011623e0047be1f8004001c00034
fffe00210110e00004faca80004002000034
fffd00240108a9a8057efbd8004002400034
fffc002700fc3918060d3ab8002902800034
0004002600f220b400eb26b2004000000034
000300220101baec0181c4de004000400034
00020020010c5a92020b23bc004000800034
0001001f01136000028cb340004000c00034
0000001f01178000030a0318004001000034
0000001f0119600003853c8c004001400034
ffff001f0118e00004000130004001800034
ffff0020011623e0047be1f8004001c00034
fffe00210110e00004faca80004002000034
fffd00240108a9a8057efbd8004002400034
fffc002700fc3918060d3ab8002902800034
0004002600f220b400eb26b2004000000034
000300220101baec0181c4de004000400034
00020020010c5a92020b23bc004000800034
0001001f01136000028cb340004000c00034
0000001f01178000030a0318004001000034
0000001f0119600003853c8c004001400034
ffff001f0118e00004000130004001800034
ffff0020011623e0047be1f8004001c00034
fffe00210110e00004faca80004002000034
fffd00240108a9a8057efbd8004002400034
fffc002700fc3918060d3ab8002902800034
0004002600f220b400eb26b2004000000034
000300220101baec0181c4de004000400034
00020020010c5a92020b23bc004000800034
0001001f01136000028cb340004000c00034
0000001f01178000030a0318004001000034
0000001f0119600003853c8c004001400034
ffff001f0118e00004000130004001800034
ffff0020011623e0047be1f8004001c00034
fffe00210110e00004faca80004002000034
fffd00240108a9a8057efbd8004002400034
fffc002700fc3918060d3ab8002902800034
0004002600f220b400eb26b2004000000034
000300220101baec0181c4de004000400034
00020020010c5a92020b23bc004000800034
0001001f01136000028cb340004000c00034
0000001f01178000030a0318004001000034
0000001f0119600003853c8c004001400034
ffff001f0118e00004000130004001800034
ffff0020011623e0047be1f8004001c00034
fffe00210110e00004faca80004002000034
fffd00240108a9a8057efbd8004002400034
fffc002700fc3918060d3ab8002902800034
0004002600f460b400eb070c004000000035
000300220103ed760181b766004000400035
00020020010e5a92020b03bc004000800035
0001001f01156000028cb340004000c00035
0000001f01198000030a0318004001000035
0000001f011b41e803853c8c004001400035
ffff001f011ae00004000130004001800035
ffff002001182000047be5d8004001c00035
fffe00210112f6c404faca80004002000035
fffd0023010ab350057f1bd8004002400035
fffc002700fe75a4060d3ab8002902800035
0004002600f460b400eb070c004000000035
000300220103ed760181b766004000400035
00020020010e5a92020b03bc004000800035
0001001f01156000028cb340004000c00035
0000001f01198000030a0318004001000035
0000001f011b41e803853c8c004001400035
ffff001f011ae00004000130004001800035
ffff002001182000047be5d8004001c00035
fffe00210112f6c404faca80004002000035
fffd0023010ab350057f1bd8004002400035
fffc002700fe75a4060d3ab8002902800035
0004002600f460b400eb070c004000000035
000300220103ed760181b766004000400035
00020020010e5a92020b03bc004000800035
0001001f01156000028cb340004000c00035
0000001f01198000030a0318004001000035
0000001f011b41e803853c8c004001400035
ffff001f011ae00004000130004001800035
ffff002001182000047be5d8004001c00035
fffe00210112f6c404faca80004002000035
fffd0023010ab350057f1bd8004002400035
fffc002700fe75a4060d3ab8002902800035
0004002600f460b400eb070c004000000035
000300220103ed760181b766004000400035
00020020010e5a92020b03bc004000800035
0001001f01156000028cb340004000c00035
0000001f01198000030a0318004001000035
0000001f011b41e803853c8c004001400035
ffff001f011ae00004000130004001800035
ffff002001182000047be5d8004001c00035
fffe00210112f6c404faca80004002000035
fffd0023010ab350057f1bd8004002400035
fffc002700fe75a4060d3ab8002902800035
0004002600f460b400eb070c004000000035
000300220103ed760181b766004000400035
00020020010e5a92020b03bc004000800035
0001001f01156000028cb340004000c00035
0000001f01198000030a0318004001000035
0000001f011b41e803853c8c004001400035
ffff001f011ae00004000130004001800035
ffff002001182000047be5d8004001c00035
fffe00210112f6c404faca80004002000035
fffd0023010ab350057f1bd8004002400035
fffc002700fe75a4060d3ab8002902800035
0004002600f460b400eb070c004000000035
000300220103ed760181b766004000400035
00020020010e5a92020b03bc004000800035
0001001f01156000028cb340004000c00035
0000001f01198000030a0318004001000035
0000001f011b41e803853c8c004001400035
ffff001f011ae00004000130004001800035
ffff002001182000047be5d8004001c00035
fffe00210112f6c404faca80004002000035
fffd0023010ab350057f1bd8004002400035
fffc002700fe75a4060d3ab8002902800035
0004002600f6810f00eb06b2004000000036
00030022010600000181a4de004000400036
0002002001107526020b03bc004000800036
0001001f01176000028c9aec004000c00036
0000001f011b80000309f7e4004001000036
0000001f011d600003853c8c004001400036
ffff001f011ce00004000130004001800036
ffff0020011a23e0047c01f8004001c00036
fffe00210114f6c404faca80004002000036
fffd0024010cc9a8057f1bd8004002400036
fffc002701009918060d3e28002902800036
0004002600f6810f00eb06b2004000000036
00030022010600000181a4de004000400036
0002002001107526020b03bc004000800036
0001001f01176000028c9aec004000c00036
0000001f011b80000309f7e4004001000036
0000001f011d600003853c8c004001400036
ffff001f011ce00004000130004001800036
ffff0020011a23e0047c01f8004001c00036
fffe00210114f6c404faca80004002000036
fffd0024010cc9a8057f1bd8004002400036
fffc002701009918060d3e28002902800036
0004002600f6810f00eb06b2004000000036
00030022010600000181a4de004000400036
0002002001107526020b03bc004000800036
0001001f01176000028c9aec004000c00036
0000001f011b80000309f7e4004001000036
0000001f011d600003853c8c004001400036
ffff001f011ce00004000130004001800036
ffff0020011a23e0047c01f8004001c00036
fffe00210114f6c404faca80004002000036
fffd0024010cc9a8057f1bd8004002400036
fffc002701009918060d3e28002902800036
0004002600f6810f00eb06b2004000000036
00030022010600000181a4de004000400036
0002002001107526020b03bc004000800036
0001001f01176000028c9aec004000c00036
0000001f011b80000309f7e4004001000036
0000001f011d600003853c8c004001400036
ffff001f011ce00004000130004001800036
ffff0020011a23e0047c01f8004001c00036
fffe00210114f6c404faca80004002000036
fffd0024010cc9a8057f1bd8004002400036
fffc002701009918060d3e28002902800036
0004002600f6810f00eb06b2004000000036
00030022010600000181a4de004000400036
0002002001107526020b03bc004000800036
0001001f01176000028c9aec004000c00036
0000001f011b80000309f7e4004001000036
0000001f011d600003853c8c004001400036
ffff001f011ce00004000130004001800036
ffff0020011a23e0047c01f8004001c00036
fffe00210114f6c404faca80004002000036
fffd0024010cc9a8057f1bd8004002400036
fffc002701009918060d3e28002902800036
0004002600f6810f00eb06b2004000000036
00030022010600000181a4de004000400036
0002002001107526020b03bc004000800036
0001001f01176000028c9aec004000c00036
0000001f011b80000309f7e4004001000036
0000001f011d600003853c8c004001400036
ffff001f011ce00004000130004001800036
ffff0020011a23e0047c01f8004001c00036
fffe00210114f6c404faca80004002000036
fffd0024010cc9a8057f1bd8004002400036
fffc002701009918060d3e28002902800036
0004002600f8e0b400eae70c004000000037
0003002201081aec01819766004000400037
0002002001127a92020ae3bc004000800037
0001001f01196000028c9340004000c00037
0000001f011d74ca0309f7e4004001000037
0000001f011f400003853c8c004001400037
ffff001f011ec00004000130004001800037
ffff0020011c2000047c01f8004001c00037
fffe0021011716c404fad3c0004002000037
fffd0024010ee9a8057f2580004002400037
fffc00270102bc8c060d5ab8002902800037
0004002600f8e0b400eae70c004000000037
0003002201081aec01819766004000400037
0002002001127a92020ae3bc004000800037
0001001f01196000028c9340004000c00037
0000001f011d74ca0309f7e4004001000037
0000001f011f400003853c8c004001400037
ffff001f011ec00004000130004001800037
ffff0020011c2000047c01f8004001c00037
fffe0021011716c404fad3c0004002000037
fffd0024010ee9a8057f2580004002400037
fffc00270102bc8c060d5ab8002902800037
0004002600f8e0b400eae70c004000000037
0003002201081aec01819766004000400037
0002002001127a92020ae3bc004000800037
0001001f01196000028c9340004000c00037
0000001f011d74ca0309f7e4004001000037
0000001f011f400003853c8c004001400037
ffff001f011ec00004000130004001800037
ffff0020011c2000047c01f8004001c00037
fffe0021011716c404fad3c0004002000037
fffd0024010ee9a8057f2580004002400037
fffc00270102bc8c060d5ab8002902800037
0004002600f8e0b400eae70c004000000037
0003002201081aec01819766004000400037
0002002001127a92020ae3bc004000800037
0001001f01196000028c9340004000c00037
0000001f011d74ca0309f7e4004001000037
0000001f011f400003853c8c004001400037
ffff001f011ec00004000130004001800037
ffff0020011c2000047c01f8004001c00037
fffe0021011716c404fad3c0004002000037
fffd0024010ee9a8057f2580004002400037
fffc00270102bc8c060d5ab8002902800037
0004002600f8e0b400eae70c004000000037
0003002201081aec01819766004000400037
0002002001127a92020ae3bc004000800037
0001001f01196000028c9340004000c00037
0000001f011d74ca0309f7e4004001000037
0000001f011f400003853c8c004001400037
ffff001f011ec00004000130004001800037
ffff0020011c2000047c01f8004001c00037
fffe0021011716c404fad3c0004002000037
fffd0024010ee9a8057f2580004002400037
fffc00270102bc8c060d5ab8002902800037
0004002600f8e0b400eae70c004000000037
0003002201081aec01819766004000400037
0002002001127a92020ae3bc004000800037
0001001f01196000028c9340004000c00037
0000001f011d74ca0309f7e4004001000037
0000001f011f400003853c8c004001400037
ffff001f011ec00004000130004001800037
ffff0020011c2000047c01f8004001c00037
fffe0021011716c404fad3c0004002000037
fffd0024010ee9a8057f2580004002400037
fffc00270102bc8c060d5ab8002902800037
0004002600fb210f00eae70c004000000038
00030022010a3aec018184de004000400038
0002002001148000020ae3bc004000800038
0001001f011b6000028c9340004000c00038
0000001f011f80000309f7e4004001000038
0000001f0121400003853c8c004001400038
ffff001f0120c00004000130004001800038
ffff0020011e23e0047c01f8004001c00038
fffe0021011916c404faea80004002000038
fffd00240110e9a8057f3bd8004002400038
fffc00270104f918060d5e28002902800038
0004002600fb210f00eae70c004000000038
00030022010a3aec018184de004000400038
0002002001148000020ae3bc004000800038
0001001f011b6000028c9340004000c00038
0000001f011f80000309f7e4004001000038
0000001f0121400003853c8c004001400038
ffff001f0120c00004000130004001800038
ffff0020011e23e0047c01f8004001c00038
fffe0021011916c404faea80004002000038
fffd00240110e9a8057f3bd8004002400038
fffc00270104f918060d5e28002902800038
0004002600fb210f00eae70c004000000038
00030022010a3aec018184de004000400038
0002002001148000020ae3bc004000800038
0001001f011b6000028c9340004000c00038
0000001f011f80000309f7e4004001000038
0000001f0121400003853c8c004001400038
ffff001f0120c00004000130004001800038
ffff0020011e23e0047c01f8004001c00038
fffe0021011916c404faea80004002000038
fffd00240110e9a8057f3bd8004002400038
fffc00270104f918060d5e28002902800038
0004002600fb210f00eae70c004000000038
00030022010a3aec018184de004000400038
0002002001148000020ae3bc004000800038
0001001f011b6000028c9340004000c00038
0000001f011f80000309f7e4004001000038
0000001f0121400003853c8c004001400038
ffff001f0120c00004000130004001800038
ffff0020011e23e0047c01f8004001c00038
fffe0021011916c404faea80004002000038
fffd00240110e9a8057f3bd8004002400038
fffc00270104f918060d5e28002902800038
0004002600fb210f00eae70c004000000038
00030022010a3aec018184de004000400038
0002002001148000020ae3bc004000800038
0001001f011b6000028c9340004000c00038
0000001f011f80000309f7e4004001000038
0000001f0121400003853c8c004001400038
ffff001f0120c00004000130004001800038
ffff0020011e23e0047c01f8004001c00038
fffe0021011916c404faea80004002000038
fffd00240110e9a8057f3bd8004002400038
fffc00270104f918060d5e28002902800038
0004002600fb210f00eae70c004000000038
00030022010a3aec018184de004000400038
0002002001148000020ae3bc004000800038
0001001f011b6000028c9340004000c00038
0000001f011f80000309f7e4004001000038
0000001f0121400003853c8c004001400038
ffff001f0120c00004000130004001800038
ffff0020011e23e0047c01f8004001c00038
fffe0021011916c404faea80004002000038
fffd00240110e9a8057f3bd8004002400038
fffc00270104f918060d5e28002902800038
0004002600fd610f00eae6b2004000000039
00030022010c6d76018184de004000400039
000200200116b526020ae3bc004000800039
0001001f011d67ae028c7aec004000c00039
0000001f012174ca0309f7e4004001000039
0000001f01233e1803853c8c004001400039
ffff001f0122b0fc04000130004001800039
ffff002001202000047c01f8004001c00039
fffe0021011b000004faea80004002000039
fffd0024011309a8057f3bd8004002400039
fffc0027010735a4060d7ab8002902800039
0004002600fd610f00eae6b2004000000039
00030022010c6d76018184de004000400039
000200200116b526020ae3bc004000800039
0001001f011d67ae028c7aec004000c00039
0000001f012174ca0309f7e4004001000039
0000001f01233e1803853c8c004001400039
ffff001f0122b0fc04000130004001800039
ffff002001202000047c01f8004001c00039
fffe0021011b000004faea80004002000039
fffd0024011309a8057f3bd8004002400039
fffc0027010735a4060d7ab8002902800039
0004002600fd610f00eae6b2004000000039
00030022010c6d76018184de004000400039
000200200116b526020ae3bc004000800039
0001001f011d67ae028c7aec004000c00039
0000001f012174ca0309f7e4004001000039
0000001f01233e1803853c8c004001400039
ffff001f0122b0fc04000130004001800039
ffff002001202000047c01f8004001c00039
fffe0021011b000004faea80004002000039
fffd0024011309a8057f3bd8004002400039
fffc0027010735a4060d7ab8002902800039
0004002600fd610f00eae6b2004000000039
00030022010c6d76018184de004000400039
000200200116b526020ae3bc004000800039
0001001f011d67ae028c7aec004000c00039
0000001f012174ca0309f7e4004001000039
0000001f01233e1803853c8c004001400039
ffff001f0122b0fc04000130004001800039
ffff002001202000047c01f8004001c00039
fffe0021011b000004faea80004002000039
fffd0024011309a8057f3bd8004002400039
fffc0027010735a4060d7ab8002902800039
0004002600fd610f00eae6b2004000000039
00030022010c6d76018184de004000400039
000200200116b526020ae3bc004000800039
0001001f011d67ae028c7aec004000c00039
0000001f012174ca0309f7e4004001000039
0000001f01233e1803853c8c004001400039
ffff001f0122b0fc04000130004001800039
ffff002001202000047c01f8004001c00039
fffe0021011b000004faea80004002000039
fffd0024011309a8057f3bd8004002400039
fffc0027010735a4060d7ab8002902800039
0004002600fd610f00eae6b2004000000039
00030022010c6d76018184de004000400039
000200200116b526020ae3bc004000800039
0001001f011d67ae028c7aec004000c00039
0000001f012174ca0309f7e4004001000039
0000001f01233e1803853c8c004001400039
ffff001f0122b0fc04000130004001800039
ffff002001202000047c01f8004001c00039
fffe0021011b000004faea80004002000039
fffd0024011309a8057f3bd8004002400039
fffc0027010735a4060d7ab8002902800039
0004002600ffc05a00eae6b200400000003a
00030022010e8d760181776600400040003a
000200200118ba92020ac3bc00400080003a
0001001f011f7852028c7aec004000c0003a
0000001f012374ca0309f7e400400100003a
0000001f0125200003853c8c00400140003a
ffff001f0124c0000400013000400180003a
ffff0020012223e0047c05d8004001c0003a
fffe0021011d16c404faf3c000400200003a
fffd0023011529a8057f5bd800400240003a
fffc002701095918060d7ab800290280003a
0004002600ffc05a00eae6b200400000003a
00030022010e8d760181776600400040003a
000200200118ba92020ac3bc00400080003a
0001001f011f7852028c7aec004000c0003a
0000001f012374ca0309f7e400400100003a
0000001f0125200003853c8c00400140003a
ffff001f0124c0000400013000400180003a
ffff0020012223e0047c05d8004001c0003a
fffe0021011d16c404faf3c000400200003a
fffd0023011529a8057f5bd800400240003a
fffc002701095918060d7ab800290280003a
0004002600ffc05a00eae6b200400000003a
00030022010e8d760181776600400040003a
000200200118ba92020ac3bc00400080003a
0001001f011f7852028c7aec004000c0003a
0000001f012374ca0309f7e400400100003a
0000001f0125200003853c8c00400140003a
ffff001f0124c0000400013000400180003a
ffff0020012223e0047c05d8004001c0003a
fffe0021011d16c404faf3c000400200003a
fffd0023011529a8057f5bd800400240003a
fffc002701095918060d7ab800290280003a
0004002600ffc05a00eae6b200400000003a
00030022010e8d760181776600400040003a
000200200118ba92020ac3bc00400080003a
0001001f011f7852028c7aec004000c0003a
0000001f012374ca0309f7e400400100003a
0000001f0125200003853c8c00400140003a
ffff001f0124c0000400013000400180003a
ffff0020012223e0047c05d8004001c0003a
fffe0021011d16c404faf3c000400200003a
fffd0023011529a8057f5bd800400240003a
fffc002701095918060d7ab800290280003a
0004002600ffc05a00eae6b200400000003a
00030022010e8d760181776600400040003a
000200200118ba92020ac3bc00400080003a
0001001f011f7852028c7aec004000c0003a
0000001f012374ca0309f7e400400100003a
0000001f0125200003853c8c00400140003a
ffff001f0124c0000400013000400180003a
ffff0020012223e0047c05d8004001c0003a
fffe0021011d16c404faf3c000400200003a
fffd0023011529a8057f5bd800400240003a
fffc002701095918060d7ab800290280003a
0004002600ffc05a00eae6b200400000003a
00030022010e8d760181776600400040003a
000200200118ba92020ac3bc00400080003a
0001001f011f7852028c7aec004000c0003a
0000001f012374ca0309f7e400400100003a
0000001f0125200003853c8c00400140003a
ffff001f0124c0000400013000400180003a
ffff0020012223e0047c05d8004001c0003a
fffe0021011d16c404faf3c000400200003a
fffd0023011529a8057f5bd800400240003a
fffc002701095918060d7ab800290280003a
000400260102005a00eac70c00400000003b
000300220110cd76018164de00400040003b
00020020011ac000020ac3bc00400080003b
0001001f012167ae028c7340004000c0003b
0000001f012560000309e31800400100003b
0000001f0127200003853c8c00400140003b
ffff001f0126c0000400013000400180003b
ffff002001242000047c05d8004001c0003b
fffe0021011f200004faf3c000400200003b
fffd002301173350057f5bd800400240003b
fffc0027010b7c8c060d7e2800290280003b
000400260102005a00eac70c00400000003b
000300220110cd76018164de00400040003b
00020020011ac000020ac3bc00400080003b
0001001f012167ae028c7340004000c0003b
0000001f012560000309e31800400100003b
0000001f0127200003853c8c00400140003b
ffff001f0126c0000400013000400180003b
ffff002001242000047c05d8004001c0003b
fffe0021011f200004faf3c000400200003b
fffd002301173350057f5bd800400240003b
fffc0027010b7c8c060d7e2800290280003b
000400260102005a00eac70c00400000003b
000300220110cd76018164de00400040003b
00020020011ac000020ac3bc00400080003b
0001001f012167ae028c7340004000c0003b
0000001f012560000309e31800400100003b
0000001f0127200003853c8c00400140003b
ffff001f0126c0000400013000400180003b
ffff002001242000047c05d8004001c0003b
fffe0021011f200004faf3c000400200003b
fffd002301173350057f5bd800400240003b
fffc0027010b7c8c060d7e2800290280003b
000400260102005a00eac70c00400000003b
000300220110cd76018164de00400040003b
00020020011ac000020ac3bc00400080003b
0001001f012167ae028c7340004000c0003b
0000001f012560000309e31800400100003b
0000001f0127200003853c8c00400140003b
ffff001f0126c0000400013000400180003b
ffff002001242000047c05d8004001c0003b
fffe0021011f200004faf3c000400200003b
fffd002301173350057f5bd800400240003b
fffc0027010b7c8c060d7e2800290280003b
000400260102005a00eac70c00400000003b
000300220110cd76018164de00400040003b
00020020011ac000020ac3bc00400080003b
0001001f012167ae028c7340004000c0003b
0000001f012560000309e31800400100003b
0000001f0127200003853c8c00400140003b
ffff001f0126c0000400013000400180003b
ffff002001242000047c05d8004001c0003b
fffe0021011f200004faf3c000400200003b
fffd002301173350057f5bd800400240003b
fffc0027010b7c8c060d7e2800290280003b
000400260102005a00eac70c00400000003b
000300220110cd76018164de00400040003b
00020020011ac000020ac3bc00400080003b
0001001f012167ae028c7340004000c0003b
0000001f012560000309e31800400100003b
0000001f0127200003853c8c00400140003b
ffff001f0126c0000400013000400180003b
ffff002001242000047c05d8004001c0003b
fffe0021011f200004faf3c000400200003b
fffd002301173350057f5bd800400240003b
fffc0027010b7c8c060d7e2800290280003b
00040026010440b400eac6b200400000003c
000200220112faec018164de00400040003c
00020020011cda92020ac3bc00400080003c
0001001f01238000028c7340004000c0003c
0000001f012760000309e31800400100003c
0000001f0129200003853c8c00400140003c
ffff001f0128a0000400013000400180003c
ffff002001262000047c21f8004001c0003c
fffe0021012136c404fb0a8000400200003c
fffd002401196000057f5bd800400240003c
fffc0027010dbc8c060d7e2800290280003c
00040026010440b400eac6b200400000003c
000200220112faec018164de00400040003c
00020020011cda92020ac3bc00400080003c
0001001f01238000028c7340004000c0003c
0000001f012760000309e31800400100003c
0000001f0129200003853c8c00400140003c
ffff001f0128a0000400013000400180003c
ffff002001262000047c21f8004001c0003c
fffe0021012136c404fb0a8000400200003c
fffd002401196000057f5bd800400240003c
fffc0027010dbc8c060d7e2800290280003c
00040026010440b400eac6b200400000003c
000200220112faec018164de00400040003c
00020020011cda92020ac3bc00400080003c
0001001f01238000028c7340004000c0003c
0000001f012760000309e31800400100003c
0000001f0129200003853c8c00400140003c
ffff001f0128a0000400013000400180003c
ffff002001262000047c21f8004001c0003c
fffe0021012136c404fb0a8000400200003c
fffd002401196000057f5bd800400240003c
fffc0027010dbc8c060d7e2800290280003c
00040026010440b400eac6b200400000003c
000200220112faec018164de00400040003c
00020020011cda92020ac3bc00400080003c
0001001f01238000028c7340004000c0003c
0000001f012760000309e31800400100003c
0000001f0129200003853c8c00400140003c
ffff001f0128a0000400013000400180003c
ffff002001262000047c21f8004001c0003c
fffe0021012136c404fb0a8000400200003c
fffd002401196000057f5bd800400240003c
fffc0027010dbc8c060d7e2800290280003c
00040026010440b400eac6b200400000003c
000200220112faec018164de00400040003c
00020020011cda92020ac3bc00400080003c
0001001f01238000028c7340004000c0003c
0000001f012760000309e31800400100003c
0000001f0129200003853c8c00400140003c
ffff001f0128a0000400013000400180003c
ffff002001262000047c21f8004001c0003c
fffe0021012136c404fb0a8000400200003c
fffd002401196000057f5bd800400240003c
fffc0027010dbc8c060d7e2800290280003c
00040026010440b400eac6b200400000003c
000200220112faec018164de00400040003c
00020020011cda92020ac3bc00400080003c
0001001f01238000028c7340004000c0003c
0000001f012760000309e31800400100003c
0000001f0129200003853c8c00400140003c
ffff001f0128a0000400013000400180003c
ffff002001262000047c21f8004001c0003c
fffe0021012136c404fb0a8000400200003c
fffd002401196000057f5bd800400240003c
fffc0027010dbc8c060d7e2800290280003c
00040026010680b400eaa70c00400000003d
00020022011520000181576600400040003d
00020020011efa92020aa3bc00400080003d
0001001f01258000028c5aec004000c0003d
0000001f012960000309d7e400400100003d
0000001f012b200003853c8c00400140003d
ffff001f012aa0000400123000400180003d
ffff0020012823e0047c21f8004001c0003d
fffe00210123400004fb0a8000400200003d
fffd0023011b7350057f7bd800400240003d
fffc0027010ff918060d9ab800290280003d
00040026010680b400eaa70c00400000003d
00020022011520000181576600400040003d
00020020011efa92020aa3bc00400080003d
0001001f01258000028c5aec004000c0003d
0000001f012960000309d7e400400100003d
0000001f012b200003853c8c00400140003d
ffff001f012aa0000400123000400180003d
ffff0020012823e0047c21f8004001c0003d
fffe00210123400004fb0a8000400200003d
fffd0023011b7350057f7bd800400240003d
fffc0027010ff918060d9ab800290280003d
00040026010680b400eaa70c00400000003d
00020022011520000181576600400040003d
00020020011efa92020aa3bc00400080003d
0001001f01258000028c5aec004000c0003d
0000001f012960000309d7e400400100003d
0000001f012b200003853c8c00400140003d
ffff001f012aa0000400123000400180003d
ffff0020012823e0047c21f8004001c0003d
fffe00210123400004fb0a8000400200003d
fffd0023011b7350057f7bd800400240003d
fffc0027010ff918060d9ab800290280003d
00040026010680b400eaa70c00400000003d
00020022011520000181576600400040003d
00020020011efa92020aa3bc00400080003d
0001001f01258000028c5aec004000c0003d
0000001f012960000309d7e400400100003d
0000001f012b200003853c8c00400140003d
ffff001f012aa0000400123000400180003d
ffff0020012823e0047c21f8004001c0003d
fffe00210123400004fb0a8000400200003d
fffd0023011b7350057f7bd800400240003d
fffc0027010ff918060d9ab800290280003d
00040026010680b400eaa70c00400000003d
00020022011520000181576600400040003d
00020020011efa92020aa3bc00400080003d
0001001f01258000028c5aec004000c0003d
0000001f012960000309d7e400400100003d
0000001f012b200003853c8c00400140003d
ffff001f012aa0000400123000400180003d
ffff0020012823e0047c21f8004001c0003d
fffe00210123400004fb0a8000400200003d
fffd0023011b7350057f7bd800400240003d
fffc0027010ff918060d9ab800290280003d
00040026010680b400eaa70c00400000003d
00020022011520000181576600400040003d
00020020011efa92020aa3bc00400080003d
0001001f01258000028c5aec004000c0003d
0000001f012960000309d7e400400100003d
0000001f012b200003853c8c00400140003d
ffff001f012aa0000400123000400180003d
ffff0020012823e0047c21f8004001c0003d
fffe00210123400004fb0a8000400200003d
fffd0023011b7350057f7bd800400240003d
fffc0027010ff918060d9ab800290280003d
000400260108c10e00eaa70c00400000003e
0002002201172d76018144de00400040003e
0002002001211a92020aa3bc00400080003e
0001001f01278000028c5aec004000c0003e
0000001f012b60000309d7e400400100003e
0000001f012d200003853c8c00400140003e
ffff001f012ca0000400123000400180003e
ffff0020012a2000047c21f8004001c0003e
fffe0021012556c404fb2a8000400200003e
fffd0024011d89a8057f7bd800400240003e
fffc002701121c8c060d9e2800290280003e
000400260108c10e00eaa70c00400000003e
0002002201172d76018144de00400040003e
0002002001211a92020aa3bc00400080003e
0001001f01278000028c5aec004000c0003e
0000001f012b60000309d7e400400100003e
0000001f012d200003853c8c00400140003e
ffff001f012ca0000400123000400180003e
ffff0020012a2000047c21f8004001c0003e
fffe0021012556c404fb2a8000400200003e
fffd0024011d89a8057f7bd800400240003e
fffc002701121c8c060d9e2800290280003e
000400260108c10e00eaa70c00400000003e
0002002201172d76018144de00400040003e
0002002001211a92020aa3bc00400080003e
0001001f01278000028c5aec004000c0003e
0000001f012b60000309d7e400400100003e
0000001f012d200003853c8c00400140003e
ffff001f012ca0000400123000400180003e
ffff0020012a2000047c21f8004001c0003e
fffe0021012556c404fb2a8000400200003e
fffd0024011d89a8057f7bd800400240003e
fffc002701121c8c060d9e2800290280003e
000400260108c10e00eaa70c00400000003e
0002002201172d76018144de00400040003e
0002002001211a92020aa3bc00400080003e
0001001f01278000028c5aec004000c0003e
0000001f012b60000309d7e400400100003e
0000001f012d200003853c8c00400140003e
ffff001f012ca0000400123000400180003e
ffff0020012a2000047c21f8004001c0003e
fffe0021012556c404fb2a8000400200003e
fffd0024011d89a8057f7bd800400240003e
fffc002701121c8c060d9e2800290280003e
000400260108c10e00eaa70c00400000003e
0002002201172d76018144de00400040003e
0002002001211a92020aa3bc00400080003e
0001001f01278000028c5aec004000c0003e
0000001f012b60000309d7e400400100003e
0000001f012d200003853c8c00400140003e
ffff001f012ca0000400123000400180003e
ffff0020012a2000047c21f8004001c0003e
fffe0021012556c404fb2a8000400200003e
fffd0024011d89a8057f7bd800400240003e
fffc002701121c8c060d9e2800290280003e
000400260108c10e00eaa70c00400000003e
0002002201172d76018144de00400040003e
0002002001211a92020aa3bc00400080003e
0001001f01278000028c5aec004000c0003e
0000001f012b60000309d7e400400100003e
0000001f012d200003853c8c00400140003e
ffff001f012ca0000400123000400180003e
ffff0020012a2000047c21f8004001c0003e
fffe0021012556c404fb2a8000400200003e
fffd0024011d89a8057f7bd800400240003e
fffc002701121c8c060d9e2800290280003e
00040026010b00b400eaa6b200400000003f
0002002201195aec018144de00400040003f
0002002001231a92020aa3bc00400080003f
0001001f012987ae028c5340004000c0003f
0000001f012d60000309d7e400400100003f
0000001f012f000003853c8c00400140003f
ffff001f012ea0000400213000400180003f
ffff0020012c23e0047c25d8004001c0003f
fffe0021012756c404fb2a8000400200003f
fffd0024011fa9a8057f7bd800400240003f
fffc002701143c8c060dbab800290280003f
00040026010b00b400eaa6b200400000003f
0002002201195aec018144de00400040003f
0002002001231a92020aa3bc00400080003f
0001001f012987ae028c5340004000c0003f
0000001f012d60000309d7e400400100003f
0000001f012f000003853c8c00400140003f
ffff001f012ea0000400213000400180003f
ffff0020012c23e0047c25d8004001c0003f
fffe0021012756c404fb2a8000400200003f
fffd0024011fa9a8057f7bd800400240003f
fffc002701143c8c060dbab800290280003f
00040026010b00b400eaa6b200400000003f
0002002201195aec018144de00400040003f
0002002001231a92020aa3bc00400080003f
0001001f012987ae028c5340004000c0003f
0000001f012d60000309d7e400400100003f
0000001f012f000003853c8c00400140003f
ffff001f012ea0000400213000400180003f
ffff0020012c23e0047c25d8004001c0003f
fffe0021012756c404fb2a8000400200003f
fffd0024011fa9a8057f7bd800400240003f
fffc002701143c8c060dbab800290280003f
00040026010b00b400eaa6b200400000003f
0002002201195aec018144de00400040003f
0002002001231a92020aa3bc00400080003f
0001001f012987ae028c5340004000c0003f
0000001f012d60000309d7e400400100003f
0000001f012f000003853c8c00400140003f
ffff001f012ea0000400213000400180003f
ffff0020012c23e0047c25d8004001c0003f
fffe0021012756c404fb2a8000400200003f
fffd0024011fa9a8057f7bd800400240003f
fffc002701143c8c060dbab800290280003f
00040026010b00b400eaa6b200400000003f
0002002201195aec018144de00400040003f
0002002001231a92020aa3bc00400080003f
0001001f012987ae028c5340004000c0003f
0000001f012d60000309d7e400400100003f
0000001f012f000003853c8c00400140003f
ffff001f012ea0000400213000400180003f
ffff0020012c23e0047c25d8004001c0003f
fffe0021012756c404fb2a8000400200003f
fffd0024011fa9a8057f7bd800400240003f
fffc002701143c8c060dbab800290280003f
00040026010b00b400eaa6b200400000003f
0002002201195aec018144de00400040003f
0002002001231a92020aa3bc00400080003f
0001001f012987ae028c5340004000c0003f
0000001f012d60000309d7e400400100003f
0000001f012f000003853c8c00400140003f
ffff001f012ea0000400213000400180003f
ffff0020012c23e0047c25d8004001c0003f
fffe0021012756c404fb2a8000400200003f
fffd0024011fa9a8057f7bd800400240003f
fffc002701143c8c060dbab800290280003f
00040026010d410e00ea870c004000000040
00020022011b7aec018124de004000400040
0002002001252000020a83bc004000800040
0001001f012b9852028c5340004000c00040
0000001f012f54ca0309d7e4004001000040
0000001f0131000003853c8c004001400040
ffff001f0130a00004002130004001800040
ffff0020012e03e0047c25d8004001c00040
fffe00210129400004fb2a80004002000040
fffd00230121c9a8057f9bd8004002400040
fffc002701169918060dbab8002902800040
00040026010d410e00ea870c004000000040
00020022011b7aec018124de004000400040
0002002001252000020a83bc004000800040
0001001f012b9852028c5340004000c00040
0000001f012f54ca0309d7e4004001000040
0000001f0131000003853c8c004001400040
ffff001f0130a00004002130004001800040
ffff0020012e03e0047c25d8004001c00040
fffe00210129400004fb2a80004002000040
fffd00230121c9a8057f9bd8004002400040
fffc002701169918060dbab8002902800040
00040026010d410e00ea870c004000000040
00020022011b7aec018124de004000400040
0002002001252000020a83bc004000800040
0001001f012b9852028c5340004000c00040
0000001f012f54ca0309d7e4004001000040
0000001f0131000003853c8c004001400040
ffff001f0130a00004002130004001800040
ffff0020012e03e0047c25d8004001c00040
fffe00210129400004fb2a80004002000040
fffd00230121c9a8057f9bd8004002400040
fffc002701169918060dbab8002902800040
00040026010d410e00ea870c004000000040
00020022011b7aec018124de004000400040
0002002001252000020a83bc004000800040
0001001f012b9852028c5340004000c00040
0000001f012f54ca0309d7e4004001000040
0000001f0131000003853c8c004001400040
ffff001f0130a00004002130004001800040
ffff0020012e03e0047c25d8004001c00040
fffe00210129400004fb2a80004002000040
fffd00230121c9a8057f9bd8004002400040
fffc002701169918060dbab8002902800040
00040026010d410e00ea870c004000000040
00020022011b7aec018124de004000400040
0002002001252000020a83bc004000800040
0001001f012b9852028c5340004000c00040
0000001f012f54ca0309d7e4004001000040
0000001f0131000003853c8c004001400040
ffff001f0130a00004002130004001800040
ffff0020012e03e0047c25d8004001c00040
fffe00210129400004fb2a80004002000040
fffd00230121c9a8057f9bd8004002400040
fffc002701169918060dbab8002902800040
00040026010d410e00ea870c004000000040
00020022011b7aec018124de004000400040
0002002001252000020a83bc004000800040
0001001f012b9852028c5340004000c00040
0000001f012f54ca0309d7e4004001000040
0000001f0131000003853c8c004001400040
ffff001f0130a00004002130004001800040
ffff0020012e03e0047c25d8004001c00040
fffe00210129400004fb2a80004002000040
fffd00230121c9a8057f9bd8004002400040
fffc002701169918060dbab8002902800040
00040026010fa0b400ea870c004000000041
00020022011dad76018124de004000400041
0002002001273a92020a83bc004000800041
0001001f012d87ae028c3aec004000c00041
0000001f013160000309c318004001000041
0000001f0133000003853c8c004001400041
ffff001f0132800004002130004001800041
ffff002001302000047c41f8004001c00041
fffe0021012b56c404fb33c0004002000041
fffd00240123d350057f9bd8004002400041
fffc00270118b918060dbe28002902800041
00040026010fa0b400ea870c004000000041
00020022011dad76018124de004000400041
0002002001273a92020a83bc004000800041
0001001f012d87ae028c3aec004000c00041
0000001f013160000309c318004001000041
0000001f0133000003853c8c004001400041
ffff001f0132800004002130004001800041
ffff002001302000047c41f8004001c00041
fffe0021012b56c404fb33c0004002000041
fffd00240123d350057f9bd8004002400041
fffc00270118b918060dbe28002902800041
00040026010fa0b400ea870c004000000041
00020022011dad76018124de004000400041
0002002001273a92020a83bc004000800041
0001001f012d87ae028c3aec004000c00041
0000001f013160000309c318004001000041
0000001f0133000003853c8c004001400041
ffff001f0132800004002130004001800041
ffff002001302000047c41f8004001c00041
fffe0021012b56c404fb33c0004002000041
fffd00240123d350057f9bd8004002400041
fffc00270118b918060dbe28002902800041
00040026010fa0b400ea870c004000000041
00020022011dad76018124de004000400041
0002002001273a92020a83bc004000800041
0001001f012d87ae028c3aec004000c00041
0000001f013160000309c318004001000041
0000001f0133000003853c8c004001400041
ffff001f0132800004002130004001800041
ffff002001302000047c41f8004001c00041
fffe0021012b56c404fb33c0004002000041
fffd00240123d350057f9bd8004002400041
fffc00270118b918060dbe28002902800041
00040026010fa0b400ea870c004000000041
00020022011dad76018124de004000400041
0002002001273a92020a83bc004000800041
0001001f012d87ae028c3aec004000c00041
0000001f013160000309c318004001000041
0000001f0133000003853c8c004001400041
ffff001f0132800004002130004001800041
ffff002001302000047c41f8004001c00041
fffe0021012b56c404fb33c0004002000041
fffd00240123d350057f9bd8004002400041
fffc00270118b918060dbe28002902800041
00040026010fa0b400ea870c004000000041
00020022011dad76018124de004000400041
0002002001273a92020a83bc004000800041
0001001f012d87ae028c3aec004000c00041
0000001f013160000309c318004001000041
0000001f0133000003853c8c004001400041
ffff001f0132800004002130004001800041
ffff002001302000047c41f8004001c00041
fffe0021012b56c404fb33c0004002000041
fffd00240123d350057f9bd8004002400041
fffc00270118b918060dbe28002902800041
000300260112005a00ea86b2004000000042
00020022011fcd76018124de004000400042
0002002001294000020a7e50004000800042
0001001f012fa000028c3aec004000c00042
0000001f01334b360309c318004001000042
0000001f0134e1e803853c8c004001400042
ffff001f0134800004002130004001800042
ffff002001322000047c41f8004001c00042
fffe0021012d56c404fb4a80004002000042
fffd0023012609a8057fbbd8004002400042
fffc0027011af918060ddab8002902800042
000300260112005a00ea86b2004000000042
00020022011fcd76018124de004000400042
0002002001294000020a7e50004000800042
0001001f012fa000028c3aec004000c00042
0000001f01334b360309c318004001000042
0000001f0134e1e803853c8c004001400042
ffff001f0134800004002130004001800042
ffff002001322000047c41f8004001c00042
fffe0021012d56c404fb4a80004002000042
fffd0023012609a8057fbbd8004002400042
fffc0027011af918060ddab8002902800042
000300260112005a00ea86b2004000000042
00020022011fcd76018124de004000400042
0002002001294000020a7e50004000800042
0001001f012fa000028c3aec004000c00042
0000001f01334b360309c318004001000042
0000001f0134e1e803853c8c004001400042
ffff001f0134800004002130004001800042
ffff002001322000047c41f8004001c00042
fffe0021012d56c404fb4a80004002000042
fffd0023012609a8057fbbd8004002400042
fffc0027011af918060ddab8002902800042
000300260112005a00ea86b2004000000042
00020022011fcd76018124de004000400042
0002002001294000020a7e50004000800042
0001001f012fa000028c3aec004000c00042
0000001f01334b360309c318004001000042
0000001f0134e1e803853c8c004001400042
ffff001f0134800004002130004001800042
ffff002001322000047c41f8004001c00042
fffe0021012d56c404fb4a80004002000042
fffd0023012609a8057fbbd8004002400042
fffc0027011af918060ddab8002902800042
000300260112005a00ea86b2004000000042
00020022011fcd76018124de004000400042
0002002001294000020a7e50004000800042
0001001f012fa000028c3aec004000c00042
0000001f01334b360309c318004001000042
0000001f0134e1e803853c8c004001400042
ffff001f0134800004002130004001800042
ffff002001322000047c41f8004001c00042
fffe0021012d56c404fb4a80004002000042
fffd0023012609a8057fbbd8004002400042
fffc0027011af918060ddab8002902800042
000300260112005a00ea86b2004000000042
00020022011fcd76018124de004000400042
0002002001294000020a7e50004000800042
0001001f012fa000028c3aec004000c00042
0000001f01334b360309c318004001000042
0000001f0134e1e803853c8c004001400042
ffff001f0134800004002130004001800042
ffff002001322000047c41f8004001c00042
fffe0021012d56c404fb4a80004002000042
fffd0023012609a8057fbbd8004002400042
fffc0027011af918060ddab8002902800042
000300260114405a00ea86b2004000000043
000200220121faec01811766004000400043
00020020012b5a92020a63bc004000800043
0001001f0131a000028c3340004000c00043
0000001f013554ca0309b7e4004001000043
0000001f0137000003853c8c004001400043
ffff001f013690fc04002130004001800043
ffff002001342000047c41f8004001c00043
fffe0021012f76c404fb4a80004002000043
fffd002301282000057fbbd8004002400043
fffc0027011d1918060ddab8002902800043
000300260114405a00ea86b2004000000043
000200220121faec01811766004000400043
00020020012b5a92020a63bc004000800043
0001001f0131a000028c3340004000c00043
0000001f013554ca0309b7e4004001000043
0000001f0137000003853c8c004001400043
ffff001f013690fc04002130004001800043
ffff002001342000047c41f8004001c00043
fffe0021012f76c404fb4a80004002000043
fffd002301282000057fbbd8004002400043
fffc0027011d1918060ddab8002902800043
000300260114405a00ea86b2004000000043
000200220121faec01811766004000400043
00020020012b5a92020a63bc004000800043
0001001f0131a000028c3340004000c00043
0000001f013554ca0309b7e4004001000043
0000001f0137000003853c8c004001400043
ffff001f013690fc04002130004001800043
ffff002001342000047c41f8004001c00043
fffe0021012f76c404fb4a80004002000043
fffd002301282000057fbbd8004002400043
fffc0027011d1918060ddab8002902800043
000300260114405a00ea86b2004000000043
000200220121faec01811766004000400043
00020020012b5a92020a63bc004000800043
0001001f0131a000028c3340004000c00043
0000001f013554ca0309b7e4004001000043
0000001f0137000003853c8c004001400043
ffff001f013690fc04002130004001800043
ffff002001342000047c41f8004001c00043
fffe0021012f76c404fb4a80004002000043
fffd002301282000057fbbd8004002400043
fffc0027011d1918060ddab8002902800043
000300260114405a00ea86b2004000000043
000200220121faec01811766004000400043
00020020012b5a92020a63bc004000800043
0001001f0131a000028c3340004000c00043
0000001f013554ca0309b7e4004001000043
0000001f0137000003853c8c004001400043
ffff001f013690fc04002130004001800043
ffff002001342000047c41f8004001c00043
fffe0021012f76c404fb4a80004002000043
fffd002301282000057fbbd8004002400043
fffc0027011d1918060ddab8002902800043
000300260114405a00ea86b2004000000043
000200220121faec01811766004000400043
00020020012b5a92020a63bc004000800043
0001001f0131a000028c3340004000c00043
0000001f013554ca0309b7e4004001000043
0000001f0137000003853c8c004001400043
ffff001f013690fc04002130004001800043
ffff002001342000047c41f8004001c00043
fffe0021012f76c404fb4a80004002000043
fffd002301282000057fbbd8004002400043
fffc0027011d1918060ddab8002902800043
00030026011660b400ea670c004000000044
0002002201241aec018104de004000400044
00020020012d6000020a63bc004000800044
0001001f0133a000028c3340004000c00044
0000001f013754ca0309b7e4004001000044
0000001f0138fe1803853aa4004001400044
ffff001f013870fc04002130004001800044
ffff0020013623e0047c41f8004001c00044
fffe0021013176c404fb4a80004002000044
fffd0024012a3350057fbbd8004002400044
fffc0027011f5c8c060dde28002902800044
00030026011660b400ea670c004000000044
0002002201241aec018104de004000400044
00020020012d6000020a63bc004000800044
0001001f0133a000028c3340004000c00044
0000001f013754ca0309b7e4004001000044
0000001f0138fe1803853aa4004001400044
ffff001f013870fc04002130004001800044
ffff0020013623e0047c41f8004001c00044
fffe0021013176c404fb4a80004002000044
fffd0024012a3350057fbbd8004002400044
fffc0027011f5c8c060dde28002902800044
00030026011660b400ea670c004000000044
0002002201241aec018104de004000400044
00020020012d6000020a63bc004000800044
0001001f0133a000028c3340004000c00044
0000001f013754ca0309b7e4004001000044
0000001f0138fe1803853aa4004001400044
ffff001f013870fc04002130004001800044
ffff0020013623e0047c41f8004001c00044
fffe0021013176c404fb4a80004002000044
fffd0024012a3350057fbbd8004002400044
fffc0027011f5c8c060dde28002902800044
00030026011660b400ea670c004000000044
0002002201241aec018104de004000400044
00020020012d6000020a63bc004000800044
0001001f0133a000028c3340004000c00044
0000001f013754ca0309b7e4004001000044
0000001f0138fe1803853aa4004001400044
ffff001f013870fc04002130004001800044
ffff0020013623e0047c41f8004001c00044
fffe0021013176c404fb4a80004002000044
fffd0024012a3350057fbbd8004002400044
fffc0027011f5c8c060dde28002902800044
00030026011660b400ea670c004000000044
0002002201241aec018104de004000400044
00020020012d6000020a63bc004000800044
0001001f0133a000028c3340004000c00044
0000001f013754ca0309b7e4004001000044
0000001f0138fe1803853aa4004001400044
ffff001f013870fc04002130004001800044
ffff0020013623e0047c41f8004001c00044
fffe0021013176c404fb4a80004002000044
fffd0024012a3350057fbbd8004002400044
fffc0027011f5c8c060dde28002902800044
00030026011660b400ea670c004000000044
0002002201241aec018104de004000400044
00020020012d6000020a63bc004000800044
0001001f0133a000028c3340004000c00044
0000001f013754ca0309b7e4004001000044
0000001f0138fe1803853aa4004001400044
ffff001f013870fc04002130004001800044
ffff0020013623e0047c41f8004001c00044
fffe0021013176c404fb4a80004002000044
fffd0024012a3350057fbbd8004002400044
fffc0027011f5c8c060dde28002902800044
000300260118a10e00ea66b2004000000045
000200220126528a0180f766004000400045
00020020012f9526020a63bc004000800045
0001001f0135a7ae028c1aec004000c00045
0000001f013940000309b7e4004001000045
0000001f013ae00003853aa4004001400045
ffff001f013a800004002130004001800045
ffff0020013803e0047c45d8004001c00045
fffe0021013396c404fb53c0004002000045
fffd0024012c49a8057fbbd8004002400045
fffc002701217918060dfab8002902800045
000300260118a10e00ea66b2004000000045
000200220126528a0180f766004000400045
00020020012f9526020a63bc004000800045
0001001f0135a7ae028c1aec004000c00045
0000001f013940000309b7e4004001000045
0000001f013ae00003853aa4004001400045
ffff001f013a800004002130004001800045
ffff0020013803e0047c45d8004001c00045
fffe0021013396c404fb53c0004002000045
fffd0024012c49a8057fbbd8004002400045
fffc002701217918060dfab8002902800045
000300260118a10e00ea66b2004000000045
000200220126528a0180f766004000400045
00020020012f9526020a63bc004000800045
0001001f0135a7ae028c1aec004000c00045
0000001f013940000309b7e4004001000045
0000001f013ae00003853aa4004001400045
ffff001f013a800004002130004001800045
ffff0020013803e0047c45d8004001c00045
fffe0021013396c404fb53c0004002000045
fffd0024012c49a8057fbbd8004002400045
fffc002701217918060dfab8002902800045
000300260118a10e00ea66b2004000000045
000200220126528a0180f766004000400045
00020020012f9526020a63bc004000800045
0001001f0135a7ae028c1aec004000c00045
0000001f013940000309b7e4004001000045
0000001f013ae00003853aa4004001400045
ffff001f013a800004002130004001800045
ffff0020013803e0047c45d8004001c00045
fffe0021013396c404fb53c0004002000045
fffd0024012c49a8057fbbd8004002400045
fffc002701217918060dfab8002902800045
000300260118a10e00ea66b2004000000045
000200220126528a0180f766004000400045
00020020012f9526020a63bc004000800045
0001001f0135a7ae028c1aec004000c00045
0000001f013940000309b7e4004001000045
0000001f013ae00003853aa4004001400045
ffff001f013a800004002130004001800045
ffff0020013803e0047c45d8004001c00045
fffe0021013396c404fb53c0004002000045
fffd0024012c49a8057fbbd8004002400045
fffc002701217918060dfab8002902800045
000300260118a10e00ea66b2004000000045
000200220126528a0180f766004000400045
00020020012f9526020a63bc004000800045
0001001f0135a7ae028c1aec004000c00045
0000001f013940000309b7e4004001000045
0000001f013ae00003853aa4004001400045
ffff001f013a800004002130004001800045
ffff0020013803e0047c45d8004001c00045
fffe0021013396c404fb53c0004002000045
fffd0024012c49a8057fbbd8004002400045
fffc002701217918060dfab8002902800045
00030026011b00b400ea66b2004000000046
0002002201286d760180e4de004000400046
0002002001319a92020a43bc004000800046
0001001f0137b852028c1aec004000c00046
0000001f013b54ca0309b7e4004001000046
0000001f013ce00003853aa4004001400046
ffff001f013c800004002130004001800046
ffff0020013a2000047c45d8004001c00046
fffe0021013596c404fb6a80004002000046
fffd0023012e69a8057fdbd8004002400046
fffc00270123b918060dfab8002902800046
00030026011b00b400ea66b2004000000046
0002002201286d760180e4de004000400046
0002002001319a92020a43bc004000800046
0001001f0137b852028c1aec004000c00046
0000001f013b54ca0309b7e4004001000046
0000001f013ce00003853aa4004001400046
ffff001f013c800004002130004001800046
ffff0020013a2000047c45d8004001c00046
fffe0021013596c404fb6a80004002000046
fffd0023012e69a8057fdbd8004002400046
fffc00270123b918060dfab8002902800046
00030026011b00b400ea66b2004000000046
0002002201286d760180e4de004000400046
0002002001319a92020a43bc004000800046
0001001f0137b852028c1aec004000c00046
0000001f013b54ca0309b7e4004001000046
0000001f013ce00003853aa4004001400046
ffff001f013c800004002130004001800046
ffff0020013a2000047c45d8004001c00046
fffe0021013596c404fb6a80004002000046
fffd0023012e69a8057fdbd8004002400046
fffc00270123b918060dfab8002902800046
00030026011b00b400ea66b2004000000046
0002002201286d760180e4de004000400046
0002002001319a92020a43bc004000800046
0001001f0137b852028c1aec004000c00046
0000001f013b54ca0309b7e4004001000046
0000001f013ce00003853aa4004001400046
ffff001f013c800004002130004001800046
ffff0020013a2000047c45d8004001c00046
fffe0021013596c404fb6a80004002000046
fffd0023012e69a8057fdbd8004002400046
fffc00270123b918060dfab8002902800046
00030026011b00b400ea66b2004000000046
0002002201286d760180e4de004000400046
0002002001319a92020a43bc004000800046
0001001f0137b852028c1aec004000c00046
0000001f013b54ca0309b7e4004001000046
0000001f013ce00003853aa4004001400046
ffff001f013c800004002130004001800046
ffff0020013a2000047c45d8004001c00046
fffe0021013596c404fb6a80004002000046
fffd0023012e69a8057fdbd8004002400046
fffc00270123b918060dfab8002902800046
00030026011b00b400ea66b2004000000046
0002002201286d760180e4de004000400046
0002002001319a92020a43bc004000800046
0001001f0137b852028c1aec004000c00046
0000001f013b54ca0309b7e4004001000046
0000001f013ce00003853aa4004001400046
ffff001f013c800004002130004001800046
ffff0020013a2000047c45d8004001c00046
fffe0021013596c404fb6a80004002000046
fffd0023012e69a8057fdbd8004002400046
fffc00270123b918060dfab8002902800046
00030026011d40b400ea470c004000000047
00020022012a9aec0180e4de004000400047
000100200133a000020a43bc004000800047
0001001f0139a7ae028c1340004000c00047
0000001f013d54ca0309b7e4004001000047
0000001f013ede1803851c8c004001400047
ffff001f013e600004002130004001800047
ffff0020013c2000047c61f8004001c00047
fffe0021013796c404fb6a80004002000047
fffd0024013089a8057fdbd8004002400047
fffc00270125dc8c060dfe28002902800047
00030026011d40b400ea470c004000000047
00020022012a9aec0180e4de004000400047
000100200133a000020a43bc004000800047
0001001f0139a7ae028c1340004000c00047
0000001f013d54ca0309b7e4004001000047
0000001f013ede1803851c8c004001400047
ffff001f013e600004002130004001800047
ffff0020013c2000047c61f8004001c00047
fffe0021013796c404fb6a80004002000047
fffd0024013089a8057fdbd8004002400047
fffc00270125dc8c060dfe28002902800047
00030026011d40b400ea470c004000000047
00020022012a9aec0180e4de004000400047
000100200133a000020a43bc004000800047
0001001f0139a7ae028c1340004000c00047
0000001f013d54ca0309b7e4004001000047
0000001f013ede1803851c8c004001400047
ffff001f013e600004002130004001800047
ffff0020013c2000047c61f8004001c00047
fffe0021013796c404fb6a80004002000047
fffd0024013089a8057fdbd8004002400047
fffc00270125dc8c060dfe28002902800047
00030026011d40b400ea470c004000000047
00020022012a9aec0180e4de004000400047
000100200133a000020a43bc004000800047
0001001f0139a7ae028c1340004000c00047
0000001f013d54ca0309b7e4004001000047
0000001f013ede1803851c8c004001400047
ffff001f013e600004002130004001800047
ffff0020013c2000047c61f8004001c00047
fffe0021013796c404fb6a80004002000047
fffd0024013089a8057fdbd8004002400047
fffc00270125dc8c060dfe28002902800047
00030026011d40b400ea470c004000000047
00020022012a9aec0180e4de004000400047
000100200133a000020a43bc004000800047
0001001f0139a7ae028c1340004000c00047
0000001f013d54ca0309b7e4004001000047
0000001f013ede1803851c8c004001400047
ffff001f013e600004002130004001800047
ffff0020013c2000047c61f8004001c00047
fffe0021013796c404fb6a80004002000047
fffd0024013089a8057fdbd8004002400047
fffc00270125dc8c060dfe28002902800047
00030026011d40b400ea470c004000000047
00020022012a9aec0180e4de004000400047
000100200133a000020a43bc004000800047
0001001f0139a7ae028c1340004000c00047
0000001f013d54ca0309b7e4004001000047
0000001f013ede1803851c8c004001400047
ffff001f013e600004002130004001800047
ffff0020013c2000047c61f8004001c00047
fffe0021013796c404fb6a80004002000047
fffd0024013089a8057fdbd8004002400047
fffc00270125dc8c060dfe28002902800047
00030026011f80b400ea470c004000000048
00020022012ccd760180d766004000400048
000200200135ba92020a43bc004000800048
0001001f013bc000028c1340004000c00048
0000001f013f40000309a318004001000048
0000001f0140c00003851c8c004001400048
ffff001f0140600004002130004001800048
ffff0020013e2000047c61f8004001c00048
fffe0021013996c404fb6a80004002000048
fffd002401329350057fdbd8004002400048
fffc002701283918060e1ab8002902800048
00030026011f80b400ea470c004000000048
00020022012ccd760180d766004000400048
000200200135ba92020a43bc004000800048
0001001f013bc000028c1340004000c00048
0000001f013f40000309a318004001000048
0000001f0140c00003851c8c004001400048
ffff001f0140600004002130004001800048
ffff0020013e2000047c61f8004001c00048
fffe0021013996c404fb6a80004002000048
fffd002401329350057fdbd8004002400048
fffc002701283918060e1ab8002902800048
00030026011f80b400ea470c004000000048
00020022012ccd760180d766004000400048
000200200135ba92020a43bc004000800048
0001001f013bc000028c1340004000c00048
0000001f013f40000309a318004001000048
0000001f0140c00003851c8c004001400048
ffff001f0140600004002130004001800048
ffff0020013e2000047c61f8004001c00048
fffe0021013996c404fb6a80004002000048
fffd002401329350057fdbd8004002400048
fffc002701283918060e1ab8002902800048
00030026011f80b400ea470c004000000048
00020022012ccd760180d766004000400048
000200200135ba92020a43bc004000800048
0001001f013bc000028c1340004000c00048
0000001f013f40000309a318004001000048
0000001f0140c00003851c8c004001400048
ffff001f0140600004002130004001800048
ffff0020013e2000047c61f8004001c00048
fffe0021013996c404fb6a80004002000048
fffd002401329350057fdbd8004002400048
fffc002701283918060e1ab8002902800048
00030026011f80b400ea470c004000000048
00020022012ccd760180d766004000400048
000200200135ba92020a43bc004000800048
0001001f013bc000028c1340004000c00048
0000001f013f40000309a318004001000048
0000001f0140c00003851c8c004001400048
ffff001f0140600004002130004001800048
ffff0020013e2000047c61f8004001c00048
fffe0021013996c404fb6a80004002000048
fffd002401329350057fdbd8004002400048
fffc002701283918060e1ab8002902800048
00030026011f80b400ea470c004000000048
00020022012ccd760180d766004000400048
000200200135ba92020a43bc004000800048
0001001f013bc000028c1340004000c00048
0000001f013f40000309a318004001000048
0000001f0140c00003851c8c004001400048
ffff001f0140600004002130004001800048
ffff0020013e2000047c61f8004001c00048
fffe0021013996c404fb6a80004002000048
fffd002401329350057fdbd8004002400048
fffc002701283918060e1ab8002902800048
000300260121c0b400ea46b2004000000049
00020022012eed760180c4de004000400049
000100200137da92020a23bc004000800049
0001001f013dc000028c1340004000c00049
0000001f014140000309a318004001000049
0000001f0142e00003851c8c004001400049
ffff001f014270fc04002130004001800049
ffff0020014023e0047c61f8004001c00049
fffe0021013bb6c404fb73c0004002000049
fffd00230134c000057ffbd8004002400049
fffc0027012a5918060e1ab8002902800049
000300260121c0b400ea46b2004000000049
00020022012eed760180c4de004000400049
000100200137da92020a23bc004000800049
0001001f013dc000028c1340004000c00049
0000001f014140000309a318004001000049
0000001f0142e00003851c8c004001400049
ffff001f014270fc04002130004001800049
ffff0020014023e0047c61f8004001c00049
fffe0021013bb6c404fb73c0004002000049
fffd00230134c000057ffbd8004002400049
fffc0027012a5918060e1ab8002902800049
000300260121c0b400ea46b2004000000049
00020022012eed760180c4de004000400049
000100200137da92020a23bc004000800049
0001001f013dc000028c1340004000c00049
0000001f014140000309a318004001000049
0000001f0142e00003851c8c004001400049
ffff001f014270fc04002130004001800049
ffff0020014023e0047c61f8004001c00049
fffe0021013bb6c404fb73c0004002000049
fffd00230134c000057ffbd8004002400049
fffc0027012a5918060e1ab8002902800049
000300260121c0b400ea46b2004000000049
00020022012eed760180c4de004000400049
000100200137da92020a23bc004000800049
0001001f013dc000028c1340004000c00049
0000001f014140000309a318004001000049
0000001f0142e00003851c8c004001400049
ffff001f014270fc04002130004001800049
ffff0020014023e0047c61f8004001c00049
fffe0021013bb6c404fb73c0004002000049
fffd00230134c000057ffbd8004002400049
fffc0027012a5918060e1ab8002902800049
000300260121c0b400ea46b2004000000049
00020022012eed760180c4de004000400049
000100200137da92020a23bc004000800049
0001001f013dc000028c1340004000c00049
0000001f014140000309a318004001000049
0000001f0142e00003851c8c004001400049
ffff001f014270fc04002130004001800049
ffff0020014023e0047c61f8004001c00049
fffe0021013bb6c404fb73c0004002000049
fffd00230134c000057ffbd8004002400049
fffc0027012a5918060e1ab8002902800049
000300260121c0b400ea46b2004000000049
00020022012eed760180c4de004000400049
000100200137da92020a23bc004000800049
0001001f013dc000028c1340004000c00049
0000001f014140000309a318004001000049
0000001f0142e00003851c8c004001400049
ffff001f014270fc04002130004001800049
ffff0020014023e0047c61f8004001c00049
fffe0021013bb6c404fb73c0004002000049
fffd00230134c000057ffbd8004002400049
fffc0027012a5918060e1ab8002902800049
000300260124205a00ea270c00400000004a
0002002201311aec0180c4de00400040004a
000100200139fa92020a23bc00400080004a
0001001f013fc7ae028bfaec004000c0004a
0000001f01434000030997e400400100004a
0000001f0144e00003851c8c00400140004a
ffff001f014460000400213000400180004a
ffff002001422000047c61f8004001c0004a
fffe0021013db6c404fb8a8000400200004a
fffd00240136d350057ffbd800400240004a
fffc0027012c9918060e1e2800290280004a
000300260124205a00ea270c00400000004a
0002002201311aec0180c4de00400040004a
000100200139fa92020a23bc00400080004a
0001001f013fc7ae028bfaec004000c0004a
0000001f01434000030997e400400100004a
0000001f0144e00003851c8c00400140004a
ffff001f014460000400213000400180004a
ffff002001422000047c61f8004001c0004a
fffe0021013db6c404fb8a8000400200004a
fffd00240136d350057ffbd800400240004a
fffc0027012c9918060e1e2800290280004a
000300260124205a00ea270c00400000004a
0002002201311aec0180c4de00400040004a
000100200139fa92020a23bc00400080004a
0001001f013fc7ae028bfaec004000c0004a
0000001f01434000030997e400400100004a
0000001f0144e00003851c8c00400140004a
ffff001f014460000400213000400180004a
ffff002001422000047c61f8004001c0004a
fffe0021013db6c404fb8a8000400200004a
fffd00240136d350057ffbd800400240004a
fffc0027012c9918060e1e2800290280004a
000300260124205a00ea270c00400000004a
0002002201311aec0180c4de00400040004a
000100200139fa92020a23bc00400080004a
0001001f013fc7ae028bfaec004000c0004a
0000001f01434000030997e400400100004a
0000001f0144e00003851c8c00400140004a
ffff001f014460000400213000400180004a
ffff002001422000047c61f8004001c0004a
fffe0021013db6c404fb8a8000400200004a
fffd00240136d350057ffbd800400240004a
fffc0027012c9918060e1e2800290280004a
000300260124205a00ea270c00400000004a
0002002201311aec0180c4de00400040004a
000100200139fa92020a23bc00400080004a
0001001f013fc7ae028bfaec004000c0004a
0000001f01434000030997e400400100004a
0000001f0144e00003851c8c00400140004a
ffff001f014460000400213000400180004a
ffff002001422000047c61f8004001c0004a
fffe0021013db6c404fb8a8000400200004a
fffd00240136d350057ffbd800400240004a
fffc0027012c9918060e1e2800290280004a
000300260124205a00ea270c00400000004a
0002002201311aec0180c4de00400040004a
000100200139fa92020a23bc00400080004a
0001001f013fc7ae028bfaec004000c0004a
0000001f01434000030997e400400100004a
0000001f0144e00003851c8c00400140004a
ffff001f014460000400213000400180004a
ffff002001422000047c61f8004001c0004a
fffe0021013db6c404fb8a8000400200004a
fffd00240136d350057ffbd800400240004a
fffc0027012c9918060e1e2800290280004a
000300260126605a00ea270c00400000004b
0002002201333aec0180b76600400040004b
00010020013bfa92020a23bc00400080004b
0001001f0141c7ae028bfaec004000c0004b
0000001f01454000030997e400400100004b
0000001f0146c00003851c8c00400140004b
ffff001f014660000400323000400180004b
ffff0020014423e0047c65d8004001c0004b
fffe0021013fd6c404fb8a8000400200004b
fffd002401390000057ffbd800400240004b
fffd0026012ebc8c060e3ab800290280004b
000300260126605a00ea270c00400000004b
0002002201333aec0180b76600400040004b
00010020013bfa92020a23bc00400080004b
0001001f0141c7ae028bfaec004000c0004b
0000001f01454000030997e400400100004b
0000001f0146c00003851c8c00400140004b
ffff001f014660000400323000400180004b
ffff0020014423e0047c65d8004001c0004b
fffe0021013fd6c404fb8a8000400200004b
fffd002401390000057ffbd800400240004b
fffd0026012ebc8c060e3ab800290280004b
000300260126605a00ea270c00400000004b
0002002201333aec0180b76600400040004b
00010020013bfa92020a23bc00400080004b
0001001f0141c7ae028bfaec004000c0004b
0000001f01454000030997e400400100004b
0000001f0146c00003851c8c00400140004b
ffff001f014660000400323000400180004b
ffff0020014423e0047c65d8004001c0004b
fffe0021013fd6c404fb8a8000400200004b
fffd002401390000057ffbd800400240004b
fffd0026012ebc8c060e3ab800290280004b
000300260126605a00ea270c00400000004b
0002002201333aec0180b76600400040004b
00010020013bfa92020a23bc00400080004b
0001001f0141c7ae028bfaec004000c0004b
0000001f01454000030997e400400100004b
0000001f0146c00003851c8c00400140004b
ffff001f014660000400323000400180004b
ffff0020014423e0047c65d8004001c0004b
fffe0021013fd6c404fb8a8000400200004b
fffd002401390000057ffbd800400240004b
fffd0026012ebc8c060e3ab800290280004b
000300260126605a00ea270c00400000004b
0002002201333aec0180b76600400040004b
00010020013bfa92020a23bc00400080004b
0001001f0141c7ae028bfaec004000c0004b
0000001f01454000030997e400400100004b
0000001f0146c00003851c8c00400140004b
ffff001f014660000400323000400180004b
ffff0020014423e0047c65d8004001c0004b
fffe0021013fd6c404fb8a8000400200004b
fffd002401390000057ffbd800400240004b
fffd0026012ebc8c060e3ab800290280004b
000300260126605a00ea270c00400000004b
0002002201333aec0180b76600400040004b
00010020013bfa92020a23bc00400080004b
0001001f0141c7ae028bfaec004000c0004b
0000001f01454000030997e400400100004b
0000001f0146c00003851c8c00400140004b
ffff001f014660000400323000400180004b
ffff0020014423e0047c65d8004001c0004b
fffe0021013fd6c404fb8a8000400200004b
fffd002401390000057ffbd800400240004b
fffd0026012ebc8c060e3ab800290280004b
000300260128a0b400ea26b200400000004c
0002002201356d760180a4de00400040004c
00010020013e1a92020a23bc00400080004c
0001001f0143e000028bf340004000c0004c
0000001f01474000030997e400400100004c
0000001f0148c00003851c8c00400140004c
ffff001f014860000400323000400180004c
ffff0020014623e0047c65d8004001c0004c
fffe00210141d6c404fb8a8000400200004c
fffd0024013b09a80580058000400240004c
fffd00270130dc8c060e3ab800290280004c
000300260128a0b400ea26b200400000004c
0002002201356d760180a4de00400040004c
00010020013e1a92020a23bc00400080004c
0001001f0143e000028bf340004000c0004c
0000001f01474000030997e400400100004c
0000001f0148c00003851c8c00400140004c
ffff001f014860000400323000400180004c
ffff0020014623e0047c65d8004001c0004c
fffe00210141d6c404fb8a8000400200004c
fffd0024013b09a80580058000400240004c
fffd00270130dc8c060e3ab800290280004c
000300260128a0b400ea26b200400000004c
0002002201356d760180a4de00400040004c
00010020013e1a92020a23bc00400080004c
0001001f0143e000028bf340004000c0004c
0000001f01474000030997e400400100004c
0000001f0148c00003851c8c00400140004c
ffff001f014860000400323000400180004c
ffff0020014623e0047c65d8004001c0004c
fffe00210141d6c404fb8a8000400200004c
fffd0024013b09a80580058000400240004c
fffd00270130dc8c060e3ab800290280004c
000300260128a0b400ea26b200400000004c
0002002201356d760180a4de00400040004c
00010020013e1a92020a23bc00400080004c
0001001f0143e000028bf340004000c0004c
0000001f01474000030997e400400100004c
0000001f0148c00003851c8c00400140004c
ffff001f014860000400323000400180004c
ffff0020014623e0047c65d8004001c0004c
fffe00210141d6c404fb8a8000400200004c
fffd0024013b09a80580058000400240004c
fffd00270130dc8c060e3ab800290280004c
000300260128a0b400ea26b200400000004c
0002002201356d760180a4de00400040004c
00010020013e1a92020a23bc00400080004c
0001001f0143e000028bf340004000c0004c
0000001f01474000030997e400400100004c
0000001f0148c00003851c8c00400140004c
ffff001f014860000400323000400180004c
ffff0020014623e0047c65d8004001c0004c
fffe00210141d6c404fb8a8000400200004c
fffd0024013b09a80580058000400240004c
fffd00270130dc8c060e3ab800290280004c
000300260128a0b400ea26b200400000004c
0002002201356d760180a4de00400040004c
00010020013e1a92020a23bc00400080004c
0001001f0143e000028bf340004000c0004c
0000001f01474000030997e400400100004c
0000001f0148c00003851c8c00400140004c
ffff001f014860000400323000400180004c
ffff0020014623e0047c65d8004001c0004c
fffe00210141d6c404fb8a8000400200004c
fffd0024013b09a80580058000400240004c
fffd00270130dc8c060e3ab800290280004c
00030026012ae0b400ea26b200400000004d
0002002201378d760180a4de00400040004d
0001002001403526020a03bc00400080004d
0001001f0145c7ae028bf340004000c0004d
0000001f01494000030997e400400100004d
0000001f014ac00003851c8c00400140004d
ffff001f014a4f040400413000400180004d
ffff002001482000047c81f8004001c0004d
fffe00210143e00004fb93c000400200004d
fffe0024013d200005801bd800400240004d
fffd002701331918060e3e2800290280004d
00030026012ae0b400ea26b200400000004d
0002002201378d760180a4de00400040004d
0001002001403526020a03bc00400080004d
0001001f0145c7ae028bf340004000c0004d
0000001f01494000030997e400400100004d
0000001f014ac00003851c8c00400140004d
ffff001f014a4f040400413000400180004d
ffff002001482000047c81f8004001c0004d
fffe00210143e00004fb93c000400200004d
fffe0024013d200005801bd800400240004d
fffd002701331918060e3e2800290280004d
00030026012ae0b400ea26b200400000004d
0002002201378d760180a4de00400040004d
0001002001403526020a03bc00400080004d
0001001f0145c7ae028bf340004000c0004d
0000001f01494000030997e400400100004d
0000001f014ac00003851c8c00400140004d
ffff001f014a4f040400413000400180004d
ffff002001482000047c81f8004001c0004d
fffe00210143e00004fb93c000400200004d
fffe0024013d200005801bd800400240004d
fffd002701331918060e3e2800290280004d
00030026012ae0b400ea26b200400000004d
0002002201378d760180a4de00400040004d
0001002001403526020a03bc00400080004d
0001001f0145c7ae028bf340004000c0004d
0000001f01494000030997e400400100004d
0000001f014ac00003851c8c00400140004d
ffff001f014a4f040400413000400180004d
ffff002001482000047c81f8004001c0004d
fffe00210143e00004fb93c000400200004d
fffe0024013d200005801bd800400240004d
fffd002701331918060e3e2800290280004d
00030026012ae0b400ea26b200400000004d
0002002201378d760180a4de00400040004d
0001002001403526020a03bc00400080004d
0001001f0145c7ae028bf340004000c0004d
0000001f01494000030997e400400100004d
0000001f014ac00003851c8c00400140004d
ffff001f014a4f040400413000400180004d
ffff002001482000047c81f8004001c0004d
fffe00210143e00004fb93c000400200004d
fffe0024013d200005801bd800400240004d
fffd002701331918060e3e2800290280004d
00030026012ae0b400ea26b200400000004d
0002002201378d760180a4de00400040004d
0001002001403526020a03bc00400080004d
0001001f0145c7ae028bf340004000c0004d
0000001f01494000030997e400400100004d
0000001f014ac00003851c8c00400140004d
ffff001f014a4f040400413000400180004d
ffff002001482000047c81f8004001c0004d
fffe00210143e00004fb93c000400200004d
fffe0024013d200005801bd800400240004d
fffd002701331918060e3e2800290280004d
00030026012d405a00ea070c00400000004e
000200220139ad760180976600400040004e
0001002001424000020a03bc00400080004e
0001001f0147e000028bdaec004000c0004e
0000001f014b4000030997e400400100004e
0000001f014ca00003851c8c00400140004e
ffff001f014c50fc0400413000400180004e
ffff0020014a23e0047c81f8004001c0004e
fffe00210145e00004fbaa8000400200004e
fffe0024013f335005801bd800400240004e
fffd002601354000060e5ab800290280004e
00030026012d405a00ea070c00400000004e
000200220139ad760180976600400040004e
0001002001424000020a03bc00400080004e
0001001f0147e000028bdaec004000c0004e
0000001f014b4000030997e400400100004e
0000001f014ca00003851c8c00400140004e
ffff001f014c50fc0400413000400180004e
ffff0020014a23e0047c81f8004001c0004e
fffe00210145e00004fbaa8000400200004e
fffe0024013f335005801bd800400240004e
fffd002601354000060e5ab800290280004e
00030026012d405a00ea070c00400000004e
000200220139ad760180976600400040004e
0001002001424000020a03bc00400080004e
0001001f0147e000028bdaec004000c0004e
0000001f014b4000030997e400400100004e
0000001f014ca00003851c8c00400140004e
ffff001f014c50fc0400413000400180004e
ffff0020014a23e0047c81f8004001c0004e
fffe00210145e00004fbaa8000400200004e
fffe0024013f335005801bd800400240004e
fffd002601354000060e5ab800290280004e
00030026012d405a00ea070c00400000004e
000200220139ad760180976600400040004e
0001002001424000020a03bc00400080004e
0001001f0147e000028bdaec004000c0004e
0000001f014b4000030997e400400100004e
0000001f014ca00003851c8c00400140004e
ffff001f014c50fc0400413000400180004e
ffff0020014a23e0047c81f8004001c0004e
fffe00210145e00004fbaa8000400200004e
fffe0024013f335005801bd800400240004e
fffd002601354000060e5ab800290280004e
00030026012d405a00ea070c00400000004e
000200220139ad760180976600400040004e
0001002001424000020a03bc00400080004e
0001001f0147e000028bdaec004000c0004e
0000001f014b4000030997e400400100004e
0000001f014ca00003851c8c00400140004e
ffff001f014c50fc0400413000400180004e
ffff0020014a23e0047c81f8004001c0004e
fffe00210145e00004fbaa8000400200004e
fffe0024013f335005801bd800400240004e
fffd002601354000060e5ab800290280004e
00030026012d405a00ea070c00400000004e
000200220139ad760180976600400040004e
0001002001424000020a03bc00400080004e
0001001f0147e000028bdaec004000c0004e
0000001f014b4000030997e400400100004e
0000001f014ca00003851c8c00400140004e
ffff001f014c50fc0400413000400180004e
ffff0020014a23e0047c81f8004001c0004e
fffe00210145e00004fbaa8000400200004e
fffe0024013f335005801bd800400240004e
fffd002601354000060e5ab800290280004e
00030026012f805a00ea06b200400000004f
00020022013be000018084de00400040004f
00010021014440000209e3bc00400080004f
0001001f0149e000028bd340004000c0004f
0000001f014d4000030997e400400100004f
0000001f014ea1e803851c8c00400140004f
ffff001f014e60000400413000400180004f
ffff0020014c4000047c81f8004001c0004f
fffe00210147f6c404fbaa8000400200004f
fffe00230141600005803bd800400240004f
fffd002701379918060e5ab800290280004f
00030026012f805a00ea06b200400000004f
00020022013be000018084de00400040004f
00010021014440000209e3bc00400080004f
0001001f0149e000028bd340004000c0004f
0000001f014d4000030997e400400100004f
0000001f014ea1e803851c8c00400140004f
ffff001f014e60000400413000400180004f
ffff0020014c4000047c81f8004001c0004f
fffe00210147f6c404fbaa8000400200004f
fffe00230141600005803bd800400240004f
fffd002701379918060e5ab800290280004f
00030026012f805a00ea06b200400000004f
00020022013be000018084de00400040004f
00010021014440000209e3bc00400080004f
0001001f0149e000028bd340004000c0004f
0000001f014d4000030997e400400100004f
0000001f014ea1e803851c8c00400140004f
ffff001f014e60000400413000400180004f
ffff0020014c4000047c81f8004001c0004f
fffe00210147f6c404fbaa8000400200004f
fffe00230141600005803bd800400240004f
fffd002701379918060e5ab800290280004f
00030026012f805a00ea06b200400000004f
00020022013be000018084de00400040004f
00010021014440000209e3bc00400080004f
0001001f0149e000028bd340004000c0004f
0000001f014d4000030997e400400100004f
0000001f014ea1e803851c8c00400140004f
ffff001f014e60000400413000400180004f
ffff0020014c4000047c81f8004001c0004f
fffe00210147f6c404fbaa8000400200004f
fffe00230141600005803bd800400240004f
fffd002701379918060e5ab800290280004f
00030026012f805a00ea06b200400000004f
00020022013be000018084de00400040004f
00010021014440000209e3bc00400080004f
0001001f0149e000028bd340004000c0004f
0000001f014d4000030997e400400100004f
0000001f014ea1e803851c8c00400140004f
ffff001f014e60000400413000400180004f
ffff0020014c4000047c81f8004001c0004f
fffe00210147f6c404fbaa8000400200004f
fffe00230141600005803bd800400240004f
fffd002701379918060e5ab800290280004f
00030026012f805a00ea06b200400000004f
00020022013be000018084de00400040004f
00010021014440000209e3bc00400080004f
0001001f0149e000028bd340004000c0004f
0000001f014d4000030997e400400100004f
0000001f014ea1e803851c8c00400140004f
ffff001f014e60000400413000400180004f
ffff0020014c4000047c81f8004001c0004f
fffe00210147f6c404fbaa8000400200004f
fffe00230141600005803bd800400240004f
fffd002701379918060e5ab800290280004f
000300260131c05a00ea06b2004000000050
00020022013e0d76018084de004000400050
0001002001465a920209e3bc004000800050
0001001f014be7ae028bd340004000c00050
0000001f014f400003098318004001000050
0000001f0150c00003851c8c004001400050
ffff001f0150600004004130004001800050
ffff0020014e23e0047c81f8004001c00050
fffe0021014a000004fbaa80004002000050
fffe00240143735005803bd8004002400050
fffd00270139b918060e5e28002902800050
000300260131c05a00ea06b2004000000050
00020022013e0d76018084de004000400050
0001002001465a920209e3bc004000800050
0001001f014be7ae028bd340004000c00050
0000001f014f400003098318004001000050
0000001f0150c00003851c8c004001400050
ffff001f0150600004004130004001800050
ffff0020014e23e0047c81f8004001c00050
fffe0021014a000004fbaa80004002000050
fffe00240143735005803bd8004002400050
fffd00270139b918060e5e28002902800050
000300260131c05a00ea06b2004000000050
00020022013e0d76018084de004000400050
0001002001465a920209e3bc004000800050
0001001f014be7ae028bd340004000c00050
0000001f014f400003098318004001000050
0000001f0150c00003851c8c004001400050
ffff001f0150600004004130004001800050
ffff0020014e23e0047c81f8004001c00050
fffe0021014a000004fbaa80004002000050
fffe00240143735005803bd8004002400050
fffd00270139b918060e5e28002902800050
000300260131c05a00ea06b2004000000050
00020022013e0d76018084de004000400050
0001002001465a920209e3bc004000800050
0001001f014be7ae028bd340004000c00050
0000001f014f400003098318004001000050
0000001f0150c00003851c8c004001400050
ffff001f0150600004004130004001800050
ffff0020014e23e0047c81f8004001c00050
fffe0021014a000004fbaa80004002000050
fffe00240143735005803bd8004002400050
fffd00270139b918060e5e28002902800050
000300260131c05a00ea06b2004000000050
00020022013e0d76018084de004000400050
0001002001465a920209e3bc004000800050
0001001f014be7ae028bd340004000c00050
0000001f014f400003098318004001000050
0000001f0150c00003851c8c004001400050
ffff001f0150600004004130004001800050
ffff0020014e23e0047c81f8004001c00050
fffe0021014a000004fbaa80004002000050
fffe00240143735005803bd8004002400050
fffd00270139b918060e5e28002902800050
000300260131c05a00ea06b2004000000050
00020022013e0d76018084de004000400050
0001002001465a920209e3bc004000800050
0001001f014be7ae028bd340004000c00050
0000001f014f400003098318004001000050
0000001f0150c00003851c8c004001400050
ffff001f0150600004004130004001800050
ffff0020014e23e0047c81f8004001c00050
fffe0021014a000004fbaa80004002000050
fffe00240143735005803bd8004002400050
fffd00270139b918060e5e28002902800050
00030026013400b400e9e70c004000000051
0002002201402d7601807766004000400051
0001002001487a920209e3bc004000800051
0001001f014de7ae028bd340004000c00051
0000001f01514000030977e4004001000051
0000001f0152c00003851c8c004001400051
ffff001f0152400004004130004001800051
ffff0020015023e0047c85d8004001c00051
fffe0021014c16c404fbb3c0004002000051
fffe0024014589a805803bd8004002400051
fffd0026013bdc8c060e7ab8002902800051
00030026013400b400e9e70c004000000051
0002002201402d7601807766004000400051
0001002001487a920209e3bc004000800051
0001001f014de7ae028bd340004000c00051
0000001f01514000030977e4004001000051
0000001f0152c00003851c8c004001400051
ffff001f0152400004004130004001800051
ffff0020015023e0047c85d8004001c00051
fffe0021014c16c404fbb3c0004002000051
fffe0024014589a805803bd8004002400051
fffd0026013bdc8c060e7ab8002902800051
00030026013400b400e9e70c004000000051
0002002201402d7601807766004000400051
0001002001487a920209e3bc004000800051
0001001f014de7ae028bd340004000c00051
0000001f01514000030977e4004001000051
0000001f0152c00003851c8c004001400051
ffff001f0152400004004130004001800051
ffff0020015023e0047c85d8004001c00051
fffe0021014c16c404fbb3c0004002000051
fffe0024014589a805803bd8004002400051
fffd0026013bdc8c060e7ab8002902800051
00030026013400b400e9e70c004000000051
0002002201402d7601807766004000400051
0001002001487a920209e3bc004000800051
0001001f014de7ae028bd340004000c00051
0000001f01514000030977e4004001000051
0000001f0152c00003851c8c004001400051
ffff001f0152400004004130004001800051
ffff0020015023e0047c85d8004001c00051
fffe0021014c16c404fbb3c0004002000051
fffe0024014589a805803bd8004002400051
fffd0026013bdc8c060e7ab8002902800051
00030026013400b400e9e70c004000000051
0002002201402d7601807766004000400051
0001002001487a920209e3bc004000800051
0001001f014de7ae028bd340004000c00051
0000001f01514000030977e4004001000051
0000001f0152c00003851c8c004001400051
ffff001f0152400004004130004001800051
ffff0020015023e0047c85d8004001c00051
fffe0021014c16c404fbb3c0004002000051
fffe0024014589a805803bd8004002400051
fffd0026013bdc8c060e7ab8002902800051
00030026013400b400e9e70c004000000051
0002002201402d7601807766004000400051
0001002001487a920209e3bc004000800051
0001001f014de7ae028bd340004000c00051
0000001f01514000030977e4004001000051
0000001f0152c00003851c8c004001400051
ffff001f0152400004004130004001800051
ffff0020015023e0047c85d8004001c00051
fffe0021014c16c404fbb3c0004002000051
fffe0024014589a805803bd8004002400051
fffd0026013bdc8c060e7ab8002902800051
000300260136605a00e9e6b2004000000052
0002002201426000018064de004000400052
00010020014a9a920209e3bc004000800052
0001001f01500000028bbaec004000c00052
0000001f01534000030977e4004001000052
0000001f0154a00003851c8c004001400052
ffff001f0154400004004130004001800052
ffff002001523c20047c85d8004001c00052
fffe0021014e200004fbca80004002000052
fffe00240147a9a805803bd8004002400052
fffd0027013e1918060e7ab8002902800052
000300260136605a00e9e6b2004000000052
0002002201426000018064de004000400052
00010020014a9a920209e3bc004000800052
0001001f01500000028bbaec004000c00052
0000001f01534000030977e4004001000052
0000001f0154a00003851c8c004001400052
ffff001f0154400004004130004001800052
ffff002001523c20047c85d8004001c00052
fffe0021014e200004fbca80004002000052
fffe00240147a9a805803bd8004002400052
fffd0027013e1918060e7ab8002902800052
000300260136605a00e9e6b2004000000052
0002002201426000018064de004000400052
00010020014a9a920209e3bc004000800052
0001001f01500000028bbaec004000c00052
0000001f01534000030977e4004001000052
0000001f0154a00003851c8c004001400052
ffff001f0154400004004130004001800052
ffff002001523c20047c85d8004001c00052
fffe0021014e200004fbca80004002000052
fffe00240147a9a805803bd8004002400052
fffd0027013e1918060e7ab8002902800052
000300260136605a00e9e6b2004000000052
0002002201426000018064de004000400052
00010020014a9a920209e3bc004000800052
0001001f01500000028bbaec004000c00052
0000001f01534000030977e4004001000052
0000001f0154a00003851c8c004001400052
ffff001f0154400004004130004001800052
ffff002001523c20047c85d8004001c00052
fffe0021014e200004fbca80004002000052
fffe00240147a9a805803bd8004002400052
fffd0027013e1918060e7ab8002902800052
000300260136605a00e9e6b2004000000052
0002002201426000018064de004000400052
00010020014a9a920209e3bc004000800052
0001001f01500000028bbaec004000c00052
0000001f01534000030977e4004001000052
0000001f0154a00003851c8c004001400052
ffff001f0154400004004130004001800052
ffff002001523c20047c85d8004001c00052
fffe0021014e200004fbca80004002000052
fffe00240147a9a805803bd8004002400052
fffd0027013e1918060e7ab8002902800052
000300260136605a00e9e6b2004000000052
0002002201426000018064de004000400052
00010020014a9a920209e3bc004000800052
0001001f01500000028bbaec004000c00052
0000001f01534000030977e4004001000052
0000001f0154a00003851c8c004001400052
ffff001f0154400004004130004001800052
ffff002001523c20047c85d8004001c00052
fffe0021014e200004fbca80004002000052
fffe00240147a9a805803bd8004002400052
fffd0027013e1918060e7ab8002902800052
00030026013880b400e9e6b2004000000053
0002002201448d76018064de004000400053
00010021014c9a920209c3bc004000800053
0001001f01520000028bbaec004000c00053
0000001f01554000030977e4004001000053
0000001f0156a00003851c8c004001400053
ffff001f015650fc04004130004001800053
ffff0020015423e0047ca1f8004001c00053
fffe0021015036c404fbca80004002000053
fffe00230149c9a805805bd8004002400053
fffd002701405918060e7e28002902800053
00030026013880b400e9e6b2004000000053
0002002201448d76018064de004000400053
00010021014c9a920209c3bc004000800053
0001001f01520000028bbaec004000c00053
0000001f01554000030977e4004001000053
0000001f0156a00003851c8c004001400053
ffff001f015650fc04004130004001800053
ffff0020015423e0047ca1f8004001c00053
fffe0021015036c404fbca80004002000053
fffe00230149c9a805805bd8004002400053
fffd002701405918060e7e28002902800053
00030026013880b400e9e6b2004000000053
0002002201448d76018064de004000400053
00010021014c9a920209c3bc004000800053
0001001f01520000028bbaec004000c00053
0000001f01554000030977e4004001000053
0000001f0156a00003851c8c004001400053
ffff001f015650fc04004130004001800053
ffff0020015423e0047ca1f8004001c00053
fffe0021015036c404fbca80004002000053
fffe00230149c9a805805bd8004002400053
fffd002701405918060e7e28002902800053
00030026013880b400e9e6b2004000000053
0002002201448d76018064de004000400053
00010021014c9a920209c3bc004000800053
0001001f01520000028bbaec004000c00053
0000001f01554000030977e4004001000053
0000001f0156a00003851c8c004001400053
ffff001f015650fc04004130004001800053
ffff0020015423e0047ca1f8004001c00053
fffe0021015036c404fbca80004002000053
fffe00230149c9a805805bd8004002400053
fffd002701405918060e7e28002902800053
00030026013880b400e9e6b2004000000053
0002002201448d76018064de004000400053
00010021014c9a920209c3bc004000800053
0001001f01520000028bbaec004000c00053
0000001f01554000030977e4004001000053
0000001f0156a00003851c8c004001400053
ffff001f015650fc04004130004001800053
ffff0020015423e0047ca1f8004001c00053
fffe0021015036c404fbca80004002000053
fffe00230149c9a805805bd8004002400053
fffd002701405918060e7e28002902800053
00030026013880b400e9e6b2004000000053
0002002201448d76018064de004000400053
00010021014c9a920209c3bc004000800053
0001001f01520000028bbaec004000c00053
0000001f01554000030977e4004001000053
0000001f0156a00003851c8c004001400053
ffff001f015650fc04004130004001800053
ffff0020015423e0047ca1f8004001c00053
fffe0021015036c404fbca80004002000053
fffe00230149c9a805805bd8004002400053
fffd002701405918060e7e28002902800053
00030026013ae05a00e9c70c004000000054
000200220146ad7601805766004000400054
00010020014eba920209c3bc004000800054
0001001f015407ae028bb340004000c00054
0000001f015734ca030977e4004001000054
0000001f0158a00003851c8c004001400054
ffff001f01584f0404004130004001800054
ffff002001564000047ca1f8004001c00054
fffe00210152200004fbd3c0004002000054
fffe0024014be9a805805bd8004002400054
fffd002701427918060e7e28002902800054
00030026013ae05a00e9c70c004000000054
000200220146ad7601805766004000400054
00010020014eba920209c3bc004000800054
0001001f015407ae028bb340004000c00054
0000001f015734ca030977e4004001000054
0000001f0158a00003851c8c004001400054
ffff001f01584f0404004130004001800054
ffff002001564000047ca1f8004001c00054
fffe00210152200004fbd3c0004002000054
fffe0024014be9a805805bd8004002400054
fffd002701427918060e7e28002902800054
00030026013ae05a00e9c70c004000000054
000200220146ad7601805766004000400054
00010020014eba920209c3bc004000800054
0001001f015407ae028bb340004000c00054
0000001f015734ca030977e4004001000054
0000001f0158a00003851c8c004001400054
ffff001f01584f0404004130004001800054
ffff002001564000047ca1f8004001c00054
fffe00210152200004fbd3c0004002000054
fffe0024014be9a805805bd8004002400054
fffd002701427918060e7e28002902800054
00030026013ae05a00e9c70c004000000054
000200220146ad7601805766004000400054
00010020014eba920209c3bc004000800054
0001001f015407ae028bb340004000c00054
0000001f015734ca030977e4004001000054
0000001f0158a00003851c8c004001400054
ffff001f01584f0404004130004001800054
ffff002001564000047ca1f8004001c00054
fffe00210152200004fbd3c0004002000054
fffe0024014be9a805805bd8004002400054
fffd002701427918060e7e28002902800054
00030026013ae05a00e9c70c004000000054
000200220146ad7601805766004000400054
00010020014eba920209c3bc004000800054
0001001f015407ae028bb340004000c00054
0000001f015734ca030977e4004001000054
0000001f0158a00003851c8c004001400054
ffff001f01584f0404004130004001800054
ffff002001564000047ca1f8004001c00054
fffe00210152200004fbd3c0004002000054
fffe0024014be9a805805bd8004002400054
fffd002701427918060e7e28002902800054
00030026013ae05a00e9c70c004000000054
000200220146ad7601805766004000400054
00010020014eba920209c3bc004000800054
0001001f015407ae028bb340004000c00054
0000001f015734ca030977e4004001000054
0000001f0158a00003851c8c004001400054
ffff001f01584f0404004130004001800054
ffff002001564000047ca1f8004001c00054
fffe00210152200004fbd3c0004002000054
fffe0024014be9a805805bd8004002400054
fffd002701427918060e7e28002902800054
00030026013d20b400e9c70c004000000055
000200220148cd76018044de004000400055
000100200150da920209c3bc004000800055
0001001f01562000028bb340004000c00055
0000001f01594000030977e4004001000055
0000001f015a800003851c8c004001400055
ffff001f015a400004004130004001800055
ffff002001584000047ca1f8004001c00055
fffe0021015436c404fbd3c0004002000055
fffe0024014e09a805805bd8004002400055
fffd00260144bc8c060e9ab8002902800055
00030026013d20b400e9c70c004000000055
000200220148cd76018044de004000400055
000100200150da920209c3bc004000800055
0001001f01562000028bb340004000c00055
0000001f01594000030977e4004001000055
0000001f015a800003851c8c004001400055
ffff001f015a400004004130004001800055
ffff002001584000047ca1f8004001c00055
fffe0021015436c404fbd3c0004002000055
fffe0024014e09a805805bd8004002400055
fffd00260144bc8c060e9ab8002902800055
00030026013d20b400e9c70c004000000055
000200220148cd76018044de004000400055
000100200150da920209c3bc004000800055
0001001f01562000028bb340004000c00055
0000001f01594000030977e4004001000055
0000001f015a800003851c8c004001400055
ffff001f015a400004004130004001800055
ffff002001584000047ca1f8004001c00055
fffe0021015436c404fbd3c0004002000055
fffe0024014e09a805805bd8004002400055
fffd00260144bc8c060e9ab8002902800055
00030026013d20b400e9c70c004000000055
000200220148cd76018044de004000400055
000100200150da920209c3bc004000800055
0001001f01562000028bb340004000c00055
0000001f01594000030977e4004001000055
0000001f015a800003851c8c004001400055
ffff001f015a400004004130004001800055
ffff002001584000047ca1f8004001c00055
fffe0021015436c404fbd3c0004002000055
fffe0024014e09a805805bd8004002400055
fffd00260144bc8c060e9ab8002902800055
00030026013d20b400e9c70c004000000055
000200220148cd76018044de004000400055
000100200150da920209c3bc004000800055
0001001f01562000028bb340004000c00055
0000001f01594000030977e4004001000055
0000001f015a800003851c8c004001400055
ffff001f015a400004004130004001800055
ffff002001584000047ca1f8004001c00055
fffe0021015436c404fbd3c0004002000055
fffe0024014e09a805805bd8004002400055
fffd00260144bc8c060e9ab8002902800055
00030026013d20b400e9c70c004000000055
000200220148cd76018044de004000400055
000100200150da920209c3bc004000800055
0001001f01562000028bb340004000c00055
0000001f01594000030977e4004001000055
0000001f015a800003851c8c004001400055
ffff001f015a400004004130004001800055
ffff002001584000047ca1f8004001c00055
fffe0021015436c404fbd3c0004002000055
fffe0024014e09a805805bd8004002400055
fffd00260144bc8c060e9ab8002902800055
00030026013f805a00e9c6b2004000000056
00020022014afaec018044de004000400056
000100200152e0000209be50004000800056
0001001f015807ae028b9aec004000c00056
0000001f015b54ca030977e4004001000056
0000001f015ca00003851c8c004001400056
ffff001f015c400004004130004001800056
ffff0020015a4000047ca1f8004001c00056
fffe00210156400004fbea80004002000056
fffe0023015029a805807bd8004002400056
fffd00270146f918060e9ab8002902800056
00030026013f805a00e9c6b2004000000056
00020022014afaec018044de004000400056
000100200152e0000209be50004000800056
0001001f015807ae028b9aec004000c00056
0000001f015b54ca030977e4004001000056
0000001f015ca00003851c8c004001400056
ffff001f015c400004004130004001800056
ffff0020015a4000047ca1f8004001c00056
fffe00210156400004fbea80004002000056
fffe0023015029a805807bd8004002400056
fffd00270146f918060e9ab8002902800056
00030026013f805a00e9c6b2004000000056
00020022014afaec018044de004000400056
000100200152e0000209be50004000800056
0001001f015807ae028b9aec004000c00056
0000001f015b54ca030977e4004001000056
0000001f015ca00003851c8c004001400056
ffff001f015c400004004130004001800056
ffff0020015a4000047ca1f8004001c00056
fffe00210156400004fbea80004002000056
fffe0023015029a805807bd8004002400056
fffd00270146f918060e9ab8002902800056
00030026013f805a00e9c6b2004000000056
00020022014afaec018044de004000400056
000100200152e0000209be50004000800056
0001001f015807ae028b9aec004000c00056
0000001f015b54ca030977e4004001000056
0000001f015ca00003851c8c004001400056
ffff001f015c400004004130004001800056
ffff0020015a4000047ca1f8004001c00056
fffe00210156400004fbea80004002000056
fffe0023015029a805807bd8004002400056
fffd00270146f918060e9ab8002902800056
00030026013f805a00e9c6b2004000000056
00020022014afaec018044de004000400056
000100200152e0000209be50004000800056
0001001f015807ae028b9aec004000c00056
0000001f015b54ca030977e4004001000056
0000001f015ca00003851c8c004001400056
ffff001f015c400004004130004001800056
ffff0020015a4000047ca1f8004001c00056
fffe00210156400004fbea80004002000056
fffe0023015029a805807bd8004002400056
fffd00270146f918060e9ab8002902800056
00030026013f805a00e9c6b2004000000056
00020022014afaec018044de004000400056
000100200152e0000209be50004000800056
0001001f015807ae028b9aec004000c00056
0000001f015b54ca030977e4004001000056
0000001f015ca00003851c8c004001400056
ffff001f015c400004004130004001800056
ffff0020015a4000047ca1f8004001c00056
fffe00210156400004fbea80004002000056
fffe0023015029a805807bd8004002400056
fffd00270146f918060e9ab8002902800056
000300260141c05a00e9c6b2004000000057
00020022014d2d7601803766004000400057
000100210154fa920209a3bc004000800057
0001001f015a27ae028b9aec004000c00057
0000001f015d34ca03096318004001000057
0000001f015ea00003851c8c004001400057
ffff001f015e400004004130004001800057
ffff0020015c4000047ca5d8004001c00057
fffe0021015856c404fbea80004002000057
fffe00240152400005807bd8004002400057
fffd002601493918060ebab8002902800057
000300260141c05a00e9c6b2004000000057
00020022014d2d7601803766004000400057
000100210154fa920209a3bc004000800057
0001001f015a27ae028b9aec004000c00057
0000001f015d34ca03096318004001000057
0000001f015ea00003851c8c004001400057
ffff001f015e400004004130004001800057
ffff0020015c4000047ca5d8004001c00057
fffe0021015856c404fbea80004002000057
fffe00240152400005807bd8004002400057
fffd002601493918060ebab8002902800057
000300260141c05a00e9c6b2004000000057
00020022014d2d7601803766004000400057
000100210154fa920209a3bc004000800057
0001001f015a27ae028b9aec004000c00057
0000001f015d34ca03096318004001000057
0000001f015ea00003851c8c004001400057
ffff001f015e400004004130004001800057
ffff0020015c4000047ca5d8004001c00057
fffe0021015856c404fbea80004002000057
fffe00240152400005807bd8004002400057
fffd002601493918060ebab8002902800057
000300260141c05a00e9c6b2004000000057
00020022014d2d7601803766004000400057
000100210154fa920209a3bc004000800057
0001001f015a27ae028b9aec004000c00057
0000001f015d34ca03096318004001000057
0000001f015ea00003851c8c004001400057
ffff001f015e400004004130004001800057
ffff0020015c4000047ca5d8004001c00057
fffe0021015856c404fbea80004002000057
fffe00240152400005807bd8004002400057
fffd002601493918060ebab8002902800057
000300260141c05a00e9c6b2004000000057
00020022014d2d7601803766004000400057
000100210154fa920209a3bc004000800057
0001001f015a27ae028b9aec004000c00057
0000001f015d34ca03096318004001000057
0000001f015ea00003851c8c004001400057
ffff001f015e400004004130004001800057
ffff0020015c4000047ca5d8004001c00057
fffe0021015856c404fbea80004002000057
fffe00240152400005807bd8004002400057
fffd002601493918060ebab8002902800057
000300260141c05a00e9c6b2004000000057
00020022014d2d7601803766004000400057
000100210154fa920209a3bc004000800057
0001001f015a27ae028b9aec004000c00057
0000001f015d34ca03096318004001000057
0000001f015ea00003851c8c004001400057
ffff001f015e400004004130004001800057
ffff0020015c4000047ca5d8004001c00057
fffe0021015856c404fbea80004002000057
fffe00240152400005807bd8004002400057
fffd002601493918060ebab8002902800057
000300260143e0b400e9a70c004000000058
00020022014f4d76018024de004000400058
00010021015700000209a3bc004000800058
0001001f015c3852028b9aec004000c00058
0000001f015f400003096318004001000058
0000001f0160a00003851c8c004001400058
ffff001f0160400004004130004001800058
ffff0020015e23e0047ca5d8004001c00058
fffe0021015a76c404fbea80004002000058
fffe00240154600005807bd8004002400058
fffd0026014b5918060ebab8002902800058
000300260143e0b400e9a70c004000000058
00020022014f4d76018024de004000400058
00010021015700000209a3bc004000800058
0001001f015c3852028b9aec004000c00058
0000001f015f400003096318004001000058
0000001f0160a00003851c8c004001400058
ffff001f0160400004004130004001800058
ffff0020015e23e0047ca5d8004001c00058
fffe0021015a76c404fbea80004002000058
fffe00240154600005807bd8004002400058
fffd0026014b5918060ebab8002902800058
000300260143e0b400e9a70c004000000058
00020022014f4d76018024de004000400058
00010021015700000209a3bc004000800058
0001001f015c3852028b9aec004000c00058
0000001f015f400003096318004001000058
0000001f0160a00003851c8c004001400058
ffff001f0160400004004130004001800058
ffff0020015e23e0047ca5d8004001c00058
fffe0021015a76c404fbea80004002000058
fffe00240154600005807bd8004002400058
fffd0026014b5918060ebab8002902800058
000300260143e0b400e9a70c004000000058
00020022014f4d76018024de004000400058
00010021015700000209a3bc004000800058
0001001f015c3852028b9aec004000c00058
0000001f015f400003096318004001000058
0000001f0160a00003851c8c004001400058
ffff001f0160400004004130004001800058
ffff0020015e23e0047ca5d8004001c00058
fffe0021015a76c404fbea80004002000058
fffe00240154600005807bd8004002400058
fffd0026014b5918060ebab8002902800058
000300260143e0b400e9a70c004000000058
00020022014f4d76018024de004000400058
00010021015700000209a3bc004000800058
0001001f015c3852028b9aec004000c00058
0000001f015f400003096318004001000058
0000001f0160a00003851c8c004001400058
ffff001f0160400004004130004001800058
ffff0020015e23e0047ca5d8004001c00058
fffe0021015a76c404fbea80004002000058
fffe00240154600005807bd8004002400058
fffd0026014b5918060ebab8002902800058
000300260143e0b400e9a70c004000000058
00020022014f4d76018024de004000400058
00010021015700000209a3bc004000800058
0001001f015c3852028b9aec004000c00058
0000001f015f400003096318004001000058
0000001f0160a00003851c8c004001400058
ffff001f0160400004004130004001800058
ffff0020015e23e0047ca5d8004001c00058
fffe0021015a76c404fbea80004002000058
fffe00240154600005807bd8004002400058
fffd0026014b5918060ebab8002902800058
000300260146210e00e9a6b2004000000059
0002002201518d76018024de004000400059
0001002001593a920209a3bc004000800059
0001001f015e27ae028b9340004000c00059
0000001f01614000030957e4004001000059
0000001f0162800003851c8c004001400059
0000001f016230fc04004130004001800059
ffff002001604000047cc1f8004001c00059
ffff0021015c76c404fbf3c0004002000059
fffe0023015669a805809bd8004002400059
fffd0026014d9918060ebab8002902800059
000300260146210e00e9a6b2004000000059
0002002201518d76018024de004000400059
0001002001593a920209a3bc004000800059
0001001f015e27ae028b9340004000c00059
0000001f01614000030957e4004001000059
0000001f0162800003851c8c004001400059
0000001f016230fc04004130004001800059
ffff002001604000047cc1f8004001c00059
ffff0021015c76c404fbf3c0004002000059
fffe0023015669a805809bd8004002400059
fffd0026014d9918060ebab8002902800059
000300260146210e00e9a6b2004000000059
0002002201518d76018024de004000400059
0001002001593a920209a3bc004000800059
0001001f015e27ae028b9340004000c00059
0000001f01614000030957e4004001000059
0000001f0162800003851c8c004001400059
0000001f016230fc04004130004001800059
ffff002001604000047cc1f8004001c00059
ffff0021015c76c404fbf3c0004002000059
fffe0023015669a805809bd8004002400059
fffd0026014d9918060ebab8002902800059
000300260146210e00e9a6b2004000000059
0002002201518d76018024de004000400059
0001002001593a920209a3bc004000800059
0001001f015e27ae028b9340004000c00059
0000001f01614000030957e4004001000059
0000001f0162800003851c8c004001400059
0000001f016230fc04004130004001800059
ffff002001604000047cc1f8004001c00059
ffff0021015c76c404fbf3c0004002000059
fffe0023015669a805809bd8004002400059
fffd0026014d9918060ebab8002902800059
000300260146210e00e9a6b2004000000059
0002002201518d76018024de004000400059
0001002001593a920209a3bc004000800059
0001001f015e27ae028b9340004000c00059
0000001f01614000030957e4004001000059
0000001f0162800003851c8c004001400059
0000001f016230fc04004130004001800059
ffff002001604000047cc1f8004001c00059
ffff0021015c76c404fbf3c0004002000059
fffe0023015669a805809bd8004002400059
fffd0026014d9918060ebab8002902800059
000300260146210e00e9a6b2004000000059
0002002201518d76018024de004000400059
0001002001593a920209a3bc004000800059
0001001f015e27ae028b9340004000c00059
0000001f01614000030957e4004001000059
0000001f0162800003851c8c004001400059
0000001f016230fc04004130004001800059
ffff002001604000047cc1f8004001c00059
ffff0021015c76c404fbf3c0004002000059
fffe0023015669a805809bd8004002400059
fffd0026014d9918060ebab8002902800059
000300260148a05a00e9a6b200400000005a
000200220153ad76018024de00400040005a
00010020015b400002099e5000400080005a
0001001f016047ae028b9340004000c0005a
0000001f01634000030957e400400100005a
0000001f0164800003851c8c00400140005a
0000001f016440000400413000400180005a
ffff0020016243e0047cc1f8004001c0005a
ffff0021015e800004fc0a8000400200005a
fffe00240158a00005809bd800400240005a
fffd0027014fb918060ebe2800290280005a
000300260148a05a00e9a6b200400000005a
000200220153ad76018024de00400040005a
00010020015b400002099e5000400080005a
0001001f016047ae028b9340004000c0005a
0000001f01634000030957e400400100005a
0000001f0164800003851c8c00400140005a
0000001f016440000400413000400180005a
ffff0020016243e0047cc1f8004001c0005a
ffff0021015e800004fc0a8000400200005a
fffe00240158a00005809bd800400240005a
fffd0027014fb918060ebe2800290280005a
000300260148a05a00e9a6b200400000005a
000200220153ad76018024de00400040005a
00010020015b400002099e5000400080005a
0001001f016047ae028b9340004000c0005a
0000001f01634000030957e400400100005a
0000001f0164800003851c8c00400140005a
0000001f016440000400413000400180005a
ffff0020016243e0047cc1f8004001c0005a
ffff0021015e800004fc0a8000400200005a
fffe00240158a00005809bd800400240005a
fffd0027014fb918060ebe2800290280005a
000300260148a05a00e9a6b200400000005a
000200220153ad76018024de00400040005a
00010020015b400002099e5000400080005a
0001001f016047ae028b9340004000c0005a
0000001f01634000030957e400400100005a
0000001f0164800003851c8c00400140005a
0000001f016440000400413000400180005a
ffff0020016243e0047cc1f8004001c0005a
ffff0021015e800004fc0a8000400200005a
fffe00240158a00005809bd800400240005a
fffd0027014fb918060ebe2800290280005a
000300260148a05a00e9a6b200400000005a
000200220153ad76018024de00400040005a
00010020015b400002099e5000400080005a
0001001f016047ae028b9340004000c0005a
0000001f01634000030957e400400100005a
0000001f0164800003851c8c00400140005a
0000001f016440000400413000400180005a
ffff0020016243e0047cc1f8004001c0005a
ffff0021015e800004fc0a8000400200005a
fffe00240158a00005809bd800400240005a
fffd0027014fb918060ebe2800290280005a
000300260148a05a00e9a6b200400000005a
000200220153ad76018024de00400040005a
00010020015b400002099e5000400080005a
0001001f016047ae028b9340004000c0005a
0000001f01634000030957e400400100005a
0000001f0164800003851c8c00400140005a
0000001f016440000400413000400180005a
ffff0020016243e0047cc1f8004001c0005a
ffff0021015e800004fc0a8000400200005a
fffe00240158a00005809bd800400240005a
fffd0027014fb918060ebe2800290280005a
00030026014ae05a00e9870c00400000005b
000200220155e0000180176600400040005b
00010021015d4000020983bc00400080005b
0001001f01624000028b7aec004000c0005b
0000001f01654000030957e400400100005b
0000001f0166800003851c8c00400140005b
ffff001f016640000400413000400180005b
ffff002001644000047cc1f8004001c0005b
ffff00210160800004fc0a8000400200005b
fffe0024015aa9a805809bd800400240005b
fffd00260151fc8c060edab800290280005b
00030026014ae05a00e9870c00400000005b
000200220155e0000180176600400040005b
00010021015d4000020983bc00400080005b
0001001f01624000028b7aec004000c0005b
0000001f01654000030957e400400100005b
0000001f0166800003851c8c00400140005b
ffff001f016640000400413000400180005b
ffff002001644000047cc1f8004001c0005b
ffff00210160800004fc0a8000400200005b
fffe0024015aa9a805809bd800400240005b
fffd00260151fc8c060edab800290280005b
00030026014ae05a00e9870c00400000005b
000200220155e0000180176600400040005b
00010021015d4000020983bc00400080005b
0001001f01624000028b7aec004000c0005b
0000001f01654000030957e400400100005b
0000001f0166800003851c8c00400140005b
ffff001f016640000400413000400180005b
ffff002001644000047cc1f8004001c0005b
ffff00210160800004fc0a8000400200005b
fffe0024015aa9a805809bd800400240005b
fffd00260151fc8c060edab800290280005b
00030026014ae05a00e9870c00400000005b
000200220155e0000180176600400040005b
00010021015d4000020983bc00400080005b
0001001f01624000028b7aec004000c0005b
0000001f01654000030957e400400100005b
0000001f0166800003851c8c00400140005b
ffff001f016640000400413000400180005b
ffff002001644000047cc1f8004001c0005b
ffff00210160800004fc0a8000400200005b
fffe0024015aa9a805809bd800400240005b
fffd00260151fc8c060edab800290280005b
00030026014ae05a00e9870c00400000005b
000200220155e0000180176600400040005b
00010021015d4000020983bc00400080005b
0001001f01624000028b7aec004000c0005b
0000001f01654000030957e400400100005b
0000001f0166800003851c8c00400140005b
ffff001f016640000400413000400180005b
ffff002001644000047cc1f8004001c0005b
ffff00210160800004fc0a8000400200005b
fffe0024015aa9a805809bd800400240005b
fffd00260151fc8c060edab800290280005b
00030026014ae05a00e9870c00400000005b
000200220155e0000180176600400040005b
00010021015d4000020983bc00400080005b
0001001f01624000028b7aec004000c0005b
0000001f01654000030957e400400100005b
0000001f0166800003851c8c00400140005b
ffff001f016640000400413000400180005b
ffff002001644000047cc1f8004001c0005b
ffff00210160800004fc0a8000400200005b
fffe0024015aa9a805809bd800400240005b
fffd00260151fc8c060edab800290280005b
00030026014d205a00e9870c00400000005c
0002002201580000018004de00400040005c
00010021015f5a92020983bc00400080005c
0001001f016447ae028b7aec004000c0005c
0000001f01674000030957e400400100005c
0000001f016881e803851c8c00400140005c
0000001f016840000400523000400180005c
ffff0020016643e0047cc1f8004001c0005c
ffff0021016296c404fc0a8000400200005c
fffe0024015ce00005809bd800400240005c
fffd002601543918060edab800290280005c
00030026014d205a00e9870c00400000005c
0002002201580000018004de00400040005c
00010021015f5a92020983bc00400080005c
0001001f016447ae028b7aec004000c0005c
0000001f01674000030957e400400100005c
0000001f016881e803851c8c00400140005c
0000001f016840000400523000400180005c
ffff0020016643e0047cc1f8004001c0005c
ffff0021016296c404fc0a8000400200005c
fffe0024015ce00005809bd800400240005c
fffd002601543918060edab800290280005c
00030026014d205a00e9870c00400000005c
0002002201580000018004de00400040005c
00010021015f5a92020983bc00400080005c
0001001f016447ae028b7aec004000c0005c
0000001f01674000030957e400400100005c
0000001f016881e803851c8c00400140005c
0000001f016840000400523000400180005c
ffff0020016643e0047cc1f8004001c0005c
ffff0021016296c404fc0a8000400200005c
fffe0024015ce00005809bd800400240005c
fffd002601543918060edab800290280005c
00030026014d205a00e9870c00400000005c
0002002201580000018004de00400040005c
00010021015f5a92020983bc00400080005c
0001001f016447ae028b7aec004000c0005c
0000001f01674000030957e400400100005c
0000001f016881e803851c8c00400140005c
0000001f016840000400523000400180005c
ffff0020016643e0047cc1f8004001c0005c
ffff0021016296c404fc0a8000400200005c
fffe0024015ce00005809bd800400240005c
fffd002601543918060edab800290280005c
00030026014d205a00e9870c00400000005c
0002002201580000018004de00400040005c
00010021015f5a92020983bc00400080005c
0001001f016447ae028b7aec004000c0005c
0000001f01674000030957e400400100005c
0000001f016881e803851c8c00400140005c
0000001f016840000400523000400180005c
ffff0020016643e0047cc1f8004001c0005c
ffff0021016296c404fc0a8000400200005c
fffe0024015ce00005809bd800400240005c
fffd002601543918060edab800290280005c
00030026014d205a00e9870c00400000005c
0002002201580000018004de00400040005c
00010021015f5a92020983bc00400080005c
0001001f016447ae028b7aec004000c0005c
0000001f01674000030957e400400100005c
0000001f016881e803851c8c00400140005c
0000001f016840000400523000400180005c
ffff0020016643e0047cc1f8004001c0005c
ffff0021016296c404fc0a8000400200005c
fffe0024015ce00005809bd800400240005c
fffd002601543918060edab800290280005c
00030026014f60b400e986b200400000005d
00020022015a2000018004de00400040005d
000100210161800002097e5000400080005d
0001001f01666000028b7aec004000c0005d
0000001f016954ca030957e400400100005d
0000001f016aa00003851c8c00400140005d
0000001f016a20000400613000400180005d
ffff0020016843e0047cc1f8004001c0005d
ffff00210164a00004fc13c000400200005d
fffe0024015ee9a80580bbd800400240005d
fffd002701565c8c060edab800290280005d
00030026014f60b400e986b200400000005d
00020022015a2000018004de00400040005d
000100210161800002097e5000400080005d
0001001f01666000028b7aec004000c0005d
0000001f016954ca030957e400400100005d
0000001f016aa00003851c8c00400140005d
0000001f016a20000400613000400180005d
ffff0020016843e0047cc1f8004001c0005d
ffff00210164a00004fc13c000400200005d
fffe0024015ee9a80580bbd800400240005d
fffd002701565c8c060edab800290280005d
00030026014f60b400e986b200400000005d
00020022015a2000018004de00400040005d
000100210161800002097e5000400080005d
0001001f01666000028b7aec004000c0005d
0000001f016954ca030957e400400100005d
0000001f016aa00003851c8c00400140005d
0000001f016a20000400613000400180005d
ffff0020016843e0047cc1f8004001c0005d
ffff00210164a00004fc13c000400200005d
fffe0024015ee9a80580bbd800400240005d
fffd002701565c8c060edab800290280005d
00030026014f60b400e986b200400000005d
00020022015a2000018004de00400040005d
000100210161800002097e5000400080005d
0001001f01666000028b7aec004000c0005d
0000001f016954ca030957e400400100005d
0000001f016aa00003851c8c00400140005d
0000001f016a20000400613000400180005d
ffff0020016843e0047cc1f8004001c0005d
ffff00210164a00004fc13c000400200005d
fffe0024015ee9a80580bbd800400240005d
fffd002701565c8c060edab800290280005d
00030026014f60b400e986b200400000005d
00020022015a2000018004de00400040005d
000100210161800002097e5000400080005d
0001001f01666000028b7aec004000c0005d
0000001f016954ca030957e400400100005d
0000001f016aa00003851c8c00400140005d
0000001f016a20000400613000400180005d
ffff0020016843e0047cc1f8004001c0005d
ffff00210164a00004fc13c000400200005d
fffe0024015ee9a80580bbd800400240005d
fffd002701565c8c060edab800290280005d
00030026014f60b400e986b200400000005d
00020022015a2000018004de00400040005d
000100210161800002097e5000400080005d
0001001f01666000028b7aec004000c0005d
0000001f016954ca030957e400400100005d
0000001f016aa00003851c8c00400140005d
0000001f016a20000400613000400180005d
ffff0020016843e0047cc1f8004001c0005d
ffff00210164a00004fc13c000400200005d
fffe0024015ee9a80580bbd800400240005d
fffd002701565c8c060edab800290280005d
000300260151a0b400e986b200400000005e
00020022015c5aec017ff76600400040005e
0001002101639a92020963bc00400080005e
0001001f01686000028b7340004000c0005e
0000001f016b4000030957e400400100005e
0000001f016c800003851c8c00400140005e
0000001f016c30fc0400613000400180005e
ffff0020016a5c20047cc5d8004001c0005e
ffff00210166b6c404fc13c000400200005e
fffe0024016109a80580bbd800400240005e
fffd002601589c8c060efab800290280005e
000300260151a0b400e986b200400000005e
00020022015c5aec017ff76600400040005e
0001002101639a92020963bc00400080005e
0001001f01686000028b7340004000c0005e
0000001f016b4000030957e400400100005e
0000001f016c800003851c8c00400140005e
0000001f016c30fc0400613000400180005e
ffff0020016a5c20047cc5d8004001c0005e
ffff00210166b6c404fc13c000400200005e
fffe0024016109a80580bbd800400240005e
fffd002601589c8c060efab800290280005e
000300260151a0b400e986b200400000005e
00020022015c5aec017ff76600400040005e
0001002101639a92020963bc00400080005e
0001001f01686000028b7340004000c0005e
0000001f016b4000030957e400400100005e
0000001f016c800003851c8c00400140005e
0000001f016c30fc0400613000400180005e
ffff0020016a5c20047cc5d8004001c0005e
ffff00210166b6c404fc13c000400200005e
fffe0024016109a80580bbd800400240005e
fffd002601589c8c060efab800290280005e
000300260151a0b400e986b200400000005e
00020022015c5aec017ff76600400040005e
0001002101639a92020963bc00400080005e
0001001f01686000028b7340004000c0005e
0000001f016b4000030957e400400100005e
0000001f016c800003851c8c00400140005e
0000001f016c30fc0400613000400180005e
ffff0020016a5c20047cc5d8004001c0005e
ffff00210166b6c404fc13c000400200005e
fffe0024016109a80580bbd800400240005e
fffd002601589c8c060efab800290280005e
000300260151a0b400e986b200400000005e
00020022015c5aec017ff76600400040005e
0001002101639a92020963bc00400080005e
0001001f01686000028b7340004000c0005e
0000001f016b4000030957e400400100005e
0000001f016c800003851c8c00400140005e
0000001f016c30fc0400613000400180005e
ffff0020016a5c20047cc5d8004001c0005e
ffff00210166b6c404fc13c000400200005e
fffe0024016109a80580bbd800400240005e
fffd002601589c8c060efab800290280005e
000300260151a0b400e986b200400000005e
00020022015c5aec017ff76600400040005e
0001002101639a92020963bc00400080005e
0001001f01686000028b7340004000c0005e
0000001f016b4000030957e400400100005e
0000001f016c800003851c8c00400140005e
0000001f016c30fc0400613000400180005e
ffff0020016a5c20047cc5d8004001c0005e
ffff00210166b6c404fc13c000400200005e
fffe0024016109a80580bbd800400240005e
fffd002601589c8c060efab800290280005e
000300260154005a00e9670c00400000005f
00020022015e7aec017fe4de00400040005f
000100210165a000020963bc00400080005f
0001001f016a67ae028b7340004000c0005f
0000001f016d40000309431800400100005f
0000001f016e800003851c8c00400140005f
0000001f016e40000400613000400180005f
ffff0020016c43e0047cc5d8004001c0005f
ffff00210168d6c404fc2a8000400200005f
fffe0024016329a80580bbd800400240005f
fffd0026015abc8c060efab800290280005f
000300260154005a00e9670c00400000005f
00020022015e7aec017fe4de00400040005f
000100210165a000020963bc00400080005f
0001001f016a67ae028b7340004000c0005f
0000001f016d40000309431800400100005f
0000001f016e800003851c8c00400140005f
0000001f016e40000400613000400180005f
ffff0020016c43e0047cc5d8004001c0005f
ffff00210168d6c404fc2a8000400200005f
fffe0024016329a80580bbd800400240005f
fffd0026015abc8c060efab800290280005f
000300260154005a00e9670c00400000005f
00020022015e7aec017fe4de00400040005f
000100210165a000020963bc00400080005f
0001001f016a67ae028b7340004000c0005f
0000001f016d40000309431800400100005f
0000001f016e800003851c8c00400140005f
0000001f016e40000400613000400180005f
ffff0020016c43e0047cc5d8004001c0005f
ffff00210168d6c404fc2a8000400200005f
fffe0024016329a80580bbd800400240005f
fffd0026015abc8c060efab800290280005f
000300260154005a00e9670c00400000005f
00020022015e7aec017fe4de00400040005f
000100210165a000020963bc00400080005f
0001001f016a67ae028b7340004000c0005f
0000001f016d40000309431800400100005f
0000001f016e800003851c8c00400140005f
0000001f016e40000400613000400180005f
ffff0020016c43e0047cc5d8004001c0005f
ffff00210168d6c404fc2a8000400200005f
fffe0024016329a80580bbd800400240005f
fffd0026015abc8c060efab800290280005f
000300260154005a00e9670c00400000005f
00020022015e7aec017fe4de00400040005f
000100210165a000020963bc00400080005f
0001001f016a67ae028b7340004000c0005f
0000001f016d40000309431800400100005f
0000001f016e800003851c8c00400140005f
0000001f016e40000400613000400180005f
ffff0020016c43e0047cc5d8004001c0005f
ffff00210168d6c404fc2a8000400200005f
fffe0024016329a80580bbd800400240005f
fffd0026015abc8c060efab800290280005f
000300260154005a00e9670c00400000005f
00020022015e7aec017fe4de00400040005f
000100210165a000020963bc00400080005f
0001001f016a67ae028b7340004000c0005f
0000001f016d40000309431800400100005f
0000001f016e800003851c8c00400140005f
0000001f016e40000400613000400180005f
ffff0020016c43e0047cc5d8004001c0005f
ffff00210168d6c404fc2a8000400200005f
fffe0024016329a80580bbd800400240005f
fffd0026015abc8c060efab800290280005f
000300260156405a00e9670c004000000060
000200220160ad76017fe4de004000400060
000100210167ba92020963bc004000800060
0001001f016c8000028b5aec004000c00060
0000001f016f54ca03094318004001000060
0000001f0170800003851c8c004001400060
0000001f0170400004006130004001800060
ffff0020016e6000047ce1f8004001c00060
ffff0021016ad6c404fc2a80004002000060
fffe0024016549a80580bbd8004002400060
fffd0026015cf918060efab8002902800060
000300260156405a00e9670c004000000060
000200220160ad76017fe4de004000400060
000100210167ba92020963bc004000800060
0001001f016c8000028b5aec004000c00060
0000001f016f54ca03094318004001000060
0000001f0170800003851c8c004001400060
0000001f0170400004006130004001800060
ffff0020016e6000047ce1f8004001c00060
ffff0021016ad6c404fc2a80004002000060
fffe0024016549a80580bbd8004002400060
fffd0026015cf918060efab8002902800060
000300260156405a00e9670c004000000060
000200220160ad76017fe4de004000400060
000100210167ba92020963bc004000800060
0001001f016c8000028b5aec004000c00060
0000001f016f54ca03094318004001000060
0000001f0170800003851c8c004001400060
0000001f0170400004006130004001800060
ffff0020016e6000047ce1f8004001c00060
ffff0021016ad6c404fc2a80004002000060
fffe0024016549a80580bbd8004002400060
fffd0026015cf918060efab8002902800060
000300260156405a00e9670c004000000060
000200220160ad76017fe4de004000400060
000100210167ba92020963bc004000800060
0001001f016c8000028b5aec004000c00060
0000001f016f54ca03094318004001000060
0000001f0170800003851c8c004001400060
0000001f0170400004006130004001800060
ffff0020016e6000047ce1f8004001c00060
ffff0021016ad6c404fc2a80004002000060
fffe0024016549a80580bbd8004002400060
fffd0026015cf918060efab8002902800060
000300260156405a00e9670c004000000060
000200220160ad76017fe4de004000400060
000100210167ba92020963bc004000800060
0001001f016c8000028b5aec004000c00060
0000001f016f54ca03094318004001000060
0000001f0170800003851c8c004001400060
0000001f0170400004006130004001800060
ffff0020016e6000047ce1f8004001c00060
ffff0021016ad6c404fc2a80004002000060
fffe0024016549a80580bbd8004002400060
fffd0026015cf918060efab8002902800060
000300260156405a00e9670c004000000060
000200220160ad76017fe4de004000400060
000100210167ba92020963bc004000800060
0001001f016c8000028b5aec004000c00060
0000001f016f54ca03094318004001000060
0000001f0170800003851c8c004001400060
0000001f0170400004006130004001800060
ffff0020016e6000047ce1f8004001c00060
ffff0021016ad6c404fc2a80004002000060
fffe0024016549a80580bbd8004002400060
fffd0026015cf918060efab8002902800060
000300260158a00000e966b2004000000061
000200220162daec017fe4de004000400061
000100210169e00002095e50004000800061
0001001f016e8000028b5aec004000c00061
0000001f01716000030937e4004001000061
0000001f0172800003851aa4004001400061
0000001f0172200004006130004001800061
ffff0020017063e0047ce1f8004001c00061
ffff0021016ce00004fc2a80004002000061
fffe0024016769a80580dbd8004002400061
fffd0027015f2000060efe28002902800061
000300260158a00000e966b2004000000061
000200220162daec017fe4de004000400061
000100210169e00002095e50004000800061
0001001f016e8000028b5aec004000c00061
0000001f01716000030937e4004001000061
0000001f0172800003851aa4004001400061
0000001f0172200004006130004001800061
ffff0020017063e0047ce1f8004001c00061
ffff0021016ce00004fc2a80004002000061
fffe0024016769a80580dbd8004002400061
fffd0027015f2000060efe28002902800061
000300260158a00000e966b2004000000061
000200220162daec017fe4de004000400061
000100210169e00002095e50004000800061
0001001f016e8000028b5aec004000c00061
0000001f01716000030937e4004001000061
0000001f0172800003851aa4004001400061
0000001f0172200004006130004001800061
ffff0020017063e0047ce1f8004001c00061
ffff0021016ce00004fc2a80004002000061
fffe0024016769a80580dbd8004002400061
fffd0027015f2000060efe28002902800061
000300260158a00000e966b2004000000061
000200220162daec017fe4de004000400061
000100210169e00002095e50004000800061
0001001f016e8000028b5aec004000c00061
0000001f01716000030937e4004001000061
0000001f0172800003851aa4004001400061
0000001f0172200004006130004001800061
ffff0020017063e0047ce1f8004001c00061
ffff0021016ce00004fc2a80004002000061
fffe0024016769a80580dbd8004002400061
fffd0027015f2000060efe28002902800061
000300260158a00000e966b2004000000061
000200220162daec017fe4de004000400061
000100210169e00002095e50004000800061
0001001f016e8000028b5aec004000c00061
0000001f01716000030937e4004001000061
0000001f0172800003851aa4004001400061
0000001f0172200004006130004001800061
ffff0020017063e0047ce1f8004001c00061
ffff0021016ce00004fc2a80004002000061
fffe0024016769a80580dbd8004002400061
fffd0027015f2000060efe28002902800061
000300260158a00000e966b2004000000061
000200220162daec017fe4de004000400061
000100210169e00002095e50004000800061
0001001f016e8000028b5aec004000c00061
0000001f01716000030937e4004001000061
0000001f0172800003851aa4004001400061
0000001f0172200004006130004001800061
ffff0020017063e0047ce1f8004001c00061
ffff0021016ce00004fc2a80004002000061
fffe0024016769a80580dbd8004002400061
fffd0027015f2000060efe28002902800061
00030026015ac0b400e9470c004000000062
000200220164faec017fd766004000400062
00010021016bfa92020943bc004000800062
0001001f017087ae028b5aec004000c00062
0000001f01734000030937e4004001000062
0000001f01747e1803851aa4004001400062
0000001f0174200004006130004001800062
ffff002001726000047ce1f8004001c00062
ffff0021016f000004fc33c0004002000062
fffe0024016980000580dbd8004002400062
fffd002701617918060efe28002902800062
00030026015ac0b400e9470c004000000062
000200220164faec017fd766004000400062
00010021016bfa92020943bc004000800062
0001001f017087ae028b5aec004000c00062
0000001f01734000030937e4004001000062
0000001f01747e1803851aa4004001400062
0000001f0174200004006130004001800062
ffff002001726000047ce1f8004001c00062
ffff0021016f000004fc33c0004002000062
fffe0024016980000580dbd8004002400062
fffd002701617918060efe28002902800062
00030026015ac0b400e9470c004000000062
000200220164faec017fd766004000400062
00010021016bfa92020943bc004000800062
0001001f017087ae028b5aec004000c00062
0000001f01734000030937e4004001000062
0000001f01747e1803851aa4004001400062
0000001f0174200004006130004001800062
ffff002001726000047ce1f8004001c00062
ffff0021016f000004fc33c0004002000062
fffe0024016980000580dbd8004002400062
fffd002701617918060efe28002902800062
00030026015ac0b400e9470c004000000062
000200220164faec017fd766004000400062
00010021016bfa92020943bc004000800062
0001001f017087ae028b5aec004000c00062
0000001f01734000030937e4004001000062
0000001f01747e1803851aa4004001400062
0000001f0174200004006130004001800062
ffff002001726000047ce1f8004001c00062
ffff0021016f000004fc33c0004002000062
fffe0024016980000580dbd8004002400062
fffd002701617918060efe28002902800062
00030026015ac0b400e9470c004000000062
000200220164faec017fd766004000400062
00010021016bfa92020943bc004000800062
0001001f017087ae028b5aec004000c00062
0000001f01734000030937e4004001000062
0000001f01747e1803851aa4004001400062
0000001f0174200004006130004001800062
ffff002001726000047ce1f8004001c00062
ffff0021016f000004fc33c0004002000062
fffe0024016980000580dbd8004002400062
fffd002701617918060efe28002902800062
00030026015ac0b400e9470c004000000062
000200220164faec017fd766004000400062
00010021016bfa92020943bc004000800062
0001001f017087ae028b5aec004000c00062
0000001f01734000030937e4004001000062
0000001f01747e1803851aa4004001400062
0000001f0174200004006130004001800062
ffff002001726000047ce1f8004001c00062
ffff0021016f000004fc33c0004002000062
fffe0024016980000580dbd8004002400062
fffd002701617918060efe28002902800062
00030026015d205a00e9470c004000000063
0002002201674000017fc4de004000400063
00010021016e0000020943bc004000800063
0001001f0172a000028b5340004000c00063
0000001f017554ca030937e4004001000063
0000001f0176800003851aa4004001400063
0000001f017630fc04006130004001800063
ffff002001746000047ce1f8004001c00063
ffff00210170f6c404fc33c0004002000063
fffe0024016b89a80580dbd8004002400063
fffd002601639c8c060f1ab8002902800063
00030026015d205a00e9470c004000000063
0002002201674000017fc4de004000400063
00010021016e0000020943bc004000800063
0001001f0172a000028b5340004000c00063
0000001f017554ca030937e4004001000063
0000001f0176800003851aa4004001400063
0000001f017630fc04006130004001800063
ffff002001746000047ce1f8004001c00063
ffff00210170f6c404fc33c0004002000063
fffe0024016b89a80580dbd8004002400063
fffd002601639c8c060f1ab8002902800063
00030026015d205a00e9470c004000000063
0002002201674000017fc4de004000400063
00010021016e0000020943bc004000800063
0001001f0172a000028b5340004000c00063
0000001f017554ca030937e4004001000063
0000001f0176800003851aa4004001400063
0000001f017630fc04006130004001800063
ffff002001746000047ce1f8004001c00063
ffff00210170f6c404fc33c0004002000063
fffe0024016b89a80580dbd8004002400063
fffd002601639c8c060f1ab8002902800063
00030026015d205a00e9470c004000000063
0002002201674000017fc4de004000400063
00010021016e0000020943bc004000800063
0001001f0172a000028b5340004000c00063
0000001f017554ca030937e4004001000063
0000001f0176800003851aa4004001400063
0000001f017630fc04006130004001800063
ffff002001746000047ce1f8004001c00063
ffff00210170f6c404fc33c0004002000063
fffe0024016b89a80580dbd8004002400063
fffd002601639c8c060f1ab8002902800063
00030026015d205a00e9470c004000000063
0002002201674000017fc4de004000400063
00010021016e0000020943bc004000800063
0001001f0172a000028b5340004000c00063
0000001f017554ca030937e4004001000063
0000001f0176800003851aa4004001400063
0000001f017630fc04006130004001800063
ffff002001746000047ce1f8004001c00063
ffff00210170f6c404fc33c0004002000063
fffe0024016b89a80580dbd8004002400063
fffd002601639c8c060f1ab8002902800063
00030026015d205a00e9470c004000000063
0002002201674000017fc4de004000400063
00010021016e0000020943bc004000800063
0001001f0172a000028b5340004000c00063
0000001f017554ca030937e4004001000063
0000001f0176800003851aa4004001400063
0000001f017630fc04006130004001800063
ffff002001746000047ce1f8004001c00063
ffff00210170f6c404fc33c0004002000063
fffe0024016b89a80580dbd8004002400063
fffd002601639c8c060f1ab8002902800063
00020026015f605a00e9470c004000000064
0002002201694d76017fc4de004000400064
0001002101701a92020943bc004000800064
0001001f0174a000028b5340004000c00064
0000001f01776000030937e4004001000064
0000001f017880000384fc8c004001400064
0000001f0178400004006130004001800064
ffff0020017663e0047ce1f8004001c00064
ffff0021017316c404fc4a80004002000064
fffe0023016dc0000580fbd8004002400064
fffd00260165dc8c060f1ab8002902800064
00020026015f605a00e9470c004000000064
0002002201694d76017fc4de004000400064
0001002101701a92020943bc004000800064
0001001f0174a000028b5340004000c00064
0000001f01776000030937e4004001000064
0000001f017880000384fc8c004001400064
0000001f0178400004006130004001800064
ffff0020017663e0047ce1f8004001c00064
ffff0021017316c404fc4a80004002000064
fffe0023016dc0000580fbd8004002400064
fffd00260165dc8c060f1ab8002902800064
00020026015f605a00e9470c004000000064
0002002201694d76017fc4de004000400064
0001002101701a92020943bc004000800064
0001001f0174a000028b5340004000c00064
0000001f01776000030937e4004001000064
0000001f017880000384fc8c004001400064
0000001f0178400004006130004001800064
ffff0020017663e0047ce1f8004001c00064
ffff0021017316c404fc4a80004002000064
fffe0023016dc0000580fbd8004002400064
fffd00260165dc8c060f1ab8002902800064
00020026015f605a00e9470c004000000064
0002002201694d76017fc4de004000400064
0001002101701a92020943bc004000800064
0001001f0174a000028b5340004000c00064
0000001f01776000030937e4004001000064
0000001f017880000384fc8c004001400064
0000001f0178400004006130004001800064
ffff0020017663e0047ce1f8004001c00064
ffff0021017316c404fc4a80004002000064
fffe0023016dc0000580fbd8004002400064
fffd00260165dc8c060f1ab8002902800064
00020026015f605a00e9470c004000000064
0002002201694d76017fc4de004000400064
0001002101701a92020943bc004000800064
0001001f0174a000028b5340004000c00064
0000001f01776000030937e4004001000064
0000001f017880000384fc8c004001400064
0000001f0178400004006130004001800064
ffff0020017663e0047ce1f8004001c00064
ffff0021017316c404fc4a80004002000064
fffe0023016dc0000580fbd8004002400064
fffd00260165dc8c060f1ab8002902800064
00020026015f605a00e9470c004000000064
0002002201694d76017fc4de004000400064
0001002101701a92020943bc004000800064
0001001f0174a000028b5340004000c00064
0000001f01776000030937e4004001000064
0000001f017880000384fc8c004001400064
0000001f0178400004006130004001800064
ffff0020017663e0047ce1f8004001c00064
ffff0021017316c404fc4a80004002000064
fffe0023016dc0000580fbd8004002400064
fffd00260165dc8c060f1ab8002902800064
000200260161c00000e946b2004000000065
00020022016b8000017fb766004000400065
0001002101724000020943bc004000800065
0001001f0176a000028b5340004000c00065
0000001f01796000030937e4004001000065
0000001f017a80000384fc8c004001400065
0000001f017a400004006130004001800065
ffff002001788000047ce5d8004001c00065
ffff00210175200004fc4a80004002000065
fffe0024016fc9a80580fbd8004002400065
fffd00260167fc8c060f1e28002902800065
000200260161c00000e946b2004000000065
00020022016b8000017fb766004000400065
0001002101724000020943bc004000800065
0001001f0176a000028b5340004000c00065
0000001f01796000030937e4004001000065
0000001f017a80000384fc8c004001400065
0000001f017a400004006130004001800065
ffff002001788000047ce5d8004001c00065
ffff00210175200004fc4a80004002000065
fffe0024016fc9a80580fbd8004002400065
fffd00260167fc8c060f1e28002902800065
000200260161c00000e946b2004000000065
00020022016b8000017fb766004000400065
0001002101724000020943bc004000800065
0001001f0176a000028b5340004000c00065
0000001f01796000030937e4004001000065
0000001f017a80000384fc8c004001400065
0000001f017a400004006130004001800065
ffff002001788000047ce5d8004001c00065
ffff00210175200004fc4a80004002000065
fffe0024016fc9a80580fbd8004002400065
fffd00260167fc8c060f1e28002902800065
000200260161c00000e946b2004000000065
00020022016b8000017fb766004000400065
0001002101724000020943bc004000800065
0001001f0176a000028b5340004000c00065
0000001f01796000030937e4004001000065
0000001f017a80000384fc8c004001400065
0000001f017a400004006130004001800065
ffff002001788000047ce5d8004001c00065
ffff00210175200004fc4a80004002000065
fffe0024016fc9a80580fbd8004002400065
fffd00260167fc8c060f1e28002902800065
000200260161c00000e946b2004000000065
00020022016b8000017fb766004000400065
0001002101724000020943bc004000800065
0001001f0176a000028b5340004000c00065
0000001f01796000030937e4004001000065
0000001f017a80000384fc8c004001400065
0000001f017a400004006130004001800065
ffff002001788000047ce5d8004001c00065
ffff00210175200004fc4a80004002000065
fffe0024016fc9a80580fbd8004002400065
fffd00260167fc8c060f1e28002902800065
000200260161c00000e946b2004000000065
00020022016b8000017fb766004000400065
0001002101724000020943bc004000800065
0001001f0176a000028b5340004000c00065
0000001f01796000030937e4004001000065
0000001f017a80000384fc8c004001400065
0000001f017a400004006130004001800065
ffff002001788000047ce5d8004001c00065
ffff00210175200004fc4a80004002000065
fffe0024016fc9a80580fbd8004002400065
fffd00260167fc8c060f1e28002902800065
000200260164005a00e946b2004000000066
00020022016dad76017fa4de004000400066
0001002101745a92020923bc004000800066
0001001f0178a7ae028b3aec004000c00066
0000001f017b4000030937e4004001000066
0000001f017c80000384fc8c004001400066
0000001f017c200004006130004001800066
ffff0020017a63e0047ce5d8004001c00066
ffff0021017736c404fc53c0004002000066
fffe0024017200000580fbd8004002400066
fffd0026016a3c8c060f3ab8002902800066
000200260164005a00e946b2004000000066
00020022016dad76017fa4de004000400066
0001002101745a92020923bc004000800066
0001001f0178a7ae028b3aec004000c00066
0000001f017b4000030937e4004001000066
0000001f017c80000384fc8c004001400066
0000001f017c200004006130004001800066
ffff0020017a63e0047ce5d8004001c00066
ffff0021017736c404fc53c0004002000066
fffe0024017200000580fbd8004002400066
fffd0026016a3c8c060f3ab8002902800066
000200260164005a00e946b2004000000066
00020022016dad76017fa4de004000400066
0001002101745a92020923bc004000800066
0001001f0178a7ae028b3aec004000c00066
0000001f017b4000030937e4004001000066
0000001f017c80000384fc8c004001400066
0000001f017c200004006130004001800066
ffff0020017a63e0047ce5d8004001c00066
ffff0021017736c404fc53c0004002000066
fffe0024017200000580fbd8004002400066
fffd0026016a3c8c060f3ab8002902800066
000200260164005a00e946b2004000000066
00020022016dad76017fa4de004000400066
0001002101745a92020923bc004000800066
0001001f0178a7ae028b3aec004000c00066
0000001f017b4000030937e4004001000066
0000001f017c80000384fc8c004001400066
0000001f017c200004006130004001800066
ffff0020017a63e0047ce5d8004001c00066
ffff0021017736c404fc53c0004002000066
fffe0024017200000580fbd8004002400066
fffd0026016a3c8c060f3ab8002902800066
000200260164005a00e946b2004000000066
00020022016dad76017fa4de004000400066
0001002101745a92020923bc004000800066
0001001f0178a7ae028b3aec004000c00066
0000001f017b4000030937e4004001000066
0000001f017c80000384fc8c004001400066
0000001f017c200004006130004001800066
ffff0020017a63e0047ce5d8004001c00066
ffff0021017736c404fc53c0004002000066
fffe0024017200000580fbd8004002400066
fffd0026016a3c8c060f3ab8002902800066
000200260164005a00e946b2004000000066
00020022016dad76017fa4de004000400066
0001002101745a92020923bc004000800066
0001001f0178a7ae028b3aec004000c00066
0000001f017b4000030937e4004001000066
0000001f017c80000384fc8c004001400066
0000001f017c200004006130004001800066
ffff0020017a63e0047ce5d8004001c00066
ffff0021017736c404fc53c0004002000066
fffe0024017200000580fbd8004002400066
fffd0026016a3c8c060f3ab8002902800066
00020026016620b400e9270c004000000067
00020022016fcd76017fa4de004000400067
0001002101766000020923bc004000800067
00010020017ac000028b3340004000c00067
0000001f017d54ca03092318004001000067
0000001f017e80000384fc8c004001400067
0000001f017e200004006130004001800067
ffff0020017c8000047d01f8004001c00067
ffff0021017936c404fc53c0004002000067
fffe0024017409a80580fbd8004002400067
fffd0026016c7c8c060f3ab8002902800067
00020026016620b400e9270c004000000067
00020022016fcd76017fa4de004000400067
0001002101766000020923bc004000800067
00010020017ac000028b3340004000c00067
0000001f017d54ca03092318004001000067
0000001f017e80000384fc8c004001400067
0000001f017e200004006130004001800067
ffff0020017c8000047d01f8004001c00067
ffff0021017936c404fc53c0004002000067
fffe0024017409a80580fbd8004002400067
fffd0026016c7c8c060f3ab8002902800067
00020026016620b400e9270c004000000067
00020022016fcd76017fa4de004000400067
0001002101766000020923bc004000800067
00010020017ac000028b3340004000c00067
0000001f017d54ca03092318004001000067
0000001f017e80000384fc8c004001400067
0000001f017e200004006130004001800067
ffff0020017c8000047d01f8004001c00067
ffff0021017936c404fc53c0004002000067
fffe0024017409a80580fbd8004002400067
fffd0026016c7c8c060f3ab8002902800067
00020026016620b400e9270c004000000067
00020022016fcd76017fa4de004000400067
0001002101766000020923bc004000800067
00010020017ac000028b3340004000c00067
0000001f017d54ca03092318004001000067
0000001f017e80000384fc8c004001400067
0000001f017e200004006130004001800067
ffff0020017c8000047d01f8004001c00067
ffff0021017936c404fc53c0004002000067
fffe0024017409a80580fbd8004002400067
fffd0026016c7c8c060f3ab8002902800067
00020026016620b400e9270c004000000067
00020022016fcd76017fa4de004000400067
0001002101766000020923bc004000800067
00010020017ac000028b3340004000c00067
0000001f017d54ca03092318004001000067
0000001f017e80000384fc8c004001400067
0000001f017e200004006130004001800067
ffff0020017c8000047d01f8004001c00067
ffff0021017936c404fc53c0004002000067
fffe0024017409a80580fbd8004002400067
fffd0026016c7c8c060f3ab8002902800067
00020026016620b400e9270c004000000067
00020022016fcd76017fa4de004000400067
0001002101766000020923bc004000800067
00010020017ac000028b3340004000c00067
0000001f017d54ca03092318004001000067
0000001f017e80000384fc8c004001400067
0000001f017e200004006130004001800067
ffff0020017c8000047d01f8004001c00067
ffff0021017936c404fc53c0004002000067
fffe0024017409a80580fbd8004002400067
fffd0026016c7c8c060f3ab8002902800067
000200260168805a00e9270c004000000068
0002002201720000017fa4de004000400068
0001002101786000020923bc004000800068
00010020017cc000028b3340004000c00068
0000001f017f600003092318004001000068
0000001f018060000384fc8c004001400068
0000001f018030fc04006130004001800068
ffff0020017e8000047d01f8004001c00068
ffff0021017b400004fc6a80004002000068
fffe00230176400005811bd8004002400068
fffd0026016eb918060f3ab8002902800068
000200260168805a00e9270c004000000068
0002002201720000017fa4de004000400068
0001002101786000020923bc004000800068
00010020017cc000028b3340004000c00068
0000001f017f600003092318004001000068
0000001f018060000384fc8c004001400068
0000001f018030fc04006130004001800068
ffff0020017e8000047d01f8004001c00068
ffff0021017b400004fc6a80004002000068
fffe00230176400005811bd8004002400068
fffd0026016eb918060f3ab8002902800068
000200260168805a00e9270c004000000068
0002002201720000017fa4de004000400068
0001002101786000020923bc004000800068
00010020017cc000028b3340004000c00068
0000001f017f600003092318004001000068
0000001f018060000384fc8c004001400068
0000001f018030fc04006130004001800068
ffff0020017e8000047d01f8004001c00068
ffff0021017b400004fc6a80004002000068
fffe00230176400005811bd8004002400068
fffd0026016eb918060f3ab8002902800068
000200260168805a00e9270c004000000068
0002002201720000017fa4de004000400068
0001002101786000020923bc004000800068
00010020017cc000028b3340004000c00068
0000001f017f600003092318004001000068
0000001f018060000384fc8c004001400068
0000001f018030fc04006130004001800068
ffff0020017e8000047d01f8004001c00068
ffff0021017b400004fc6a80004002000068
fffe00230176400005811bd8004002400068
fffd0026016eb918060f3ab8002902800068
000200260168805a00e9270c004000000068
0002002201720000017fa4de004000400068
0001002101786000020923bc004000800068
00010020017cc000028b3340004000c00068
0000001f017f600003092318004001000068
0000001f018060000384fc8c004001400068
0000001f018030fc04006130004001800068
ffff0020017e8000047d01f8004001c00068
ffff0021017b400004fc6a80004002000068
fffe00230176400005811bd8004002400068
fffd0026016eb918060f3ab8002902800068
000200260168805a00e9270c004000000068
0002002201720000017fa4de004000400068
0001002101786000020923bc004000800068
00010020017cc000028b3340004000c00068
0000001f017f600003092318004001000068
0000001f018060000384fc8c004001400068
0000001f018030fc04006130004001800068
ffff0020017e8000047d01f8004001c00068
ffff0021017b400004fc6a80004002000068
fffe00230176400005811bd8004002400068
fffd0026016eb918060f3ab8002902800068
00020026016ae00000e926b2004000000069
0002002201742d76017f9766004000400069
00010021017a9a92020903bc004000800069
0001001f017ec7ae028b3340004000c00069
0000001f01814b36030917e4004001000069
0000001f018280000384fc8c004001400069
0000001f0182400004006130004001800069
ffff0020018083e0047d01f8004001c00069
ffff0021017d600004fc6a80004002000069
fffe00240178535005811bd8004002400069
fffd00260170e000060f3e28002902800069
00020026016ae00000e926b2004000000069
0002002201742d76017f9766004000400069
00010021017a9a92020903bc004000800069
0001001f017ec7ae028b3340004000c00069
0000001f01814b36030917e4004001000069
0000001f018280000384fc8c004001400069
0000001f0182400004006130004001800069
ffff0020018083e0047d01f8004001c00069
ffff0021017d600004fc6a80004002000069
fffe00240178535005811bd8004002400069
fffd00260170e000060f3e28002902800069
00020026016ae00000e926b2004000000069
0002002201742d76017f9766004000400069
00010021017a9a92020903bc004000800069
0001001f017ec7ae028b3340004000c00069
0000001f01814b36030917e4004001000069
0000001f018280000384fc8c004001400069
0000001f0182400004006130004001800069
ffff0020018083e0047d01f8004001c00069
ffff0021017d600004fc6a80004002000069
fffe00240178535005811bd8004002400069
fffd00260170e000060f3e28002902800069
00020026016ae00000e926b2004000000069
0002002201742d76017f9766004000400069
00010021017a9a92020903bc004000800069
0001001f017ec7ae028b3340004000c00069
0000001f01814b36030917e4004001000069
0000001f018280000384fc8c004001400069
0000001f0182400004006130004001800069
ffff0020018083e0047d01f8004001c00069
ffff0021017d600004fc6a80004002000069
fffe00240178535005811bd8004002400069
fffd00260170e000060f3e28002902800069
00020026016ae00000e926b2004000000069
0002002201742d76017f9766004000400069
00010021017a9a92020903bc004000800069
0001001f017ec7ae028b3340004000c00069
0000001f01814b36030917e4004001000069
0000001f018280000384fc8c004001400069
0000001f0182400004006130004001800069
ffff0020018083e0047d01f8004001c00069
ffff0021017d600004fc6a80004002000069
fffe00240178535005811bd8004002400069
fffd00260170e000060f3e28002902800069
00020026016ae00000e926b2004000000069
0002002201742d76017f9766004000400069
00010021017a9a92020903bc004000800069
0001001f017ec7ae028b3340004000c00069
0000001f01814b36030917e4004001000069
0000001f018280000384fc8c004001400069
0000001f0182400004006130004001800069
ffff0020018083e0047d01f8004001c00069
ffff0021017d600004fc6a80004002000069
fffe00240178535005811bd8004002400069
fffd00260170e000060f3e28002902800069
00020026016d20b400e926b200400000006a
0002002201766d76017f84de00400040006a
00010021017cba92020903bc00400080006a
000100200180e000028b1aec004000c0006a
0000001f018354ca030917e400400100006a
0000001f018480000384fc8c00400140006a
0000001f018440000400613000400180006a
ffff002001828000047d01f8004001c0006a
ffff0021017f56c404fc6a8000400200006a
fffe0024017a800005811bd800400240006a
fffe002601733918060f5ab800290280006a
00020026016d20b400e926b200400000006a
0002002201766d76017f84de00400040006a
00010021017cba92020903bc00400080006a
000100200180e000028b1aec004000c0006a
0000001f018354ca030917e400400100006a
0000001f018480000384fc8c00400140006a
0000001f018440000400613000400180006a
ffff002001828000047d01f8004001c0006a
ffff0021017f56c404fc6a8000400200006a
fffe0024017a800005811bd800400240006a
fffe002601733918060f5ab800290280006a
00020026016d20b400e926b200400000006a
0002002201766d76017f84de00400040006a
00010021017cba92020903bc00400080006a
000100200180e000028b1aec004000c0006a
0000001f018354ca030917e400400100006a
0000001f018480000384fc8c00400140006a
0000001f018440000400613000400180006a
ffff002001828000047d01f8004001c0006a
ffff0021017f56c404fc6a8000400200006a
fffe0024017a800005811bd800400240006a
fffe002601733918060f5ab800290280006a
00020026016d20b400e926b200400000006a
0002002201766d76017f84de00400040006a
00010021017cba92020903bc00400080006a
000100200180e000028b1aec004000c0006a
0000001f018354ca030917e400400100006a
0000001f018480000384fc8c00400140006a
0000001f018440000400613000400180006a
ffff002001828000047d01f8004001c0006a
ffff0021017f56c404fc6a8000400200006a
fffe0024017a800005811bd800400240006a
fffe002601733918060f5ab800290280006a
00020026016d20b400e926b200400000006a
0002002201766d76017f84de00400040006a
00010021017cba92020903bc00400080006a
000100200180e000028b1aec004000c0006a
0000001f018354ca030917e400400100006a
0000001f018480000384fc8c00400140006a
0000001f018440000400613000400180006a
ffff002001828000047d01f8004001c0006a
ffff0021017f56c404fc6a8000400200006a
fffe0024017a800005811bd800400240006a
fffe002601733918060f5ab800290280006a
00020026016d20b400e926b200400000006a
0002002201766d76017f84de00400040006a
00010021017cba92020903bc00400080006a
000100200180e000028b1aec004000c0006a
0000001f018354ca030917e400400100006a
0000001f018480000384fc8c00400140006a
0000001f018440000400613000400180006a
ffff002001828000047d01f8004001c0006a
ffff0021017f56c404fc6a8000400200006a
fffe0024017a800005811bd800400240006a
fffe002601733918060f5ab800290280006a
00020026016f605a00e9070c00400000006b
0002002201788d76017f84de00400040006b
00010021017eba92020903bc00400080006b
0001001f0182e000028b1aec004000c0006b
0000001f01856000030917e400400100006b
0000001f018680000384fc8c00400140006b
0000001f01862f040400613000400180006b
ffff0020018483e0047d01f8004001c0006b
ffff0021018176c404fc73c000400200006b
fffe0024017ca9a805811bd800400240006b
fffe002601754000060f5ab800290280006b
00020026016f605a00e9070c00400000006b
0002002201788d76017f84de00400040006b
00010021017eba92020903bc00400080006b
0001001f0182e000028b1aec004000c0006b
0000001f01856000030917e400400100006b
0000001f018680000384fc8c00400140006b
0000001f01862f040400613000400180006b
ffff0020018483e0047d01f8004001c0006b
ffff0021018176c404fc73c000400200006b
fffe0024017ca9a805811bd800400240006b
fffe002601754000060f5ab800290280006b
00020026016f605a00e9070c00400000006b
0002002201788d76017f84de00400040006b
00010021017eba92020903bc00400080006b
0001001f0182e000028b1aec004000c0006b
0000001f01856000030917e400400100006b
0000001f018680000384fc8c00400140006b
0000001f01862f040400613000400180006b
ffff0020018483e0047d01f8004001c0006b
ffff0021018176c404fc73c000400200006b
fffe0024017ca9a805811bd800400240006b
fffe002601754000060f5ab800290280006b
00020026016f605a00e9070c00400000006b
0002002201788d76017f84de00400040006b
00010021017eba92020903bc00400080006b
0001001f0182e000028b1aec004000c0006b
0000001f01856000030917e400400100006b
0000001f018680000384fc8c00400140006b
0000001f01862f040400613000400180006b
ffff0020018483e0047d01f8004001c0006b
ffff0021018176c404fc73c000400200006b
fffe0024017ca9a805811bd800400240006b
fffe002601754000060f5ab800290280006b
00020026016f605a00e9070c00400000006b
0002002201788d76017f84de00400040006b
00010021017eba92020903bc00400080006b
0001001f0182e000028b1aec004000c0006b
0000001f01856000030917e400400100006b
0000001f018680000384fc8c00400140006b
0000001f01862f040400613000400180006b
ffff0020018483e0047d01f8004001c0006b
ffff0021018176c404fc73c000400200006b
fffe0024017ca9a805811bd800400240006b
fffe002601754000060f5ab800290280006b
00020026016f605a00e9070c00400000006b
0002002201788d76017f84de00400040006b
00010021017eba92020903bc00400080006b
0001001f0182e000028b1aec004000c0006b
0000001f01856000030917e400400100006b
0000001f018680000384fc8c00400140006b
0000001f01862f040400613000400180006b
ffff0020018483e0047d01f8004001c0006b
ffff0021018176c404fc73c000400200006b
fffe0024017ca9a805811bd800400240006b
fffe002601754000060f5ab800290280006b
000200260171a05a00e9070c00400000006c
00020022017aad76017f776600400040006c
000100210180e000020903bc00400080006c
0001001f0184e7ae028b1aec004000c0006c
0000001f01876000030917e400400100006c
0000001f018880000384fc8c00400140006c
0000001f018820000400613000400180006c
ffff00200186a000047d01f8004001c0006c
ffff0021018396c404fc73c000400200006c
fffe0024017ec00005813bd800400240006c
fffe002601777c8c060f5e2800290280006c
000200260171a05a00e9070c00400000006c
00020022017aad76017f776600400040006c
000100210180e000020903bc00400080006c
0001001f0184e7ae028b1aec004000c0006c
0000001f01876000030917e400400100006c
0000001f018880000384fc8c00400140006c
0000001f018820000400613000400180006c
ffff00200186a000047d01f8004001c0006c
ffff0021018396c404fc73c000400200006c
fffe0024017ec00005813bd800400240006c
fffe002601777c8c060f5e2800290280006c
000200260171a05a00e9070c00400000006c
00020022017aad76017f776600400040006c
000100210180e000020903bc00400080006c
0001001f0184e7ae028b1aec004000c0006c
0000001f01876000030917e400400100006c
0000001f018880000384fc8c00400140006c
0000001f018820000400613000400180006c
ffff00200186a000047d01f8004001c0006c
ffff0021018396c404fc73c000400200006c
fffe0024017ec00005813bd800400240006c
fffe002601777c8c060f5e2800290280006c
000200260171a05a00e9070c00400000006c
00020022017aad76017f776600400040006c
000100210180e000020903bc00400080006c
0001001f0184e7ae028b1aec004000c0006c
0000001f01876000030917e400400100006c
0000001f018880000384fc8c00400140006c
0000001f018820000400613000400180006c
ffff00200186a000047d01f8004001c0006c
ffff0021018396c404fc73c000400200006c
fffe0024017ec00005813bd800400240006c
fffe002601777c8c060f5e2800290280006c
000200260171a05a00e9070c00400000006c
00020022017aad76017f776600400040006c
000100210180e000020903bc00400080006c
0001001f0184e7ae028b1aec004000c0006c
0000001f01876000030917e400400100006c
0000001f018880000384fc8c00400140006c
0000001f018820000400613000400180006c
ffff00200186a000047d01f8004001c0006c
ffff0021018396c404fc73c000400200006c
fffe0024017ec00005813bd800400240006c
fffe002601777c8c060f5e2800290280006c
000200260171a05a00e9070c00400000006c
00020022017aad76017f776600400040006c
000100210180e000020903bc00400080006c
0001001f0184e7ae028b1aec004000c0006c
0000001f01876000030917e400400100006c
0000001f018880000384fc8c00400140006c
0000001f018820000400613000400180006c
ffff00200186a000047d01f8004001c0006c
ffff0021018396c404fc73c000400200006c
fffe0024017ec00005813bd800400240006c
fffe002601777c8c060f5e2800290280006c
000200260174000000e906b200400000006d
00020022017ced76017f64de00400040006d
000100210182fa92020903bc00400080006d
0001002001870000028b1340004000c0006d
0000001f018974ca030917e400400100006d
0000001f018a80000384fc8c00400140006d
0000001f018a20000400613000400180006d
ffff00200188a3e0047d05d8004001c0006d
ffff0021018596c404fc8a8000400200006d
fffe00240180e00005813bd800400240006d
fffe00260179bc8c060f5e2800290280006d
000200260174000000e906b200400000006d
00020022017ced76017f64de00400040006d
000100210182fa92020903bc00400080006d
0001002001870000028b1340004000c0006d
0000001f018974ca030917e400400100006d
0000001f018a80000384fc8c00400140006d
0000001f018a20000400613000400180006d
ffff00200188a3e0047d05d8004001c0006d
ffff0021018596c404fc8a8000400200006d
fffe00240180e00005813bd800400240006d
fffe00260179bc8c060f5e2800290280006d
000200260174000000e906b200400000006d
00020022017ced76017f64de00400040006d
000100210182fa92020903bc00400080006d
0001002001870000028b1340004000c0006d
0000001f018974ca030917e400400100006d
0000001f018a80000384fc8c00400140006d
0000001f018a20000400613000400180006d
ffff00200188a3e0047d05d8004001c0006d
ffff0021018596c404fc8a8000400200006d
fffe00240180e00005813bd800400240006d
fffe00260179bc8c060f5e2800290280006d
000200260174000000e906b200400000006d
00020022017ced76017f64de00400040006d
000100210182fa92020903bc00400080006d
0001002001870000028b1340004000c0006d
0000001f018974ca030917e400400100006d
0000001f018a80000384fc8c00400140006d
0000001f018a20000400613000400180006d
ffff00200188a3e0047d05d8004001c0006d
ffff0021018596c404fc8a8000400200006d
fffe00240180e00005813bd800400240006d
fffe00260179bc8c060f5e2800290280006d
000200260174000000e906b200400000006d
00020022017ced76017f64de00400040006d
000100210182fa92020903bc00400080006d
0001002001870000028b1340004000c0006d
0000001f018974ca030917e400400100006d
0000001f018a80000384fc8c00400140006d
0000001f018a20000400613000400180006d
ffff00200188a3e0047d05d8004001c0006d
ffff0021018596c404fc8a8000400200006d
fffe00240180e00005813bd800400240006d
fffe00260179bc8c060f5e2800290280006d
000200260174000000e906b200400000006d
00020022017ced76017f64de00400040006d
000100210182fa92020903bc00400080006d
0001002001870000028b1340004000c0006d
0000001f018974ca030917e400400100006d
0000001f018a80000384fc8c00400140006d
0000001f018a20000400613000400180006d
ffff00200188a3e0047d05d8004001c0006d
ffff0021018596c404fc8a8000400200006d
fffe00240180e00005813bd800400240006d
fffe00260179bc8c060f5e2800290280006d
00020026017640b400e906b200400000006e
00020022017f0d76017f64de00400040006e
0001002101851a920208e3bc00400080006e
0001002001890000028b1340004000c0006e
0000001f018b6000030917e400400100006e
0000001f018c60000384fc8c00400140006e
0000001f018c30fc0400723000400180006e
ffff0020018abc20047d05d8004001c0006e
ffff00210187a00004fc8a8000400200006e
fffe00240182e9a805813bd800400240006e
fffe0026017bdc8c060f7ab800290280006e
00020026017640b400e906b200400000006e
00020022017f0d76017f64de00400040006e
0001002101851a920208e3bc00400080006e
0001002001890000028b1340004000c0006e
0000001f018b6000030917e400400100006e
0000001f018c60000384fc8c00400140006e
0000001f018c30fc0400723000400180006e
ffff0020018abc20047d05d8004001c0006e
ffff00210187a00004fc8a8000400200006e
fffe00240182e9a805813bd800400240006e
fffe0026017bdc8c060f7ab800290280006e
00020026017640b400e906b200400000006e
00020022017f0d76017f64de00400040006e
0001002101851a920208e3bc00400080006e
0001002001890000028b1340004000c0006e
0000001f018b6000030917e400400100006e
0000001f018c60000384fc8c00400140006e
0000001f018c30fc0400723000400180006e
ffff0020018abc20047d05d8004001c0006e
ffff00210187a00004fc8a8000400200006e
fffe00240182e9a805813bd800400240006e
fffe0026017bdc8c060f7ab800290280006e
00020026017640b400e906b200400000006e
00020022017f0d76017f64de00400040006e
0001002101851a920208e3bc00400080006e
0001002001890000028b1340004000c0006e
0000001f018b6000030917e400400100006e
0000001f018c60000384fc8c00400140006e
0000001f018c30fc0400723000400180006e
ffff0020018abc20047d05d8004001c0006e
ffff00210187a00004fc8a8000400200006e
fffe00240182e9a805813bd800400240006e
fffe0026017bdc8c060f7ab800290280006e
00020026017640b400e906b200400000006e
00020022017f0d76017f64de00400040006e
0001002101851a920208e3bc00400080006e
0001002001890000028b1340004000c0006e
0000001f018b6000030917e400400100006e
0000001f018c60000384fc8c00400140006e
0000001f018c30fc0400723000400180006e
ffff0020018abc20047d05d8004001c0006e
ffff00210187a00004fc8a8000400200006e
fffe00240182e9a805813bd800400240006e
fffe0026017bdc8c060f7ab800290280006e
00020026017640b400e906b200400000006e
00020022017f0d76017f64de00400040006e
0001002101851a920208e3bc00400080006e
0001002001890000028b1340004000c0006e
0000001f018b6000030917e400400100006e
0000001f018c60000384fc8c00400140006e
0000001f018c30fc0400723000400180006e
ffff0020018abc20047d05d8004001c0006e
ffff00210187a00004fc8a8000400200006e
fffe00240182e9a805813bd800400240006e
fffe0026017bdc8c060f7ab800290280006e
00020026017880b400e8e70c00400000006f
0001002201814000017f64de00400040006f
0001002101871a920208e3bc00400080006f
00010020018b07ae028b1340004000c0006f
0000001f018d6000030917e400400100006f
0000001f018e61e80384fc8c00400140006f
0000001f018e40000400723000400180006f
ffff0020018ca000047d21f8004001c0006f
ffff00210189c00004fc8a8000400200006f
fffe00240185200005813bd800400240006f
fffe0026017e3c8c060f7ab800290280006f
00020026017880b400e8e70c00400000006f
0001002201814000017f64de00400040006f
0001002101871a920208e3bc00400080006f
00010020018b07ae028b1340004000c0006f
0000001f018d6000030917e400400100006f
0000001f018e61e80384fc8c00400140006f
0000001f018e40000400723000400180006f
ffff0020018ca000047d21f8004001c0006f
ffff00210189c00004fc8a8000400200006f
fffe00240185200005813bd800400240006f
fffe0026017e3c8c060f7ab800290280006f
00020026017880b400e8e70c00400000006f
0001002201814000017f64de00400040006f
0001002101871a920208e3bc00400080006f
00010020018b07ae028b1340004000c0006f
0000001f018d6000030917e400400100006f
0000001f018e61e80384fc8c00400140006f
0000001f018e40000400723000400180006f
ffff0020018ca000047d21f8004001c0006f
ffff00210189c00004fc8a8000400200006f
fffe00240185200005813bd800400240006f
fffe0026017e3c8c060f7ab800290280006f
00020026017880b400e8e70c00400000006f
0001002201814000017f64de00400040006f
0001002101871a920208e3bc00400080006f
00010020018b07ae028b1340004000c0006f
0000001f018d6000030917e400400100006f
0000001f018e61e80384fc8c00400140006f
0000001f018e40000400723000400180006f
ffff0020018ca000047d21f8004001c0006f
ffff00210189c00004fc8a8000400200006f
fffe00240185200005813bd800400240006f
fffe0026017e3c8c060f7ab800290280006f
00020026017880b400e8e70c00400000006f
0001002201814000017f64de00400040006f
0001002101871a920208e3bc00400080006f
00010020018b07ae028b1340004000c0006f
0000001f018d6000030917e400400100006f
0000001f018e61e80384fc8c00400140006f
0000001f018e40000400723000400180006f
ffff0020018ca000047d21f8004001c0006f
ffff00210189c00004fc8a8000400200006f
fffe00240185200005813bd800400240006f
fffe0026017e3c8c060f7ab800290280006f
00020026017880b400e8e70c00400000006f
0001002201814000017f64de00400040006f
0001002101871a920208e3bc00400080006f
00010020018b07ae028b1340004000c0006f
0000001f018d6000030917e400400100006f
0000001f018e61e80384fc8c00400140006f
0000001f018e40000400723000400180006f
ffff0020018ca000047d21f8004001c0006f
ffff00210189c00004fc8a8000400200006f
fffe00240185200005813bd800400240006f
fffe0026017e3c8c060f7ab800290280006f
00020026017ac05a00e8e70c004000000070
0001002201836d76017f64de004000400070
00010021018940000208e3bc004000800070
00010020018d2000028afaec004000c00070
0000001f018f74ca030917e4004001000070
0000001f019080000384fc8c004001400070
0000001f0190400004008130004001800070
ffff0020018ea3e0047d21f8004001c00070
ffff0021018bc00004fc8a80004002000070
fffe0024018729a805813bd8004002400070
fffe002601805c8c060f7ab8002902800070
00020026017ac05a00e8e70c004000000070
0001002201836d76017f64de004000400070
00010021018940000208e3bc004000800070
00010020018d2000028afaec004000c00070
0000001f018f74ca030917e4004001000070
0000001f019080000384fc8c004001400070
0000001f0190400004008130004001800070
ffff0020018ea3e0047d21f8004001c00070
ffff0021018bc00004fc8a80004002000070
fffe0024018729a805813bd8004002400070
fffe002601805c8c060f7ab8002902800070
00020026017ac05a00e8e70c004000000070
0001002201836d76017f64de004000400070
00010021018940000208e3bc004000800070
00010020018d2000028afaec004000c00070
0000001f018f74ca030917e4004001000070
0000001f019080000384fc8c004001400070
0000001f0190400004008130004001800070
ffff0020018ea3e0047d21f8004001c00070
ffff0021018bc00004fc8a80004002000070
fffe0024018729a805813bd8004002400070
fffe002601805c8c060f7ab8002902800070
00020026017ac05a00e8e70c004000000070
0001002201836d76017f64de004000400070
00010021018940000208e3bc004000800070
00010020018d2000028afaec004000c00070
0000001f018f74ca030917e4004001000070
0000001f019080000384fc8c004001400070
0000001f0190400004008130004001800070
ffff0020018ea3e0047d21f8004001c00070
ffff0021018bc00004fc8a80004002000070
fffe0024018729a805813bd8004002400070
fffe002601805c8c060f7ab8002902800070
00020026017ac05a00e8e70c004000000070
0001002201836d76017f64de004000400070
00010021018940000208e3bc004000800070
00010020018d2000028afaec004000c00070
0000001f018f74ca030917e4004001000070
0000001f019080000384fc8c004001400070
0000001f0190400004008130004001800070
ffff0020018ea3e0047d21f8004001c00070
ffff0021018bc00004fc8a80004002000070
fffe0024018729a805813bd8004002400070
fffe002601805c8c060f7ab8002902800070
00020026017ac05a00e8e70c004000000070
0001002201836d76017f64de004000400070
00010021018940000208e3bc004000800070
00010020018d2000028afaec004000c00070
0000001f018f74ca030917e4004001000070
0000001f019080000384fc8c004001400070
0000001f0190400004008130004001800070
ffff0020018ea3e0047d21f8004001c00070
ffff0021018bc00004fc8a80004002000070
fffe0024018729a805813bd8004002400070
fffe002601805c8c060f7ab8002902800070
00020026017d200000e8e6b2004000000071
0001002201858d76017f5766004000400071
00010021018b60000208e3bc004000800071
00010020018f4000028afaec004000c00071
0000001f0191800003090318004001000071
0000001f019280000384fc8c004001400071
0000001f0192400004008130004001800071
ffff00200190c000047d21f8004001c00071
ffff0021018dd6c404fc93c0004002000071
fffe00240189600005815bd8004002400071
fffe00260182a000060f7e28002902800071
00020026017d200000e8e6b2004000000071
0001002201858d76017f5766004000400071
00010021018b60000208e3bc004000800071
00010020018f4000028afaec004000c00071
0000001f0191800003090318004001000071
0000001f019280000384fc8c004001400071
0000001f0192400004008130004001800071
ffff00200190c000047d21f8004001c00071
ffff0021018dd6c404fc93c0004002000071
fffe00240189600005815bd8004002400071
fffe00260182a000060f7e28002902800071
00020026017d200000e8e6b2004000000071
0001002201858d76017f5766004000400071
00010021018b60000208e3bc004000800071
00010020018f4000028afaec004000c00071
0000001f0191800003090318004001000071
0000001f019280000384fc8c004001400071
0000001f0192400004008130004001800071
ffff00200190c000047d21f8004001c00071
ffff0021018dd6c404fc93c0004002000071
fffe00240189600005815bd8004002400071
fffe00260182a000060f7e28002902800071
00020026017d200000e8e6b2004000000071
0001002201858d76017f5766004000400071
00010021018b60000208e3bc004000800071
00010020018f4000028afaec004000c00071
0000001f0191800003090318004001000071
0000001f019280000384fc8c004001400071
0000001f0192400004008130004001800071
ffff00200190c000047d21f8004001c00071
ffff0021018dd6c404fc93c0004002000071
fffe00240189600005815bd8004002400071
fffe00260182a000060f7e28002902800071
00020026017d200000e8e6b2004000000071
0001002201858d76017f5766004000400071
00010021018b60000208e3bc004000800071
00010020018f4000028afaec004000c00071
0000001f0191800003090318004001000071
0000001f019280000384fc8c004001400071
0000001f0192400004008130004001800071
ffff00200190c000047d21f8004001c00071
ffff0021018dd6c404fc93c0004002000071
fffe00240189600005815bd8004002400071
fffe00260182a000060f7e28002902800071
00020026017d200000e8e6b2004000000071
0001002201858d76017f5766004000400071
00010021018b60000208e3bc004000800071
00010020018f4000028afaec004000c00071
0000001f0191800003090318004001000071
0000001f019280000384fc8c004001400071
0000001f0192400004008130004001800071
ffff00200190c000047d21f8004001c00071
ffff0021018dd6c404fc93c0004002000071
fffe00240189600005815bd8004002400071
fffe00260182a000060f7e28002902800071
00020026017f60b400e8e6b2004000000072
000100220187c000017f44de004000400072
00010021018d7a920208de50004000800072
00010020019127ae028afaec004000c00072
0000001f0193800003090318004001000072
0000001f019480000384fc8c004001400072
0000001f0194200004008130004001800072
ffff00200192c3e0047d21f8004001c00072
ffff0021018ff6c404fc93c0004002000072
fffe0024018b69a805815bd8004002400072
fffe00260184bc8c060f9ab8002902800072
00020026017f60b400e8e6b2004000000072
000100220187c000017f44de004000400072
00010021018d7a920208de50004000800072
00010020019127ae028afaec004000c00072
0000001f0193800003090318004001000072
0000001f019480000384fc8c004001400072
0000001f0194200004008130004001800072
ffff00200192c3e0047d21f8004001c00072
ffff0021018ff6c404fc93c0004002000072
fffe0024018b69a805815bd8004002400072
fffe00260184bc8c060f9ab8002902800072
00020026017f60b400e8e6b2004000000072
000100220187c000017f44de004000400072
00010021018d7a920208de50004000800072
00010020019127ae028afaec004000c00072
0000001f0193800003090318004001000072
0000001f019480000384fc8c004001400072
0000001f0194200004008130004001800072
ffff00200192c3e0047d21f8004001c00072
ffff0021018ff6c404fc93c0004002000072
fffe0024018b69a805815bd8004002400072
fffe00260184bc8c060f9ab8002902800072
00020026017f60b400e8e6b2004000000072
000100220187c000017f44de004000400072
00010021018d7a920208de50004000800072
00010020019127ae028afaec004000c00072
0000001f0193800003090318004001000072
0000001f019480000384fc8c004001400072
0000001f0194200004008130004001800072
ffff00200192c3e0047d21f8004001c00072
ffff0021018ff6c404fc93c0004002000072
fffe0024018b69a805815bd8004002400072
fffe00260184bc8c060f9ab8002902800072
00020026017f60b400e8e6b2004000000072
000100220187c000017f44de004000400072
00010021018d7a920208de50004000800072
00010020019127ae028afaec004000c00072
0000001f0193800003090318004001000072
0000001f019480000384fc8c004001400072
0000001f0194200004008130004001800072
ffff00200192c3e0047d21f8004001c00072
ffff0021018ff6c404fc93c0004002000072
fffe0024018b69a805815bd8004002400072
fffe00260184bc8c060f9ab8002902800072
00020026017f60b400e8e6b2004000000072
000100220187c000017f44de004000400072
00010021018d7a920208de50004000800072
00010020019127ae028afaec004000c00072
0000001f0193800003090318004001000072
0000001f019480000384fc8c004001400072
0000001f0194200004008130004001800072
ffff00200192c3e0047d21f8004001c00072
ffff0021018ff6c404fc93c0004002000072
fffe0024018b69a805815bd8004002400072
fffe00260184bc8c060f9ab8002902800072
000200260181a0b400e8c70c004000000073
000100220189e000017f44de004000400073
00010021018f80000208c3bc004000800073
0001002001934000028af340004000c00073
0000001f019580000308f7e4004001000073
0000001f019680000384fc8c004001400073
0000001f019630fc04008130004001800073
ffff00200194c000047d21f8004001c00073
ffff00210191f6c404fcaa80004002000073
fffe0024018da00005815bd8004002400073
fffe002601870000060f9ab8002902800073
000200260181a0b400e8c70c004000000073
000100220189e000017f44de004000400073
00010021018f80000208c3bc004000800073
0001002001934000028af340004000c00073
0000001f019580000308f7e4004001000073
0000001f019680000384fc8c004001400073
0000001f019630fc04008130004001800073
ffff00200194c000047d21f8004001c00073
ffff00210191f6c404fcaa80004002000073
fffe0024018da00005815bd8004002400073
fffe002601870000060f9ab8002902800073
000200260181a0b400e8c70c004000000073
000100220189e000017f44de004000400073
00010021018f80000208c3bc004000800073
0001002001934000028af340004000c00073
0000001f019580000308f7e4004001000073
0000001f019680000384fc8c004001400073
0000001f019630fc04008130004001800073
ffff00200194c000047d21f8004001c00073
ffff00210191f6c404fcaa80004002000073
fffe0024018da00005815bd8004002400073
fffe002601870000060f9ab8002902800073
000200260181a0b400e8c70c004000000073
000100220189e000017f44de004000400073
00010021018f80000208c3bc004000800073
0001002001934000028af340004000c00073
0000001f019580000308f7e4004001000073
0000001f019680000384fc8c004001400073
0000001f019630fc04008130004001800073
ffff00200194c000047d21f8004001c00073
ffff00210191f6c404fcaa80004002000073
fffe0024018da00005815bd8004002400073
fffe002601870000060f9ab8002902800073
000200260181a0b400e8c70c004000000073
000100220189e000017f44de004000400073
00010021018f80000208c3bc004000800073
0001002001934000028af340004000c00073
0000001f019580000308f7e4004001000073
0000001f019680000384fc8c004001400073
0000001f019630fc04008130004001800073
ffff00200194c000047d21f8004001c00073
ffff00210191f6c404fcaa80004002000073
fffe0024018da00005815bd8004002400073
fffe002601870000060f9ab8002902800073
000200260181a0b400e8c70c004000000073
000100220189e000017f44de004000400073
00010021018f80000208c3bc004000800073
0001002001934000028af340004000c00073
0000001f019580000308f7e4004001000073
0000001f019680000384fc8c004001400073
0000001f019630fc04008130004001800073
ffff00200194c000047d21f8004001c00073
ffff00210191f6c404fcaa80004002000073
fffe0024018da00005815bd8004002400073
fffe002601870000060f9ab8002902800073
000200260184005a00e8c70c004000000074
00010022018c0d76017f3766004000400074
000100210191a0000208c3bc004000800074
0001002001956000028af340004000c00074
0000001f019780000308f7e4004001000074
0000001f019880000384fc8c004001400074
0000001f0198400004008130004001800074
ffff00200196c000047d21f8004001c00074
ffff0021019416c404fcaa80004002000074
fffe0024018fa9a805815bd8004002400074
fffe002601893c8c060f9ab8002902800074
000200260184005a00e8c70c004000000074
00010022018c0d76017f3766004000400074
000100210191a0000208c3bc004000800074
0001002001956000028af340004000c00074
0000001f019780000308f7e4004001000074
0000001f019880000384fc8c004001400074
0000001f0198400004008130004001800074
ffff00200196c000047d21f8004001c00074
ffff0021019416c404fcaa80004002000074
fffe0024018fa9a805815bd8004002400074
fffe002601893c8c060f9ab8002902800074
000200260184005a00e8c70c004000000074
00010022018c0d76017f3766004000400074
000100210191a0000208c3bc004000800074
0001002001956000028af340004000c00074
0000001f019780000308f7e4004001000074
0000001f019880000384fc8c004001400074
0000001f0198400004008130004001800074
ffff00200196c000047d21f8004001c00074
ffff0021019416c404fcaa80004002000074
fffe0024018fa9a805815bd8004002400074
fffe002601893c8c060f9ab8002902800074
000200260184005a00e8c70c004000000074
00010022018c0d76017f3766004000400074
000100210191a0000208c3bc004000800074
0001002001956000028af340004000c00074
0000001f019780000308f7e4004001000074
0000001f019880000384fc8c004001400074
0000001f0198400004008130004001800074
ffff00200196c000047d21f8004001c00074
ffff0021019416c404fcaa80004002000074
fffe0024018fa9a805815bd8004002400074
fffe002601893c8c060f9ab8002902800074
000200260184005a00e8c70c004000000074
00010022018c0d76017f3766004000400074
000100210191a0000208c3bc004000800074
0001002001956000028af340004000c00074
0000001f019780000308f7e4004001000074
0000001f019880000384fc8c004001400074
0000001f0198400004008130004001800074
ffff00200196c000047d21f8004001c00074
ffff0021019416c404fcaa80004002000074
fffe0024018fa9a805815bd8004002400074
fffe002601893c8c060f9ab8002902800074
000200260184005a00e8c70c004000000074
00010022018c0d76017f3766004000400074
000100210191a0000208c3bc004000800074
0001002001956000028af340004000c00074
0000001f019780000308f7e4004001000074
0000001f019880000384fc8c004001400074
0000001f0198400004008130004001800074
ffff00200196c000047d21f8004001c00074
ffff0021019416c404fcaa80004002000074
fffe0024018fa9a805815bd8004002400074
fffe002601893c8c060f9ab8002902800074
000200260186405a00e8c6b2004000000075
00010022018e2d76017f3766004000400075
000100210193ba920208c3bc004000800075
0001002001976000028af340004000c00075
0000001f019980000308f7e4004001000075
0000001f019a60000384fc8c004001400075
0000001f019a400004008130004001800075
ffff00200198c3e0047d25d8004001c00075
ffff00210196200004fcaa80004002000075
fffe00240191e9a805815bd8004002400075
fffe0026018b7918060f9e28002902800075
000200260186405a00e8c6b2004000000075
00010022018e2d76017f3766004000400075
000100210193ba920208c3bc004000800075
0001002001976000028af340004000c00075
0000001f019980000308f7e4004001000075
0000001f019a60000384fc8c004001400075
0000001f019a400004008130004001800075
ffff00200198c3e0047d25d8004001c00075
ffff00210196200004fcaa80004002000075
fffe00240191e9a805815bd8004002400075
fffe0026018b7918060f9e28002902800075
000200260186405a00e8c6b2004000000075
00010022018e2d76017f3766004000400075
000100210193ba920208c3bc004000800075
0001002001976000028af340004000c00075
0000001f019980000308f7e4004001000075
0000001f019a60000384fc8c004001400075
0000001f019a400004008130004001800075
ffff00200198c3e0047d25d8004001c00075
ffff00210196200004fcaa80004002000075
fffe00240191e9a805815bd8004002400075
fffe0026018b7918060f9e28002902800075
000200260186405a00e8c6b2004000000075
00010022018e2d76017f3766004000400075
000100210193ba920208c3bc004000800075
0001002001976000028af340004000c00075
0000001f019980000308f7e4004001000075
0000001f019a60000384fc8c004001400075
0000001f019a400004008130004001800075
ffff00200198c3e0047d25d8004001c00075
ffff00210196200004fcaa80004002000075
fffe00240191e9a805815bd8004002400075
fffe0026018b7918060f9e28002902800075
000200260186405a00e8c6b2004000000075
00010022018e2d76017f3766004000400075
000100210193ba920208c3bc004000800075
0001002001976000028af340004000c00075
0000001f019980000308f7e4004001000075
0000001f019a60000384fc8c004001400075
0000001f019a400004008130004001800075
ffff00200198c3e0047d25d8004001c00075
ffff00210196200004fcaa80004002000075
fffe00240191e9a805815bd8004002400075
fffe0026018b7918060f9e28002902800075
000200260186405a00e8c6b2004000000075
00010022018e2d76017f3766004000400075
000100210193ba920208c3bc004000800075
0001002001976000028af340004000c00075
0000001f019980000308f7e4004001000075
0000001f019a60000384fc8c004001400075
0000001f019a400004008130004001800075
ffff00200198c3e0047d25d8004001c00075
ffff00210196200004fcaa80004002000075
fffe00240191e9a805815bd8004002400075
fffe0026018b7918060f9e28002902800075
00020026018880b400e8c6b2004000000076
0001002201906d76017f24de004000400076
000100210195da920208c3bc004000800076
0001002001996000028af340004000c00076
0000001f019b80000308f7e4004001000076
0000001f019c80000384fc8c004001400076
0000001f019c400004008130004001800076
ffff0020019ae000047d25d8004001c00076
ffff00210198200004fcaa80004002000076
fffe00240193e9a805817bd8004002400076
fffe0026018da000060f9e28002902800076
00020026018880b400e8c6b2004000000076
0001002201906d76017f24de004000400076
000100210195da920208c3bc004000800076
0001002001996000028af340004000c00076
0000001f019b80000308f7e4004001000076
0000001f019c80000384fc8c004001400076
0000001f019c400004008130004001800076
ffff0020019ae000047d25d8004001c00076
ffff00210198200004fcaa80004002000076
fffe00240193e9a805817bd8004002400076
fffe0026018da000060f9e28002902800076
00020026018880b400e8c6b2004000000076
0001002201906d76017f24de004000400076
000100210195da920208c3bc004000800076
0001002001996000028af340004000c00076
0000001f019b80000308f7e4004001000076
0000001f019c80000384fc8c004001400076
0000001f019c400004008130004001800076
ffff0020019ae000047d25d8004001c00076
ffff00210198200004fcaa80004002000076
fffe00240193e9a805817bd8004002400076
fffe0026018da000060f9e28002902800076
00020026018880b400e8c6b2004000000076
0001002201906d76017f24de004000400076
000100210195da920208c3bc004000800076
0001002001996000028af340004000c00076
0000001f019b80000308f7e4004001000076
0000001f019c80000384fc8c004001400076
0000001f019c400004008130004001800076
ffff0020019ae000047d25d8004001c00076
ffff00210198200004fcaa80004002000076
fffe00240193e9a805817bd8004002400076
fffe0026018da000060f9e28002902800076
00020026018880b400e8c6b2004000000076
0001002201906d76017f24de004000400076
000100210195da920208c3bc004000800076
0001002001996000028af340004000c00076
0000001f019b80000308f7e4004001000076
0000001f019c80000384fc8c004001400076
0000001f019c400004008130004001800076
ffff0020019ae000047d25d8004001c00076
ffff00210198200004fcaa80004002000076
fffe00240193e9a805817bd8004002400076
fffe0026018da000060f9e28002902800076
00020026018880b400e8c6b2004000000076
0001002201906d76017f24de004000400076
000100210195da920208c3bc004000800076
0001002001996000028af340004000c00076
0000001f019b80000308f7e4004001000076
0000001f019c80000384fc8c004001400076
0000001f019c400004008130004001800076
ffff0020019ae000047d25d8004001c00076
ffff00210198200004fcaa80004002000076
fffe00240193e9a805817bd8004002400076
fffe0026018da000060f9e28002902800076
00020026018ac0b400e8c6b2004000000077
000100220192ad76017f24de004000400077
000100210197da920208a3bc004000800077
00010020019b8000028adaec004000c00077
0000001f019da0000308f7e4004001000077
0000001f019e80000384fc8c004001400077
0000001f019e400004008130004001800077
ffff0020019ce3e0047d25d8004001c00077
ffff0021019a400004fcb3c0004002000077
fffe0024019609a805817bd8004002400077
fffe0026018ff918060fbab8002902800077
00020026018ac0b400e8c6b2004000000077
000100220192ad76017f24de004000400077
000100210197da920208a3bc004000800077
00010020019b8000028adaec004000c00077
0000001f019da0000308f7e4004001000077
0000001f019e80000384fc8c004001400077
0000001f019e400004008130004001800077
ffff0020019ce3e0047d25d8004001c00077
ffff0021019a400004fcb3c0004002000077
fffe0024019609a805817bd8004002400077
fffe0026018ff918060fbab8002902800077
00020026018ac0b400e8c6b2004000000077
000100220192ad76017f24de004000400077
000100210197da920208a3bc004000800077
00010020019b8000028adaec004000c00077
0000001f019da0000308f7e4004001000077
0000001f019e80000384fc8c004001400077
0000001f019e400004008130004001800077
ffff0020019ce3e0047d25d8004001c00077
ffff0021019a400004fcb3c0004002000077
fffe0024019609a805817bd8004002400077
fffe0026018ff918060fbab8002902800077
00020026018ac0b400e8c6b2004000000077
000100220192ad76017f24de004000400077
000100210197da920208a3bc004000800077
00010020019b8000028adaec004000c00077
0000001f019da0000308f7e4004001000077
0000001f019e80000384fc8c004001400077
0000001f019e400004008130004001800077
ffff0020019ce3e0047d25d8004001c00077
ffff0021019a400004fcb3c0004002000077
fffe0024019609a805817bd8004002400077
fffe0026018ff918060fbab8002902800077
00020026018ac0b400e8c6b2004000000077
000100220192ad76017f24de004000400077
000100210197da920208a3bc004000800077
00010020019b8000028adaec004000c00077
0000001f019da0000308f7e4004001000077
0000001f019e80000384fc8c004001400077
0000001f019e400004008130004001800077
ffff0020019ce3e0047d25d8004001c00077
ffff0021019a400004fcb3c0004002000077
fffe0024019609a805817bd8004002400077
fffe0026018ff918060fbab8002902800077
00020026018ac0b400e8c6b2004000000077
000100220192ad76017f24de004000400077
000100210197da920208a3bc004000800077
00010020019b8000028adaec004000c00077
0000001f019da0000308f7e4004001000077
0000001f019e80000384fc8c004001400077
0000001f019e400004008130004001800077
ffff0020019ce3e0047d25d8004001c00077
ffff0021019a400004fcb3c0004002000077
fffe0024019609a805817bd8004002400077
fffe0026018ff918060fbab8002902800077
00020026018d400000e8a70c004000000078
000100220194e000017f24de004000400078
00010021019a00000208a3bc004000800078
00010020019d87ae028adaec004000c00078
0000001f019fa0000308f7e4004001000078
0000001f01a080000384fc8c004001400078
0000001f01a050fc04008130004001800078
ffff0020019ee000047d41f8004001c00078
ffff0021019c400004fcca80004002000078
fffe0024019829a805817bd8004002400078
fffe002601920000060fbab8002902800078
00020026018d400000e8a70c004000000078
000100220194e000017f24de004000400078
00010021019a00000208a3bc004000800078
00010020019d87ae028adaec004000c00078
0000001f019fa0000308f7e4004001000078
0000001f01a080000384fc8c004001400078
0000001f01a050fc04008130004001800078
ffff0020019ee000047d41f8004001c00078
ffff0021019c400004fcca80004002000078
fffe0024019829a805817bd8004002400078
fffe002601920000060fbab8002902800078
00020026018d400000e8a70c004000000078
000100220194e000017f24de004000400078
00010021019a00000208a3bc004000800078
00010020019d87ae028adaec004000c00078
0000001f019fa0000308f7e4004001000078
0000001f01a080000384fc8c004001400078
0000001f01a050fc04008130004001800078
ffff0020019ee000047d41f8004001c00078
ffff0021019c400004fcca80004002000078
fffe0024019829a805817bd8004002400078
fffe002601920000060fbab8002902800078
00020026018d400000e8a70c004000000078
000100220194e000017f24de004000400078
00010021019a00000208a3bc004000800078
00010020019d87ae028adaec004000c00078
0000001f019fa0000308f7e4004001000078
0000001f01a080000384fc8c004001400078
0000001f01a050fc04008130004001800078
ffff0020019ee000047d41f8004001c00078
ffff0021019c400004fcca80004002000078
fffe0024019829a805817bd8004002400078
fffe002601920000060fbab8002902800078
00020026018d400000e8a70c004000000078
000100220194e000017f24de004000400078
00010021019a00000208a3bc004000800078
00010020019d87ae028adaec004000c00078
0000001f019fa0000308f7e4004001000078
0000001f01a080000384fc8c004001400078
0000001f01a050fc04008130004001800078
ffff0020019ee000047d41f8004001c00078
ffff0021019c400004fcca80004002000078
fffe0024019829a805817bd8004002400078
fffe002601920000060fbab8002902800078
00020026018d400000e8a70c004000000078
000100220194e000017f24de004000400078
00010021019a00000208a3bc004000800078
00010020019d87ae028adaec004000c00078
0000001f019fa0000308f7e4004001000078
0000001f01a080000384fc8c004001400078
0000001f01a050fc04008130004001800078
ffff0020019ee000047d41f8004001c00078
ffff0021019c400004fcca80004002000078
fffe0024019829a805817bd8004002400078
fffe002601920000060fbab8002902800078
00020026018f800000e8a70c004000000079
0001002201970d76017f1766004000400079
00010021019c20000208a3bc004000800079
00010020019f8000028adaec004000c00079
0000001f01a180000308f7e4004001000079
0000001f01a280000384fc8c004001400079
0000001f01a2400004008130004001800079
ffff002001a0e000047d41f8004001c00079
ffff0021019e56c404fcca80004002000079
ffff0024019a49a805817bd8004002400079
fffe002601945918060fbe28002902800079
00020026018f800000e8a70c004000000079
0001002201970d76017f1766004000400079
00010021019c20000208a3bc004000800079
00010020019f8000028adaec004000c00079
0000001f01a180000308f7e4004001000079
0000001f01a280000384fc8c004001400079
0000001f01a2400004008130004001800079
ffff002001a0e000047d41f8004001c00079
ffff0021019e56c404fcca80004002000079
ffff0024019a49a805817bd8004002400079
fffe002601945918060fbe28002902800079
00020026018f800000e8a70c004000000079
0001002201970d76017f1766004000400079
00010021019c20000208a3bc004000800079
00010020019f8000028adaec004000c00079
0000001f01a180000308f7e4004001000079
0000001f01a280000384fc8c004001400079
0000001f01a2400004008130004001800079
ffff002001a0e000047d41f8004001c00079
ffff0021019e56c404fcca80004002000079
ffff0024019a49a805817bd8004002400079
fffe002601945918060fbe28002902800079
00020026018f800000e8a70c004000000079
0001002201970d76017f1766004000400079
00010021019c20000208a3bc004000800079
00010020019f8000028adaec004000c00079
0000001f01a180000308f7e4004001000079
0000001f01a280000384fc8c004001400079
0000001f01a2400004008130004001800079
ffff002001a0e000047d41f8004001c00079
ffff0021019e56c404fcca80004002000079
ffff0024019a49a805817bd8004002400079
fffe002601945918060fbe28002902800079
00020026018f800000e8a70c004000000079
0001002201970d76017f1766004000400079
00010021019c20000208a3bc004000800079
00010020019f8000028adaec004000c00079
0000001f01a180000308f7e4004001000079
0000001f01a280000384fc8c004001400079
0000001f01a2400004008130004001800079
ffff002001a0e000047d41f8004001c00079
ffff0021019e56c404fcca80004002000079
ffff0024019a49a805817bd8004002400079
fffe002601945918060fbe28002902800079
00020026018f800000e8a70c004000000079
0001002201970d76017f1766004000400079
00010021019c20000208a3bc004000800079
00010020019f8000028adaec004000c00079
0000001f01a180000308f7e4004001000079
0000001f01a280000384fc8c004001400079
0000001f01a2400004008130004001800079
ffff002001a0e000047d41f8004001c00079
ffff0021019e56c404fcca80004002000079
ffff0024019a49a805817bd8004002400079
fffe002601945918060fbe28002902800079
000200260191a05a00e8a6b200400000007a
0001002201992d76017f176600400040007a
00010021019e3a920208a3bc00400080007a
0000002001a1a000028ad340004000c0007a
0000001f01a394ca0308f7e400400100007a
0000001f01a480000384fc8c00400140007a
0000001f01a440000400813000400180007a
ffff002001a30000047d41f8004001c0007a
ffff002101a076c404fcca8000400200007a
ffff0024019c69a805819bd800400240007a
fffe002601967c8c060fbe2800290280007a
000200260191a05a00e8a6b200400000007a
0001002201992d76017f176600400040007a
00010021019e3a920208a3bc00400080007a
0000002001a1a000028ad340004000c0007a
0000001f01a394ca0308f7e400400100007a
0000001f01a480000384fc8c00400140007a
0000001f01a440000400813000400180007a
ffff002001a30000047d41f8004001c0007a
ffff002101a076c404fcca8000400200007a
ffff0024019c69a805819bd800400240007a
fffe002601967c8c060fbe2800290280007a
000200260191a05a00e8a6b200400000007a
0001002201992d76017f176600400040007a
00010021019e3a920208a3bc00400080007a
0000002001a1a000028ad340004000c0007a
0000001f01a394ca0308f7e400400100007a
0000001f01a480000384fc8c00400140007a
0000001f01a440000400813000400180007a
ffff002001a30000047d41f8004001c0007a
ffff002101a076c404fcca8000400200007a
ffff0024019c69a805819bd800400240007a
fffe002601967c8c060fbe2800290280007a
000200260191a05a00e8a6b200400000007a
0001002201992d76017f176600400040007a
00010021019e3a920208a3bc00400080007a
0000002001a1a000028ad340004000c0007a
0000001f01a394ca0308f7e400400100007a
0000001f01a480000384fc8c00400140007a
0000001f01a440000400813000400180007a
ffff002001a30000047d41f8004001c0007a
ffff002101a076c404fcca8000400200007a
ffff0024019c69a805819bd800400240007a
fffe002601967c8c060fbe2800290280007a
000200260191a05a00e8a6b200400000007a
0001002201992d76017f176600400040007a
00010021019e3a920208a3bc00400080007a
0000002001a1a000028ad340004000c0007a
0000001f01a394ca0308f7e400400100007a
0000001f01a480000384fc8c00400140007a
0000001f01a440000400813000400180007a
ffff002001a30000047d41f8004001c0007a
ffff002101a076c404fcca8000400200007a
ffff0024019c69a805819bd800400240007a
fffe002601967c8c060fbe2800290280007a
000200260191a05a00e8a6b200400000007a
0001002201992d76017f176600400040007a
00010021019e3a920208a3bc00400080007a
0000002001a1a000028ad340004000c0007a
0000001f01a394ca0308f7e400400100007a
0000001f01a480000384fc8c00400140007a
0000001f01a440000400813000400180007a
ffff002001a30000047d41f8004001c0007a
ffff002101a076c404fcca8000400200007a
ffff0024019c69a805819bd800400240007a
fffe002601967c8c060fbe2800290280007a
000200260193e0b400e8a6b200400000007b
00010022019b4d76017f04de00400040007b
0001002101a05a920208a3bc00400080007b
0001002001a3a7ae028ad340004000c0007b
0000001f01a5a0000308f7e400400100007b
0000001f01a680000384fc8c00400140007b
0000001f01a640000400813000400180007b
ffff002001a50000047d41f8004001c0007b
ffff002101a2800004fcca8000400200007b
ffff0024019e89a805819bd800400240007b
fffe00260198d918060fdab800290280007b
000200260193e0b400e8a6b200400000007b
00010022019b4d76017f04de00400040007b
0001002101a05a920208a3bc00400080007b
0001002001a3a7ae028ad340004000c0007b
0000001f01a5a0000308f7e400400100007b
0000001f01a680000384fc8c00400140007b
0000001f01a640000400813000400180007b
ffff002001a50000047d41f8004001c0007b
ffff002101a2800004fcca8000400200007b
ffff0024019e89a805819bd800400240007b
fffe00260198d918060fdab800290280007b
000200260193e0b400e8a6b200400000007b
00010022019b4d76017f04de00400040007b
0001002101a05a920208a3bc00400080007b
0001002001a3a7ae028ad340004000c0007b
0000001f01a5a0000308f7e400400100007b
0000001f01a680000384fc8c00400140007b
0000001f01a640000400813000400180007b
ffff002001a50000047d41f8004001c0007b
ffff002101a2800004fcca8000400200007b
ffff0024019e89a805819bd800400240007b
fffe00260198d918060fdab800290280007b
000200260193e0b400e8a6b200400000007b
00010022019b4d76017f04de00400040007b
0001002101a05a920208a3bc00400080007b
0001002001a3a7ae028ad340004000c0007b
0000001f01a5a0000308f7e400400100007b
0000001f01a680000384fc8c00400140007b
0000001f01a640000400813000400180007b
ffff002001a50000047d41f8004001c0007b
ffff002101a2800004fcca8000400200007b
ffff0024019e89a805819bd800400240007b
fffe00260198d918060fdab800290280007b
000200260193e0b400e8a6b200400000007b
00010022019b4d76017f04de00400040007b
0001002101a05a920208a3bc00400080007b
0001002001a3a7ae028ad340004000c0007b
0000001f01a5a0000308f7e400400100007b
0000001f01a680000384fc8c00400140007b
0000001f01a640000400813000400180007b
ffff002001a50000047d41f8004001c0007b
ffff002101a2800004fcca8000400200007b
ffff0024019e89a805819bd800400240007b
fffe00260198d918060fdab800290280007b
000200260193e0b400e8a6b200400000007b
00010022019b4d76017f04de00400040007b
0001002101a05a920208a3bc00400080007b
0001002001a3a7ae028ad340004000c0007b
0000001f01a5a0000308f7e400400100007b
0000001f01a680000384fc8c00400140007b
0000001f01a640000400813000400180007b
ffff002001a50000047d41f8004001c0007b
ffff002101a2800004fcca8000400200007b
ffff0024019e89a805819bd800400240007b
fffe00260198d918060fdab800290280007b
000200260196600000e8a6b200400000007c
00010022019d8000017f04de00400040007c
0001002101a26000020883bc00400080007c
0000002001a5c000028ad340004000c0007c
0000001f01a7a0000308e31800400100007c
0000001f01a861e80384fc8c00400140007c
0000001f01a840000400813000400180007c
ffff002001a70000047d41f8004001c0007c
ffff002101a4800004fcd3c000400200007c
ffff002401a0a9a805819bd800400240007c
fffe0026019afc8c060fdab800290280007c
000200260196600000e8a6b200400000007c
00010022019d8000017f04de00400040007c
0001002101a26000020883bc00400080007c
0000002001a5c000028ad340004000c0007c
0000001f01a7a0000308e31800400100007c
0000001f01a861e80384fc8c00400140007c
0000001f01a840000400813000400180007c
ffff002001a70000047d41f8004001c0007c
ffff002101a4800004fcd3c000400200007c
ffff002401a0a9a805819bd800400240007c
fffe0026019afc8c060fdab800290280007c
000200260196600000e8a6b200400000007c
00010022019d8000017f04de00400040007c
0001002101a26000020883bc00400080007c
0000002001a5c000028ad340004000c0007c
0000001f01a7a0000308e31800400100007c
0000001f01a861e80384fc8c00400140007c
0000001f01a840000400813000400180007c
ffff002001a70000047d41f8004001c0007c
ffff002101a4800004fcd3c000400200007c
ffff002401a0a9a805819bd800400240007c
fffe0026019afc8c060fdab800290280007c
000200260196600000e8a6b200400000007c
00010022019d8000017f04de00400040007c
0001002101a26000020883bc00400080007c
0000002001a5c000028ad340004000c0007c
0000001f01a7a0000308e31800400100007c
0000001f01a861e80384fc8c00400140007c
0000001f01a840000400813000400180007c
ffff002001a70000047d41f8004001c0007c
ffff002101a4800004fcd3c000400200007c
ffff002401a0a9a805819bd800400240007c
fffe0026019afc8c060fdab800290280007c
000200260196600000e8a6b200400000007c
00010022019d8000017f04de00400040007c
0001002101a26000020883bc00400080007c
0000002001a5c000028ad340004000c0007c
0000001f01a7a0000308e31800400100007c
0000001f01a861e80384fc8c00400140007c
0000001f01a840000400813000400180007c
ffff002001a70000047d41f8004001c0007c
ffff002101a4800004fcd3c000400200007c
ffff002401a0a9a805819bd800400240007c
fffe0026019afc8c060fdab800290280007c
000200260196600000e8a6b200400000007c
00010022019d8000017f04de00400040007c
0001002101a26000020883bc00400080007c
0000002001a5c000028ad340004000c0007c
0000001f01a7a0000308e31800400100007c
0000001f01a861e80384fc8c00400140007c
0000001f01a840000400813000400180007c
ffff002001a70000047d41f8004001c0007c
ffff002101a4800004fcd3c000400200007c
ffff002401a0a9a805819bd800400240007c
fffe0026019afc8c060fdab800290280007c
000200260198a05a00e8870c00400000007d
00010022019fad76017ef76600400040007d
0001002101a49a92020883bc00400080007d
0000002001a7c000028abaec004000c0007d
0000001f01a9b4ca0308e31800400100007d
0000001f01aa80000384fc8c00400140007d
0000001f01aa40000400813000400180007d
ffff002001a90000047d41f8004001c0007d
ffff002101a6a00004fcd3c000400200007d
ffff002401a2e00005819bd800400240007d
fffe0026019d1c8c060fdab800290280007d
000200260198a05a00e8870c00400000007d
00010022019fad76017ef76600400040007d
0001002101a49a92020883bc00400080007d
0000002001a7c000028abaec004000c0007d
0000001f01a9b4ca0308e31800400100007d
0000001f01aa80000384fc8c00400140007d
0000001f01aa40000400813000400180007d
ffff002001a90000047d41f8004001c0007d
ffff002101a6a00004fcd3c000400200007d
ffff002401a2e00005819bd800400240007d
fffe0026019d1c8c060fdab800290280007d
000200260198a05a00e8870c00400000007d
00010022019fad76017ef76600400040007d
0001002101a49a92020883bc00400080007d
0000002001a7c000028abaec004000c0007d
0000001f01a9b4ca0308e31800400100007d
0000001f01aa80000384fc8c00400140007d
0000001f01aa40000400813000400180007d
ffff002001a90000047d41f8004001c0007d
ffff002101a6a00004fcd3c000400200007d
ffff002401a2e00005819bd800400240007d
fffe0026019d1c8c060fdab800290280007d
000200260198a05a00e8870c00400000007d
00010022019fad76017ef76600400040007d
0001002101a49a92020883bc00400080007d
0000002001a7c000028abaec004000c0007d
0000001f01a9b4ca0308e31800400100007d
0000001f01aa80000384fc8c00400140007d
0000001f01aa40000400813000400180007d
ffff002001a90000047d41f8004001c0007d
ffff002101a6a00004fcd3c000400200007d
ffff002401a2e00005819bd800400240007d
fffe0026019d1c8c060fdab800290280007d
000200260198a05a00e8870c00400000007d
00010022019fad76017ef76600400040007d
0001002101a49a92020883bc00400080007d
0000002001a7c000028abaec004000c0007d
0000001f01a9b4ca0308e31800400100007d
0000001f01aa80000384fc8c00400140007d
0000001f01aa40000400813000400180007d
ffff002001a90000047d41f8004001c0007d
ffff002101a6a00004fcd3c000400200007d
ffff002401a2e00005819bd800400240007d
fffe0026019d1c8c060fdab800290280007d
000200260198a05a00e8870c00400000007d
00010022019fad76017ef76600400040007d
0001002101a49a92020883bc00400080007d
0000002001a7c000028abaec004000c0007d
0000001f01a9b4ca0308e31800400100007d
0000001f01aa80000384fc8c00400140007d
0000001f01aa40000400813000400180007d
ffff002001a90000047d41f8004001c0007d
ffff002101a6a00004fcd3c000400200007d
ffff002401a2e00005819bd800400240007d
fffe0026019d1c8c060fdab800290280007d
00020026019ae05a00e8870c00400000007e
0001002201a1cd76017ef76600400040007e
0001002101a6a000020883bc00400080007e
0000002001a9c7ae028abaec004000c0007e
0000001f01abc0000308d7e400400100007e
0000001f01ac80000384fc8c00400140007e
0000001f01ac60000400813000400180007e
ffff002001ab03e0047d45d8004001c0007e
ffff002101a8c00004fcd3c000400200007e
ffff002401a4e9a805819bd800400240007e
fffe0026019f7c8c060fdab800290280007e
00020026019ae05a00e8870c00400000007e
0001002201a1cd76017ef76600400040007e
0001002101a6a000020883bc00400080007e
0000002001a9c7ae028abaec004000c0007e
0000001f01abc0000308d7e400400100007e
0000001f01ac80000384fc8c00400140007e
0000001f01ac60000400813000400180007e
ffff002001ab03e0047d45d8004001c0007e
ffff002101a8c00004fcd3c000400200007e
ffff002401a4e9a805819bd800400240007e
fffe0026019f7c8c060fdab800290280007e
00020026019ae05a00e8870c00400000007e
0001002201a1cd76017ef76600400040007e
0001002101a6a000020883bc00400080007e
0000002001a9c7ae028abaec004000c0007e
0000001f01abc0000308d7e400400100007e
0000001f01ac80000384fc8c00400140007e
0000001f01ac60000400813000400180007e
ffff002001ab03e0047d45d8004001c0007e
ffff002101a8c00004fcd3c000400200007e
ffff002401a4e9a805819bd800400240007e
fffe0026019f7c8c060fdab800290280007e
00020026019ae05a00e8870c00400000007e
0001002201a1cd76017ef76600400040007e
0001002101a6a000020883bc00400080007e
0000002001a9c7ae028abaec004000c0007e
0000001f01abc0000308d7e400400100007e
0000001f01ac80000384fc8c00400140007e
0000001f01ac60000400813000400180007e
ffff002001ab03e0047d45d8004001c0007e
ffff002101a8c00004fcd3c000400200007e
ffff002401a4e9a805819bd800400240007e
fffe0026019f7c8c060fdab800290280007e
00020026019ae05a00e8870c00400000007e
0001002201a1cd76017ef76600400040007e
0001002101a6a000020883bc00400080007e
0000002001a9c7ae028abaec004000c0007e
0000001f01abc0000308d7e400400100007e
0000001f01ac80000384fc8c00400140007e
0000001f01ac60000400813000400180007e
ffff002001ab03e0047d45d8004001c0007e
ffff002101a8c00004fcd3c000400200007e
ffff002401a4e9a805819bd800400240007e
fffe0026019f7c8c060fdab800290280007e
00020026019ae05a00e8870c00400000007e
0001002201a1cd76017ef76600400040007e
0001002101a6a000020883bc00400080007e
0000002001a9c7ae028abaec004000c0007e
0000001f01abc0000308d7e400400100007e
0000001f01ac80000384fc8c00400140007e
0000001f01ac60000400813000400180007e
ffff002001ab03e0047d45d8004001c0007e
ffff002101a8c00004fcd3c000400200007e
ffff002401a4e9a805819bd800400240007e
fffe0026019f7c8c060fdab800290280007e
00020026019d205a00e886b200400000007f
0001002201a40000017ee4de00400040007f
0001002101a8ba92020883bc00400080007f
0000002001abd852028abaec004000c0007f
0000001f01adab360308d7e400400100007f
0000001f01ae80000384fc8c00400140007f
0000001f01ae60000400813000400180007f
ffff002001ad2000047d45d8004001c0007f
ffff002101aab6c404fcea8000400200007f
ffff002401a720000581bbd800400240007f
fffe002601a18000060fde2800290280007f
00020026019d205a00e886b200400000007f
0001002201a40000017ee4de00400040007f
0001002101a8ba92020883bc00400080007f
0000002001abd852028abaec004000c0007f
0000001f01adab360308d7e400400100007f
0000001f01ae80000384fc8c00400140007f
0000001f01ae60000400813000400180007f
ffff002001ad2000047d45d8004001c0007f
ffff002101aab6c404fcea8000400200007f
ffff002401a720000581bbd800400240007f
fffe002601a18000060fde2800290280007f
00020026019d205a00e886b200400000007f
0001002201a40000017ee4de00400040007f
0001002101a8ba92020883bc00400080007f
0000002001abd852028abaec004000c0007f
0000001f01adab360308d7e400400100007f
0000001f01ae80000384fc8c00400140007f
0000001f01ae60000400813000400180007f
ffff002001ad2000047d45d8004001c0007f
ffff002101aab6c404fcea8000400200007f
ffff002401a720000581bbd800400240007f
fffe002601a18000060fde2800290280007f
00020026019d205a00e886b200400000007f
0001002201a40000017ee4de00400040007f
0001002101a8ba92020883bc00400080007f
0000002001abd852028abaec004000c0007f
0000001f01adab360308d7e400400100007f
0000001f01ae80000384fc8c00400140007f
0000001f01ae60000400813000400180007f
ffff002001ad2000047d45d8004001c0007f
ffff002101aab6c404fcea8000400200007f
ffff002401a720000581bbd800400240007f
fffe002601a18000060fde2800290280007f
00020026019d205a00e886b200400000007f
0001002201a40000017ee4de00400040007f
0001002101a8ba92020883bc00400080007f
0000002001abd852028abaec004000c0007f
0000001f01adab360308d7e400400100007f
0000001f01ae80000384fc8c00400140007f
0000001f01ae60000400813000400180007f
ffff002001ad2000047d45d8004001c0007f
ffff002101aab6c404fcea8000400200007f
ffff002401a720000581bbd800400240007f
fffe002601a18000060fde2800290280007f
00020026019d205a00e886b200400000007f
0001002201a40000017ee4de00400040007f
0001002101a8ba92020883bc00400080007f
0000002001abd852028abaec004000c0007f
0000001f01adab360308d7e400400100007f
0000001f01ae80000384fc8c00400140007f
0000001f01ae60000400813000400180007f
ffff002001ad2000047d45d8004001c0007f
ffff002101aab6c404fcea8000400200007f
ffff002401a720000581bbd800400240007f
fffe002601a18000060fde2800290280007f
00020026019f800000e886b2004000000080
0001002201a62d76017ee4de004000400080
0001002101aae000020883bc004000800080
0000002001ade000028abaec004000c00080
0000001f01afb4ca0308d7e4004001000080
0000001f01b080000384fc8c004001400080
0000001f01b0600004008130004001800080
ffff002001af2000047d45d8004001c00080
ffff002101acd6c404fcea80004002000080
ffff002401a940000581bbd8004002400080
fffe002601a3dc8c060ffab8002902800080
00020026019f800000e886b2004000000080
0001002201a62d76017ee4de004000400080
0001002101aae000020883bc004000800080
0000002001ade000028abaec004000c00080
0000001f01afb4ca0308d7e4004001000080
0000001f01b080000384fc8c004001400080
0000001f01b0600004008130004001800080
ffff002001af2000047d45d8004001c00080
ffff002101acd6c404fcea80004002000080
ffff002401a940000581bbd8004002400080
fffe002601a3dc8c060ffab8002902800080
00020026019f800000e886b2004000000080
0001002201a62d76017ee4de004000400080
0001002101aae000020883bc004000800080
0000002001ade000028abaec004000c00080
0000001f01afb4ca0308d7e4004001000080
0000001f01b080000384fc8c004001400080
0000001f01b0600004008130004001800080
ffff002001af2000047d45d8004001c00080
ffff002101acd6c404fcea80004002000080
ffff002401a940000581bbd8004002400080
fffe002601a3dc8c060ffab8002902800080
00020026019f800000e886b2004000000080
0001002201a62d76017ee4de004000400080
0001002101aae000020883bc004000800080
0000002001ade000028abaec004000c00080
0000001f01afb4ca0308d7e4004001000080
0000001f01b080000384fc8c004001400080
0000001f01b0600004008130004001800080
ffff002001af2000047d45d8004001c00080
ffff002101acd6c404fcea80004002000080
ffff002401a940000581bbd8004002400080
fffe002601a3dc8c060ffab8002902800080
00020026019f800000e886b2004000000080
0001002201a62d76017ee4de004000400080
0001002101aae000020883bc004000800080
0000002001ade000028abaec004000c00080
0000001f01afb4ca0308d7e4004001000080
0000001f01b080000384fc8c004001400080
0000001f01b0600004008130004001800080
ffff002001af2000047d45d8004001c00080
ffff002101acd6c404fcea80004002000080
ffff002401a940000581bbd8004002400080
fffe002601a3dc8c060ffab8002902800080
00020026019f800000e886b2004000000080
0001002201a62d76017ee4de004000400080
0001002101aae000020883bc004000800080
0000002001ade000028abaec004000c00080
0000001f01afb4ca0308d7e4004001000080
0000001f01b080000384fc8c004001400080
0000001f01b0600004008130004001800080
ffff002001af2000047d45d8004001c00080
ffff002101acd6c404fcea80004002000080
ffff002401a940000581bbd8004002400080
fffe002601a3dc8c060ffab8002902800080
0002002601a1c05a00e886b2004000000081
0001002201a8728a017ee4de004000400081
0001002101acfa9202086928004000800081
0000002001afe7ae028ab340004000c00081
0000001f01b1c0000308d7e4004001000081
0000001f01b280000384fc8c004001400081
0000001f01b2600004008130004001800081
ffff002001b123e0047d61f8004001c00081
ffff002101aef6c404fcea80004002000081
ffff002401ab60000581bbd8004002400081
fffe002601a5fc8c060ffab8002902800081
0002002601a1c05a00e886b2004000000081
0001002201a8728a017ee4de004000400081
0001002101acfa9202086928004000800081
0000002001afe7ae028ab340004000c00081
0000001f01b1c0000308d7e4004001000081
0000001f01b280000384fc8c004001400081
0000001f01b2600004008130004001800081
ffff002001b123e0047d61f8004001c00081
ffff002101aef6c404fcea80004002000081
ffff002401ab60000581bbd8004002400081
fffe002601a5fc8c060ffab8002902800081
0002002601a1c05a00e886b2004000000081
0001002201a8728a017ee4de004000400081
0001002101acfa9202086928004000800081
0000002001afe7ae028ab340004000c00081
0000001f01b1c0000308d7e4004001000081
0000001f01b280000384fc8c004001400081
0000001f01b2600004008130004001800081
ffff002001b123e0047d61f8004001c00081
ffff002101aef6c404fcea80004002000081
ffff002401ab60000581bbd8004002400081
fffe002601a5fc8c060ffab8002902800081
0002002601a1c05a00e886b2004000000081
0001002201a8728a017ee4de004000400081
0001002101acfa9202086928004000800081
0000002001afe7ae028ab340004000c00081
0000001f01b1c0000308d7e4004001000081
0000001f01b280000384fc8c004001400081
0000001f01b2600004008130004001800081
ffff002001b123e0047d61f8004001c00081
ffff002101aef6c404fcea80004002000081
ffff002401ab60000581bbd8004002400081
fffe002601a5fc8c060ffab8002902800081
0002002601a1c05a00e886b2004000000081
0001002201a8728a017ee4de004000400081
0001002101acfa9202086928004000800081
0000002001afe7ae028ab340004000c00081
0000001f01b1c0000308d7e4004001000081
0000001f01b280000384fc8c004001400081
0000001f01b2600004008130004001800081
ffff002001b123e0047d61f8004001c00081
ffff002101aef6c404fcea80004002000081
ffff002401ab60000581bbd8004002400081
fffe002601a5fc8c060ffab8002902800081
0002002601a1c05a00e886b2004000000081
0001002201a8728a017ee4de004000400081
0001002101acfa9202086928004000800081
0000002001afe7ae028ab340004000c00081
0000001f01b1c0000308d7e4004001000081
0000001f01b280000384fc8c004001400081
0000001f01b2600004008130004001800081
ffff002001b123e0047d61f8004001c00081
ffff002101aef6c404fcea80004002000081
ffff002401ab60000581bbd8004002400081
fffe002601a5fc8c060ffab8002902800081
0002002601a4005a00e8670c004000000082
0001002201aaa000017ed766004000400082
0001002101af0000020863bc004000800082
0000002001b20000028ab340004000c00082
0000001f01b3c0000308d7e4004001000082
0000001f01b480000384fc8c004001400082
0000001f01b4400004008130004001800082
ffff002001b33c20047d61f8004001c00082
ffff002101b0e93c04fcea80004002000082
ffff002401ad80000581bbd8004002400082
fffe002601a84000060ffab8002902800082
0002002601a4005a00e8670c004000000082
0001002201aaa000017ed766004000400082
0001002101af0000020863bc004000800082
0000002001b20000028ab340004000c00082
0000001f01b3c0000308d7e4004001000082
0000001f01b480000384fc8c004001400082
0000001f01b4400004008130004001800082
ffff002001b33c20047d61f8004001c00082
ffff002101b0e93c04fcea80004002000082
ffff002401ad80000581bbd8004002400082
fffe002601a84000060ffab8002902800082
0002002601a4005a00e8670c004000000082
0001002201aaa000017ed766004000400082
0001002101af0000020863bc004000800082
0000002001b20000028ab340004000c00082
0000001f01b3c0000308d7e4004001000082
0000001f01b480000384fc8c004001400082
0000001f01b4400004008130004001800082
ffff002001b33c20047d61f8004001c00082
ffff002101b0e93c04fcea80004002000082
ffff002401ad80000581bbd8004002400082
fffe002601a84000060ffab8002902800082
0002002601a4005a00e8670c004000000082
0001002201aaa000017ed766004000400082
0001002101af0000020863bc004000800082
0000002001b20000028ab340004000c00082
0000001f01b3c0000308d7e4004001000082
0000001f01b480000384fc8c004001400082
0000001f01b4400004008130004001800082
ffff002001b33c20047d61f8004001c00082
ffff002101b0e93c04fcea80004002000082
ffff002401ad80000581bbd8004002400082
fffe002601a84000060ffab8002902800082
0002002601a4005a00e8670c004000000082
0001002201aaa000017ed766004000400082
0001002101af0000020863bc004000800082
0000002001b20000028ab340004000c00082
0000001f01b3c0000308d7e4004001000082
0000001f01b480000384fc8c004001400082
0000001f01b4400004008130004001800082
ffff002001b33c20047d61f8004001c00082
ffff002101b0e93c04fcea80004002000082
ffff002401ad80000581bbd8004002400082
fffe002601a84000060ffab8002902800082
0002002601a4005a00e8670c004000000082
0001002201aaa000017ed766004000400082
0001002101af0000020863bc004000800082
0000002001b20000028ab340004000c00082
0000001f01b3c0000308d7e4004001000082
0000001f01b480000384fc8c004001400082
0000001f01b4400004008130004001800082
ffff002001b33c20047d61f8004001c00082
ffff002101b0e93c04fcea80004002000082
ffff002401ad80000581bbd8004002400082
fffe002601a84000060ffab8002902800082
0002002601a640b400e8670c004000000083
0001002201accd76017ed766004000400083
0001002101b11a92020863bc004000800083
0000002001b42000028ab340004000c00083
0000001f01b5d4ca0308d7e4004001000083
0000001f01b6a0000384fc8c004001400083
0000001f01b650fc04008130004001800083
ffff002001b523e0047d61f8004001c00083
ffff002101b3000004fcf3c0004002000083
ffff002401af89a80581bbd8004002400083
fffe002601aa7c8c060ffab8002902800083
0002002601a640b400e8670c004000000083
0001002201accd76017ed766004000400083
0001002101b11a92020863bc004000800083
0000002001b42000028ab340004000c00083
0000001f01b5d4ca0308d7e4004001000083
0000001f01b6a0000384fc8c004001400083
0000001f01b650fc04008130004001800083
ffff002001b523e0047d61f8004001c00083
ffff002101b3000004fcf3c0004002000083
ffff002401af89a80581bbd8004002400083
fffe002601aa7c8c060ffab8002902800083
0002002601a640b400e8670c004000000083
0001002201accd76017ed766004000400083
0001002101b11a92020863bc004000800083
0000002001b42000028ab340004000c00083
0000001f01b5d4ca0308d7e4004001000083
0000001f01b6a0000384fc8c004001400083
0000001f01b650fc04008130004001800083
ffff002001b523e0047d61f8004001c00083
ffff002101b3000004fcf3c0004002000083
ffff002401af89a80581bbd8004002400083
fffe002601aa7c8c060ffab8002902800083
0002002601a640b400e8670c004000000083
0001002201accd76017ed766004000400083
0001002101b11a92020863bc004000800083
0000002001b42000028ab340004000c00083
0000001f01b5d4ca0308d7e4004001000083
0000001f01b6a0000384fc8c004001400083
0000001f01b650fc04008130004001800083
ffff002001b523e0047d61f8004001c00083
ffff002101b3000004fcf3c0004002000083
ffff002401af89a80581bbd8004002400083
fffe002601aa7c8c060ffab8002902800083
0002002601a640b400e8670c004000000083
0001002201accd76017ed766004000400083
0001002101b11a92020863bc004000800083
0000002001b42000028ab340004000c00083
0000001f01b5d4ca0308d7e4004001000083
0000001f01b6a0000384fc8c004001400083
0000001f01b650fc04008130004001800083
ffff002001b523e0047d61f8004001c00083
ffff002101b3000004fcf3c0004002000083
ffff002401af89a80581bbd8004002400083
fffe002601aa7c8c060ffab8002902800083
0002002601a640b400e8670c004000000083
0001002201accd76017ed766004000400083
0001002101b11a92020863bc004000800083
0000002001b42000028ab340004000c00083
0000001f01b5d4ca0308d7e4004001000083
0000001f01b6a0000384fc8c004001400083
0000001f01b650fc04008130004001800083
ffff002001b523e0047d61f8004001c00083
ffff002101b3000004fcf3c0004002000083
ffff002401af89a80581bbd8004002400083
fffe002601aa7c8c060ffab8002902800083
0002002601a8a05a00e8670c004000000084
0001002201aeed76017ec4de004000400084
0001002101b34000020863bc004000800084
0000002001b607ae028a9aec004000c00084
0000001f01b7e0000308d7e4004001000084
0000001f01b8a0000384fc8c004001400084
0000001f01b8600004008130004001800084
ffff002001b74000047d61f8004001c00084
ffff002101b5200004fcf3c0004002000084
ffff002401b1c0000581dbd8004002400084
fffe002601acbc8c060ffe28002902800084
0002002601a8a05a00e8670c004000000084
0001002201aeed76017ec4de004000400084
0001002101b34000020863bc004000800084
0000002001b607ae028a9aec004000c00084
0000001f01b7e0000308d7e4004001000084
0000001f01b8a0000384fc8c004001400084
0000001f01b8600004008130004001800084
ffff002001b74000047d61f8004001c00084
ffff002101b5200004fcf3c0004002000084
ffff002401b1c0000581dbd8004002400084
fffe002601acbc8c060ffe28002902800084
0002002601a8a05a00e8670c004000000084
0001002201aeed76017ec4de004000400084
0001002101b34000020863bc004000800084
0000002001b607ae028a9aec004000c00084
0000001f01b7e0000308d7e4004001000084
0000001f01b8a0000384fc8c004001400084
0000001f01b8600004008130004001800084
ffff002001b74000047d61f8004001c00084
ffff002101b5200004fcf3c0004002000084
ffff002401b1c0000581dbd8004002400084
fffe002601acbc8c060ffe28002902800084
0002002601a8a05a00e8670c004000000084
0001002201aeed76017ec4de004000400084
0001002101b34000020863bc004000800084
0000002001b607ae028a9aec004000c00084
0000001f01b7e0000308d7e4004001000084
0000001f01b8a0000384fc8c004001400084
0000001f01b8600004008130004001800084
ffff002001b74000047d61f8004001c00084
ffff002101b5200004fcf3c0004002000084
ffff002401b1c0000581dbd8004002400084
fffe002601acbc8c060ffe28002902800084
0002002601a8a05a00e8670c004000000084
0001002201aeed76017ec4de004000400084
0001002101b34000020863bc004000800084
0000002001b607ae028a9aec004000c00084
0000001f01b7e0000308d7e4004001000084
0000001f01b8a0000384fc8c004001400084
0000001f01b8600004008130004001800084
ffff002001b74000047d61f8004001c00084
ffff002101b5200004fcf3c0004002000084
ffff002401b1c0000581dbd8004002400084
fffe002601acbc8c060ffe28002902800084
0002002601a8a05a00e8670c004000000084
0001002201aeed76017ec4de004000400084
0001002101b34000020863bc004000800084
0000002001b607ae028a9aec004000c00084
0000001f01b7e0000308d7e4004001000084
0000001f01b8a0000384fc8c004001400084
0000001f01b8600004008130004001800084
ffff002001b74000047d61f8004001c00084
ffff002101b5200004fcf3c0004002000084
ffff002401b1c0000581dbd8004002400084
fffe002601acbc8c060ffe28002902800084
0002002601aae05a00e866b2004000000085
0001002201b12000017ec4de004000400085
0001002101b55a92020863bc004000800085
0000002001b82000028a9aec004000c00085
0000001f01b9e0000308d7e4004001000085
0000001f01baa0000384fc8c004001400085
0000001f01ba600004009230004001800085
ffff002001b94000047d61f8004001c00085
ffff002101b7400004fcf3c0004002000085
ffff002401b3c9a80581dbd8004002400085
fffe002601aee00006101ab8002902800085
0002002601aae05a00e866b2004000000085
0001002201b12000017ec4de004000400085
0001002101b55a92020863bc004000800085
0000002001b82000028a9aec004000c00085
0000001f01b9e0000308d7e4004001000085
0000001f01baa0000384fc8c004001400085
0000001f01ba600004009230004001800085
ffff002001b94000047d61f8004001c00085
ffff002101b7400004fcf3c0004002000085
ffff002401b3c9a80581dbd8004002400085
fffe002601aee00006101ab8002902800085
0002002601aae05a00e866b2004000000085
0001002201b12000017ec4de004000400085
0001002101b55a92020863bc004000800085
0000002001b82000028a9aec004000c00085
0000001f01b9e0000308d7e4004001000085
0000001f01baa0000384fc8c004001400085
0000001f01ba600004009230004001800085
ffff002001b94000047d61f8004001c00085
ffff002101b7400004fcf3c0004002000085
ffff002401b3c9a80581dbd8004002400085
fffe002601aee00006101ab8002902800085
0002002601aae05a00e866b2004000000085
0001002201b12000017ec4de004000400085
0001002101b55a92020863bc004000800085
0000002001b82000028a9aec004000c00085
0000001f01b9e0000308d7e4004001000085
0000001f01baa0000384fc8c004001400085
0000001f01ba600004009230004001800085
ffff002001b94000047d61f8004001c00085
ffff002101b7400004fcf3c0004002000085
ffff002401b3c9a80581dbd8004002400085
fffe002601aee00006101ab8002902800085
0002002601aae05a00e866b2004000000085
0001002201b12000017ec4de004000400085
0001002101b55a92020863bc004000800085
0000002001b82000028a9aec004000c00085
0000001f01b9e0000308d7e4004001000085
0000001f01baa0000384fc8c004001400085
0000001f01ba600004009230004001800085
ffff002001b94000047d61f8004001c00085
ffff002101b7400004fcf3c0004002000085
ffff002401b3c9a80581dbd8004002400085
fffe002601aee00006101ab8002902800085
0002002601aae05a00e866b2004000000085
0001002201b12000017ec4de004000400085
0001002101b55a92020863bc004000800085
0000002001b82000028a9aec004000c00085
0000001f01b9e0000308d7e4004001000085
0000001f01baa0000384fc8c004001400085
0000001f01ba600004009230004001800085
ffff002001b94000047d61f8004001c00085
ffff002101b7400004fcf3c0004002000085
ffff002401b3c9a80581dbd8004002400085
fffe002601aee00006101ab8002902800085
0002002601ad205a00e866b2004000000086
0001002201b34d76017ec4de004000400086
0001002101b77a92020863bc004000800086
0000002001ba4000028a9aec004000c00086
0000001f01bbe0000308d7e4004001000086
0000001f01bca0000384fc8c004001400086
0000001f01bc600004009230004001800086
ffff002001bb6000047d61f8004001c00086
ffff002101b936c404fd0a80004002000086
ffff002401b600000581dbd8004002400086
fffe002601b1200006101ab8002902800086
0002002601ad205a00e866b2004000000086
0001002201b34d76017ec4de004000400086
0001002101b77a92020863bc004000800086
0000002001ba4000028a9aec004000c00086
0000001f01bbe0000308d7e4004001000086
0000001f01bca0000384fc8c004001400086
0000001f01bc600004009230004001800086
ffff002001bb6000047d61f8004001c00086
ffff002101b936c404fd0a80004002000086
ffff002401b600000581dbd8004002400086
fffe002601b1200006101ab8002902800086
0002002601ad205a00e866b2004000000086
0001002201b34d76017ec4de004000400086
0001002101b77a92020863bc004000800086
0000002001ba4000028a9aec004000c00086
0000001f01bbe0000308d7e4004001000086
0000001f01bca0000384fc8c004001400086
0000001f01bc600004009230004001800086
ffff002001bb6000047d61f8004001c00086
ffff002101b936c404fd0a80004002000086
ffff002401b600000581dbd8004002400086
fffe002601b1200006101ab8002902800086
0002002601ad205a00e866b2004000000086
0001002201b34d76017ec4de004000400086
0001002101b77a92020863bc004000800086
0000002001ba4000028a9aec004000c00086
0000001f01bbe0000308d7e4004001000086
0000001f01bca0000384fc8c004001400086
0000001f01bc600004009230004001800086
ffff002001bb6000047d61f8004001c00086
ffff002101b936c404fd0a80004002000086
ffff002401b600000581dbd8004002400086
fffe002601b1200006101ab8002902800086
0002002601ad205a00e866b2004000000086
0001002201b34d76017ec4de004000400086
0001002101b77a92020863bc004000800086
0000002001ba4000028a9aec004000c00086
0000001f01bbe0000308d7e4004001000086
0000001f01bca0000384fc8c004001400086
0000001f01bc600004009230004001800086
ffff002001bb6000047d61f8004001c00086
ffff002101b936c404fd0a80004002000086
ffff002401b600000581dbd8004002400086
fffe002601b1200006101ab8002902800086
0002002601ad205a00e866b2004000000086
0001002201b34d76017ec4de004000400086
0001002101b77a92020863bc004000800086
0000002001ba4000028a9aec004000c00086
0000001f01bbe0000308d7e4004001000086
0000001f01bca0000384fc8c004001400086
0000001f01bc600004009230004001800086
ffff002001bb6000047d61f8004001c00086
ffff002101b936c404fd0a80004002000086
ffff002401b600000581dbd8004002400086
fffe002601b1200006101ab8002902800086
0002002601af805a00e866b2004000000087
0001002201b58000017ec4de004000400087
0001002101b9856e02085e50004000800087
0000002001bc47ae028a9aec004000c00087
0000001f01bde0000308d7e4004001000087
0000001f01be80000384fc8c004001400087
0000001f01be60000400a130004001800087
ffff002001bd6000047d61f8004001c00087
ffff002101bb56c404fd0a80004002000087
ffff002401b820000581dbd8004002400087
fffe002601b35c8c06101ab8002902800087
0002002601af805a00e866b2004000000087
0001002201b58000017ec4de004000400087
0001002101b9856e02085e50004000800087
0000002001bc47ae028a9aec004000c00087
0000001f01bde0000308d7e4004001000087
0000001f01be80000384fc8c004001400087
0000001f01be60000400a130004001800087
ffff002001bd6000047d61f8004001c00087
ffff002101bb56c404fd0a80004002000087
ffff002401b820000581dbd8004002400087
fffe002601b35c8c06101ab8002902800087
0002002601af805a00e866b2004000000087
0001002201b58000017ec4de004000400087
0001002101b9856e02085e50004000800087
0000002001bc47ae028a9aec004000c00087
0000001f01bde0000308d7e4004001000087
0000001f01be80000384fc8c004001400087
0000001f01be60000400a130004001800087
ffff002001bd6000047d61f8004001c00087
ffff002101bb56c404fd0a80004002000087
ffff002401b820000581dbd8004002400087
fffe002601b35c8c06101ab8002902800087
0002002601af805a00e866b2004000000087
0001002201b58000017ec4de004000400087
0001002101b9856e02085e50004000800087
0000002001bc47ae028a9aec004000c00087
0000001f01bde0000308d7e4004001000087
0000001f01be80000384fc8c004001400087
0000001f01be60000400a130004001800087
ffff002001bd6000047d61f8004001c00087
ffff002101bb56c404fd0a80004002000087
ffff002401b820000581dbd8004002400087
fffe002601b35c8c06101ab8002902800087
0002002601af805a00e866b2004000000087
0001002201b58000017ec4de004000400087
0001002101b9856e02085e50004000800087
0000002001bc47ae028a9aec004000c00087
0000001f01bde0000308d7e4004001000087
0000001f01be80000384fc8c004001400087
0000001f01be60000400a130004001800087
ffff002001bd6000047d61f8004001c00087
ffff002101bb56c404fd0a80004002000087
ffff002401b820000581dbd8004002400087
fffe002601b35c8c06101ab8002902800087
0002002601af805a00e866b2004000000087
0001002201b58000017ec4de004000400087
0001002101b9856e02085e50004000800087
0000002001bc47ae028a9aec004000c00087
0000001f01bde0000308d7e4004001000087
0000001f01be80000384fc8c004001400087
0000001f01be60000400a130004001800087
ffff002001bd6000047d61f8004001c00087
ffff002101bb56c404fd0a80004002000087
ffff002401b820000581dbd8004002400087
fffe002601b35c8c06101ab8002902800087
0001002601b1e05a00e8470c004000000088
0001002201b7ad76017eb766004000400088
0001002101bba000020843bc004000800088
0000002001be4000028a9aec004000c00088
0000001f01bfe0000308d7e4004001000088
0000001f01c080000384fc8c004001400088
0000001f01c070fc0400a130004001800088
0000002001bf63e0047d61f8004001c00088
ffff002101bd76c404fd0a80004002000088
ffff002401ba40000581dbd8004002400088
fffe002601b59c8c06101ab8002902800088
0001002601b1e05a00e8470c004000000088
0001002201b7ad76017eb766004000400088
0001002101bba000020843bc004000800088
0000002001be4000028a9aec004000c00088
0000001f01bfe0000308d7e4004001000088
0000001f01c080000384fc8c004001400088
0000001f01c070fc0400a130004001800088
0000002001bf63e0047d61f8004001c00088
ffff002101bd76c404fd0a80004002000088
ffff002401ba40000581dbd8004002400088
fffe002601b59c8c06101ab8002902800088
0001002601b1e05a00e8470c004000000088
0001002201b7ad76017eb766004000400088
0001002101bba000020843bc004000800088
0000002001be4000028a9aec004000c00088
0000001f01bfe0000308d7e4004001000088
0000001f01c080000384fc8c004001400088
0000001f01c070fc0400a130004001800088
0000002001bf63e0047d61f8004001c00088
ffff002101bd76c404fd0a80004002000088
ffff002401ba40000581dbd8004002400088
fffe002601b59c8c06101ab8002902800088
0001002601b1e05a00e8470c004000000088
0001002201b7ad76017eb766004000400088
0001002101bba000020843bc004000800088
0000002001be4000028a9aec004000c00088
0000001f01bfe0000308d7e4004001000088
0000001f01c080000384fc8c004001400088
0000001f01c070fc0400a130004001800088
0000002001bf63e0047d61f8004001c00088
ffff002101bd76c404fd0a80004002000088
ffff002401ba40000581dbd8004002400088
fffe002601b59c8c06101ab8002902800088
0001002601b1e05a00e8470c004000000088
0001002201b7ad76017eb766004000400088
0001002101bba000020843bc004000800088
0000002001be4000028a9aec004000c00088
0000001f01bfe0000308d7e4004001000088
0000001f01c080000384fc8c004001400088
0000001f01c070fc0400a130004001800088
0000002001bf63e0047d61f8004001c00088
ffff002101bd76c404fd0a80004002000088
ffff002401ba40000581dbd8004002400088
fffe002601b59c8c06101ab8002902800088
0001002601b1e05a00e8470c004000000088
0001002201b7ad76017eb766004000400088
0001002101bba000020843bc004000800088
0000002001be4000028a9aec004000c00088
0000001f01bfe0000308d7e4004001000088
0000001f01c080000384fc8c004001400088
0000001f01c070fc0400a130004001800088
0000002001bf63e0047d61f8004001c00088
ffff002101bd76c404fd0a80004002000088
ffff002401ba40000581dbd8004002400088
fffe002601b59c8c06101ab8002902800088
0001002601b4005a00e8470c004000000089
0001002201b9cd76017eb766004000400089
0001002101bdda92020843bc004000800089
0000002001c06000028a9340004000c00089
0000001f01c1e0000308c318004001000089
0000001f01c281e80384fc8c004001400089
0000001f01c280000400a130004001800089
0000002001c16000047d65d8004001c00089
ffff002101bf693c04fd0a80004002000089
ffff002401bc69a80581dbd8004002400089
fffe002601b7dc8c06101e28002902800089
0001002601b4005a00e8470c004000000089
0001002201b9cd76017eb766004000400089
0001002101bdda92020843bc004000800089
0000002001c06000028a9340004000c00089
0000001f01c1e0000308c318004001000089
0000001f01c281e80384fc8c004001400089
0000001f01c280000400a130004001800089
0000002001c16000047d65d8004001c00089
ffff002101bf693c04fd0a80004002000089
ffff002401bc69a80581dbd8004002400089
fffe002601b7dc8c06101e28002902800089
0001002601b4005a00e8470c004000000089
0001002201b9cd76017eb766004000400089
0001002101bdda92020843bc004000800089
0000002001c06000028a9340004000c00089
0000001f01c1e0000308c318004001000089
0000001f01c281e80384fc8c004001400089
0000001f01c280000400a130004001800089
0000002001c16000047d65d8004001c00089
ffff002101bf693c04fd0a80004002000089
ffff002401bc69a80581dbd8004002400089
fffe002601b7dc8c06101e28002902800089
0001002601b4005a00e8470c004000000089
0001002201b9cd76017eb766004000400089
0001002101bdda92020843bc004000800089
0000002001c06000028a9340004000c00089
0000001f01c1e0000308c318004001000089
0000001f01c281e80384fc8c004001400089
0000001f01c280000400a130004001800089
0000002001c16000047d65d8004001c00089
ffff002101bf693c04fd0a80004002000089
ffff002401bc69a80581dbd8004002400089
fffe002601b7dc8c06101e28002902800089
0001002601b4005a00e8470c004000000089
0001002201b9cd76017eb766004000400089
0001002101bdda92020843bc004000800089
0000002001c06000028a9340004000c00089
0000001f01c1e0000308c318004001000089
0000001f01c281e80384fc8c004001400089
0000001f01c280000400a130004001800089
0000002001c16000047d65d8004001c00089
ffff002101bf693c04fd0a80004002000089
ffff002401bc69a80581dbd8004002400089
fffe002601b7dc8c06101e28002902800089
0001002601b4005a00e8470c004000000089
0001002201b9cd76017eb766004000400089
0001002101bdda92020843bc004000800089
0000002001c06000028a9340004000c00089
0000001f01c1e0000308c318004001000089
0000001f01c281e80384fc8c004001400089
0000001f01c280000400a130004001800089
0000002001c16000047d65d8004001c00089
ffff002101bf693c04fd0a80004002000089
ffff002401bc69a80581dbd8004002400089
fffe002601b7dc8c06101e28002902800089
0001002601b6600000e8470c00400000008a
0001002201bc0000017ea4de00400040008a
0001002101bfda92020843bc00400080008a
0000002001c267ae028a9340004000c0008a
0000001f01c3f4ca0308c31800400100008a
0000001f01c4a0000384fc8c00400140008a
0000001f01c480000400a13000400180008a
0000002001c363e0047d65d8004001c0008a
ffff002101c1800004fd13c000400200008a
ffff002401be80000581dbd800400240008a
fffe002601ba1c8c06101e2800290280008a
0001002601b6600000e8470c00400000008a
0001002201bc0000017ea4de00400040008a
0001002101bfda92020843bc00400080008a
0000002001c267ae028a9340004000c0008a
0000001f01c3f4ca0308c31800400100008a
0000001f01c4a0000384fc8c00400140008a
0000001f01c480000400a13000400180008a
0000002001c363e0047d65d8004001c0008a
ffff002101c1800004fd13c000400200008a
ffff002401be80000581dbd800400240008a
fffe002601ba1c8c06101e2800290280008a
0001002601b6600000e8470c00400000008a
0001002201bc0000017ea4de00400040008a
0001002101bfda92020843bc00400080008a
0000002001c267ae028a9340004000c0008a
0000001f01c3f4ca0308c31800400100008a
0000001f01c4a0000384fc8c00400140008a
0000001f01c480000400a13000400180008a
0000002001c363e0047d65d8004001c0008a
ffff002101c1800004fd13c000400200008a
ffff002401be80000581dbd800400240008a
fffe002601ba1c8c06101e2800290280008a
0001002601b6600000e8470c00400000008a
0001002201bc0000017ea4de00400040008a
0001002101bfda92020843bc00400080008a
0000002001c267ae028a9340004000c0008a
0000001f01c3f4ca0308c31800400100008a
0000001f01c4a0000384fc8c00400140008a
0000001f01c480000400a13000400180008a
0000002001c363e0047d65d8004001c0008a
ffff002101c1800004fd13c000400200008a
ffff002401be80000581dbd800400240008a
fffe002601ba1c8c06101e2800290280008a
0001002601b6600000e8470c00400000008a
0001002201bc0000017ea4de00400040008a
0001002101bfda92020843bc00400080008a
0000002001c267ae028a9340004000c0008a
0000001f01c3f4ca0308c31800400100008a
0000001f01c4a0000384fc8c00400140008a
0000001f01c480000400a13000400180008a
0000002001c363e0047d65d8004001c0008a
ffff002101c1800004fd13c000400200008a
ffff002401be80000581dbd800400240008a
fffe002601ba1c8c06101e2800290280008a
0001002601b6600000e8470c00400000008a
0001002201bc0000017ea4de00400040008a
0001002101bfda92020843bc00400080008a
0000002001c267ae028a9340004000c0008a
0000001f01c3f4ca0308c31800400100008a
0000001f01c4a0000384fc8c00400140008a
0000001f01c480000400a13000400180008a
0000002001c363e0047d65d8004001c0008a
ffff002101c1800004fd13c000400200008a
ffff002401be80000581dbd800400240008a
fffe002601ba1c8c06101e2800290280008a
0001002601b8c05a00e846b200400000008b
0001002201be328a017ea4de00400040008b
0001002101c20000020843bc00400080008b
0000002001c48000028a9340004000c0008b
0000001f01c600000308c31800400100008b
0000001f01c6a0000384faa400400140008b
0000001f01c680000400a13000400180008b
0000002001c58000047d65d8004001c0008b
ffff002101c3a00004fd13c000400200008b
ffff002401c0a9a80581fbd800400240008b
ffff002601bc3c8c06103ab800290280008b
0001002601b8c05a00e846b200400000008b
0001002201be328a017ea4de00400040008b
0001002101c20000020843bc00400080008b
0000002001c48000028a9340004000c0008b
0000001f01c600000308c31800400100008b
0000001f01c6a0000384faa400400140008b
0000001f01c680000400a13000400180008b
0000002001c58000047d65d8004001c0008b
ffff002101c3a00004fd13c000400200008b
ffff002401c0a9a80581fbd800400240008b
ffff002601bc3c8c06103ab800290280008b
0001002601b8c05a00e846b200400000008b
0001002201be328a017ea4de00400040008b
0001002101c20000020843bc00400080008b
0000002001c48000028a9340004000c0008b
0000001f01c600000308c31800400100008b
0000001f01c6a0000384faa400400140008b
0000001f01c680000400a13000400180008b
0000002001c58000047d65d8004001c0008b
ffff002101c3a00004fd13c000400200008b
ffff002401c0a9a80581fbd800400240008b
ffff002601bc3c8c06103ab800290280008b
0001002601b8c05a00e846b200400000008b
0001002201be328a017ea4de00400040008b
0001002101c20000020843bc00400080008b
0000002001c48000028a9340004000c0008b
0000001f01c600000308c31800400100008b
0000001f01c6a0000384faa400400140008b
0000001f01c680000400a13000400180008b
0000002001c58000047d65d8004001c0008b
ffff002101c3a00004fd13c000400200008b
ffff002401c0a9a80581fbd800400240008b
ffff002601bc3c8c06103ab800290280008b
0001002601b8c05a00e846b200400000008b
0001002201be328a017ea4de00400040008b
0001002101c20000020843bc00400080008b
0000002001c48000028a9340004000c0008b
0000001f01c600000308c31800400100008b
0000001f01c6a0000384faa400400140008b
0000001f01c680000400a13000400180008b
0000002001c58000047d65d8004001c0008b
ffff002101c3a00004fd13c000400200008b
ffff002401c0a9a80581fbd800400240008b
ffff002601bc3c8c06103ab800290280008b
0001002601b8c05a00e846b200400000008b
0001002201be328a017ea4de00400040008b
0001002101c20000020843bc00400080008b
0000002001c48000028a9340004000c0008b
0000001f01c600000308c31800400100008b
0000001f01c6a0000384faa400400140008b
0000001f01c680000400a13000400180008b
0000002001c58000047d65d8004001c0008b
ffff002101c3a00004fd13c000400200008b
ffff002401c0a9a80581fbd800400240008b
ffff002601bc3c8c06103ab800290280008b
0001002601bb005a00e846b200400000008c
0001002201c06000017ea4de00400040008c
0001002101c4056e020843bc00400080008c
0000002001c69852028a9340004000c0008c
0000001f01c800000308b7e400400100008c
0000001f01c8a0000384faa400400140008c
0000001f01c880000400a13000400180008c
0000002001c78000047d81f8004001c0008c
ffff002101c5a93c04fd13c000400200008c
ffff002401c2c0000581fbd800400240008c
ffff002601be7c8c06103ab800290280008c
0001002601bb005a00e846b200400000008c
0001002201c06000017ea4de00400040008c
0001002101c4056e020843bc00400080008c
0000002001c69852028a9340004000c0008c
0000001f01c800000308b7e400400100008c
0000001f01c8a0000384faa400400140008c
0000001f01c880000400a13000400180008c
0000002001c78000047d81f8004001c0008c
ffff002101c5a93c04fd13c000400200008c
ffff002401c2c0000581fbd800400240008c
ffff002601be7c8c06103ab800290280008c
0001002601bb005a00e846b200400000008c
0001002201c06000017ea4de00400040008c
0001002101c4056e020843bc00400080008c
0000002001c69852028a9340004000c0008c
0000001f01c800000308b7e400400100008c
0000001f01c8a0000384faa400400140008c
0000001f01c880000400a13000400180008c
0000002001c78000047d81f8004001c0008c
ffff002101c5a93c04fd13c000400200008c
ffff002401c2c0000581fbd800400240008c
ffff002601be7c8c06103ab800290280008c
0001002601bb005a00e846b200400000008c
0001002201c06000017ea4de00400040008c
0001002101c4056e020843bc00400080008c
0000002001c69852028a9340004000c0008c
0000001f01c800000308b7e400400100008c
0000001f01c8a0000384faa400400140008c
0000001f01c880000400a13000400180008c
0000002001c78000047d81f8004001c0008c
ffff002101c5a93c04fd13c000400200008c
ffff002401c2c0000581fbd800400240008c
ffff002601be7c8c06103ab800290280008c
0001002601bb005a00e846b200400000008c
0001002201c06000017ea4de00400040008c
0001002101c4056e020843bc00400080008c
0000002001c69852028a9340004000c0008c
0000001f01c800000308b7e400400100008c
0000001f01c8a0000384faa400400140008c
0000001f01c880000400a13000400180008c
0000002001c78000047d81f8004001c0008c
ffff002101c5a93c04fd13c000400200008c
ffff002401c2c0000581fbd800400240008c
ffff002601be7c8c06103ab800290280008c
0001002601bb005a00e846b200400000008c
0001002201c06000017ea4de00400040008c
0001002101c4056e020843bc00400080008c
0000002001c69852028a9340004000c0008c
0000001f01c800000308b7e400400100008c
0000001f01c8a0000384faa400400140008c
0000001f01c880000400a13000400180008c
0000002001c78000047d81f8004001c0008c
ffff002101c5a93c04fd13c000400200008c
ffff002401c2c0000581fbd800400240008c
ffff002601be7c8c06103ab800290280008c
0001002601bd405a00e846b200400000008d
0001002201c2928a017ea4de00400040008d
0001002101c63a92020843bc00400080008d
0000002001c887ae028a7aec004000c0008d
0000001f01ca14ca0308b7e400400100008d
0000001f01caa0000384dc8c00400140008d
0000001f01ca60000400a13000400180008d
0000002001c9a000047d81f8004001c0008d
ffff002101c7b6c404fd2a8000400200008d
ffff002401c4e0000581fbd800400240008d
ffff002601c0bc8c06103ab800290280008d
0001002601bd405a00e846b200400000008d
0001002201c2928a017ea4de00400040008d
0001002101c63a92020843bc00400080008d
0000002001c887ae028a7aec004000c0008d
0000001f01ca14ca0308b7e400400100008d
0000001f01caa0000384dc8c00400140008d
0000001f01ca60000400a13000400180008d
0000002001c9a000047d81f8004001c0008d
ffff002101c7b6c404fd2a8000400200008d
ffff002401c4e0000581fbd800400240008d
ffff002601c0bc8c06103ab800290280008d
0001002601bd405a00e846b200400000008d
0001002201c2928a017ea4de00400040008d
0001002101c63a92020843bc00400080008d
0000002001c887ae028a7aec004000c0008d
0000001f01ca14ca0308b7e400400100008d
0000001f01caa0000384dc8c00400140008d
0000001f01ca60000400a13000400180008d
0000002001c9a000047d81f8004001c0008d
ffff002101c7b6c404fd2a8000400200008d
ffff002401c4e0000581fbd800400240008d
ffff002601c0bc8c06103ab800290280008d
0001002601bd405a00e846b200400000008d
0001002201c2928a017ea4de00400040008d
0001002101c63a92020843bc00400080008d
0000002001c887ae028a7aec004000c0008d
0000001f01ca14ca0308b7e400400100008d
0000001f01caa0000384dc8c00400140008d
0000001f01ca60000400a13000400180008d
0000002001c9a000047d81f8004001c0008d
ffff002101c7b6c404fd2a8000400200008d
ffff002401c4e0000581fbd800400240008d
ffff002601c0bc8c06103ab800290280008d
0001002601bd405a00e846b200400000008d
0001002201c2928a017ea4de00400040008d
0001002101c63a92020843bc00400080008d
0000002001c887ae028a7aec004000c0008d
0000001f01ca14ca0308b7e400400100008d
0000001f01caa0000384dc8c00400140008d
0000001f01ca60000400a13000400180008d
0000002001c9a000047d81f8004001c0008d
ffff002101c7b6c404fd2a8000400200008d
ffff002401c4e0000581fbd800400240008d
ffff002601c0bc8c06103ab800290280008d
0001002601bd405a00e846b200400000008d
0001002201c2928a017ea4de00400040008d
0001002101c63a92020843bc00400080008d
0000002001c887ae028a7aec004000c0008d
0000001f01ca14ca0308b7e400400100008d
0000001f01caa0000384dc8c00400140008d
0000001f01ca60000400a13000400180008d
0000002001c9a000047d81f8004001c0008d
ffff002101c7b6c404fd2a8000400200008d
ffff002401c4e0000581fbd800400240008d
ffff002601c0bc8c06103ab800290280008d
0001002601bf805a00e8270c00400000008e
0001002201c4cd76017e976600400040008e
0001002101c84000020823bc00400080008e
0000002001caa000028a7aec004000c0008e
0000001f01cc20000308b7e400400100008e
0000001f01cca0000384dc8c00400140008e
0000001f01cc80000400a13000400180008e
0000002001cba000047d81f8004001c0008e
ffff002101c9d6c404fd2a8000400200008e
ffff002401c700000581fbd800400240008e
ffff002601c2e00006103ab800290280008e
0001002601bf805a00e8270c00400000008e
0001002201c4cd76017e976600400040008e
0001002101c84000020823bc00400080008e
0000002001caa000028a7aec004000c0008e
0000001f01cc20000308b7e400400100008e
0000001f01cca0000384dc8c00400140008e
0000001f01cc80000400a13000400180008e
0000002001cba000047d81f8004001c0008e
ffff002101c9d6c404fd2a8000400200008e
ffff002401c700000581fbd800400240008e
ffff002601c2e00006103ab800290280008e
0001002601bf805a00e8270c00400000008e
0001002201c4cd76017e976600400040008e
0001002101c84000020823bc00400080008e
0000002001caa000028a7aec004000c0008e
0000001f01cc20000308b7e400400100008e
0000001f01cca0000384dc8c00400140008e
0000001f01cc80000400a13000400180008e
0000002001cba000047d81f8004001c0008e
ffff002101c9d6c404fd2a8000400200008e
ffff002401c700000581fbd800400240008e
ffff002601c2e00006103ab800290280008e
0001002601bf805a00e8270c00400000008e
0001002201c4cd76017e976600400040008e
0001002101c84000020823bc00400080008e
0000002001caa000028a7aec004000c0008e
0000001f01cc20000308b7e400400100008e
0000001f01cca0000384dc8c00400140008e
0000001f01cc80000400a13000400180008e
0000002001cba000047d81f8004001c0008e
ffff002101c9d6c404fd2a8000400200008e
ffff002401c700000581fbd800400240008e
ffff002601c2e00006103ab800290280008e
0001002601bf805a00e8270c00400000008e
0001002201c4cd76017e976600400040008e
0001002101c84000020823bc00400080008e
0000002001caa000028a7aec004000c0008e
0000001f01cc20000308b7e400400100008e
0000001f01cca0000384dc8c00400140008e
0000001f01cc80000400a13000400180008e
0000002001cba000047d81f8004001c0008e
ffff002101c9d6c404fd2a8000400200008e
ffff002401c700000581fbd800400240008e
ffff002601c2e00006103ab800290280008e
0001002601bf805a00e8270c00400000008e
0001002201c4cd76017e976600400040008e
0001002101c84000020823bc00400080008e
0000002001caa000028a7aec004000c0008e
0000001f01cc20000308b7e400400100008e
0000001f01cca0000384dc8c00400140008e
0000001f01cc80000400a13000400180008e
0000002001cba000047d81f8004001c0008e
ffff002101c9d6c404fd2a8000400200008e
ffff002401c700000581fbd800400240008e
ffff002601c2e00006103ab800290280008e
0001002601c1e05a00e8270c00400000008f
0001002201c6ed76017e976600400040008f
0001002101ca6000020823bc00400080008f
0000002001ccc000028a7aec004000c0008f
0000001f01ce0b360308b7e400400100008f
0000001f01cea0000384dc8c00400140008f
0000001f01ce80000400a13000400180008f
0000002001cda3e0047d81f8004001c0008f
ffff002101cbe00004fd2a8000400200008f
ffff002401c929a80581fbd800400240008f
ffff002601c51c8c06103e2800290280008f
0001002601c1e05a00e8270c00400000008f
0001002201c6ed76017e976600400040008f
0001002101ca6000020823bc00400080008f
0000002001ccc000028a7aec004000c0008f
0000001f01ce0b360308b7e400400100008f
0000001f01cea0000384dc8c00400140008f
0000001f01ce80000400a13000400180008f
0000002001cda3e0047d81f8004001c0008f
ffff002101cbe00004fd2a8000400200008f
ffff002401c929a80581fbd800400240008f
ffff002601c51c8c06103e2800290280008f
0001002601c1e05a00e8270c00400000008f
0001002201c6ed76017e976600400040008f
0001002101ca6000020823bc00400080008f
0000002001ccc000028a7aec004000c0008f
0000001f01ce0b360308b7e400400100008f
0000001f01cea0000384dc8c00400140008f
0000001f01ce80000400a13000400180008f
0000002001cda3e0047d81f8004001c0008f
ffff002101cbe00004fd2a8000400200008f
ffff002401c929a80581fbd800400240008f
ffff002601c51c8c06103e2800290280008f
0001002601c1e05a00e8270c00400000008f
0001002201c6ed76017e976600400040008f
0001002101ca6000020823bc00400080008f
0000002001ccc000028a7aec004000c0008f
0000001f01ce0b360308b7e400400100008f
0000001f01cea0000384dc8c00400140008f
0000001f01ce80000400a13000400180008f
0000002001cda3e0047d81f8004001c0008f
ffff002101cbe00004fd2a8000400200008f
ffff002401c929a80581fbd800400240008f
ffff002601c51c8c06103e2800290280008f
0001002601c1e05a00e8270c00400000008f
0001002201c6ed76017e976600400040008f
0001002101ca6000020823bc00400080008f
0000002001ccc000028a7aec004000c0008f
0000001f01ce0b360308b7e400400100008f
0000001f01cea0000384dc8c00400140008f
0000001f01ce80000400a13000400180008f
0000002001cda3e0047d81f8004001c0008f
ffff002101cbe00004fd2a8000400200008f
ffff002401c929a80581fbd800400240008f
ffff002601c51c8c06103e2800290280008f
0001002601c1e05a00e8270c00400000008f
0001002201c6ed76017e976600400040008f
0001002101ca6000020823bc00400080008f
0000002001ccc000028a7aec004000c0008f
0000001f01ce0b360308b7e400400100008f
0000001f01cea0000384dc8c00400140008f
0000001f01ce80000400a13000400180008f
0000002001cda3e0047d81f8004001c0008f
ffff002101cbe00004fd2a8000400200008f
ffff002401c929a80581fbd800400240008f
ffff002601c51c8c06103e2800290280008f
0001002601c4205a00e8270c004000000090
0001002201c92d76017e84de004000400090
0001002101cc8000020823bc004000800090
0000002001cec7ae028a7aec004000c00090
0000001f01d014ca0308b7e4004001000090
0000001f01d0c0000384dc8c004001400090
0000001f01d080000400a130004001800090
0000002001cfbc20047d81f8004001c00090
ffff002101cde93c04fd2a80004002000090
ffff002401cb40000581fbd8004002400090
ffff002601c7600006103e28002902800090
0001002601c4205a00e8270c004000000090
0001002201c92d76017e84de004000400090
0001002101cc8000020823bc004000800090
0000002001cec7ae028a7aec004000c00090
0000001f01d014ca0308b7e4004001000090
0000001f01d0c0000384dc8c004001400090
0000001f01d080000400a130004001800090
0000002001cfbc20047d81f8004001c00090
ffff002101cde93c04fd2a80004002000090
ffff002401cb40000581fbd8004002400090
ffff002601c7600006103e28002902800090
0001002601c4205a00e8270c004000000090
0001002201c92d76017e84de004000400090
0001002101cc8000020823bc004000800090
0000002001cec7ae028a7aec004000c00090
0000001f01d014ca0308b7e4004001000090
0000001f01d0c0000384dc8c004001400090
0000001f01d080000400a130004001800090
0000002001cfbc20047d81f8004001c00090
ffff002101cde93c04fd2a80004002000090
ffff002401cb40000581fbd8004002400090
ffff002601c7600006103e28002902800090
0001002601c4205a00e8270c004000000090
0001002201c92d76017e84de004000400090
0001002101cc8000020823bc004000800090
0000002001cec7ae028a7aec004000c00090
0000001f01d014ca0308b7e4004001000090
0000001f01d0c0000384dc8c004001400090
0000001f01d080000400a130004001800090
0000002001cfbc20047d81f8004001c00090
ffff002101cde93c04fd2a80004002000090
ffff002401cb40000581fbd8004002400090
ffff002601c7600006103e28002902800090
0001002601c4205a00e8270c004000000090
0001002201c92d76017e84de004000400090
0001002101cc8000020823bc004000800090
0000002001cec7ae028a7aec004000c00090
0000001f01d014ca0308b7e4004001000090
0000001f01d0c0000384dc8c004001400090
0000001f01d080000400a130004001800090
0000002001cfbc20047d81f8004001c00090
ffff002101cde93c04fd2a80004002000090
ffff002401cb40000581fbd8004002400090
ffff002601c7600006103e28002902800090
0001002601c4205a00e8270c004000000090
0001002201c92d76017e84de004000400090
0001002101cc8000020823bc004000800090
0000002001cec7ae028a7aec004000c00090
0000001f01d014ca0308b7e4004001000090
0000001f01d0c0000384dc8c004001400090
0000001f01d080000400a130004001800090
0000002001cfbc20047d81f8004001c00090
ffff002101cde93c04fd2a80004002000090
ffff002401cb40000581fbd8004002400090
ffff002601c7600006103e28002902800090
0001002601c6800000e8270c004000000091
0001002201cb4d76017e84de004000400091
0001002101ce9a92020823bc004000800091
0000002001d0c000028a7aec004000c00091
0000001f01d220000308b7e4004001000091
0000001f01d2c0000384dc8c004001400091
0000001f01d280000400a130004001800091
0000002001d1a000047d81f8004001c00091
ffff002101d0000004fd2a80004002000091
ffff002401cd69a805821bd8004002400091
ffff002601c99c8c06103e28002902800091
0001002601c6800000e8270c004000000091
0001002201cb4d76017e84de004000400091
0001002101ce9a92020823bc004000800091
0000002001d0c000028a7aec004000c00091
0000001f01d220000308b7e4004001000091
0000001f01d2c0000384dc8c004001400091
0000001f01d280000400a130004001800091
0000002001d1a000047d81f8004001c00091
ffff002101d0000004fd2a80004002000091
ffff002401cd69a805821bd8004002400091
ffff002601c99c8c06103e28002902800091
0001002601c6800000e8270c004000000091
0001002201cb4d76017e84de004000400091
0001002101ce9a92020823bc004000800091
0000002001d0c000028a7aec004000c00091
0000001f01d220000308b7e4004001000091
0000001f01d2c0000384dc8c004001400091
0000001f01d280000400a130004001800091
0000002001d1a000047d81f8004001c00091
ffff002101d0000004fd2a80004002000091
ffff002401cd69a805821bd8004002400091
ffff002601c99c8c06103e28002902800091
0001002601c6800000e8270c004000000091
0001002201cb4d76017e84de004000400091
0001002101ce9a92020823bc004000800091
0000002001d0c000028a7aec004000c00091
0000001f01d220000308b7e4004001000091
0000001f01d2c0000384dc8c004001400091
0000001f01d280000400a130004001800091
0000002001d1a000047d81f8004001c00091
ffff002101d0000004fd2a80004002000091
ffff002401cd69a805821bd8004002400091
ffff002601c99c8c06103e28002902800091
0001002601c6800000e8270c004000000091
0001002201cb4d76017e84de004000400091
0001002101ce9a92020823bc004000800091
0000002001d0c000028a7aec004000c00091
0000001f01d220000308b7e4004001000091
0000001f01d2c0000384dc8c004001400091
0000001f01d280000400a130004001800091
0000002001d1a000047d81f8004001c00091
ffff002101d0000004fd2a80004002000091
ffff002401cd69a805821bd8004002400091
ffff002601c99c8c06103e28002902800091
0001002601c6800000e8270c004000000091
0001002201cb4d76017e84de004000400091
0001002101ce9a92020823bc004000800091
0000002001d0c000028a7aec004000c00091
0000001f01d220000308b7e4004001000091
0000001f01d2c0000384dc8c004001400091
0000001f01d280000400a130004001800091
0000002001d1a000047d81f8004001c00091
ffff002101d0000004fd2a80004002000091
ffff002401cd69a805821bd8004002400091
ffff002601c99c8c06103e28002902800091
0001002601c8c05a00e826b2004000000092
0001002201cd6d76017e84de004000400092
0001002101d0ba92020823bc004000800092
0000002001d2e000028a7aec004000c00092
0000001f01d420000308b7e4004001000092
0000001f01d4c0000384dc8c004001400092
0000001f01d480000400a130004001800092
0000002001d3c000047d81f8004001c00092
ffff002101d2200004fd2a80004002000092
ffff002401cfa00005821bd8004002400092
ffff002601cbc00006105ab8002902800092
0001002601c8c05a00e826b2004000000092
0001002201cd6d76017e84de004000400092
0001002101d0ba92020823bc004000800092
0000002001d2e000028a7aec004000c00092
0000001f01d420000308b7e4004001000092
0000001f01d4c0000384dc8c004001400092
0000001f01d480000400a130004001800092
0000002001d3c000047d81f8004001c00092
ffff002101d2200004fd2a80004002000092
ffff002401cfa00005821bd8004002400092
ffff002601cbc00006105ab8002902800092
0001002601c8c05a00e826b2004000000092
0001002201cd6d76017e84de004000400092
0001002101d0ba92020823bc004000800092
0000002001d2e000028a7aec004000c00092
0000001f01d420000308b7e4004001000092
0000001f01d4c0000384dc8c004001400092
0000001f01d480000400a130004001800092
0000002001d3c000047d81f8004001c00092
ffff002101d2200004fd2a80004002000092
ffff002401cfa00005821bd8004002400092
ffff002601cbc00006105ab8002902800092
0001002601c8c05a00e826b2004000000092
0001002201cd6d76017e84de004000400092
0001002101d0ba92020823bc004000800092
0000002001d2e000028a7aec004000c00092
0000001f01d420000308b7e4004001000092
0000001f01d4c0000384dc8c004001400092
0000001f01d480000400a130004001800092
0000002001d3c000047d81f8004001c00092
ffff002101d2200004fd2a80004002000092
ffff002401cfa00005821bd8004002400092
ffff002601cbc00006105ab8002902800092
0001002601c8c05a00e826b2004000000092
0001002201cd6d76017e84de004000400092
0001002101d0ba92020823bc004000800092
0000002001d2e000028a7aec004000c00092
0000001f01d420000308b7e4004001000092
0000001f01d4c0000384dc8c004001400092
0000001f01d480000400a130004001800092
0000002001d3c000047d81f8004001c00092
ffff002101d2200004fd2a80004002000092
ffff002401cfa00005821bd8004002400092
ffff002601cbc00006105ab8002902800092
0001002601c8c05a00e826b2004000000092
0001002201cd6d76017e84de004000400092
0001002101d0ba92020823bc004000800092
0000002001d2e000028a7aec004000c00092
0000001f01d420000308b7e4004001000092
0000001f01d4c0000384dc8c004001400092
0000001f01d480000400a130004001800092
0000002001d3c000047d81f8004001c00092
ffff002101d2200004fd2a80004002000092
ffff002401cfa00005821bd8004002400092
ffff002601cbc00006105ab8002902800092
0001002601cb000000e826b2004000000093
0001002201cfa000017e84de004000400093
0001002101d2e000020823bc004000800093
0000002001d4e7ae028a7340004000c00093
0000001f01d620000308b7e4004001000093
0000001f01d6c0000384dc8c004001400093
0000001f01d6a0000400a130004001800093
0000002001d5c000047d81f8004001c00093
ffff002101d4400004fd33c0004002000093
ffff002401d1c00005821bd8004002400093
ffff002601cdfc8c06105ab8002902800093
0001002601cb000000e826b2004000000093
0001002201cfa000017e84de004000400093
0001002101d2e000020823bc004000800093
0000002001d4e7ae028a7340004000c00093
0000001f01d620000308b7e4004001000093
0000001f01d6c0000384dc8c004001400093
0000001f01d6a0000400a130004001800093
0000002001d5c000047d81f8004001c00093
ffff002101d4400004fd33c0004002000093
ffff002401d1c00005821bd8004002400093
ffff002601cdfc8c06105ab8002902800093
0001002601cb000000e826b2004000000093
0001002201cfa000017e84de004000400093
0001002101d2e000020823bc004000800093
0000002001d4e7ae028a7340004000c00093
0000001f01d620000308b7e4004001000093
0000001f01d6c0000384dc8c004001400093
0000001f01d6a0000400a130004001800093
0000002001d5c000047d81f8004001c00093
ffff002101d4400004fd33c0004002000093
ffff002401d1c00005821bd8004002400093
ffff002601cdfc8c06105ab8002902800093
0001002601cb000000e826b2004000000093
0001002201cfa000017e84de004000400093
0001002101d2e000020823bc004000800093
0000002001d4e7ae028a7340004000c00093
0000001f01d620000308b7e4004001000093
0000001f01d6c0000384dc8c004001400093
0000001f01d6a0000400a130004001800093
0000002001d5c000047d81f8004001c00093
ffff002101d4400004fd33c0004002000093
ffff002401d1c00005821bd8004002400093
ffff002601cdfc8c06105ab8002902800093
0001002601cb000000e826b2004000000093
0001002201cfa000017e84de004000400093
0001002101d2e000020823bc004000800093
0000002001d4e7ae028a7340004000c00093
0000001f01d620000308b7e4004001000093
0000001f01d6c0000384dc8c004001400093
0000001f01d6a0000400a130004001800093
0000002001d5c000047d81f8004001c00093
ffff002101d4400004fd33c0004002000093
ffff002401d1c00005821bd8004002400093
ffff002601cdfc8c06105ab8002902800093
0001002601cb000000e826b2004000000093
0001002201cfa000017e84de004000400093
0001002101d2e000020823bc004000800093
0000002001d4e7ae028a7340004000c00093
0000001f01d620000308b7e4004001000093
0000001f01d6c0000384dc8c004001400093
0000001f01d6a0000400a130004001800093
0000002001d5c000047d81f8004001c00093
ffff002101d4400004fd33c0004002000093
ffff002401d1c00005821bd8004002400093
ffff002601cdfc8c06105ab8002902800093
0001002601cd600000e826b2004000000094
0001002201d1cd76017e7766004000400094
0001002101d4e000020823bc004000800094
0000002001d70000028a7340004000c00094
0000001f01d840000308b7e4004001000094
0000001f01d8c0000384dc8c004001400094
0000001f01d8a0000400a130004001800094
0000002001d7c3e0047d81f8004001c00094
ffff002101d6400004fd33c0004002000094
ffff002401d3e9a805821bd8004002400094
ffff002601d0400006105ab8002902800094
0001002601cd600000e826b2004000000094
0001002201d1cd76017e7766004000400094
0001002101d4e000020823bc004000800094
0000002001d70000028a7340004000c00094
0000001f01d840000308b7e4004001000094
0000001f01d8c0000384dc8c004001400094
0000001f01d8a0000400a130004001800094
0000002001d7c3e0047d81f8004001c00094
ffff002101d6400004fd33c0004002000094
ffff002401d3e9a805821bd8004002400094
ffff002601d0400006105ab8002902800094
0001002601cd600000e826b2004000000094
0001002201d1cd76017e7766004000400094
0001002101d4e000020823bc004000800094
0000002001d70000028a7340004000c00094
0000001f01d840000308b7e4004001000094
0000001f01d8c0000384dc8c004001400094
0000001f01d8a0000400a130004001800094
0000002001d7c3e0047d81f8004001c00094
ffff002101d6400004fd33c0004002000094
ffff002401d3e9a805821bd8004002400094
ffff002601d0400006105ab8002902800094
0001002601cd600000e826b2004000000094
0001002201d1cd76017e7766004000400094
0001002101d4e000020823bc004000800094
0000002001d70000028a7340004000c00094
0000001f01d840000308b7e4004001000094
0000001f01d8c0000384dc8c004001400094
0000001f01d8a0000400a130004001800094
0000002001d7c3e0047d81f8004001c00094
ffff002101d6400004fd33c0004002000094
ffff002401d3e9a805821bd8004002400094
ffff002601d0400006105ab8002902800094
0001002601cd600000e826b2004000000094
0001002201d1cd76017e7766004000400094
0001002101d4e000020823bc004000800094
0000002001d70000028a7340004000c00094
0000001f01d840000308b7e4004001000094
0000001f01d8c0000384dc8c004001400094
0000001f01d8a0000400a130004001800094
0000002001d7c3e0047d81f8004001c00094
ffff002101d6400004fd33c0004002000094
ffff002401d3e9a805821bd8004002400094
ffff002601d0400006105ab8002902800094
0001002601cd600000e826b2004000000094
0001002201d1cd76017e7766004000400094
0001002101d4e000020823bc004000800094
0000002001d70000028a7340004000c00094
0000001f01d840000308b7e4004001000094
0000001f01d8c0000384dc8c004001400094
0000001f01d8a0000400a130004001800094
0000002001d7c3e0047d81f8004001c00094
ffff002101d6400004fd33c0004002000094
ffff002401d3e9a805821bd8004002400094
ffff002601d0400006105ab8002902800094
0001002601cfa05a00e826b2004000000095
0001002201d4128a017e7766004000400095
0000002101d71a92020823bc004000800095
0000002001d90000028a7340004000c00095
0000001f01da40000308b7e4004001000095
0000001f01dac0000384dc8c004001400095
0000001f01daa0000400a130004001800095
0000002001d9e000047d81f8004001c00095
ffff002101d856c404fd33c0004002000095
ffff002401d6000005821bd8004002400095
ffff002601d27c8c06105ab8002902800095
0001002601cfa05a00e826b2004000000095
0001002201d4128a017e7766004000400095
0000002101d71a92020823bc004000800095
0000002001d90000028a7340004000c00095
0000001f01da40000308b7e4004001000095
0000001f01dac0000384dc8c004001400095
0000001f01daa0000400a130004001800095
0000002001d9e000047d81f8004001c00095
ffff002101d856c404fd33c0004002000095
ffff002401d6000005821bd8004002400095
ffff002601d27c8c06105ab8002902800095
0001002601cfa05a00e826b2004000000095
0001002201d4128a017e7766004000400095
0000002101d71a92020823bc004000800095
0000002001d90000028a7340004000c00095
0000001f01da40000308b7e4004001000095
0000001f01dac0000384dc8c004001400095
0000001f01daa0000400a130004001800095
0000002001d9e000047d81f8004001c00095
ffff002101d856c404fd33c0004002000095
ffff002401d6000005821bd8004002400095
ffff002601d27c8c06105ab8002902800095
0001002601cfa05a00e826b2004000000095
0001002201d4128a017e7766004000400095
0000002101d71a92020823bc004000800095
0000002001d90000028a7340004000c00095
0000001f01da40000308b7e4004001000095
0000001f01dac0000384dc8c004001400095
0000001f01daa0000400a130004001800095
0000002001d9e000047d81f8004001c00095
ffff002101d856c404fd33c0004002000095
ffff002401d6000005821bd8004002400095
ffff002601d27c8c06105ab8002902800095
0001002601cfa05a00e826b2004000000095
0001002201d4128a017e7766004000400095
0000002101d71a92020823bc004000800095
0000002001d90000028a7340004000c00095
0000001f01da40000308b7e4004001000095
0000001f01dac0000384dc8c004001400095
0000001f01daa0000400a130004001800095
0000002001d9e000047d81f8004001c00095
ffff002101d856c404fd33c0004002000095
ffff002401d6000005821bd8004002400095
ffff002601d27c8c06105ab8002902800095
0001002601cfa05a00e826b2004000000095
0001002201d4128a017e7766004000400095
0000002101d71a92020823bc004000800095
0000002001d90000028a7340004000c00095
0000001f01da40000308b7e4004001000095
0000001f01dac0000384dc8c004001400095
0000001f01daa0000400a130004001800095
0000002001d9e000047d81f8004001c00095
ffff002101d856c404fd33c0004002000095
ffff002401d6000005821bd8004002400095
ffff002601d27c8c06105ab8002902800095
0001002601d1e05a00e8070c004000000096
0001002201d64000017e7766004000400096
0000002101d92000020803bc004000800096
0000002001db07ae028a7340004000c00096
0000001f01dc40000308b7e4004001000096
0000001f01dcc1e80384dc8c004001400096
0000001f01dca0000400a130004001800096
0000002001dbe000047d81f8004001c00096
ffff002101da600004fd33c0004002000096
ffff002401d8200005821bd8004002400096
ffff002601d4c00006105e28002902800096
0001002601d1e05a00e8070c004000000096
0001002201d64000017e7766004000400096
0000002101d92000020803bc004000800096
0000002001db07ae028a7340004000c00096
0000001f01dc40000308b7e4004001000096
0000001f01dcc1e80384dc8c004001400096
0000001f01dca0000400a130004001800096
0000002001dbe000047d81f8004001c00096
ffff002101da600004fd33c0004002000096
ffff002401d8200005821bd8004002400096
ffff002601d4c00006105e28002902800096
0001002601d1e05a00e8070c004000000096
0001002201d64000017e7766004000400096
0000002101d92000020803bc004000800096
0000002001db07ae028a7340004000c00096
0000001f01dc40000308b7e4004001000096
0000001f01dcc1e80384dc8c004001400096
0000001f01dca0000400a130004001800096
0000002001dbe000047d81f8004001c00096
ffff002101da600004fd33c0004002000096
ffff002401d8200005821bd8004002400096
ffff002601d4c00006105e28002902800096
0001002601d1e05a00e8070c004000000096
0001002201d64000017e7766004000400096
0000002101d92000020803bc004000800096
0000002001db07ae028a7340004000c00096
0000001f01dc40000308b7e4004001000096
0000001f01dcc1e80384dc8c004001400096
0000001f01dca0000400a130004001800096
0000002001dbe000047d81f8004001c00096
ffff002101da600004fd33c0004002000096
ffff002401d8200005821bd8004002400096
ffff002601d4c00006105e28002902800096
0001002601d1e05a00e8070c004000000096
0001002201d64000017e7766004000400096
0000002101d92000020803bc004000800096
0000002001db07ae028a7340004000c00096
0000001f01dc40000308b7e4004001000096
0000001f01dcc1e80384dc8c004001400096
0000001f01dca0000400a130004001800096
0000002001dbe000047d81f8004001c00096
ffff002101da600004fd33c0004002000096
ffff002401d8200005821bd8004002400096
ffff002601d4c00006105e28002902800096
0001002601d1e05a00e8070c004000000096
0001002201d64000017e7766004000400096
0000002101d92000020803bc004000800096
0000002001db07ae028a7340004000c00096
0000001f01dc40000308b7e4004001000096
0000001f01dcc1e80384dc8c004001400096
0000001f01dca0000400a130004001800096
0000002001dbe000047d81f8004001c00096
ffff002101da600004fd33c0004002000096
ffff002401d8200005821bd8004002400096
ffff002601d4c00006105e28002902800096
0001002601d4400000e8070c004000000097
0001002201d86000017e64de004000400097
0000002101db4000020803bc004000800097
0000002001dd2000028a5aec004000c00097
0000001f01de60000308b7e4004001000097
0000001f01dee0000384dc8c004001400097
0000001f01dea0000400a130004001800097
0000002001de0000047d85d8004001c00097
ffff002101dc800004fd4a80004002000097
ffff002401da400005821bd8004002400097
ffff002601d6fc8c06105e28002902800097
0001002601d4400000e8070c004000000097
0001002201d86000017e64de004000400097
0000002101db4000020803bc004000800097
0000002001dd2000028a5aec004000c00097
0000001f01de60000308b7e4004001000097
0000001f01dee0000384dc8c004001400097
0000001f01dea0000400a130004001800097
0000002001de0000047d85d8004001c00097
ffff002101dc800004fd4a80004002000097
ffff002401da400005821bd8004002400097
ffff002601d6fc8c06105e28002902800097
0001002601d4400000e8070c004000000097
0001002201d86000017e64de004000400097
0000002101db4000020803bc004000800097
0000002001dd2000028a5aec004000c00097
0000001f01de60000308b7e4004001000097
0000001f01dee0000384dc8c004001400097
0000001f01dea0000400a130004001800097
0000002001de0000047d85d8004001c00097
ffff002101dc800004fd4a80004002000097
ffff002401da400005821bd8004002400097
ffff002601d6fc8c06105e28002902800097
0001002601d4400000e8070c004000000097
0001002201d86000017e64de004000400097
0000002101db4000020803bc004000800097
0000002001dd2000028a5aec004000c00097
0000001f01de60000308b7e4004001000097
0000001f01dee0000384dc8c004001400097
0000001f01dea0000400a130004001800097
0000002001de0000047d85d8004001c00097
ffff002101dc800004fd4a80004002000097
ffff002401da400005821bd8004002400097
ffff002601d6fc8c06105e28002902800097
0001002601d4400000e8070c004000000097
0001002201d86000017e64de004000400097
0000002101db4000020803bc004000800097
0000002001dd2000028a5aec004000c00097
0000001f01de60000308b7e4004001000097
0000001f01dee0000384dc8c004001400097
0000001f01dea0000400a130004001800097
0000002001de0000047d85d8004001c00097
ffff002101dc800004fd4a80004002000097
ffff002401da400005821bd8004002400097
ffff002601d6fc8c06105e28002902800097
0001002601d4400000e8070c004000000097
0001002201d86000017e64de004000400097
0000002101db4000020803bc004000800097
0000002001dd2000028a5aec004000c00097
0000001f01de60000308b7e4004001000097
0000001f01dee0000384dc8c004001400097
0000001f01dea0000400a130004001800097
0000002001de0000047d85d8004001c00097
ffff002101dc800004fd4a80004002000097
ffff002401da400005821bd8004002400097
ffff002601d6fc8c06105e28002902800097
0001002601d6805a00e8070c004000000098
0001002201daa000017e64de004000400098
0000002101dd6000020803bc004000800098
0000002001df4000028a5aec004000c00098
0000001f01e060000308b7e4004001000098
0000001f01e0e0000384dc8c004001400098
0000001f01e0c0000400a130004001800098
0000002001dffc20047d85d8004001c00098
ffff002101de893c04fd4a80004002000098
ffff002401dc69a805821bd8004002400098
ffff002601d9200006105e28002902800098
0001002601d6805a00e8070c004000000098
0001002201daa000017e64de004000400098
0000002101dd6000020803bc004000800098
0000002001df4000028a5aec004000c00098
0000001f01e060000308b7e4004001000098
0000001f01e0e0000384dc8c004001400098
0000001f01e0c0000400a130004001800098
0000002001dffc20047d85d8004001c00098
ffff002101de893c04fd4a80004002000098
ffff002401dc69a805821bd8004002400098
ffff002601d9200006105e28002902800098
0001002601d6805a00e8070c004000000098
0001002201daa000017e64de004000400098
0000002101dd6000020803bc004000800098
0000002001df4000028a5aec004000c00098
0000001f01e060000308b7e4004001000098
0000001f01e0e0000384dc8c004001400098
0000001f01e0c0000400a130004001800098
0000002001dffc20047d85d8004001c00098
ffff002101de893c04fd4a80004002000098
ffff002401dc69a805821bd8004002400098
ffff002601d9200006105e28002902800098
0001002601d6805a00e8070c004000000098
0001002201daa000017e64de004000400098
0000002101dd6000020803bc004000800098
0000002001df4000028a5aec004000c00098
0000001f01e060000308b7e4004001000098
0000001f01e0e0000384dc8c004001400098
0000001f01e0c0000400a130004001800098
0000002001dffc20047d85d8004001c00098
ffff002101de893c04fd4a80004002000098
ffff002401dc69a805821bd8004002400098
ffff002601d9200006105e28002902800098
0001002601d6805a00e8070c004000000098
0001002201daa000017e64de004000400098
0000002101dd6000020803bc004000800098
0000002001df4000028a5aec004000c00098
0000001f01e060000308b7e4004001000098
0000001f01e0e0000384dc8c004001400098
0000001f01e0c0000400a130004001800098
0000002001dffc20047d85d8004001c00098
ffff002101de893c04fd4a80004002000098
ffff002401dc69a805821bd8004002400098
ffff002601d9200006105e28002902800098
0001002601d6805a00e8070c004000000098
0001002201daa000017e64de004000400098
0000002101dd6000020803bc004000800098
0000002001df4000028a5aec004000c00098
0000001f01e060000308b7e4004001000098
0000001f01e0e0000384dc8c004001400098
0000001f01e0c0000400a130004001800098
0000002001dffc20047d85d8004001c00098
ffff002101de893c04fd4a80004002000098
ffff002401dc69a805821bd8004002400098
ffff002601d9200006105e28002902800098
0001002601d8c05a00e8070c004000000099
0001002201dccd76017e64de004000400099
0000002101df7a92020803bc004000800099
0000002001e147ae028a5aec004000c00099
0000001f01e24b360308b7e4004001000099
0000001f01e2e0000384dc8c004001400099
0000001f01e2c0000400a130004001800099
0000002001e20000047d85d8004001c00099
ffff002101e0a00004fd4a80004002000099
ffff002401de800005823bd8004002400099
ffff002601db5c8c06107ab8002902800099
0001002601d8c05a00e8070c004000000099
0001002201dccd76017e64de004000400099
0000002101df7a92020803bc004000800099
0000002001e147ae028a5aec004000c00099
0000001f01e24b360308b7e4004001000099
0000001f01e2e0000384dc8c004001400099
0000001f01e2c0000400a130004001800099
0000002001e20000047d85d8004001c00099
ffff002101e0a00004fd4a80004002000099
ffff002401de800005823bd8004002400099
ffff002601db5c8c06107ab8002902800099
0001002601d8c05a00e8070c004000000099
0001002201dccd76017e64de004000400099
0000002101df7a92020803bc004000800099
0000002001e147ae028a5aec004000c00099
0000001f01e24b360308b7e4004001000099
0000001f01e2e0000384dc8c004001400099
0000001f01e2c0000400a130004001800099
0000002001e20000047d85d8004001c00099
ffff002101e0a00004fd4a80004002000099
ffff002401de800005823bd8004002400099
ffff002601db5c8c06107ab8002902800099
0001002601d8c05a00e8070c004000000099
0001002201dccd76017e64de004000400099
0000002101df7a92020803bc004000800099
0000002001e147ae028a5aec004000c00099
0000001f01e24b360308b7e4004001000099
0000001f01e2e0000384dc8c004001400099
0000001f01e2c0000400a130004001800099
0000002001e20000047d85d8004001c00099
ffff002101e0a00004fd4a80004002000099
ffff002401de800005823bd8004002400099
ffff002601db5c8c06107ab8002902800099
0001002601d8c05a00e8070c004000000099
0001002201dccd76017e64de004000400099
0000002101df7a92020803bc004000800099
0000002001e147ae028a5aec004000c00099
0000001f01e24b360308b7e4004001000099
0000001f01e2e0000384dc8c004001400099
0000001f01e2c0000400a130004001800099
0000002001e20000047d85d8004001c00099
ffff002101e0a00004fd4a80004002000099
ffff002401de800005823bd8004002400099
ffff002601db5c8c06107ab8002902800099
0001002601d8c05a00e8070c004000000099
0001002201dccd76017e64de004000400099
0000002101df7a92020803bc004000800099
0000002001e147ae028a5aec004000c00099
0000001f01e24b360308b7e4004001000099
0000001f01e2e0000384dc8c004001400099
0000001f01e2c0000400a130004001800099
0000002001e20000047d85d8004001c00099
ffff002101e0a00004fd4a80004002000099
ffff002401de800005823bd8004002400099
ffff002601db5c8c06107ab8002902800099
0001002601db005a00e806b200400000009a
0001002201deed76017e64de00400040009a
0000002101e19a92020803bc00400080009a
0000002001e34000028a5aec004000c0009a
0000001f01e460000308a31800400100009a
0000001f01e4c0000384dc8c00400140009a
0000001f01e4c0000400a13000400180009a
0000002001e40000047d85d8004001c0009a
ffff002101e2c00004fd4a8000400200009a
ffff002401e0a9a805823bd800400240009a
ffff002601dda00006107ab800290280009a
0001002601db005a00e806b200400000009a
0001002201deed76017e64de00400040009a
0000002101e19a92020803bc00400080009a
0000002001e34000028a5aec004000c0009a
0000001f01e460000308a31800400100009a
0000001f01e4c0000384dc8c00400140009a
0000001f01e4c0000400a13000400180009a
0000002001e40000047d85d8004001c0009a
ffff002101e2c00004fd4a8000400200009a
ffff002401e0a9a805823bd800400240009a
ffff002601dda00006107ab800290280009a
0001002601db005a00e806b200400000009a
0001002201deed76017e64de00400040009a
0000002101e19a92020803bc00400080009a
0000002001e34000028a5aec004000c0009a
0000001f01e460000308a31800400100009a
0000001f01e4c0000384dc8c00400140009a
0000001f01e4c0000400a13000400180009a
0000002001e40000047d85d8004001c0009a
ffff002101e2c00004fd4a8000400200009a
ffff002401e0a9a805823bd800400240009a
ffff002601dda00006107ab800290280009a
0001002601db005a00e806b200400000009a
0001002201deed76017e64de00400040009a
0000002101e19a92020803bc00400080009a
0000002001e34000028a5aec004000c0009a
0000001f01e460000308a31800400100009a
0000001f01e4c0000384dc8c00400140009a
0000001f01e4c0000400a13000400180009a
0000002001e40000047d85d8004001c0009a
ffff002101e2c00004fd4a8000400200009a
ffff002401e0a9a805823bd800400240009a
ffff002601dda00006107ab800290280009a
0001002601db005a00e806b200400000009a
0001002201deed76017e64de00400040009a
0000002101e19a92020803bc00400080009a
0000002001e34000028a5aec004000c0009a
0000001f01e460000308a31800400100009a
0000001f01e4c0000384dc8c00400140009a
0000001f01e4c0000400a13000400180009a
0000002001e40000047d85d8004001c0009a
ffff002101e2c00004fd4a8000400200009a
ffff002401e0a9a805823bd800400240009a
ffff002601dda00006107ab800290280009a
0001002601db005a00e806b200400000009a
0001002201deed76017e64de00400040009a
0000002101e19a92020803bc00400080009a
0000002001e34000028a5aec004000c0009a
0000001f01e460000308a31800400100009a
0000001f01e4c0000384dc8c00400140009a
0000001f01e4c0000400a13000400180009a
0000002001e40000047d85d8004001c0009a
ffff002101e2c00004fd4a8000400200009a
ffff002401e0a9a805823bd800400240009a
ffff002601dda00006107ab800290280009a
0001002601dd7fa600e806b200400000009b
0001002201e12000017e64de00400040009b
0000002101e3a000020803bc00400080009b
0000002001e56000028a5aec004000c0009b
0000001f01e660000308a31800400100009b
0000001f01e6c0000384dc8c00400140009b
0000001f01e6c0000400a13000400180009b
0000002001e603e0047da1f8004001c0009b
ffff002101e4d6c404fd4a8000400200009b
ffff002401e2c00005823bd800400240009b
ffff002601dfdc8c06107ab800290280009b
0001002601dd7fa600e806b200400000009b
0001002201e12000017e64de00400040009b
0000002101e3a000020803bc00400080009b
0000002001e56000028a5aec004000c0009b
0000001f01e660000308a31800400100009b
0000001f01e6c0000384dc8c00400140009b
0000001f01e6c0000400a13000400180009b
0000002001e603e0047da1f8004001c0009b
ffff002101e4d6c404fd4a8000400200009b
ffff002401e2c00005823bd800400240009b
ffff002601dfdc8c06107ab800290280009b
0001002601dd7fa600e806b200400000009b
0001002201e12000017e64de00400040009b
0000002101e3a000020803bc00400080009b
0000002001e56000028a5aec004000c0009b
0000001f01e660000308a31800400100009b
0000001f01e6c0000384dc8c00400140009b
0000001f01e6c0000400a13000400180009b
0000002001e603e0047da1f8004001c0009b
ffff002101e4d6c404fd4a8000400200009b
ffff002401e2c00005823bd800400240009b
ffff002601dfdc8c06107ab800290280009b
0001002601dd7fa600e806b200400000009b
0001002201e12000017e64de00400040009b
0000002101e3a000020803bc00400080009b
0000002001e56000028a5aec004000c0009b
0000001f01e660000308a31800400100009b
0000001f01e6c0000384dc8c00400140009b
0000001f01e6c0000400a13000400180009b
0000002001e603e0047da1f8004001c0009b
ffff002101e4d6c404fd4a8000400200009b
ffff002401e2c00005823bd800400240009b
ffff002601dfdc8c06107ab800290280009b
0001002601dd7fa600e806b200400000009b
0001002201e12000017e64de00400040009b
0000002101e3a000020803bc00400080009b
0000002001e56000028a5aec004000c0009b
0000001f01e660000308a31800400100009b
0000001f01e6c0000384dc8c00400140009b
0000001f01e6c0000400a13000400180009b
0000002001e603e0047da1f8004001c0009b
ffff002101e4d6c404fd4a8000400200009b
ffff002401e2c00005823bd800400240009b
ffff002601dfdc8c06107ab800290280009b
0001002601dd7fa600e806b200400000009b
0001002201e12000017e64de00400040009b
0000002101e3a000020803bc00400080009b
0000002001e56000028a5aec004000c0009b
0000001f01e660000308a31800400100009b
0000001f01e6c0000384dc8c00400140009b
0000001f01e6c0000400a13000400180009b
0000002001e603e0047da1f8004001c0009b
ffff002101e4d6c404fd4a8000400200009b
ffff002401e2c00005823bd800400240009b
ffff002601dfdc8c06107ab800290280009b
0001002601dfc00000e806b200400000009c
0001002201e34d76017e576600400040009c
0000002101e5c000020803bc00400080009c
0000002001e767ae028a5aec004000c0009c
0000001f01e860000308a31800400100009c
0000001f01e8c0000384dc8c00400140009c
0000001f01e8c0000400a13000400180009c
0000002001e82000047da1f8004001c0009c
0000002101e6f6c404fd4a8000400200009c
ffff002401e4e9a805823bd800400240009c
ffff002601e1fc8c06107ab800290280009c
0001002601dfc00000e806b200400000009c
0001002201e34d76017e576600400040009c
0000002101e5c000020803bc00400080009c
0000002001e767ae028a5aec004000c0009c
0000001f01e860000308a31800400100009c
0000001f01e8c0000384dc8c00400140009c
0000001f01e8c0000400a13000400180009c
0000002001e82000047da1f8004001c0009c
0000002101e6f6c404fd4a8000400200009c
ffff002401e4e9a805823bd800400240009c
ffff002601e1fc8c06107ab800290280009c
0001002601dfc00000e806b200400000009c
0001002201e34d76017e576600400040009c
0000002101e5c000020803bc00400080009c
0000002001e767ae028a5aec004000c0009c
0000001f01e860000308a31800400100009c
0000001f01e8c0000384dc8c00400140009c
0000001f01e8c0000400a13000400180009c
0000002001e82000047da1f8004001c0009c
0000002101e6f6c404fd4a8000400200009c
ffff002401e4e9a805823bd800400240009c
ffff002601e1fc8c06107ab800290280009c
0001002601dfc00000e806b200400000009c
0001002201e34d76017e576600400040009c
0000002101e5c000020803bc00400080009c
0000002001e767ae028a5aec004000c0009c
0000001f01e860000308a31800400100009c
0000001f01e8c0000384dc8c00400140009c
0000001f01e8c0000400a13000400180009c
0000002001e82000047da1f8004001c0009c
0000002101e6f6c404fd4a8000400200009c
ffff002401e4e9a805823bd800400240009c
ffff002601e1fc8c06107ab800290280009c
0001002601dfc00000e806b200400000009c
0001002201e34d76017e576600400040009c
0000002101e5c000020803bc00400080009c
0000002001e767ae028a5aec004000c0009c
0000001f01e860000308a31800400100009c
0000001f01e8c0000384dc8c00400140009c
0000001f01e8c0000400a13000400180009c
0000002001e82000047da1f8004001c0009c
0000002101e6f6c404fd4a8000400200009c
ffff002401e4e9a805823bd800400240009c
ffff002601e1fc8c06107ab800290280009c
0001002601dfc00000e806b200400000009c
0001002201e34d76017e576600400040009c
0000002101e5c000020803bc00400080009c
0000002001e767ae028a5aec004000c0009c
0000001f01e860000308a31800400100009c
0000001f01e8c0000384dc8c00400140009c
0000001f01e8c0000400a13000400180009c
0000002001e82000047da1f8004001c0009c
0000002101e6f6c404fd4a8000400200009c
ffff002401e4e9a805823bd800400240009c
ffff002601e1fc8c06107ab800290280009c
0001002601e1e05a00e806b200400000009d
0001002201e58000017e576600400040009d
0000002101e7fa92020803bc00400080009d
0000002001e98000028a5aec004000c0009d
0000001f01ea74ca030897e400400100009d
0000001f01eae0000384dc8c00400140009d
0000001f01ead0fc0400a13000400180009d
0000002001ea2000047da1f8004001c0009d
0000002101e8e00004fd53c000400200009d
ffff002401e7200005823bd800400240009d
ffff002601e45c8c06107ab800290280009d
0001002601e1e05a00e806b200400000009d
0001002201e58000017e576600400040009d
0000002101e7fa92020803bc00400080009d
0000002001e98000028a5aec004000c0009d
0000001f01ea74ca030897e400400100009d
0000001f01eae0000384dc8c00400140009d
0000001f01ead0fc0400a13000400180009d
0000002001ea2000047da1f8004001c0009d
0000002101e8e00004fd53c000400200009d
ffff002401e7200005823bd800400240009d
ffff002601e45c8c06107ab800290280009d
0001002601e1e05a00e806b200400000009d
0001002201e58000017e576600400040009d
0000002101e7fa92020803bc00400080009d
0000002001e98000028a5aec004000c0009d
0000001f01ea74ca030897e400400100009d
0000001f01eae0000384dc8c00400140009d
0000001f01ead0fc0400a13000400180009d
0000002001ea2000047da1f8004001c0009d
0000002101e8e00004fd53c000400200009d
ffff002401e7200005823bd800400240009d
ffff002601e45c8c06107ab800290280009d
0001002601e1e05a00e806b200400000009d
0001002201e58000017e576600400040009d
0000002101e7fa92020803bc00400080009d
0000002001e98000028a5aec004000c0009d
0000001f01ea74ca030897e400400100009d
0000001f01eae0000384dc8c00400140009d
0000001f01ead0fc0400a13000400180009d
0000002001ea2000047da1f8004001c0009d
0000002101e8e00004fd53c000400200009d
ffff002401e7200005823bd800400240009d
ffff002601e45c8c06107ab800290280009d
0001002601e1e05a00e806b200400000009d
0001002201e58000017e576600400040009d
0000002101e7fa92020803bc00400080009d
0000002001e98000028a5aec004000c0009d
0000001f01ea74ca030897e400400100009d
0000001f01eae0000384dc8c00400140009d
0000001f01ead0fc0400a13000400180009d
0000002001ea2000047da1f8004001c0009d
0000002101e8e00004fd53c000400200009d
ffff002401e7200005823bd800400240009d
ffff002601e45c8c06107ab800290280009d
0001002601e1e05a00e806b200400000009d
0001002201e58000017e576600400040009d
0000002101e7fa92020803bc00400080009d
0000002001e98000028a5aec004000c0009d
0000001f01ea74ca030897e400400100009d
0000001f01eae0000384dc8c00400140009d
0000001f01ead0fc0400a13000400180009d
0000002001ea2000047da1f8004001c0009d
0000002101e8e00004fd53c000400200009d
ffff002401e7200005823bd800400240009d
ffff002601e45c8c06107ab800290280009d
0001002601e4405a00e806b200400000009e
0001002201e7ad76017e576600400040009e
0000002101ea0000020803bc00400080009e
0000002001eba000028a5340004000c0009e
0000001f01ec8000030897e400400100009e
0000001f01ece0000384dc8c00400140009e
0000001f01ece0000400a13000400180009e
0000002001ec4000047da1f8004001c0009e
0000002101eb000004fd53c000400200009e
ffff002401e929a805823bd800400240009e
ffff002601e67c8c06107ab800290280009e
0001002601e4405a00e806b200400000009e
0001002201e7ad76017e576600400040009e
0000002101ea0000020803bc00400080009e
0000002001eba000028a5340004000c0009e
0000001f01ec8000030897e400400100009e
0000001f01ece0000384dc8c00400140009e
0000001f01ece0000400a13000400180009e
0000002001ec4000047da1f8004001c0009e
0000002101eb000004fd53c000400200009e
ffff002401e929a805823bd800400240009e
ffff002601e67c8c06107ab800290280009e
0001002601e4405a00e806b200400000009e
0001002201e7ad76017e576600400040009e
0000002101ea0000020803bc00400080009e
0000002001eba000028a5340004000c0009e
0000001f01ec8000030897e400400100009e
0000001f01ece0000384dc8c00400140009e
0000001f01ece0000400a13000400180009e
0000002001ec4000047da1f8004001c0009e
0000002101eb000004fd53c000400200009e
ffff002401e929a805823bd800400240009e
ffff002601e67c8c06107ab800290280009e
0001002601e4405a00e806b200400000009e
0001002201e7ad76017e576600400040009e
0000002101ea0000020803bc00400080009e
0000002001eba000028a5340004000c0009e
0000001f01ec8000030897e400400100009e
0000001f01ece0000384dc8c00400140009e
0000001f01ece0000400a13000400180009e
0000002001ec4000047da1f8004001c0009e
0000002101eb000004fd53c000400200009e
ffff002401e929a805823bd800400240009e
ffff002601e67c8c06107ab800290280009e
0001002601e4405a00e806b200400000009e
0001002201e7ad76017e576600400040009e
0000002101ea0000020803bc00400080009e
0000002001eba000028a5340004000c0009e
0000001f01ec8000030897e400400100009e
0000001f01ece0000384dc8c00400140009e
0000001f01ece0000400a13000400180009e
0000002001ec4000047da1f8004001c0009e
0000002101eb000004fd53c000400200009e
ffff002401e929a805823bd800400240009e
ffff002601e67c8c06107ab800290280009e
0001002601e4405a00e806b200400000009e
0001002201e7ad76017e576600400040009e
0000002101ea0000020803bc00400080009e
0000002001eba000028a5340004000c0009e
0000001f01ec8000030897e400400100009e
0000001f01ece0000384dc8c00400140009e
0000001f01ece0000400a13000400180009e
0000002001ec4000047da1f8004001c0009e
0000002101eb000004fd53c000400200009e
ffff002401e929a805823bd800400240009e
ffff002601e67c8c06107ab800290280009e
0001002601e6a00000e7e70c00400000009f
0001002201e9e000017e576600400040009f
0000002101ec20000207fe5000400080009f
0000002001ed87ae028a5340004000c0009f
0000001f01ee8000030897e400400100009f
0000001f01eee0000384dc8c00400140009f
0000001f01eee0000400a13000400180009f
0000002001ee4000047da1f8004001c0009f
0000002101ed200004fd53c000400200009f
ffff002401eb600005823bd800400240009f
ffff002601e8a00006107e2800290280009f
0001002601e6a00000e7e70c00400000009f
0001002201e9e000017e576600400040009f
0000002101ec20000207fe5000400080009f
0000002001ed87ae028a5340004000c0009f
0000001f01ee8000030897e400400100009f
0000001f01eee0000384dc8c00400140009f
0000001f01eee0000400a13000400180009f
0000002001ee4000047da1f8004001c0009f
0000002101ed200004fd53c000400200009f
ffff002401eb600005823bd800400240009f
ffff002601e8a00006107e2800290280009f
0001002601e6a00000e7e70c00400000009f
0001002201e9e000017e576600400040009f
0000002101ec20000207fe5000400080009f
0000002001ed87ae028a5340004000c0009f
0000001f01ee8000030897e400400100009f
0000001f01eee0000384dc8c00400140009f
0000001f01eee0000400a13000400180009f
0000002001ee4000047da1f8004001c0009f
0000002101ed200004fd53c000400200009f
ffff002401eb600005823bd800400240009f
ffff002601e8a00006107e2800290280009f
0001002601e6a00000e7e70c00400000009f
0001002201e9e000017e576600400040009f
0000002101ec20000207fe5000400080009f
0000002001ed87ae028a5340004000c0009f
0000001f01ee8000030897e400400100009f
0000001f01eee0000384dc8c00400140009f
0000001f01eee0000400a13000400180009f
0000002001ee4000047da1f8004001c0009f
0000002101ed200004fd53c000400200009f
ffff002401eb600005823bd800400240009f
ffff002601e8a00006107e2800290280009f
0001002601e6a00000e7e70c00400000009f
0001002201e9e000017e576600400040009f
0000002101ec20000207fe5000400080009f
0000002001ed87ae028a5340004000c0009f
0000001f01ee8000030897e400400100009f
0000001f01eee0000384dc8c00400140009f
0000001f01eee0000400a13000400180009f
0000002001ee4000047da1f8004001c0009f
0000002101ed200004fd53c000400200009f
ffff002401eb600005823bd800400240009f
ffff002601e8a00006107e2800290280009f
0001002601e6a00000e7e70c00400000009f
0001002201e9e000017e576600400040009f
0000002101ec20000207fe5000400080009f
0000002001ed87ae028a5340004000c0009f
0000001f01ee8000030897e400400100009f
0000001f01eee0000384dc8c00400140009f
0000001f01eee0000400a13000400180009f
0000002001ee4000047da1f8004001c0009f
0000002101ed200004fd53c000400200009f
ffff002401eb600005823bd800400240009f
ffff002601e8a00006107e2800290280009f
0001002601e8e05a00e7e70c0040000000a0
0001002201ec2000017e44de0040004000a0
0000002101ee40000207e3bc0040008000a0
0000002001efa000028a5340004000c000a0
0000001f01f094ca030897e40040010000a0
0000001f01f0e0000384dc8c0040014000a0
0000001f01f0e0000400a1300040018000a0
0000002001f043e0047da1f8004001c000a0
0000002101ef293c04fd53c00040020000a0
ffff002401ed800005823bd80040024000a0
ffff002601eae00006107e280029028000a0
0001002601e8e05a00e7e70c0040000000a0
0001002201ec2000017e44de0040004000a0
0000002101ee40000207e3bc0040008000a0
0000002001efa000028a5340004000c000a0
0000001f01f094ca030897e40040010000a0
0000001f01f0e0000384dc8c0040014000a0
0000001f01f0e0000400a1300040018000a0
0000002001f043e0047da1f8004001c000a0
0000002101ef293c04fd53c00040020000a0
ffff002401ed800005823bd80040024000a0
ffff002601eae00006107e280029028000a0
0001002601e8e05a00e7e70c0040000000a0
0001002201ec2000017e44de0040004000a0
0000002101ee40000207e3bc0040008000a0
0000002001efa000028a5340004000c000a0
0000001f01f094ca030897e40040010000a0
0000001f01f0e0000384dc8c0040014000a0
0000001f01f0e0000400a1300040018000a0
0000002001f043e0047da1f8004001c000a0
0000002101ef293c04fd53c00040020000a0
ffff002401ed800005823bd80040024000a0
ffff002601eae00006107e280029028000a0
0001002601e8e05a00e7e70c0040000000a0
0001002201ec2000017e44de0040004000a0
0000002101ee40000207e3bc0040008000a0
0000002001efa000028a5340004000c000a0
0000001f01f094ca030897e40040010000a0
0000001f01f0e0000384dc8c0040014000a0
0000001f01f0e0000400a1300040018000a0
0000002001f043e0047da1f8004001c000a0
0000002101ef293c04fd53c00040020000a0
ffff002401ed800005823bd80040024000a0
ffff002601eae00006107e280029028000a0
0001002601e8e05a00e7e70c0040000000a0
0001002201ec2000017e44de0040004000a0
0000002101ee40000207e3bc0040008000a0
0000002001efa000028a5340004000c000a0
0000001f01f094ca030897e40040010000a0
0000001f01f0e0000384dc8c0040014000a0
0000001f01f0e0000400a1300040018000a0
0000002001f043e0047da1f8004001c000a0
0000002101ef293c04fd53c00040020000a0
ffff002401ed800005823bd80040024000a0
ffff002601eae00006107e280029028000a0
0001002601e8e05a00e7e70c0040000000a0
0001002201ec2000017e44de0040004000a0
0000002101ee40000207e3bc0040008000a0
0000002001efa000028a5340004000c000a0
0000001f01f094ca030897e40040010000a0
0000001f01f0e0000384dc8c0040014000a0
0000001f01f0e0000400a1300040018000a0
0000002001f043e0047da1f8004001c000a0
0000002101ef293c04fd53c00040020000a0
ffff002401ed800005823bd80040024000a0
ffff002601eae00006107e280029028000a0
0001002601eb205a00e7e70c0040000000a1
0001002201ee4000017e44de0040004000a1
0000002101f05a920207e3bc0040008000a1
0000002001f1c000028a5340004000c000a1
0000001f01f2a000030897e40040010000a1
0000001f01f2e0000384dc8c0040014000a1
0000001f01f2e0000400a1300040018000a1
0000002001f26000047da1f8004001c000a1
0000002101f1400004fd53c00040020000a1
ffff002401efa00005823bd80040024000a1
ffff002601ed200006107e280029028000a1
0001002601eb205a00e7e70c0040000000a1
0001002201ee4000017e44de0040004000a1
0000002101f05a920207e3bc0040008000a1
0000002001f1c000028a5340004000c000a1
0000001f01f2a000030897e40040010000a1
0000001f01f2e0000384dc8c0040014000a1
0000001f01f2e0000400a1300040018000a1
0000002001f26000047da1f8004001c000a1
0000002101f1400004fd53c00040020000a1
ffff002401efa00005823bd80040024000a1
ffff002601ed200006107e280029028000a1
0001002601eb205a00e7e70c0040000000a1
0001002201ee4000017e44de0040004000a1
0000002101f05a920207e3bc0040008000a1
0000002001f1c000028a5340004000c000a1
0000001f01f2a000030897e40040010000a1
0000001f01f2e0000384dc8c0040014000a1
0000001f01f2e0000400a1300040018000a1
0000002001f26000047da1f8004001c000a1
0000002101f1400004fd53c00040020000a1
ffff002401efa00005823bd80040024000a1
ffff002601ed200006107e280029028000a1
0001002601eb205a00e7e70c0040000000a1
0001002201ee4000017e44de0040004000a1
0000002101f05a920207e3bc0040008000a1
0000002001f1c000028a5340004000c000a1
0000001f01f2a000030897e40040010000a1
0000001f01f2e0000384dc8c0040014000a1
0000001f01f2e0000400a1300040018000a1
0000002001f26000047da1f8004001c000a1
0000002101f1400004fd53c00040020000a1
ffff002401efa00005823bd80040024000a1
ffff002601ed200006107e280029028000a1
0001002601eb205a00e7e70c0040000000a1
0001002201ee4000017e44de0040004000a1
0000002101f05a920207e3bc0040008000a1
0000002001f1c000028a5340004000c000a1
0000001f01f2a000030897e40040010000a1
0000001f01f2e0000384dc8c0040014000a1
0000001f01f2e0000400a1300040018000a1
0000002001f26000047da1f8004001c000a1
0000002101f1400004fd53c00040020000a1
ffff002401efa00005823bd80040024000a1
ffff002601ed200006107e280029028000a1
0001002601eb205a00e7e70c0040000000a1
0001002201ee4000017e44de0040004000a1
0000002101f05a920207e3bc0040008000a1
0000002001f1c000028a5340004000c000a1
0000001f01f2a000030897e40040010000a1
0000001f01f2e0000384dc8c0040014000a1
0000001f01f2e0000400a1300040018000a1
0000002001f26000047da1f8004001c000a1
0000002101f1400004fd53c00040020000a1
ffff002401efa00005823bd80040024000a1
ffff002601ed200006107e280029028000a1
0001002601ed800000e7e70c0040000000a2
0001002201f06000017e44de0040004000a2
0000002101f280000207e3bc0040008000a2
0000002001f3c7ae028a5340004000c000a2
0000001f01f4a000030897e40040010000a2
0000001f01f4e0000384dc8c0040014000a2
0000001f01f4c0000400a1300040018000a2
0000002001f44000047da1f8004001c000a2
0000002101f356c404fd53c00040020000a2
ffff002401f1a9a805823bd80040024000a2
ffff002601ef5c8c06109ab80029028000a2
0001002601ed800000e7e70c0040000000a2
0001002201f06000017e44de0040004000a2
0000002101f280000207e3bc0040008000a2
0000002001f3c7ae028a5340004000c000a2
0000001f01f4a000030897e40040010000a2
0000001f01f4e0000384dc8c0040014000a2
0000001f01f4c0000400a1300040018000a2
0000002001f44000047da1f8004001c000a2
0000002101f356c404fd53c00040020000a2
ffff002401f1a9a805823bd80040024000a2
ffff002601ef5c8c06109ab80029028000a2
0001002601ed800000e7e70c0040000000a2
0001002201f06000017e44de0040004000a2
0000002101f280000207e3bc0040008000a2
0000002001f3c7ae028a5340004000c000a2
0000001f01f4a000030897e40040010000a2
0000001f01f4e0000384dc8c0040014000a2
0000001f01f4c0000400a1300040018000a2
0000002001f44000047da1f8004001c000a2
0000002101f356c404fd53c00040020000a2
ffff002401f1a9a805823bd80040024000a2
ffff002601ef5c8c06109ab80029028000a2
0001002601ed800000e7e70c0040000000a2
0001002201f06000017e44de0040004000a2
0000002101f280000207e3bc0040008000a2
0000002001f3c7ae028a5340004000c000a2
0000001f01f4a000030897e40040010000a2
0000001f01f4e0000384dc8c0040014000a2
0000001f01f4c0000400a1300040018000a2
0000002001f44000047da1f8004001c000a2
0000002101f356c404fd53c00040020000a2
ffff002401f1a9a805823bd80040024000a2
ffff002601ef5c8c06109ab80029028000a2
0001002601ed800000e7e70c0040000000a2
0001002201f06000017e44de0040004000a2
0000002101f280000207e3bc0040008000a2
0000002001f3c7ae028a5340004000c000a2
0000001f01f4a000030897e40040010000a2
0000001f01f4e0000384dc8c0040014000a2
0000001f01f4c0000400a1300040018000a2
0000002001f44000047da1f8004001c000a2
0000002101f356c404fd53c00040020000a2
ffff002401f1a9a805823bd80040024000a2
ffff002601ef5c8c06109ab80029028000a2
0001002601ed800000e7e70c0040000000a2
0001002201f06000017e44de0040004000a2
0000002101f280000207e3bc0040008000a2
0000002001f3c7ae028a5340004000c000a2
0000001f01f4a000030897e40040010000a2
0000001f01f4e0000384dc8c0040014000a2
0000001f01f4c0000400a1300040018000a2
0000002001f44000047da1f8004001c000a2
0000002101f356c404fd53c00040020000a2
ffff002401f1a9a805823bd80040024000a2
ffff002601ef5c8c06109ab80029028000a2
0001002601efc00000e7e70c0040000000a3
0001002201f2a000017e44de0040004000a3
0000002101f4a0000207e3bc0040008000a3
0000002001f5e000028a5340004000c000a3
0000001f01f6a000030897e40040010000a3
0000001f01f700000384dc8c0040014000a3
0000001f01f6e0000400a1300040018000a3
0000002001f66000047da1f8004001c000a3
0000002101f5600004fd6a800040020000a3
ffff002401f3e00005825bd80040024000a3
ffff002601f1a00006109ab80029028000a3
0001002601efc00000e7e70c0040000000a3
0001002201f2a000017e44de0040004000a3
0000002101f4a0000207e3bc0040008000a3
0000002001f5e000028a5340004000c000a3
0000001f01f6a000030897e40040010000a3
0000001f01f700000384dc8c0040014000a3
0000001f01f6e0000400a1300040018000a3
0000002001f66000047da1f8004001c000a3
0000002101f5600004fd6a800040020000a3
ffff002401f3e00005825bd80040024000a3
ffff002601f1a00006109ab80029028000a3
0001002601efc00000e7e70c0040000000a3
0001002201f2a000017e44de0040004000a3
0000002101f4a0000207e3bc0040008000a3
0000002001f5e000028a5340004000c000a3
0000001f01f6a000030897e40040010000a3
0000001f01f700000384dc8c0040014000a3
0000001f01f6e0000400a1300040018000a3
0000002001f66000047da1f8004001c000a3
0000002101f5600004fd6a800040020000a3
ffff002401f3e00005825bd80040024000a3
ffff002601f1a00006109ab80029028000a3
0001002601efc00000e7e70c0040000000a3
0001002201f2a000017e44de0040004000a3
0000002101f4a0000207e3bc0040008000a3
0000002001f5e000028a5340004000c000a3
0000001f01f6a000030897e40040010000a3
0000001f01f700000384dc8c0040014000a3
0000001f01f6e0000400a1300040018000a3
0000002001f66000047da1f8004001c000a3
0000002101f5600004fd6a800040020000a3
ffff002401f3e00005825bd80040024000a3
ffff002601f1a00006109ab80029028000a3
0001002601efc00000e7e70c0040000000a3
0001002201f2a000017e44de0040004000a3
0000002101f4a0000207e3bc0040008000a3
0000002001f5e000028a5340004000c000a3
0000001f01f6a000030897e40040010000a3
0000001f01f700000384dc8c0040014000a3
0000001f01f6e0000400a1300040018000a3
0000002001f66000047da1f8004001c000a3
0000002101f5600004fd6a800040020000a3
ffff002401f3e00005825bd80040024000a3
ffff002601f1a00006109ab80029028000a3
0001002601efc00000e7e70c0040000000a3
0001002201f2a000017e44de0040004000a3
0000002101f4a0000207e3bc0040008000a3
0000002001f5e000028a5340004000c000a3
0000001f01f6a000030897e40040010000a3
0000001f01f700000384dc8c0040014000a3
0000001f01f6e0000400a1300040018000a3
0000002001f66000047da1f8004001c000a3
0000002101f5600004fd6a800040020000a3
ffff002401f3e00005825bd80040024000a3
ffff002601f1a00006109ab80029028000a3
0001002601f2200000e7e6b20040000000a4
0000002201f4c000017e44de0040004000a4
0000002101f6a0000207e3bc0040008000a4
0000002001f80000028a5340004000c000a4
0000001f01f8c000030897e40040010000a4
0000001f01f900000384dc8c0040014000a4
0000001f01f8e0000400a1300040018000a4
0000002001f86000047da1f8004001c000a4
0000002101f7800004fd6a800040020000a4
ffff002401f6000005825bd80040024000a4
ffff002601f3dc8c06109ab80029028000a4
0001002601f2200000e7e6b20040000000a4
0000002201f4c000017e44de0040004000a4
0000002101f6a0000207e3bc0040008000a4
0000002001f80000028a5340004000c000a4
0000001f01f8c000030897e40040010000a4
0000001f01f900000384dc8c0040014000a4
0000001f01f8e0000400a1300040018000a4
0000002001f86000047da1f8004001c000a4
0000002101f7800004fd6a800040020000a4
ffff002401f6000005825bd80040024000a4
ffff002601f3dc8c06109ab80029028000a4
0001002601f2200000e7e6b20040000000a4
0000002201f4c000017e44de0040004000a4
0000002101f6a0000207e3bc0040008000a4
0000002001f80000028a5340004000c000a4
0000001f01f8c000030897e40040010000a4
0000001f01f900000384dc8c0040014000a4
0000001f01f8e0000400a1300040018000a4
0000002001f86000047da1f8004001c000a4
0000002101f7800004fd6a800040020000a4
ffff002401f6000005825bd80040024000a4
ffff002601f3dc8c06109ab80029028000a4
0001002601f2200000e7e6b20040000000a4
0000002201f4c000017e44de0040004000a4
0000002101f6a0000207e3bc0040008000a4
0000002001f80000028a5340004000c000a4
0000001f01f8c000030897e40040010000a4
0000001f01f900000384dc8c0040014000a4
0000001f01f8e0000400a1300040018000a4
0000002001f86000047da1f8004001c000a4
0000002101f7800004fd6a800040020000a4
ffff002401f6000005825bd80040024000a4
ffff002601f3dc8c06109ab80029028000a4
0001002601f2200000e7e6b20040000000a4
0000002201f4c000017e44de0040004000a4
0000002101f6a0000207e3bc0040008000a4
0000002001f80000028a5340004000c000a4
0000001f01f8c000030897e40040010000a4
0000001f01f900000384dc8c0040014000a4
0000001f01f8e0000400a1300040018000a4
0000002001f86000047da1f8004001c000a4
0000002101f7800004fd6a800040020000a4
ffff002401f6000005825bd80040024000a4
ffff002601f3dc8c06109ab80029028000a4
0001002601f2200000e7e6b20040000000a4
0000002201f4c000017e44de0040004000a4
0000002101f6a0000207e3bc0040008000a4
0000002001f80000028a5340004000c000a4
0000001f01f8c000030897e40040010000a4
0000001f01f900000384dc8c0040014000a4
0000001f01f8e0000400a1300040018000a4
0000002001f86000047da1f8004001c000a4
0000002101f7800004fd6a800040020000a4
ffff002401f6000005825bd80040024000a4
ffff002601f3dc8c06109ab80029028000a4
0001002601f4605a00e7e6b20040000000a5
0000002201f70d76017e44de0040004000a5
0000002101f8da920207e3bc0040008000a5
0000002001f9e7ae028a5340004000c000a5
0000001f01faab36030897e40040010000a5
0000001f01fb00000384dc8c0040014000a5
0000001f01fae0000400a1300040018000a5
0000002001fa8000047da1f8004001c000a5
0000002101f9800004fd6a800040020000a5
ffff002401f8200005825bd80040024000a5
ffff002601f6200006109ab80029028000a5
0001002601f4605a00e7e6b20040000000a5
0000002201f70d76017e44de0040004000a5
0000002101f8da920207e3bc0040008000a5
0000002001f9e7ae028a5340004000c000a5
0000001f01faab36030897e40040010000a5
0000001f01fb00000384dc8c0040014000a5
0000001f01fae0000400a1300040018000a5
0000002001fa8000047da1f8004001c000a5
0000002101f9800004fd6a800040020000a5
ffff002401f8200005825bd80040024000a5
ffff002601f6200006109ab80029028000a5
0001002601f4605a00e7e6b20040000000a5
0000002201f70d76017e44de0040004000a5
0000002101f8da920207e3bc0040008000a5
0000002001f9e7ae028a5340004000c000a5
0000001f01faab36030897e40040010000a5
0000001f01fb00000384dc8c0040014000a5
0000001f01fae0000400a1300040018000a5
0000002001fa8000047da1f8004001c000a5
0000002101f9800004fd6a800040020000a5
ffff002401f8200005825bd80040024000a5
ffff002601f6200006109ab80029028000a5
0001002601f4605a00e7e6b20040000000a5
0000002201f70d76017e44de0040004000a5
0000002101f8da920207e3bc0040008000a5
0000002001f9e7ae028a5340004000c000a5
0000001f01faab36030897e40040010000a5
0000001f01fb00000384dc8c0040014000a5
0000001f01fae0000400a1300040018000a5
0000002001fa8000047da1f8004001c000a5
0000002101f9800004fd6a800040020000a5
ffff002401f8200005825bd80040024000a5
ffff002601f6200006109ab80029028000a5
0001002601f4605a00e7e6b20040000000a5
0000002201f70d76017e44de0040004000a5
0000002101f8da920207e3bc0040008000a5
0000002001f9e7ae028a5340004000c000a5
0000001f01faab36030897e40040010000a5
0000001f01fb00000384dc8c0040014000a5
0000001f01fae0000400a1300040018000a5
0000002001fa8000047da1f8004001c000a5
0000002101f9800004fd6a800040020000a5
ffff002401f8200005825bd80040024000a5
ffff002601f6200006109ab80029028000a5
0001002601f4605a00e7e6b20040000000a5
0000002201f70d76017e44de0040004000a5
0000002101f8da920207e3bc0040008000a5
0000002001f9e7ae028a5340004000c000a5
0000001f01faab36030897e40040010000a5
0000001f01fb00000384dc8c0040014000a5
0000001f01fae0000400a1300040018000a5
0000002001fa8000047da1f8004001c000a5
0000002101f9800004fd6a800040020000a5
ffff002401f8200005825bd80040024000a5
ffff002601f6200006109ab80029028000a5
0001002601f6a00000e7e6b20040000000a6
0000002201f92d76017e44de0040004000a6
0000002101fb00000207e3bc0040008000a6
0000002001fc0000028a3aec004000c000a6
0000001f01fca000030897e40040010000a6
0000001f01fd00000384dc8c0040014000a6
0000001f01fce0000400a1300040018000a6
0000002001fc8000047da1f8004001c000a6
0000002101fba00004fd6a800040020000a6
ffff002401fa49a805825bd80040024000a6
ffff002601f83c8c06109ab80029028000a6
0001002601f6a00000e7e6b20040000000a6
0000002201f92d76017e44de0040004000a6
0000002101fb00000207e3bc0040008000a6
0000002001fc0000028a3aec004000c000a6
0000001f01fca000030897e40040010000a6
0000001f01fd00000384dc8c0040014000a6
0000001f01fce0000400a1300040018000a6
0000002001fc8000047da1f8004001c000a6
0000002101fba00004fd6a800040020000a6
ffff002401fa49a805825bd80040024000a6
ffff002601f83c8c06109ab80029028000a6
0001002601f6a00000e7e6b20040000000a6
0000002201f92d76017e44de0040004000a6
0000002101fb00000207e3bc0040008000a6
0000002001fc0000028a3aec004000c000a6
0000001f01fca000030897e40040010000a6
0000001f01fd00000384dc8c0040014000a6
0000001f01fce0000400a1300040018000a6
0000002001fc8000047da1f8004001c000a6
0000002101fba00004fd6a800040020000a6
ffff002401fa49a805825bd80040024000a6
ffff002601f83c8c06109ab80029028000a6
0001002601f6a00000e7e6b20040000000a6
0000002201f92d76017e44de0040004000a6
0000002101fb00000207e3bc0040008000a6
0000002001fc0000028a3aec004000c000a6
0000001f01fca000030897e40040010000a6
0000001f01fd00000384dc8c0040014000a6
0000001f01fce0000400a1300040018000a6
0000002001fc8000047da1f8004001c000a6
0000002101fba00004fd6a800040020000a6
ffff002401fa49a805825bd80040024000a6
ffff002601f83c8c06109ab80029028000a6
0001002601f6a00000e7e6b20040000000a6
0000002201f92d76017e44de0040004000a6
0000002101fb00000207e3bc0040008000a6
0000002001fc0000028a3aec004000c000a6
0000001f01fca000030897e40040010000a6
0000001f01fd00000384dc8c0040014000a6
0000001f01fce0000400a1300040018000a6
0000002001fc8000047da1f8004001c000a6
0000002101fba00004fd6a800040020000a6
ffff002401fa49a805825bd80040024000a6
ffff002601f83c8c06109ab80029028000a6
0001002601f6a00000e7e6b20040000000a6
0000002201f92d76017e44de0040004000a6
0000002101fb00000207e3bc0040008000a6
0000002001fc0000028a3aec004000c000a6
0000001f01fca000030897e40040010000a6
0000001f01fd00000384dc8c0040014000a6
0000001f01fce0000400a1300040018000a6
0000002001fc8000047da1f8004001c000a6
0000002101fba00004fd6a800040020000a6
ffff002401fa49a805825bd80040024000a6
ffff002601f83c8c06109ab80029028000a6
0001002601f8ffa600e7e6b20040000000a7
0000002201fb6000017e37660040004000a7
0000002101fd00000207e3bc0040008000a7
0000002001fe2000028a3aec004000c000a7
0000001f01fec000030897e40040010000a7
0000001f01ff00000384dc8c0040014000a7
0000001f01fee0000400a1300040018000a7
0000002001fe8000047da1f8004001c000a7
0000002101fdc00004fd6a800040020000a7
0000002401fc600005825bd80040024000a7
ffff002601fa800006109ab80029028000a7
0001002601f8ffa600e7e6b20040000000a7
0000002201fb6000017e37660040004000a7
0000002101fd00000207e3bc0040008000a7
0000002001fe2000028a3aec004000c000a7
0000001f01fec000030897e40040010000a7
0000001f01ff00000384dc8c0040014000a7
0000001f01fee0000400a1300040018000a7
0000002001fe8000047da1f8004001c000a7
0000002101fdc00004fd6a800040020000a7
0000002401fc600005825bd80040024000a7
ffff002601fa800006109ab80029028000a7
0001002601f8ffa600e7e6b20040000000a7
0000002201fb6000017e37660040004000a7
0000002101fd00000207e3bc0040008000a7
0000002001fe2000028a3aec004000c000a7
0000001f01fec000030897e40040010000a7
0000001f01ff00000384dc8c0040014000a7
0000001f01fee0000400a1300040018000a7
0000002001fe8000047da1f8004001c000a7
0000002101fdc00004fd6a800040020000a7
0000002401fc600005825bd80040024000a7
ffff002601fa800006109ab80029028000a7
0001002601f8ffa600e7e6b20040000000a7
0000002201fb6000017e37660040004000a7
0000002101fd00000207e3bc0040008000a7
0000002001fe2000028a3aec004000c000a7
0000001f01fec000030897e40040010000a7
0000001f01ff00000384dc8c0040014000a7
0000001f01fee0000400a1300040018000a7
0000002001fe8000047da1f8004001c000a7
0000002101fdc00004fd6a800040020000a7
0000002401fc600005825bd80040024000a7
ffff002601fa800006109ab80029028000a7
0001002601f8ffa600e7e6b20040000000a7
0000002201fb6000017e37660040004000a7
0000002101fd00000207e3bc0040008000a7
0000002001fe2000028a3aec004000c000a7
0000001f01fec000030897e40040010000a7
0000001f01ff00000384dc8c0040014000a7
0000001f01fee0000400a1300040018000a7
0000002001fe8000047da1f8004001c000a7
0000002101fdc00004fd6a800040020000a7
0000002401fc600005825bd80040024000a7
ffff002601fa800006109ab80029028000a7
0001002601f8ffa600e7e6b20040000000a7
0000002201fb6000017e37660040004000a7
0000002101fd00000207e3bc0040008000a7
0000002001fe2000028a3aec004000c000a7
0000001f01fec000030897e40040010000a7
0000001f01ff00000384dc8c0040014000a7
0000001f01fee0000400a1300040018000a7
0000002001fe8000047da1f8004001c000a7
0000002101fdc00004fd6a800040020000a7
0000002401fc600005825bd80040024000a7
ffff002601fa800006109ab80029028000a7
0001002601fb405a00e7e6b20040000000a8
0000002201fd8d76017e37660040004000a8
0000002101ff056e0207e3bc0040008000a8
00000020020027b0028a3aec004000c000a8
0000001f0200c000030897e40040010000a8
0000001f020100000384dc8c0040014000a8
0000001f020100000400a1300040018000a8
000000200200a000047da1f8004001c000a8
0000002101ffe00004fd6a800040020000a8
0000002401fea00005825bd80040024000a8
ffff002601fcbc8c06109ab80029028000a8
0001002601fb405a00e7e6b20040000000a8
0000002201fd8d76017e37660040004000a8
0000002101ff056e0207e3bc0040008000a8
00000020020027b0028a3aec004000c000a8
0000001f0200c000030897e40040010000a8
0000001f020100000384dc8c0040014000a8
0000001f020100000400a1300040018000a8
000000200200a000047da1f8004001c000a8
0000002101ffe00004fd6a800040020000a8
0000002401fea00005825bd80040024000a8
ffff002601fcbc8c06109ab80029028000a8
0001002601fb405a00e7e6b20040000000a8
0000002201fd8d76017e37660040004000a8
0000002101ff056e0207e3bc0040008000a8
00000020020027b0028a3aec004000c000a8
0000001f0200c000030897e40040010000a8
0000001f020100000384dc8c0040014000a8
0000001f020100000400a1300040018000a8
000000200200a000047da1f8004001c000a8
0000002101ffe00004fd6a800040020000a8
0000002401fea00005825bd80040024000a8
ffff002601fcbc8c06109ab80029028000a8
0001002601fb405a00e7e6b20040000000a8
0000002201fd8d76017e37660040004000a8
0000002101ff056e0207e3bc0040008000a8
00000020020027b0028a3aec004000c000a8
0000001f0200c000030897e40040010000a8
0000001f020100000384dc8c0040014000a8
0000001f020100000400a1300040018000a8
000000200200a000047da1f8004001c000a8
0000002101ffe00004fd6a800040020000a8
0000002401fea00005825bd80040024000a8
ffff002601fcbc8c06109ab80029028000a8
0001002601fb405a00e7e6b20040000000a8
0000002201fd8d76017e37660040004000a8
0000002101ff056e0207e3bc0040008000a8
00000020020027b0028a3aec004000c000a8
0000001f0200c000030897e40040010000a8
0000001f020100000384dc8c0040014000a8
0000001f020100000400a1300040018000a8
000000200200a000047da1f8004001c000a8
0000002101ffe00004fd6a800040020000a8
0000002401fea00005825bd80040024000a8
ffff002601fcbc8c06109ab80029028000a8
0001002601fb405a00e7e6b20040000000a8
0000002201fd8d76017e37660040004000a8
0000002101ff056e0207e3bc0040008000a8
00000020020027b0028a3aec004000c000a8
0000001f0200c000030897e40040010000a8
0000001f020100000384dc8c0040014000a8
0000001f020100000400a1300040018000a8
000000200200a000047da1f8004001c000a8
0000002101ffe00004fd6a800040020000a8
0000002401fea00005825bd80040024000a8
ffff002601fcbc8c06109ab80029028000a8
0001002601fd805a00e7e6b20040000000a9
0000002201ffc000017e37660040004000a9
0000002102013a940207e3bc0040008000a9
0000002002024000028a3aec004000c000a9
0000001f0202c000030897e40040010000a9
0000001f020300000384dc8c0040014000a9
0000001f020300000400a1300040018000a9
000000200202a000047da1f8004001c000a9
000000210201e00004fd6a800040020000a9
000000240200c00005825bd80040024000a9
ffff002601ff000006109ab80029028000a9
0001002601fd805a00e7e6b20040000000a9
0000002201ffc000017e37660040004000a9
0000002102013a940207e3bc0040008000a9
0000002002024000028a3aec004000c000a9
0000001f0202c000030897e40040010000a9
0000001f020300000384dc8c0040014000a9
0000001f020300000400a1300040018000a9
000000200202a000047da1f8004001c000a9
000000210201e00004fd6a800040020000a9
000000240200c00005825bd80040024000a9
ffff002601ff000006109ab80029028000a9
0001002601fd805a00e7e6b20040000000a9
0000002201ffc000017e37660040004000a9
0000002102013a940207e3bc0040008000a9
0000002002024000028a3aec004000c000a9
0000001f0202c000030897e40040010000a9
0000001f020300000384dc8c0040014000a9
0000001f020300000400a1300040018000a9
000000200202a000047da1f8004001c000a9
000000210201e00004fd6a800040020000a9
000000240200c00005825bd80040024000a9
ffff002601ff000006109ab80029028000a9
0001002601fd805a00e7e6b20040000000a9
0000002201ffc000017e37660040004000a9
0000002102013a940207e3bc0040008000a9
0000002002024000028a3aec004000c000a9
0000001f0202c000030897e40040010000a9
0000001f020300000384dc8c0040014000a9
0000001f020300000400a1300040018000a9
000000200202a000047da1f8004001c000a9
000000210201e00004fd6a800040020000a9
000000240200c00005825bd80040024000a9
ffff002601ff000006109ab80029028000a9
0001002601fd805a00e7e6b20040000000a9
0000002201ffc000017e37660040004000a9
0000002102013a940207e3bc0040008000a9
0000002002024000028a3aec004000c000a9
0000001f0202c000030897e40040010000a9
0000001f020300000384dc8c0040014000a9
0000001f020300000400a1300040018000a9
000000200202a000047da1f8004001c000a9
000000210201e00004fd6a800040020000a9
000000240200c00005825bd80040024000a9
ffff002601ff000006109ab80029028000a9
0001002601fd805a00e7e6b20040000000a9
0000002201ffc000017e37660040004000a9
0000002102013a940207e3bc0040008000a9
0000002002024000028a3aec004000c000a9
0000001f0202c000030897e40040010000a9
0000001f020300000384dc8c0040014000a9
0000001f020300000400a1300040018000a9
000000200202a000047da1f8004001c000a9
000000210201e00004fd6a800040020000a9
000000240200c00005825bd80040024000a9
ffff002601ff000006109ab80029028000a9
0001002601ffe00000e7e6b20040000000aa
000000220201e000017e37660040004000aa
00000021020360000207e3bc0040008000aa
0000002002044000028a3aec004000c000aa
0000001f0204e000030897e40040010000aa
0000001f020520000384dc8c0040014000aa
0000001f020500000400a1300040018000aa
000000200204c000047da1f8004001c000aa
000000210203e00004fd6a800040020000aa
000000240202e00005825bd80040024000aa
ffff002602013c8c06109ab80029028000aa
0001002601ffe00000e7e6b20040000000aa
000000220201e000017e37660040004000aa
00000021020360000207e3bc0040008000aa
0000002002044000028a3aec004000c000aa
0000001f0204e000030897e40040010000aa
0000001f020520000384dc8c0040014000aa
0000001f020500000400a1300040018000aa
000000200204c000047da1f8004001c000aa
000000210203e00004fd6a800040020000aa
000000240202e00005825bd80040024000aa
ffff002602013c8c06109ab80029028000aa
0001002601ffe00000e7e6b20040000000aa
000000220201e000017e37660040004000aa
00000021020360000207e3bc0040008000aa
0000002002044000028a3aec004000c000aa
0000001f0204e000030897e40040010000aa
0000001f020520000384dc8c0040014000aa
0000001f020500000400a1300040018000aa
000000200204c000047da1f8004001c000aa
000000210203e00004fd6a800040020000aa
000000240202e00005825bd80040024000aa
ffff002602013c8c06109ab80029028000aa
0001002601ffe00000e7e6b20040000000aa
000000220201e000017e37660040004000aa
00000021020360000207e3bc0040008000aa
0000002002044000028a3aec004000c000aa
0000001f0204e000030897e40040010000aa
0000001f020520000384dc8c0040014000aa
0000001f020500000400a1300040018000aa
000000200204c000047da1f8004001c000aa
000000210203e00004fd6a800040020000aa
000000240202e00005825bd80040024000aa
ffff002602013c8c06109ab80029028000aa
0001002601ffe00000e7e6b20040000000aa
000000220201e000017e37660040004000aa
00000021020360000207e3bc0040008000aa
0000002002044000028a3aec004000c000aa
0000001f0204e000030897e40040010000aa
0000001f020520000384dc8c0040014000aa
0000001f020500000400a1300040018000aa
000000200204c000047da1f8004001c000aa
000000210203e00004fd6a800040020000aa
000000240202e00005825bd80040024000aa
ffff002602013c8c06109ab80029028000aa
0001002601ffe00000e7e6b20040000000aa
000000220201e000017e37660040004000aa
00000021020360000207e3bc0040008000aa
0000002002044000028a3aec004000c000aa
0000001f0204e000030897e40040010000aa
0000001f020520000384dc8c0040014000aa
0000001f020500000400a1300040018000aa
000000200204c000047da1f8004001c000aa
000000210203e00004fd6a800040020000aa
000000240202e00005825bd80040024000aa
ffff002602013c8c06109ab80029028000aa
000000260202200000e7c70c0040000000ab
0000002202042000017e24de0040004000ab
000000210205656c0207e3bc0040008000ab
00000020020647b0028a3aec004000c000ab
0000001f0206e000030897e40040010000ab
0000001f020720000384dc8c0040014000ab
0000001f020700000400a1300040018000ab
000000200206c000047da5d8004001c000ab
000000210206000004fd6a800040020000ab
000000240205000005825bd80040024000ab
ffff00260203800006109e280029028000ab
000000260202200000e7c70c0040000000ab
0000002202042000017e24de0040004000ab
000000210205656c0207e3bc0040008000ab
00000020020647b0028a3aec004000c000ab
0000001f0206e000030897e40040010000ab
0000001f020720000384dc8c0040014000ab
0000001f020700000400a1300040018000ab
000000200206c000047da5d8004001c000ab
000000210206000004fd6a800040020000ab
000000240205000005825bd80040024000ab
ffff00260203800006109e280029028000ab
000000260202200000e7c70c0040000000ab
0000002202042000017e24de0040004000ab
000000210205656c0207e3bc0040008000ab
00000020020647b0028a3aec004000c000ab
0000001f0206e000030897e40040010000ab
0000001f020720000384dc8c0040014000ab
0000001f020700000400a1300040018000ab
000000200206c000047da5d8004001c000ab
000000210206000004fd6a800040020000ab
000000240205000005825bd80040024000ab
ffff00260203800006109e280029028000ab
000000260202200000e7c70c0040000000ab
0000002202042000017e24de0040004000ab
000000210205656c0207e3bc0040008000ab
00000020020647b0028a3aec004000c000ab
0000001f0206e000030897e40040010000ab
0000001f020720000384dc8c0040014000ab
0000001f020700000400a1300040018000ab
000000200206c000047da5d8004001c000ab
000000210206000004fd6a800040020000ab
000000240205000005825bd80040024000ab
ffff00260203800006109e280029028000ab
000000260202200000e7c70c0040000000ab
0000002202042000017e24de0040004000ab
000000210205656c0207e3bc0040008000ab
00000020020647b0028a3aec004000c000ab
0000001f0206e000030897e40040010000ab
0000001f020720000384dc8c0040014000ab
0000001f020700000400a1300040018000ab
000000200206c000047da5d8004001c000ab
000000210206000004fd6a800040020000ab
000000240205000005825bd80040024000ab
ffff00260203800006109e280029028000ab
000000260202200000e7c70c0040000000ab
0000002202042000017e24de0040004000ab
000000210205656c0207e3bc0040008000ab
00000020020647b0028a3aec004000c000ab
0000001f0206e000030897e40040010000ab
0000001f020720000384dc8c0040014000ab
0000001f020700000400a1300040018000ab
000000200206c000047da5d8004001c000ab
000000210206000004fd6a800040020000ab
000000240205000005825bd80040024000ab
ffff00260203800006109e280029028000ab
000000260204600000e7c70c0040000000ac
0000002202064000017e24de0040004000ac
00000021020780000207de500040008000ac
0000002002086000028a3aec004000c000ac
0000001f0208e000030897e40040010000ac
0000001f020920000384dc8c0040014000ac
0000001f020900000400a1300040018000ac
000000200208a3e0047da5d8004001c000ac
000000210208200004fd6a800040020000ac
000000240207200005825bd80040024000ac
0000002602059c8c06109e280029028000ac
000000260204600000e7c70c0040000000ac
0000002202064000017e24de0040004000ac
00000021020780000207de500040008000ac
0000002002086000028a3aec004000c000ac
0000001f0208e000030897e40040010000ac
0000001f020920000384dc8c0040014000ac
0000001f020900000400a1300040018000ac
000000200208a3e0047da5d8004001c000ac
000000210208200004fd6a800040020000ac
000000240207200005825bd80040024000ac
0000002602059c8c06109e280029028000ac
000000260204600000e7c70c0040000000ac
0000002202064000017e24de0040004000ac
00000021020780000207de500040008000ac
0000002002086000028a3aec004000c000ac
0000001f0208e000030897e40040010000ac
0000001f020920000384dc8c0040014000ac
0000001f020900000400a1300040018000ac
000000200208a3e0047da5d8004001c000ac
000000210208200004fd6a800040020000ac
000000240207200005825bd80040024000ac
0000002602059c8c06109e280029028000ac
000000260204600000e7c70c0040000000ac
0000002202064000017e24de0040004000ac
00000021020780000207de500040008000ac
0000002002086000028a3aec004000c000ac
0000001f0208e000030897e40040010000ac
0000001f020920000384dc8c0040014000ac
0000001f020900000400a1300040018000ac
000000200208a3e0047da5d8004001c000ac
000000210208200004fd6a800040020000ac
000000240207200005825bd80040024000ac
0000002602059c8c06109e280029028000ac
000000260204600000e7c70c0040000000ac
0000002202064000017e24de0040004000ac
00000021020780000207de500040008000ac
0000002002086000028a3aec004000c000ac
0000001f0208e000030897e40040010000ac
0000001f020920000384dc8c0040014000ac
0000001f020900000400a1300040018000ac
000000200208a3e0047da5d8004001c000ac
000000210208200004fd6a800040020000ac
000000240207200005825bd80040024000ac
0000002602059c8c06109e280029028000ac
000000260204600000e7c70c0040000000ac
0000002202064000017e24de0040004000ac
00000021020780000207de500040008000ac
0000002002086000028a3aec004000c000ac
0000001f0208e000030897e40040010000ac
0000001f020920000384dc8c0040014000ac
0000001f020900000400a1300040018000ac
000000200208a3e0047da5d8004001c000ac
000000210208200004fd6a800040020000ac
000000240207200005825bd80040024000ac
0000002602059c8c06109e280029028000ac
000000260206c00000e7c70c0040000000ad
0000002202088000017e24de0040004000ad
000000210209ba940207de500040008000ad
00000020020a8000028a3aec004000c000ad
0000001f020b0000030897e40040010000ad
0000001f020b20000384dc8c0040014000ad
0000001f020b20000400a1300040018000ad
00000020020ac000047da5d8004001c000ad
00000021020a400004fd73c00040020000ad
000000240209400005825bd80040024000ad
000000260207e00006109e280029028000ad
000000260206c00000e7c70c0040000000ad
0000002202088000017e24de0040004000ad
000000210209ba940207de500040008000ad
00000020020a8000028a3aec004000c000ad
0000001f020b0000030897e40040010000ad
0000001f020b20000384dc8c0040014000ad
0000001f020b20000400a1300040018000ad
00000020020ac000047da5d8004001c000ad
00000021020a400004fd73c00040020000ad
000000240209400005825bd80040024000ad
000000260207e00006109e280029028000ad
000000260206c00000e7c70c0040000000ad
0000002202088000017e24de0040004000ad
000000210209ba940207de500040008000ad
00000020020a8000028a3aec004000c000ad
0000001f020b0000030897e40040010000ad
0000001f020b20000384dc8c0040014000ad
0000001f020b20000400a1300040018000ad
00000020020ac000047da5d8004001c000ad
00000021020a400004fd73c00040020000ad
000000240209400005825bd80040024000ad
000000260207e00006109e280029028000ad
000000260206c00000e7c70c0040000000ad
0000002202088000017e24de0040004000ad
000000210209ba940207de500040008000ad
00000020020a8000028a3aec004000c000ad
0000001f020b0000030897e40040010000ad
0000001f020b20000384dc8c0040014000ad
0000001f020b20000400a1300040018000ad
00000020020ac000047da5d8004001c000ad
00000021020a400004fd73c00040020000ad
000000240209400005825bd80040024000ad
000000260207e00006109e280029028000ad
000000260206c00000e7c70c0040000000ad
0000002202088000017e24de0040004000ad
000000210209ba940207de500040008000ad
00000020020a8000028a3aec004000c000ad
0000001f020b0000030897e40040010000ad
0000001f020b20000384dc8c0040014000ad
0000001f020b20000400a1300040018000ad
00000020020ac000047da5d8004001c000ad
00000021020a400004fd73c00040020000ad
000000240209400005825bd80040024000ad
000000260207e00006109e280029028000ad
000000260206c00000e7c70c0040000000ad
0000002202088000017e24de0040004000ad
000000210209ba940207de500040008000ad
00000020020a8000028a3aec004000c000ad
0000001f020b0000030897e40040010000ad
0000001f020b20000384dc8c0040014000ad
0000001f020b20000400a1300040018000ad
00000020020ac000047da5d8004001c000ad
00000021020a400004fd73c00040020000ad
000000240209400005825bd80040024000ad
000000260207e00006109e280029028000ad
000000260209200000e7c70c0040000000ae
00000022020aa000017e24de0040004000ae
00000021020bc56c0207de500040008000ae
00000020020c87b0028a3aec004000c000ae
0000001f020d0000030897e40040010000ae
0000001f020d20000384dc8c0040014000ae
0000001f020d20000400a1300040018000ae
00000020020cc000047da5d8004001c000ae
00000021020c400004fd73c00040020000ae
00000024020b600005825bd80040024000ae
00000026020a1c8c06109e280029028000ae
000000260209200000e7c70c0040000000ae
00000022020aa000017e24de0040004000ae
00000021020bc56c0207de500040008000ae
00000020020c87b0028a3aec004000c000ae
0000001f020d0000030897e40040010000ae
0000001f020d20000384dc8c0040014000ae
0000001f020d20000400a1300040018000ae
00000020020cc000047da5d8004001c000ae
00000021020c400004fd73c00040020000ae
00000024020b600005825bd80040024000ae
00000026020a1c8c06109e280029028000ae
000000260209200000e7c70c0040000000ae
00000022020aa000017e24de0040004000ae
00000021020bc56c0207de500040008000ae
00000020020c87b0028a3aec004000c000ae
0000001f020d0000030897e40040010000ae
0000001f020d20000384dc8c0040014000ae
0000001f020d20000400a1300040018000ae
00000020020cc000047da5d8004001c000ae
00000021020c400004fd73c00040020000ae
00000024020b600005825bd80040024000ae
00000026020a1c8c06109e280029028000ae
000000260209200000e7c70c0040000000ae
00000022020aa000017e24de0040004000ae
00000021020bc56c0207de500040008000ae
00000020020c87b0028a3aec004000c000ae
0000001f020d0000030897e40040010000ae
0000001f020d20000384dc8c0040014000ae
0000001f020d20000400a1300040018000ae
00000020020cc000047da5d8004001c000ae
00000021020c400004fd73c00040020000ae
00000024020b600005825bd80040024000ae
00000026020a1c8c06109e280029028000ae
000000260209200000e7c70c0040000000ae
00000022020aa000017e24de0040004000ae
00000021020bc56c0207de500040008000ae
00000020020c87b0028a3aec004000c000ae
0000001f020d0000030897e40040010000ae
0000001f020d20000384dc8c0040014000ae
0000001f020d20000400a1300040018000ae
00000020020cc000047da5d8004001c000ae
00000021020c400004fd73c00040020000ae
00000024020b600005825bd80040024000ae
00000026020a1c8c06109e280029028000ae
000000260209200000e7c70c0040000000ae
00000022020aa000017e24de0040004000ae
00000021020bc56c0207de500040008000ae
00000020020c87b0028a3aec004000c000ae
0000001f020d0000030897e40040010000ae
0000001f020d20000384dc8c0040014000ae
0000001f020d20000400a1300040018000ae
00000020020cc000047da5d8004001c000ae
00000021020c400004fd73c00040020000ae
00000024020b600005825bd80040024000ae
00000026020a1c8c06109e280029028000ae
00000026020b600000e7c70c0040000000af
00000022020ce000017e24de0040004000af
00000021020de0000207c3bc0040008000af
00000020020e8000028a3aec004000c000af
0000001f020f0000030897e40040010000af
0000001f020f20000384dc8c0040014000af
0000001f020f20000400a1300040018000af
00000020020ee000047da5d8004001c000af
00000021020e600004fd73c00040020000af
00000024020d800005825bd80040024000af
00000026020c600006109e280029028000af
00000026020b600000e7c70c0040000000af
00000022020ce000017e24de0040004000af
00000021020de0000207c3bc0040008000af
00000020020e8000028a3aec004000c000af
0000001f020f0000030897e40040010000af
0000001f020f20000384dc8c0040014000af
0000001f020f20000400a1300040018000af
00000020020ee000047da5d8004001c000af
00000021020e600004fd73c00040020000af
00000024020d800005825bd80040024000af
00000026020c600006109e280029028000af
00000026020b600000e7c70c0040000000af
00000022020ce000017e24de0040004000af
00000021020de0000207c3bc0040008000af
00000020020e8000028a3aec004000c000af
0000001f020f0000030897e40040010000af
0000001f020f20000384dc8c0040014000af
0000001f020f20000400a1300040018000af
00000020020ee000047da5d8004001c000af
00000021020e600004fd73c00040020000af
00000024020d800005825bd80040024000af
00000026020c600006109e280029028000af
00000026020b600000e7c70c0040000000af
00000022020ce000017e24de0040004000af
00000021020de0000207c3bc0040008000af
00000020020e8000028a3aec004000c000af
0000001f020f0000030897e40040010000af
0000001f020f20000384dc8c0040014000af
0000001f020f20000400a1300040018000af
00000020020ee000047da5d8004001c000af
00000021020e600004fd73c00040020000af
00000024020d800005825bd80040024000af
00000026020c600006109e280029028000af
00000026020b600000e7c70c0040000000af
00000022020ce000017e24de0040004000af
00000021020de0000207c3bc0040008000af
00000020020e8000028a3aec004000c000af
0000001f020f0000030897e40040010000af
0000001f020f20000384dc8c0040014000af
0000001f020f20000400a1300040018000af
00000020020ee000047da5d8004001c000af
00000021020e600004fd73c00040020000af
00000024020d800005825bd80040024000af
00000026020c600006109e280029028000af
00000026020b600000e7c70c0040000000af
00000022020ce000017e24de0040004000af
00000021020de0000207c3bc0040008000af
00000020020e8000028a3aec004000c000af
0000001f020f0000030897e40040010000af
0000001f020f20000384dc8c0040014000af
0000001f020f20000400a1300040018000af
00000020020ee000047da5d8004001c000af
00000021020e600004fd73c00040020000af
00000024020d800005825bd80040024000af
00000026020c600006109e280029028000af
00000026020da00000e7c70c0040000000b0
00000022020f0000017e24de0040004000b0
00000021021000000207c3bc0040008000b0
000000200210a000028a3aec004000c000b0
0000001f021114cc030897e40040010000b0
0000001f021140000384dc8c0040014000b0
0000001f021120000400a1300040018000b0
000000200210e000047da5d8004001c000b0
00000021021076c404fd73c00040020000b0
00000024020fc00005825bd80040024000b0
00000026020e800006109e280029028000b0
00000026020da00000e7c70c0040000000b0
00000022020f0000017e24de0040004000b0
00000021021000000207c3bc0040008000b0
000000200210a000028a3aec004000c000b0
0000001f021114cc030897e40040010000b0
0000001f021140000384dc8c0040014000b0
0000001f021120000400a1300040018000b0
000000200210e000047da5d8004001c000b0
00000021021076c404fd73c00040020000b0
00000024020fc00005825bd80040024000b0
00000026020e800006109e280029028000b0
00000026020da00000e7c70c0040000000b0
00000022020f0000017e24de0040004000b0
00000021021000000207c3bc0040008000b0
000000200210a000028a3aec004000c000b0
0000001f021114cc030897e40040010000b0
0000001f021140000384dc8c0040014000b0
0000001f021120000400a1300040018000b0
000000200210e000047da5d8004001c000b0
00000021021076c404fd73c00040020000b0
00000024020fc00005825bd80040024000b0
00000026020e800006109e280029028000b0
00000026020da00000e7c70c0040000000b0
00000022020f0000017e24de0040004000b0
00000021021000000207c3bc0040008000b0
000000200210a000028a3aec004000c000b0
0000001f021114cc030897e40040010000b0
0000001f021140000384dc8c0040014000b0
0000001f021120000400a1300040018000b0
000000200210e000047da5d8004001c000b0
00000021021076c404fd73c00040020000b0
00000024020fc00005825bd80040024000b0
00000026020e800006109e280029028000b0
00000026020da00000e7c70c0040000000b0
00000022020f0000017e24de0040004000b0
00000021021000000207c3bc0040008000b0
000000200210a000028a3aec004000c000b0
0000001f021114cc030897e40040010000b0
0000001f021140000384dc8c0040014000b0
0000001f021120000400a1300040018000b0
000000200210e000047da5d8004001c000b0
00000021021076c404fd73c00040020000b0
00000024020fc00005825bd80040024000b0
00000026020e800006109e280029028000b0
00000026020da00000e7c70c0040000000b0
00000022020f0000017e24de0040004000b0
00000021021000000207c3bc0040008000b0
000000200210a000028a3aec004000c000b0
0000001f021114cc030897e40040010000b0
0000001f021140000384dc8c0040014000b0
0000001f021120000400a1300040018000b0
000000200210e000047da5d8004001c000b0
00000021021076c404fd73c00040020000b0
00000024020fc00005825bd80040024000b0
00000026020e800006109e280029028000b0
00000026020fe05c00e7c70c0040000000b1
0000002202112d78017e24de0040004000b1
00000021021220000207c3bc0040008000b1
000000200212a7b0028a3aec004000c000b1
0000001f02132000030897e40040010000b1
0000001f021340000384dc8c0040014000b1
0000001f021320000400a1300040018000b1
0000002002130000047da5d8004001c000b1
000000210212800004fd73c00040020000b1
000000240211c00005825bd80040024000b1
000000260210c3740610bab80029028000b1
00000026020fe05c00e7c70c0040000000b1
0000002202112d78017e24de0040004000b1
00000021021220000207c3bc0040008000b1
000000200212a7b0028a3aec004000c000b1
0000001f02132000030897e40040010000b1
0000001f021340000384dc8c0040014000b1
0000001f021320000400a1300040018000b1
0000002002130000047da5d8004001c000b1
000000210212800004fd73c00040020000b1
000000240211c00005825bd80040024000b1
000000260210c3740610bab80029028000b1
00000026020fe05c00e7c70c0040000000b1
0000002202112d78017e24de0040004000b1
00000021021220000207c3bc0040008000b1
000000200212a7b0028a3aec004000c000b1
0000001f02132000030897e40040010000b1
0000001f021340000384dc8c0040014000b1
0000001f021320000400a1300040018000b1
0000002002130000047da5d8004001c000b1
000000210212800004fd73c00040020000b1
000000240211c00005825bd80040024000b1
000000260210c3740610bab80029028000b1
00000026020fe05c00e7c70c0040000000b1
0000002202112d78017e24de0040004000b1
00000021021220000207c3bc0040008000b1
000000200212a7b0028a3aec004000c000b1
0000001f02132000030897e40040010000b1
0000001f021340000384dc8c0040014000b1
0000001f021320000400a1300040018000b1
0000002002130000047da5d8004001c000b1
000000210212800004fd73c00040020000b1
000000240211c00005825bd80040024000b1
000000260210c3740610bab80029028000b1
00000026020fe05c00e7c70c0040000000b1
0000002202112d78017e24de0040004000b1
00000021021220000207c3bc0040008000b1
000000200212a7b0028a3aec004000c000b1
0000001f02132000030897e40040010000b1
0000001f021340000384dc8c0040014000b1
0000001f021320000400a1300040018000b1
0000002002130000047da5d8004001c000b1
000000210212800004fd73c00040020000b1
000000240211c00005825bd80040024000b1
000000260210c3740610bab80029028000b1
00000026020fe05c00e7c70c0040000000b1
0000002202112d78017e24de0040004000b1
00000021021220000207c3bc0040008000b1
000000200212a7b0028a3aec004000c000b1
0000001f02132000030897e40040010000b1
0000001f021340000384dc8c0040014000b1
0000001f021320000400a1300040018000b1
0000002002130000047da5d8004001c000b1
000000210212800004fd73c00040020000b1
000000240211c00005825bd80040024000b1
000000260210c3740610bab80029028000b1
000000260212400000e7c70c0040000000b2
0000002202136d78017e24de0040004000b2
00000021021440000207c3bc0040008000b2
000000200214c000028a3340004000c000b2
0000001f02152000030897e40040010000b2
0000001f021540000384dc8c0040014000b2
0000001f021520000400a1300040018000b2
0000002002150000047da5d8004001c000b2
000000210214800004fd73c00040020000b2
000000240214000005825bd80040024000b2
00000026021300000610bab80029028000b2
000000260212400000e7c70c0040000000b2
0000002202136d78017e24de0040004000b2
00000021021440000207c3bc0040008000b2
000000200214c000028a3340004000c000b2
0000001f02152000030897e40040010000b2
0000001f021540000384dc8c0040014000b2
0000001f021520000400a1300040018000b2
0000002002150000047da5d8004001c000b2
000000210214800004fd73c00040020000b2
000000240214000005825bd80040024000b2
00000026021300000610bab80029028000b2
000000260212400000e7c70c0040000000b2
0000002202136d78017e24de0040004000b2
00000021021440000207c3bc0040008000b2
000000200214c000028a3340004000c000b2
0000001f02152000030897e40040010000b2
0000001f021540000384dc8c0040014000b2
0000001f021520000400a1300040018000b2
0000002002150000047da5d8004001c000b2
000000210214800004fd73c00040020000b2
000000240214000005825bd80040024000b2
00000026021300000610bab80029028000b2
000000260212400000e7c70c0040000000b2
0000002202136d78017e24de0040004000b2
00000021021440000207c3bc0040008000b2
000000200214c000028a3340004000c000b2
0000001f02152000030897e40040010000b2
0000001f021540000384dc8c0040014000b2
0000001f021520000400a1300040018000b2
0000002002150000047da5d8004001c000b2
000000210214800004fd73c00040020000b2
000000240214000005825bd80040024000b2
00000026021300000610bab80029028000b2
000000260212400000e7c70c0040000000b2
0000002202136d78017e24de0040004000b2
00000021021440000207c3bc0040008000b2
000000200214c000028a3340004000c000b2
0000001f02152000030897e40040010000b2
0000001f021540000384dc8c0040014000b2
0000001f021520000400a1300040018000b2
0000002002150000047da5d8004001c000b2
000000210214800004fd73c00040020000b2
000000240214000005825bd80040024000b2
00000026021300000610bab80029028000b2
000000260212400000e7c70c0040000000b2
0000002202136d78017e24de0040004000b2
00000021021440000207c3bc0040008000b2
000000200214c000028a3340004000c000b2
0000001f02152000030897e40040010000b2
0000001f021540000384dc8c0040014000b2
0000001f021520000400a1300040018000b2
0000002002150000047da5d8004001c000b2
000000210214800004fd73c00040020000b2
000000240214000005825bd80040024000b2
00000026021300000610bab80029028000b2
000000260214800000e7c70c0040000000b3
000000220215a000017e24de0040004000b3
00000021021660000207c3bc0040008000b3
000000200216e000028a3340004000c000b3
0000001f02172000030897e40040010000b3
0000001f021740000384dc8c0040014000b3
0000001f021740000400a1300040018000b3
0000002002170000047da5d8004001c000b3
000000210216a00004fd73c00040020000b3
000000240216000005825bd80040024000b3
00000026021540000610bab80029028000b3
000000260214800000e7c70c0040000000b3
000000220215a000017e24de0040004000b3
00000021021660000207c3bc0040008000b3
000000200216e000028a3340004000c000b3
0000001f02172000030897e40040010000b3
0000001f021740000384dc8c0040014000b3
0000001f021740000400a1300040018000b3
0000002002170000047da5d8004001c000b3
000000210216a00004fd73c00040020000b3
000000240216000005825bd80040024000b3
00000026021540000610bab80029028000b3
000000260214800000e7c70c0040000000b3
000000220215a000017e24de0040004000b3
00000021021660000207c3bc0040008000b3
000000200216e000028a3340004000c000b3
0000001f02172000030897e40040010000b3
0000001f021740000384dc8c0040014000b3
0000001f021740000400a1300040018000b3
0000002002170000047da5d8004001c000b3
000000210216a00004fd73c00040020000b3
000000240216000005825bd80040024000b3
00000026021540000610bab80029028000b3
000000260214800000e7c70c0040000000b3
000000220215a000017e24de0040004000b3
00000021021660000207c3bc0040008000b3
000000200216e000028a3340004000c000b3
0000001f02172000030897e40040010000b3
0000001f021740000384dc8c0040014000b3
0000001f021740000400a1300040018000b3
0000002002170000047da5d8004001c000b3
000000210216a00004fd73c00040020000b3
000000240216000005825bd80040024000b3
00000026021540000610bab80029028000b3
000000260214800000e7c70c0040000000b3
000000220215a000017e24de0040004000b3
00000021021660000207c3bc0040008000b3
000000200216e000028a3340004000c000b3
0000001f02172000030897e40040010000b3
0000001f021740000384dc8c0040014000b3
0000001f021740000400a1300040018000b3
0000002002170000047da5d8004001c000b3
000000210216a00004fd73c00040020000b3
000000240216000005825bd80040024000b3
00000026021540000610bab80029028000b3
000000260214800000e7c70c0040000000b3
000000220215a000017e24de0040004000b3
00000021021660000207c3bc0040008000b3
000000200216e000028a3340004000c000b3
0000001f02172000030897e40040010000b3
0000001f021740000384dc8c0040014000b3
0000001f021740000400a1300040018000b3
0000002002170000047da5d8004001c000b3
000000210216a00004fd73c00040020000b3
000000240216000005825bd80040024000b3
00000026021540000610bab80029028000b3
000000260216e00000e7c70c0040000000b4
000000220217e000017e24de0040004000b4
000000210218656c0207c3bc0040008000b4
0000002002190000028a3340004000c000b4
0000001f02194000030897e40040010000b4
0000001f021940000384dc8c0040014000b4
0000001f021940000400a1300040018000b4
0000002002192000047da5d8004001c000b4
000000210218c00004fd73c00040020000b4
000000240218400005827bd80040024000b4
00000026021760000610bab80029028000b4
000000260216e00000e7c70c0040000000b4
000000220217e000017e24de0040004000b4
000000210218656c0207c3bc0040008000b4
0000002002190000028a3340004000c000b4
0000001f02194000030897e40040010000b4
0000001f021940000384dc8c0040014000b4
0000001f021940000400a1300040018000b4
0000002002192000047da5d8004001c000b4
000000210218c00004fd73c00040020000b4
000000240218400005827bd80040024000b4
00000026021760000610bab80029028000b4
000000260216e00000e7c70c0040000000b4
000000220217e000017e24de0040004000b4
000000210218656c0207c3bc0040008000b4
0000002002190000028a3340004000c000b4
0000001f02194000030897e40040010000b4
0000001f021940000384dc8c0040014000b4
0000001f021940000400a1300040018000b4
0000002002192000047da5d8004001c000b4
000000210218c00004fd73c00040020000b4
000000240218400005827bd80040024000b4
00000026021760000610bab80029028000b4
000000260216e00000e7c70c0040000000b4
000000220217e000017e24de0040004000b4
000000210218656c0207c3bc0040008000b4
0000002002190000028a3340004000c000b4
0000001f02194000030897e40040010000b4
0000001f021940000384dc8c0040014000b4
0000001f021940000400a1300040018000b4
0000002002192000047da5d8004001c000b4
000000210218c00004fd73c00040020000b4
000000240218400005827bd80040024000b4
00000026021760000610bab80029028000b4
000000260216e00000e7c70c0040000000b4
000000220217e000017e24de0040004000b4
000000210218656c0207c3bc0040008000b4
0000002002190000028a3340004000c000b4
0000001f02194000030897e40040010000b4
0000001f021940000384dc8c0040014000b4
0000001f021940000400a1300040018000b4
0000002002192000047da5d8004001c000b4
000000210218c00004fd73c00040020000b4
000000240218400005827bd80040024000b4
00000026021760000610bab80029028000b4
000000260216e00000e7c70c0040000000b4
000000220217e000017e24de0040004000b4
000000210218656c0207c3bc0040008000b4
0000002002190000028a3340004000c000b4
0000001f02194000030897e40040010000b4
0000001f021940000384dc8c0040014000b4
0000001f021940000400a1300040018000b4
0000002002192000047da5d8004001c000b4
000000210218c00004fd73c00040020000b4
000000240218400005827bd80040024000b4
00000026021760000610bab80029028000b4
000000260219005c00e7c70c0040000000b5
00000022021a0000017e24de0040004000b5
00000021021a9a940207c3bc0040008000b5
00000020021ae000028a3340004000c000b5
0000001f021b2000030897e40040010000b5
0000001f021b40000384dc8c0040014000b5
0000001f021b40000400a1300040018000b5
00000020021b2000047da5d8004001c000b5
00000021021ae00004fd73c00040020000b5
00000024021a600005827bd80040024000b5
000000260219c0000610bab80029028000b5
000000260219005c00e7c70c0040000000b5
00000022021a0000017e24de0040004000b5
00000021021a9a940207c3bc0040008000b5
00000020021ae000028a3340004000c000b5
0000001f021b2000030897e40040010000b5
0000001f021b40000384dc8c0040014000b5
0000001f021b40000400a1300040018000b5
00000020021b2000047da5d8004001c000b5
00000021021ae00004fd73c00040020000b5
00000024021a600005827bd80040024000b5
000000260219c0000610bab80029028000b5
000000260219005c00e7c70c0040000000b5
00000022021a0000017e24de0040004000b5
00000021021a9a940207c3bc0040008000b5
00000020021ae000028a3340004000c000b5
0000001f021b2000030897e40040010000b5
0000001f021b40000384dc8c0040014000b5
0000001f021b40000400a1300040018000b5
00000020021b2000047da5d8004001c000b5
00000021021ae00004fd73c00040020000b5
00000024021a600005827bd80040024000b5
000000260219c0000610bab80029028000b5
000000260219005c00e7c70c0040000000b5
00000022021a0000017e24de0040004000b5
00000021021a9a940207c3bc0040008000b5
00000020021ae000028a3340004000c000b5
0000001f021b2000030897e40040010000b5
0000001f021b40000384dc8c0040014000b5
0000001f021b40000400a1300040018000b5
00000020021b2000047da5d8004001c000b5
00000021021ae00004fd73c00040020000b5
00000024021a600005827bd80040024000b5
000000260219c0000610bab80029028000b5
000000260219005c00e7c70c0040000000b5
00000022021a0000017e24de0040004000b5
00000021021a9a940207c3bc0040008000b5
00000020021ae000028a3340004000c000b5
0000001f021b2000030897e40040010000b5
0000001f021b40000384dc8c0040014000b5
0000001f021b40000400a1300040018000b5
00000020021b2000047da5d8004001c000b5
00000021021ae00004fd73c00040020000b5
00000024021a600005827bd80040024000b5
000000260219c0000610bab80029028000b5
000000260219005c00e7c70c0040000000b5
00000022021a0000017e24de0040004000b5
00000021021a9a940207c3bc0040008000b5
00000020021ae000028a3340004000c000b5
0000001f021b2000030897e40040010000b5
0000001f021b40000384dc8c0040014000b5
0000001f021b40000400a1300040018000b5
00000020021b2000047da5d8004001c000b5
00000021021ae00004fd73c00040020000b5
00000024021a600005827bd80040024000b5
000000260219c0000610bab80029028000b5
00000026021b7fa400e7c6b20040000000b6
00000022021c4000017e24de0040004000b6
00000021021cc0000207c3bc0040008000b6
00000020021d0000028a3340004000c000b6
0000001f021d2000030897e40040010000b6
0000001f021d40000384dc8c0040014000b6
0000001f021d40000400b2300040018000b6
00000020021d4000047dc1f8004001c000b6
00000021021d000004fd73c00040020000b6
00000024021c800005827bd80040024000b6
00000026021be0000610bab80029028000b6
00000026021b7fa400e7c6b20040000000b6
00000022021c4000017e24de0040004000b6
00000021021cc0000207c3bc0040008000b6
00000020021d0000028a3340004000c000b6
0000001f021d2000030897e40040010000b6
0000001f021d40000384dc8c0040014000b6
0000001f021d40000400b2300040018000b6
00000020021d4000047dc1f8004001c000b6
00000021021d000004fd73c00040020000b6
00000024021c800005827bd80040024000b6
00000026021be0000610bab80029028000b6
00000026021b7fa400e7c6b20040000000b6
00000022021c4000017e24de0040004000b6
00000021021cc0000207c3bc0040008000b6
00000020021d0000028a3340004000c000b6
0000001f021d2000030897e40040010000b6
0000001f021d40000384dc8c0040014000b6
0000001f021d40000400b2300040018000b6
00000020021d4000047dc1f8004001c000b6
00000021021d000004fd73c00040020000b6
00000024021c800005827bd80040024000b6
00000026021be0000610bab80029028000b6
00000026021b7fa400e7c6b20040000000b6
00000022021c4000017e24de0040004000b6
00000021021cc0000207c3bc0040008000b6
00000020021d0000028a3340004000c000b6
0000001f021d2000030897e40040010000b6
0000001f021d40000384dc8c0040014000b6
0000001f021d40000400b2300040018000b6
00000020021d4000047dc1f8004001c000b6
00000021021d000004fd73c00040020000b6
00000024021c800005827bd80040024000b6
00000026021be0000610bab80029028000b6
00000026021b7fa400e7c6b20040000000b6
00000022021c4000017e24de0040004000b6
00000021021cc0000207c3bc0040008000b6
00000020021d0000028a3340004000c000b6
0000001f021d2000030897e40040010000b6
0000001f021d40000384dc8c0040014000b6
0000001f021d40000400b2300040018000b6
00000020021d4000047dc1f8004001c000b6
00000021021d000004fd73c00040020000b6
00000024021c800005827bd80040024000b6
00000026021be0000610bab80029028000b6
00000026021b7fa400e7c6b20040000000b6
00000022021c4000017e24de0040004000b6
00000021021cc0000207c3bc0040008000b6
00000020021d0000028a3340004000c000b6
0000001f021d2000030897e40040010000b6
0000001f021d40000384dc8c0040014000b6
0000001f021d40000400b2300040018000b6
00000020021d4000047dc1f8004001c000b6
00000021021d000004fd73c00040020000b6
00000024021c800005827bd80040024000b6
00000026021be0000610bab80029028000b6
00000026021dc00000e7c6b20040000000b7
00000022021e6000017e24de0040004000b7
00000021021ec0000207c3bc0040008000b7
00000020021f2000028a3340004000c000b7
0000001f021f4000030897e40040010000b7
0000001f021f60000384dc8c0040014000b7
0000001f021f40000400b2300040018000b7
00000020021f4000047dc1f8004001c000b7
00000021021ee00004fd73c00040020000b7
00000024021ea00005827bd80040024000b7
00000026021e23740610bab80029028000b7
00000026021dc00000e7c6b20040000000b7
00000022021e6000017e24de0040004000b7
00000021021ec0000207c3bc0040008000b7
00000020021f2000028a3340004000c000b7
0000001f021f4000030897e40040010000b7
0000001f021f60000384dc8c0040014000b7
0000001f021f40000400b2300040018000b7
00000020021f4000047dc1f8004001c000b7
00000021021ee00004fd73c00040020000b7
00000024021ea00005827bd80040024000b7
00000026021e23740610bab80029028000b7
00000026021dc00000e7c6b20040000000b7
00000022021e6000017e24de0040004000b7
00000021021ec0000207c3bc0040008000b7
00000020021f2000028a3340004000c000b7
0000001f021f4000030897e40040010000b7
0000001f021f60000384dc8c0040014000b7
0000001f021f40000400b2300040018000b7
00000020021f4000047dc1f8004001c000b7
00000021021ee00004fd73c00040020000b7
00000024021ea00005827bd80040024000b7
00000026021e23740610bab80029028000b7
00000026021dc00000e7c6b20040000000b7
00000022021e6000017e24de0040004000b7
00000021021ec0000207c3bc0040008000b7
00000020021f2000028a3340004000c000b7
0000001f021f4000030897e40040010000b7
0000001f021f60000384dc8c0040014000b7
0000001f021f40000400b2300040018000b7
00000020021f4000047dc1f8004001c000b7
00000021021ee00004fd73c00040020000b7
00000024021ea00005827bd80040024000b7
00000026021e23740610bab80029028000b7
00000026021dc00000e7c6b20040000000b7
00000022021e6000017e24de0040004000b7
00000021021ec0000207c3bc0040008000b7
00000020021f2000028a3340004000c000b7
0000001f021f4000030897e40040010000b7
0000001f021f60000384dc8c0040014000b7
0000001f021f40000400b2300040018000b7
00000020021f4000047dc1f8004001c000b7
00000021021ee00004fd73c00040020000b7
00000024021ea00005827bd80040024000b7
00000026021e23740610bab80029028000b7
00000026021dc00000e7c6b20040000000b7
00000022021e6000017e24de0040004000b7
00000021021ec0000207c3bc0040008000b7
00000020021f2000028a3340004000c000b7
0000001f021f4000030897e40040010000b7
0000001f021f60000384dc8c0040014000b7
0000001f021f40000400b2300040018000b7
00000020021f4000047dc1f8004001c000b7
00000021021ee00004fd73c00040020000b7
00000024021ea00005827bd80040024000b7
00000026021e23740610bab80029028000b7
000000260220000000e7c6b20040000000b8
0000002202208000017e24de0040004000b8
000000210220e0000207c3bc0040008000b8
0000002002212000028a3340004000c000b8
0000001f02214000030897e40040010000b8
0000001f022160000384dc8c0040014000b8
0000001f022160000400b2300040018000b8
0000002002212000047dc1f8004001c000b8
000000210221000004fd73c00040020000b8
000000240220c00005827bd80040024000b8
00000026022060000610bab80029028000b8
000000260220000000e7c6b20040000000b8
0000002202208000017e24de0040004000b8
000000210220e0000207c3bc0040008000b8
0000002002212000028a3340004000c000b8
0000001f02214000030897e40040010000b8
0000001f022160000384dc8c0040014000b8
0000001f022160000400b2300040018000b8
0000002002212000047dc1f8004001c000b8
000000210221000004fd73c00040020000b8
000000240220c00005827bd80040024000b8
00000026022060000610bab80029028000b8
000000260220000000e7c6b20040000000b8
0000002202208000017e24de0040004000b8
000000210220e0000207c3bc0040008000b8
0000002002212000028a3340004000c000b8
0000001f02214000030897e40040010000b8
0000001f022160000384dc8c0040014000b8
0000001f022160000400b2300040018000b8
0000002002212000047dc1f8004001c000b8
000000210221000004fd73c00040020000b8
000000240220c00005827bd80040024000b8
00000026022060000610bab80029028000b8
000000260220000000e7c6b20040000000b8
0000002202208000017e24de0040004000b8
000000210220e0000207c3bc0040008000b8
0000002002212000028a3340004000c000b8
0000001f02214000030897e40040010000b8
0000001f022160000384dc8c0040014000b8
0000001f022160000400b2300040018000b8
0000002002212000047dc1f8004001c000b8
000000210221000004fd73c00040020000b8
000000240220c00005827bd80040024000b8
00000026022060000610bab80029028000b8
000000260220000000e7c6b20040000000b8
0000002202208000017e24de0040004000b8
000000210220e0000207c3bc0040008000b8
0000002002212000028a3340004000c000b8
0000001f02214000030897e40040010000b8
0000001f022160000384dc8c0040014000b8
0000001f022160000400b2300040018000b8
0000002002212000047dc1f8004001c000b8
000000210221000004fd73c00040020000b8
000000240220c00005827bd80040024000b8
00000026022060000610bab80029028000b8
000000260220000000e7c6b20040000000b8
0000002202208000017e24de0040004000b8
000000210220e0000207c3bc0040008000b8
0000002002212000028a3340004000c000b8
0000001f02214000030897e40040010000b8
0000001f022160000384dc8c0040014000b8
0000001f022160000400b2300040018000b8
0000002002212000047dc1f8004001c000b8
000000210221000004fd73c00040020000b8
000000240220c00005827bd80040024000b8
00000026022060000610bab80029028000b8
000000260222600000e7c6b20040000000b9
000000220222b288017e24de0040004000b9
00000021022320000207c3bc0040008000b9
0000002002234000028a3340004000c000b9
0000001f02234000030897e40040010000b9
0000001f022360000384dc8c0040014000b9
0000001f022360000400b2300040018000b9
0000002002234000047dc1f8004001c000b9
000000210223200004fd73c00040020000b9
000000240222e9a805827bd80040024000b9
000000260222a0000610bab80029028000b9
000000260222600000e7c6b20040000000b9
000000220222b288017e24de0040004000b9
00000021022320000207c3bc0040008000b9
0000002002234000028a3340004000c000b9
0000001f02234000030897e40040010000b9
0000001f022360000384dc8c0040014000b9
0000001f022360000400b2300040018000b9
0000002002234000047dc1f8004001c000b9
000000210223200004fd73c00040020000b9
000000240222e9a805827bd80040024000b9
000000260222a0000610bab80029028000b9
000000260222600000e7c6b20040000000b9
000000220222b288017e24de0040004000b9
00000021022320000207c3bc0040008000b9
0000002002234000028a3340004000c000b9
0000001f02234000030897e40040010000b9
0000001f022360000384dc8c0040014000b9
0000001f022360000400b2300040018000b9
0000002002234000047dc1f8004001c000b9
000000210223200004fd73c00040020000b9
000000240222e9a805827bd80040024000b9
000000260222a0000610bab80029028000b9
000000260222600000e7c6b20040000000b9
000000220222b288017e24de0040004000b9
00000021022320000207c3bc0040008000b9
0000002002234000028a3340004000c000b9
0000001f02234000030897e40040010000b9
0000001f022360000384dc8c0040014000b9
0000001f022360000400b2300040018000b9
0000002002234000047dc1f8004001c000b9
000000210223200004fd73c00040020000b9
000000240222e9a805827bd80040024000b9
000000260222a0000610bab80029028000b9
000000260222600000e7c6b20040000000b9
000000220222b288017e24de0040004000b9
00000021022320000207c3bc0040008000b9
0000002002234000028a3340004000c000b9
0000001f02234000030897e40040010000b9
0000001f022360000384dc8c0040014000b9
0000001f022360000400b2300040018000b9
0000002002234000047dc1f8004001c000b9
000000210223200004fd73c00040020000b9
000000240222e9a805827bd80040024000b9
000000260222a0000610bab80029028000b9
000000260222600000e7c6b20040000000b9
000000220222b288017e24de0040004000b9
00000021022320000207c3bc0040008000b9
0000002002234000028a3340004000c000b9
0000001f02234000030897e40040010000b9
0000001f022360000384dc8c0040014000b9
0000001f022360000400b2300040018000b9
0000002002234000047dc1f8004001c000b9
000000210223200004fd73c00040020000b9
000000240222e9a805827bd80040024000b9
000000260222a0000610bab80029028000b9
000000260224a00000e7c6b20040000000ba
000000220224e000017e24de0040004000ba
00000021022520000207c3bc0040008000ba
0000002002256000028a3340004000c000ba
0000001f02256000030897e40040010000ba
0000001f022560000384dc8c0040014000ba
0000001f022560000400b2300040018000ba
0000002002254000047dc1f8004001c000ba
000000210225400004fd73c00040020000ba
000000240225000005827bd80040024000ba
000000260224c0000610bab80029028000ba
000000260224a00000e7c6b20040000000ba
000000220224e000017e24de0040004000ba
00000021022520000207c3bc0040008000ba
0000002002256000028a3340004000c000ba
0000001f02256000030897e40040010000ba
0000001f022560000384dc8c0040014000ba
0000001f022560000400b2300040018000ba
0000002002254000047dc1f8004001c000ba
000000210225400004fd73c00040020000ba
000000240225000005827bd80040024000ba
000000260224c0000610bab80029028000ba
000000260224a00000e7c6b20040000000ba
000000220224e000017e24de0040004000ba
00000021022520000207c3bc0040008000ba
0000002002256000028a3340004000c000ba
0000001f02256000030897e40040010000ba
0000001f022560000384dc8c0040014000ba
0000001f022560000400b2300040018000ba
0000002002254000047dc1f8004001c000ba
000000210225400004fd73c00040020000ba
000000240225000005827bd80040024000ba
000000260224c0000610bab80029028000ba
000000260224a00000e7c6b20040000000ba
000000220224e000017e24de0040004000ba
00000021022520000207c3bc0040008000ba
0000002002256000028a3340004000c000ba
0000001f02256000030897e40040010000ba
0000001f022560000384dc8c0040014000ba
0000001f022560000400b2300040018000ba
0000002002254000047dc1f8004001c000ba
000000210225400004fd73c00040020000ba
000000240225000005827bd80040024000ba
000000260224c0000610bab80029028000ba
000000260224a00000e7c6b20040000000ba
000000220224e000017e24de0040004000ba
00000021022520000207c3bc0040008000ba
0000002002256000028a3340004000c000ba
0000001f02256000030897e40040010000ba
0000001f022560000384dc8c0040014000ba
0000001f022560000400b2300040018000ba
0000002002254000047dc1f8004001c000ba
000000210225400004fd73c00040020000ba
000000240225000005827bd80040024000ba
000000260224c0000610bab80029028000ba
000000260224a00000e7c6b20040000000ba
000000220224e000017e24de0040004000ba
00000021022520000207c3bc0040008000ba
0000002002256000028a3340004000c000ba
0000001f02256000030897e40040010000ba
0000001f022560000384dc8c0040014000ba
0000001f022560000400b2300040018000ba
0000002002254000047dc1f8004001c000ba
000000210225400004fd73c00040020000ba
000000240225000005827bd80040024000ba
000000260224c0000610bab80029028000ba
000000260226e00000e7c6b20040000000bb
0000002202270000017e24de0040004000bb
00000021022740000207c3bc0040008000bb
0000002002274000028a3340004000c000bb
0000001f02276000030897e40040010000bb
0000001f022760000384dc8c0040014000bb
0000001f022760000400b2300040018000bb
0000002002276000047dc1f8004001c000bb
000000210227600004fd73c00040020000bb
000000240227400005827bd80040024000bb
00000026022720000610bab80029028000bb
000000260226e00000e7c6b20040000000bb
0000002202270000017e24de0040004000bb
00000021022740000207c3bc0040008000bb
0000002002274000028a3340004000c000bb
0000001f02276000030897e40040010000bb
0000001f022760000384dc8c0040014000bb
0000001f022760000400b2300040018000bb
0000002002276000047dc1f8004001c000bb
000000210227600004fd73c00040020000bb
000000240227400005827bd80040024000bb
00000026022720000610bab80029028000bb
000000260226e00000e7c6b20040000000bb
0000002202270000017e24de0040004000bb
00000021022740000207c3bc0040008000bb
0000002002274000028a3340004000c000bb
0000001f02276000030897e40040010000bb
0000001f022760000384dc8c0040014000bb
0000001f022760000400b2300040018000bb
0000002002276000047dc1f8004001c000bb
000000210227600004fd73c00040020000bb
000000240227400005827bd80040024000bb
00000026022720000610bab80029028000bb
000000260226e00000e7c6b20040000000bb
0000002202270000017e24de0040004000bb
00000021022740000207c3bc0040008000bb
0000002002274000028a3340004000c000bb
0000001f02276000030897e40040010000bb
0000001f022760000384dc8c0040014000bb
0000001f022760000400b2300040018000bb
0000002002276000047dc1f8004001c000bb
000000210227600004fd73c00040020000bb
000000240227400005827bd80040024000bb
00000026022720000610bab80029028000bb
000000260226e00000e7c6b20040000000bb
0000002202270000017e24de0040004000bb
00000021022740000207c3bc0040008000bb
0000002002274000028a3340004000c000bb
0000001f02276000030897e40040010000bb
0000001f022760000384dc8c0040014000bb
0000001f022760000400b2300040018000bb
0000002002276000047dc1f8004001c000bb
000000210227600004fd73c00040020000bb
000000240227400005827bd80040024000bb
00000026022720000610bab80029028000bb
000000260226e00000e7c6b20040000000bb
0000002202270000017e24de0040004000bb
00000021022740000207c3bc0040008000bb
0000002002274000028a3340004000c000bb
0000001f02276000030897e40040010000bb
0000001f022760000384dc8c0040014000bb
0000001f022760000400b2300040018000bb
0000002002276000047dc1f8004001c000bb
000000210227600004fd73c00040020000bb
000000240227400005827bd80040024000bb
00000026022720000610bab80029028000bb
000000260229200000e7c6b20040000000bc
0000002202294000017e24de0040004000bc
00000021022960000207c3bc0040008000bc
0000002002296000028a3340004000c000bc
0000001f02296000030897e40040010000bc
0000001f022960000384dc8c0040014000bc
0000001f022960000400b2300040018000bc
0000002002296000047dc1f8004001c000bc
000000210229600004fd73c00040020000bc
000000240229600005827bd80040024000bc
00000026022940000610bab80029028000bc
000000260229200000e7c6b20040000000bc
0000002202294000017e24de0040004000bc
00000021022960000207c3bc0040008000bc
0000002002296000028a3340004000c000bc
0000001f02296000030897e40040010000bc
0000001f022960000384dc8c0040014000bc
0000001f022960000400b2300040018000bc
0000002002296000047dc1f8004001c000bc
000000210229600004fd73c00040020000bc
000000240229600005827bd80040024000bc
00000026022940000610bab80029028000bc
000000260229200000e7c6b20040000000bc
0000002202294000017e24de0040004000bc
00000021022960000207c3bc0040008000bc
0000002002296000028a3340004000c000bc
0000001f02296000030897e40040010000bc
0000001f022960000384dc8c0040014000bc
0000001f022960000400b2300040018000bc
0000002002296000047dc1f8004001c000bc
000000210229600004fd73c00040020000bc
000000240229600005827bd80040024000bc
00000026022940000610bab80029028000bc
000000260229200000e7c6b20040000000bc
0000002202294000017e24de0040004000bc
00000021022960000207c3bc0040008000bc
0000002002296000028a3340004000c000bc
0000001f02296000030897e40040010000bc
0000001f022960000384dc8c0040014000bc
0000001f022960000400b2300040018000bc
0000002002296000047dc1f8004001c000bc
000000210229600004fd73c00040020000bc
000000240229600005827bd80040024000bc
00000026022940000610bab80029028000bc
000000260229200000e7c6b20040000000bc
0000002202294000017e24de0040004000bc
00000021022960000207c3bc0040008000bc
0000002002296000028a3340004000c000bc
0000001f02296000030897e40040010000bc
0000001f022960000384dc8c0040014000bc
0000001f022960000400b2300040018000bc
0000002002296000047dc1f8004001c000bc
000000210229600004fd73c00040020000bc
000000240229600005827bd80040024000bc
00000026022940000610bab80029028000bc
000000260229200000e7c6b20040000000bc
0000002202294000017e24de0040004000bc
00000021022960000207c3bc0040008000bc
0000002002296000028a3340004000c000bc
0000001f02296000030897e40040010000bc
0000001f022960000384dc8c0040014000bc
0000001f022960000400b2300040018000bc
0000002002296000047dc1f8004001c000bc
000000210229600004fd73c00040020000bc
000000240229600005827bd80040024000bc
00000026022940000610bab80029028000bc
00000026022ba00000e7c6b20040000000bd
00000022022b8000017e24de0040004000bd
00000021022b80000207c3bc0040008000bd
00000020022b8000028a3340004000c000bd
0000001f022b8000030897e40040010000bd
0000001f022b80000384dc8c0040014000bd
0000001f022b80000400b2300040018000bd
00000020022b8000047dc1f8004001c000bd
00000021022b800004fd73c00040020000bd
00000024022b800005827bd80040024000bd
00000026022ba0000610bab80029028000bd
00000026022ba00000e7c6b20040000000bd
00000022022b8000017e24de0040004000bd
00000021022b80000207c3bc0040008000bd
00000020022b8000028a3340004000c000bd
0000001f022b8000030897e40040010000bd
0000001f022b80000384dc8c0040014000bd
0000001f022b80000400b2300040018000bd
00000020022b8000047dc1f8004001c000bd
00000021022b800004fd73c00040020000bd
00000024022b800005827bd80040024000bd
00000026022ba0000610bab80029028000bd
00000026022ba00000e7c6b20040000000bd
00000022022b8000017e24de0040004000bd
00000021022b80000207c3bc0040008000bd
00000020022b8000028a3340004000c000bd
0000001f022b8000030897e40040010000bd
0000001f022b80000384dc8c0040014000bd
0000001f022b80000400b2300040018000bd
00000020022b8000047dc1f8004001c000bd
00000021022b800004fd73c00040020000bd
00000024022b800005827bd80040024000bd
00000026022ba0000610bab80029028000bd
00000026022ba00000e7c6b20040000000bd
00000022022b8000017e24de0040004000bd
00000021022b80000207c3bc0040008000bd
00000020022b8000028a3340004000c000bd
0000001f022b8000030897e40040010000bd
0000001f022b80000384dc8c0040014000bd
0000001f022b80000400b2300040018000bd
00000020022b8000047dc1f8004001c000bd
00000021022b800004fd73c00040020000bd
00000024022b800005827bd80040024000bd
00000026022ba0000610bab80029028000bd
00000026022ba00000e7c6b20040000000bd
00000022022b8000017e24de0040004000bd
00000021022b80000207c3bc0040008000bd
00000020022b8000028a3340004000c000bd
0000001f022b8000030897e40040010000bd
0000001f022b80000384dc8c0040014000bd
0000001f022b80000400b2300040018000bd
00000020022b8000047dc1f8004001c000bd
00000021022b800004fd73c00040020000bd
00000024022b800005827bd80040024000bd
00000026022ba0000610bab80029028000bd
00000026022ba00000e7c6b20040000000bd
00000022022b8000017e24de0040004000bd
00000021022b80000207c3bc0040008000bd
00000020022b8000028a3340004000c000bd
0000001f022b8000030897e40040010000bd
0000001f022b80000384dc8c0040014000bd
0000001f022b80000400b2300040018000bd
00000020022b8000047dc1f8004001c000bd
00000021022b800004fd73c00040020000bd
00000024022b800005827bd80040024000bd
00000026022ba0000610bab80029028000bd
00000026022de00000e7c6b20040000000be
00000022022dc000017e24de0040004000be
00000021022da0000207c3bc0040008000be
00000020022d8000028a3340004000c000be
0000001f022d8000030897e40040010000be
0000001f022d80000384dc8c0040014000be
0000001f022d80000400b2300040018000be
00000020022d8000047dc1f8004001c000be
00000021022d800004fd73c00040020000be
00000024022da00005827bd80040024000be
00000026022dc0000610bab80029028000be
00000026022de00000e7c6b20040000000be
00000022022dc000017e24de0040004000be
00000021022da0000207c3bc0040008000be
00000020022d8000028a3340004000c000be
0000001f022d8000030897e40040010000be
0000001f022d80000384dc8c0040014000be
0000001f022d80000400b2300040018000be
00000020022d8000047dc1f8004001c000be
00000021022d800004fd73c00040020000be
00000024022da00005827bd80040024000be
00000026022dc0000610bab80029028000be
00000026022de00000e7c6b20040000000be
00000022022dc000017e24de0040004000be
00000021022da0000207c3bc0040008000be
00000020022d8000028a3340004000c000be
0000001f022d8000030897e40040010000be
0000001f022d80000384dc8c0040014000be
0000001f022d80000400b2300040018000be
00000020022d8000047dc1f8004001c000be
00000021022d800004fd73c00040020000be
00000024022da00005827bd80040024000be
00000026022dc0000610bab80029028000be
00000026022de00000e7c6b20040000000be
00000022022dc000017e24de0040004000be
00000021022da0000207c3bc0040008000be
00000020022d8000028a3340004000c000be
0000001f022d8000030897e40040010000be
0000001f022d80000384dc8c0040014000be
0000001f022d80000400b2300040018000be
00000020022d8000047dc1f8004001c000be
00000021022d800004fd73c00040020000be
00000024022da00005827bd80040024000be
00000026022dc0000610bab80029028000be
00000026022de00000e7c6b20040000000be
00000022022dc000017e24de0040004000be
00000021022da0000207c3bc0040008000be
00000020022d8000028a3340004000c000be
0000001f022d8000030897e40040010000be
0000001f022d80000384dc8c0040014000be
0000001f022d80000400b2300040018000be
00000020022d8000047dc1f8004001c000be
00000021022d800004fd73c00040020000be
00000024022da00005827bd80040024000be
00000026022dc0000610bab80029028000be
00000026022de00000e7c6b20040000000be
00000022022dc000017e24de0040004000be
00000021022da0000207c3bc0040008000be
00000020022d8000028a3340004000c000be
0000001f022d8000030897e40040010000be
0000001f022d80000384dc8c0040014000be
0000001f022d80000400b2300040018000be
00000020022d8000047dc1f8004001c000be
00000021022d800004fd73c00040020000be
00000024022da00005827bd80040024000be
00000026022dc0000610bab80029028000be
000000260230200000e7c6b20040000000bf
00000022022fe000017e24de0040004000bf
00000021022fc0000207c3bc0040008000bf
00000020022fa000028a3340004000c000bf
0000001f022f8000030897e40040010000bf
0000001f022f80000384dc8c0040014000bf
0000001f022f80000400b2300040018000bf
00000020022f8000047dc1f8004001c000bf
00000021022fa00004fd73c00040020000bf
00000024022fe00005827bd80040024000bf
00000026022fe3740610bab80029028000bf
000000260230200000e7c6b20040000000bf
00000022022fe000017e24de0040004000bf
00000021022fc0000207c3bc0040008000bf
00000020022fa000028a3340004000c000bf
0000001f022f8000030897e40040010000bf
0000001f022f80000384dc8c0040014000bf
0000001f022f80000400b2300040018000bf
00000020022f8000047dc1f8004001c000bf
00000021022fa00004fd73c00040020000bf
00000024022fe00005827bd80040024000bf
00000026022fe3740610bab80029028000bf
000000260230200000e7c6b20040000000bf
00000022022fe000017e24de0040004000bf
00000021022fc0000207c3bc0040008000bf
00000020022fa000028a3340004000c000bf
0000001f022f8000030897e40040010000bf
0000001f022f80000384dc8c0040014000bf
0000001f022f80000400b2300040018000bf
00000020022f8000047dc1f8004001c000bf
00000021022fa00004fd73c00040020000bf
00000024022fe00005827bd80040024000bf
00000026022fe3740610bab80029028000bf
000000260230200000e7c6b20040000000bf
00000022022fe000017e24de0040004000bf
00000021022fc0000207c3bc0040008000bf
00000020022fa000028a3340004000c000bf
0000001f022f8000030897e40040010000bf
0000001f022f80000384dc8c0040014000bf
0000001f022f80000400b2300040018000bf
00000020022f8000047dc1f8004001c000bf
00000021022fa00004fd73c00040020000bf
00000024022fe00005827bd80040024000bf
00000026022fe3740610bab80029028000bf
000000260230200000e7c6b20040000000bf
00000022022fe000017e24de0040004000bf
00000021022fc0000207c3bc0040008000bf
00000020022fa000028a3340004000c000bf
0000001f022f8000030897e40040010000bf
0000001f022f80000384dc8c0040014000bf
0000001f022f80000400b2300040018000bf
00000020022f8000047dc1f8004001c000bf
00000021022fa00004fd73c00040020000bf
00000024022fe00005827bd80040024000bf
00000026022fe3740610bab80029028000bf
000000260230200000e7c6b20040000000bf
00000022022fe000017e24de0040004000bf
00000021022fc0000207c3bc0040008000bf
00000020022fa000028a3340004000c000bf
0000001f022f8000030897e40040010000bf
0000001f022f80000384dc8c0040014000bf
0000001f022f80000400b2300040018000bf
00000020022f8000047dc1f8004001c000bf
00000021022fa00004fd73c00040020000bf
00000024022fe00005827bd80040024000bf
00000026022fe3740610bab80029028000bf
000000260232600000e7c6b20040000000c0
0000002202320000017e24de0040004000c0
000000210231c0000207c3bc0040008000c0
000000200231c000028a3340004000c000c0
0000001f02318000030897e40040010000c0
0000001f023180000384dc8c0040014000c0
0000001f023180000400b2300040018000c0
000000200231a000047dc1f8004001c000c0
000000210231c00004fd73c00040020000c0
000000240231e00005827bd80040024000c0
00000026023220000610bab80029028000c0
000000260232600000e7c6b20040000000c0
0000002202320000017e24de0040004000c0
000000210231c0000207c3bc0040008000c0
000000200231c000028a3340004000c000c0
0000001f02318000030897e40040010000c0
0000001f023180000384dc8c0040014000c0
0000001f023180000400b2300040018000c0
000000200231a000047dc1f8004001c000c0
000000210231c00004fd73c00040020000c0
000000240231e00005827bd80040024000c0
00000026023220000610bab80029028000c0
000000260232600000e7c6b20040000000c0
0000002202320000017e24de0040004000c0
000000210231c0000207c3bc0040008000c0
000000200231c000028a3340004000c000c0
0000001f02318000030897e40040010000c0
0000001f023180000384dc8c0040014000c0
0000001f023180000400b2300040018000c0
000000200231a000047dc1f8004001c000c0
000000210231c00004fd73c00040020000c0
000000240231e00005827bd80040024000c0
00000026023220000610bab80029028000c0
000000260232600000e7c6b20040000000c0
0000002202320000017e24de0040004000c0
000000210231c0000207c3bc0040008000c0
000000200231c000028a3340004000c000c0
0000001f02318000030897e40040010000c0
0000001f023180000384dc8c0040014000c0
0000001f023180000400b2300040018000c0
000000200231a000047dc1f8004001c000c0
000000210231c00004fd73c00040020000c0
000000240231e00005827bd80040024000c0
00000026023220000610bab80029028000c0
000000260232600000e7c6b20040000000c0
0000002202320000017e24de0040004000c0
000000210231c0000207c3bc0040008000c0
000000200231c000028a3340004000c000c0
0000001f02318000030897e40040010000c0
0000001f023180000384dc8c0040014000c0
0000001f023180000400b2300040018000c0
000000200231a000047dc1f8004001c000c0
000000210231c00004fd73c00040020000c0
000000240231e00005827bd80040024000c0
00000026023220000610bab80029028000c0
000000260232600000e7c6b20040000000c0
0000002202320000017e24de0040004000c0
000000210231c0000207c3bc0040008000c0
000000200231c000028a3340004000c000c0
0000001f02318000030897e40040010000c0
0000001f023180000384dc8c0040014000c0
0000001f023180000400b2300040018000c0
000000200231a000047dc1f8004001c000c0
000000210231c00004fd73c00040020000c0
000000240231e00005827bd80040024000c0
00000026023220000610bab80029028000c0
000000260234c00000e7c6b20040000000c1
0000002202344000017e24de0040004000c1
00000021023400000207c3bc0040008000c1
000000200233a000028a3340004000c000c1
0000001f0233a000030897e40040010000c1
0000001f023380000384dc8c0040014000c1
0000001f023380000400b2300040018000c1
000000200233a000047dc1f8004001c000c1
000000210233c00004fd73c00040020000c1
000000240234000005827bd80040024000c1
00000026023460000610bab80029028000c1
000000260234c00000e7c6b20040000000c1
0000002202344000017e24de0040004000c1
00000021023400000207c3bc0040008000c1
000000200233a000028a3340004000c000c1
0000001f0233a000030897e40040010000c1
0000001f023380000384dc8c0040014000c1
0000001f023380000400b2300040018000c1
000000200233a000047dc1f8004001c000c1
000000210233c00004fd73c00040020000c1
000000240234000005827bd80040024000c1
00000026023460000610bab80029028000c1
000000260234c00000e7c6b20040000000c1
0000002202344000017e24de0040004000c1
00000021023400000207c3bc0040008000c1
000000200233a000028a3340004000c000c1
0000001f0233a000030897e40040010000c1
0000001f023380000384dc8c0040014000c1
0000001f023380000400b2300040018000c1
000000200233a000047dc1f8004001c000c1
000000210233c00004fd73c00040020000c1
000000240234000005827bd80040024000c1
00000026023460000610bab80029028000c1
000000260234c00000e7c6b20040000000c1
0000002202344000017e24de0040004000c1
00000021023400000207c3bc0040008000c1
000000200233a000028a3340004000c000c1
0000001f0233a000030897e40040010000c1
0000001f023380000384dc8c0040014000c1
0000001f023380000400b2300040018000c1
000000200233a000047dc1f8004001c000c1
000000210233c00004fd73c00040020000c1
000000240234000005827bd80040024000c1
00000026023460000610bab80029028000c1
000000260234c00000e7c6b20040000000c1
0000002202344000017e24de0040004000c1
00000021023400000207c3bc0040008000c1
000000200233a000028a3340004000c000c1
0000001f0233a000030897e40040010000c1
0000001f023380000384dc8c0040014000c1
0000001f023380000400b2300040018000c1
000000200233a000047dc1f8004001c000c1
000000210233c00004fd73c00040020000c1
000000240234000005827bd80040024000c1
00000026023460000610bab80029028000c1
000000260234c00000e7c6b20040000000c1
0000002202344000017e24de0040004000c1
00000021023400000207c3bc0040008000c1
000000200233a000028a3340004000c000c1
0000001f0233a000030897e40040010000c1
0000001f023380000384dc8c0040014000c1
0000001f023380000400b2300040018000c1
000000200233a000047dc1f8004001c000c1
000000210233c00004fd73c00040020000c1
000000240234000005827bd80040024000c1
00000026023460000610bab80029028000c1
000000260237000000e7c6b20040000000c2
0000002202366000017e24de0040004000c2
00000021023600000207c3bc0040008000c2
000000200235c000028a3340004000c000c2
0000001f0235a000030897e40040010000c2
0000001f023580000384dc8c0040014000c2
0000001f02358f040400b2300040018000c2
000000200235c000047dc1f8004001c000c2
000000210235e00004fd73c00040020000c2
000000240236200005827bd80040024000c2
000000260236a0000610bab80029028000c2
000000260237000000e7c6b20040000000c2
0000002202366000017e24de0040004000c2
00000021023600000207c3bc0040008000c2
000000200235c000028a3340004000c000c2
0000001f0235a000030897e40040010000c2
0000001f023580000384dc8c0040014000c2
0000001f02358f040400b2300040018000c2
000000200235c000047dc1f8004001c000c2
000000210235e00004fd73c00040020000c2
000000240236200005827bd80040024000c2
000000260236a0000610bab80029028000c2
000000260237000000e7c6b20040000000c2
0000002202366000017e24de0040004000c2
00000021023600000207c3bc0040008000c2
000000200235c000028a3340004000c000c2
0000001f0235a000030897e40040010000c2
0000001f023580000384dc8c0040014000c2
0000001f02358f040400b2300040018000c2
000000200235c000047dc1f8004001c000c2
000000210235e00004fd73c00040020000c2
000000240236200005827bd80040024000c2
000000260236a0000610bab80029028000c2
000000260237000000e7c6b20040000000c2
0000002202366000017e24de0040004000c2
00000021023600000207c3bc0040008000c2
000000200235c000028a3340004000c000c2
0000001f0235a000030897e40040010000c2
0000001f023580000384dc8c0040014000c2
0000001f02358f040400b2300040018000c2
000000200235c000047dc1f8004001c000c2
000000210235e00004fd73c00040020000c2
000000240236200005827bd80040024000c2
000000260236a0000610bab80029028000c2
000000260237000000e7c6b20040000000c2
0000002202366000017e24de0040004000c2
00000021023600000207c3bc0040008000c2
000000200235c000028a3340004000c000c2
0000001f0235a000030897e40040010000c2
0000001f023580000384dc8c0040014000c2
0000001f02358f040400b2300040018000c2
000000200235c000047dc1f8004001c000c2
000000210235e00004fd73c00040020000c2
000000240236200005827bd80040024000c2
000000260236a0000610bab80029028000c2
000000260237000000e7c6b20040000000c2
0000002202366000017e24de0040004000c2
00000021023600000207c3bc0040008000c2
000000200235c000028a3340004000c000c2
0000001f0235a000030897e40040010000c2
0000001f023580000384dc8c0040014000c2
0000001f02358f040400b2300040018000c2
000000200235c000047dc1f8004001c000c2
000000210235e00004fd73c00040020000c2
000000240236200005827bd80040024000c2
000000260236a0000610bab80029028000c2
000000260239600000e7c6b20040000000c3
000000220238a000017e24de0040004000c3
00000021023820000207c3bc0040008000c3
000000200237e000028a3340004000c000c3
0000001f0237a000030897e40040010000c3
0000001f023780000384dc8c0040014000c3
0000001f0237a0000400b2300040018000c3
000000200237c000047dc1f8004001c000c3
000000210238000004fd73c00040020000c3
000000240238600005827bd80040024000c3
000000260238dc8c0610bab80029028000c3
000000260239600000e7c6b20040000000c3
000000220238a000017e24de0040004000c3
00000021023820000207c3bc0040008000c3
000000200237e000028a3340004000c000c3
0000001f0237a000030897e40040010000c3
0000001f023780000384dc8c0040014000c3
0000001f0237a0000400b2300040018000c3
000000200237c000047dc1f8004001c000c3
000000210238000004fd73c00040020000c3
000000240238600005827bd80040024000c3
000000260238dc8c0610bab80029028000c3
000000260239600000e7c6b20040000000c3
000000220238a000017e24de0040004000c3
00000021023820000207c3bc0040008000c3
000000200237e000028a3340004000c000c3
0000001f0237a000030897e40040010000c3
0000001f023780000384dc8c0040014000c3
0000001f0237a0000400b2300040018000c3
000000200237c000047dc1f8004001c000c3
000000210238000004fd73c00040020000c3
000000240238600005827bd80040024000c3
000000260238dc8c0610bab80029028000c3
000000260239600000e7c6b20040000000c3
000000220238a000017e24de0040004000c3
00000021023820000207c3bc0040008000c3
000000200237e000028a3340004000c000c3
0000001f0237a000030897e40040010000c3
0000001f023780000384dc8c0040014000c3
0000001f0237a0000400b2300040018000c3
000000200237c000047dc1f8004001c000c3
000000210238000004fd73c00040020000c3
000000240238600005827bd80040024000c3
000000260238dc8c0610bab80029028000c3
000000260239600000e7c6b20040000000c3
000000220238a000017e24de0040004000c3
00000021023820000207c3bc0040008000c3
000000200237e000028a3340004000c000c3
0000001f0237a000030897e40040010000c3
0000001f023780000384dc8c0040014000c3
0000001f0237a0000400b2300040018000c3
000000200237c000047dc1f8004001c000c3
000000210238000004fd73c00040020000c3
000000240238600005827bd80040024000c3
000000260238dc8c0610bab80029028000c3
000000260239600000e7c6b20040000000c3
000000220238a000017e24de0040004000c3
00000021023820000207c3bc0040008000c3
000000200237e000028a3340004000c000c3
0000001f0237a000030897e40040010000c3
0000001f023780000384dc8c0040014000c3
0000001f0237a0000400b2300040018000c3
000000200237c000047dc1f8004001c000c3
000000210238000004fd73c00040020000c3
000000240238600005827bd80040024000c3
000000260238dc8c0610bab80029028000c3
00000026023b800000e7c6b20040000000c4
00000022023ac000017e24de0040004000c4
00000021023a40000207c3bc0040008000c4
000000200239e000028a3340004000c000c4
0000001f0239c000030897e40040010000c4
0000001f0239a0000384dc8c0040014000c4
0000001f0239a0000400b2300040018000c4
000000200239a000047dc1f8004001c000c4
000000210239e93c04fd73c00040020000c4
00000024023a600005827bd80040024000c4
00000026023b20000610bab80029028000c4
00000026023b800000e7c6b20040000000c4
00000022023ac000017e24de0040004000c4
00000021023a40000207c3bc0040008000c4
000000200239e000028a3340004000c000c4
0000001f0239c000030897e40040010000c4
0000001f0239a0000384dc8c0040014000c4
0000001f0239a0000400b2300040018000c4
000000200239a000047dc1f8004001c000c4
000000210239e93c04fd73c00040020000c4
00000024023a600005827bd80040024000c4
00000026023b20000610bab80029028000c4
00000026023b800000e7c6b20040000000c4
00000022023ac000017e24de0040004000c4
00000021023a40000207c3bc0040008000c4
000000200239e000028a3340004000c000c4
0000001f0239c000030897e40040010000c4
0000001f0239a0000384dc8c0040014000c4
0000001f0239a0000400b2300040018000c4
000000200239a000047dc1f8004001c000c4
000000210239e93c04fd73c00040020000c4
00000024023a600005827bd80040024000c4
00000026023b20000610bab80029028000c4
00000026023b800000e7c6b20040000000c4
00000022023ac000017e24de0040004000c4
00000021023a40000207c3bc0040008000c4
000000200239e000028a3340004000c000c4
0000001f0239c000030897e40040010000c4
0000001f0239a0000384dc8c0040014000c4
0000001f0239a0000400b2300040018000c4
000000200239a000047dc1f8004001c000c4
000000210239e93c04fd73c00040020000c4
00000024023a600005827bd80040024000c4
00000026023b20000610bab80029028000c4
00000026023b800000e7c6b20040000000c4
00000022023ac000017e24de0040004000c4
00000021023a40000207c3bc0040008000c4
000000200239e000028a3340004000c000c4
0000001f0239c000030897e40040010000c4
0000001f0239a0000384dc8c0040014000c4
0000001f0239a0000400b2300040018000c4
000000200239a000047dc1f8004001c000c4
000000210239e93c04fd73c00040020000c4
00000024023a600005827bd80040024000c4
00000026023b20000610bab80029028000c4
00000026023b800000e7c6b20040000000c4
00000022023ac000017e24de0040004000c4
00000021023a40000207c3bc0040008000c4
000000200239e000028a3340004000c000c4
0000001f0239c000030897e40040010000c4
0000001f0239a0000384dc8c0040014000c4
0000001f0239a0000400b2300040018000c4
000000200239a000047dc1f8004001c000c4
000000210239e93c04fd73c00040020000c4
00000024023a600005827bd80040024000c4
00000026023b20000610bab80029028000c4
00000026023ddfa400e7c6b20040000000c5
00000022023d0000017e24de0040004000c5
00000021023c60000207c3bc0040008000c5
00000020023c0000028a3340004000c000c5
0000001f023bc000030897e40040010000c5
0000001f023ba0000384dc8c0040014000c5
0000001f023ba0000400b2300040018000c5
00000020023bc000047dc1f8004001c000c5
00000021023c000004fd73c00040020000c5
00000024023ca00005827bd80040024000c5
00000026023d40000610bab80029028000c5
00000026023ddfa400e7c6b20040000000c5
00000022023d0000017e24de0040004000c5
00000021023c60000207c3bc0040008000c5
00000020023c0000028a3340004000c000c5
0000001f023bc000030897e40040010000c5
0000001f023ba0000384dc8c0040014000c5
0000001f023ba0000400b2300040018000c5
00000020023bc000047dc1f8004001c000c5
00000021023c000004fd73c00040020000c5
00000024023ca00005827bd80040024000c5
00000026023d40000610bab80029028000c5
00000026023ddfa400e7c6b20040000000c5
00000022023d0000017e24de0040004000c5
00000021023c60000207c3bc0040008000c5
00000020023c0000028a3340004000c000c5
0000001f023bc000030897e40040010000c5
0000001f023ba0000384dc8c0040014000c5
0000001f023ba0000400b2300040018000c5
00000020023bc000047dc1f8004001c000c5
00000021023c000004fd73c00040020000c5
00000024023ca00005827bd80040024000c5
00000026023d40000610bab80029028000c5
00000026023ddfa400e7c6b20040000000c5
00000022023d0000017e24de0040004000c5
00000021023c60000207c3bc0040008000c5
00000020023c0000028a3340004000c000c5
0000001f023bc000030897e40040010000c5
0000001f023ba0000384dc8c0040014000c5
0000001f023ba0000400b2300040018000c5
00000020023bc000047dc1f8004001c000c5
00000021023c000004fd73c00040020000c5
00000024023ca00005827bd80040024000c5
00000026023d40000610bab80029028000c5
00000026023ddfa400e7c6b20040000000c5
00000022023d0000017e24de0040004000c5
00000021023c60000207c3bc0040008000c5
00000020023c0000028a3340004000c000c5
0000001f023bc000030897e40040010000c5
0000001f023ba0000384dc8c0040014000c5
0000001f023ba0000400b2300040018000c5
00000020023bc000047dc1f8004001c000c5
00000021023c000004fd73c00040020000c5
00000024023ca00005827bd80040024000c5
00000026023d40000610bab80029028000c5
00000026023ddfa400e7c6b20040000000c5
00000022023d0000017e24de0040004000c5
00000021023c60000207c3bc0040008000c5
00000020023c0000028a3340004000c000c5
0000001f023bc000030897e40040010000c5
0000001f023ba0000384dc8c0040014000c5
0000001f023ba0000400b2300040018000c5
00000020023bc000047dc1f8004001c000c5
00000021023c000004fd73c00040020000c5
00000024023ca00005827bd80040024000c5
00000026023d40000610bab80029028000c5
000000260240400000e7c6b20040000000c6
00000022023f2000017e24de0040004000c6
00000021023e80000207c3bc0040008000c6
00000020023e0000028a3340004000c000c6
0000001f023dc000030897e40040010000c6
0000001f023da0000384dc8c0040014000c6
0000001f023da0000400b2300040018000c6
00000020023dc000047dc1f8004001c000c6
00000021023e200004fd73c00040020000c6
00000024023ea9a805827bd80040024000c6
00000026023f80000610bab80029028000c6
000000260240400000e7c6b20040000000c6
00000022023f2000017e24de0040004000c6
00000021023e80000207c3bc0040008000c6
00000020023e0000028a3340004000c000c6
0000001f023dc000030897e40040010000c6
0000001f023da0000384dc8c0040014000c6
0000001f023da0000400b2300040018000c6
00000020023dc000047dc1f8004001c000c6
00000021023e200004fd73c00040020000c6
00000024023ea9a805827bd80040024000c6
00000026023f80000610bab80029028000c6
000000260240400000e7c6b20040000000c6
00000022023f2000017e24de0040004000c6
00000021023e80000207c3bc0040008000c6
00000020023e0000028a3340004000c000c6
0000001f023dc000030897e40040010000c6
0000001f023da0000384dc8c0040014000c6
0000001f023da0000400b2300040018000c6
00000020023dc000047dc1f8004001c000c6
00000021023e200004fd73c00040020000c6
00000024023ea9a805827bd80040024000c6
00000026023f80000610bab80029028000c6
000000260240400000e7c6b20040000000c6
00000022023f2000017e24de0040004000c6
00000021023e80000207c3bc0040008000c6
00000020023e0000028a3340004000c000c6
0000001f023dc000030897e40040010000c6
0000001f023da0000384dc8c0040014000c6
0000001f023da0000400b2300040018000c6
00000020023dc000047dc1f8004001c000c6
00000021023e200004fd73c00040020000c6
00000024023ea9a805827bd80040024000c6
00000026023f80000610bab80029028000c6
000000260240400000e7c6b20040000000c6
00000022023f2000017e24de0040004000c6
00000021023e80000207c3bc0040008000c6
00000020023e0000028a3340004000c000c6
0000001f023dc000030897e40040010000c6
0000001f023da0000384dc8c0040014000c6
0000001f023da0000400b2300040018000c6
00000020023dc000047dc1f8004001c000c6
00000021023e200004fd73c00040020000c6
00000024023ea9a805827bd80040024000c6
00000026023f80000610bab80029028000c6
000000260240400000e7c6b20040000000c6
00000022023f2000017e24de0040004000c6
00000021023e80000207c3bc0040008000c6
00000020023e0000028a3340004000c000c6
0000001f023dc000030897e40040010000c6
0000001f023da0000384dc8c0040014000c6
0000001f023da0000400b2300040018000c6
00000020023dc000047dc1f8004001c000c6
00000021023e200004fd73c00040020000c6
00000024023ea9a805827bd80040024000c6
00000026023f80000610bab80029028000c6
000000260242800000e7c6b20040000000c7
0000002202416000017e24de0040004000c7
000000210240a0000207c3bc0040008000c7
0000002002400000028a3340004000c000c7
0000001f023fc000030897e40040010000c7
0000001f023fa0000384dc8c0040014000c7
0000001f023fa0000400a1300040018000c7
00000020023fe000047da5d8004001c000c7
000000210240400004fd73c00040020000c7
000000240240e00005827bd80040024000c7
000000260241c0000610bab80029028000c7
000000260242800000e7c6b20040000000c7
0000002202416000017e24de0040004000c7
000000210240a0000207c3bc0040008000c7
0000002002400000028a3340004000c000c7
0000001f023fc000030897e40040010000c7
0000001f023fa0000384dc8c0040014000c7
0000001f023fa0000400a1300040018000c7
00000020023fe000047da5d8004001c000c7
000000210240400004fd73c00040020000c7
000000240240e00005827bd80040024000c7
000000260241c0000610bab80029028000c7
000000260242800000e7c6b20040000000c7
0000002202416000017e24de0040004000c7
000000210240a0000207c3bc0040008000c7
0000002002400000028a3340004000c000c7
0000001f023fc000030897e40040010000c7
0000001f023fa0000384dc8c0040014000c7
0000001f023fa0000400a1300040018000c7
00000020023fe000047da5d8004001c000c7
000000210240400004fd73c00040020000c7
000000240240e00005827bd80040024000c7
000000260241c0000610bab80029028000c7
000000260242800000e7c6b20040000000c7
0000002202416000017e24de0040004000c7
000000210240a0000207c3bc0040008000c7
0000002002400000028a3340004000c000c7
0000001f023fc000030897e40040010000c7
0000001f023fa0000384dc8c0040014000c7
0000001f023fa0000400a1300040018000c7
00000020023fe000047da5d8004001c000c7
000000210240400004fd73c00040020000c7
000000240240e00005827bd80040024000c7
000000260241c0000610bab80029028000c7
000000260242800000e7c6b20040000000c7
0000002202416000017e24de0040004000c7
000000210240a0000207c3bc0040008000c7
0000002002400000028a3340004000c000c7
0000001f023fc000030897e40040010000c7
0000001f023fa0000384dc8c0040014000c7
0000001f023fa0000400a1300040018000c7
00000020023fe000047da5d8004001c000c7
000000210240400004fd73c00040020000c7
000000240240e00005827bd80040024000c7
000000260241c0000610bab80029028000c7
000000260242800000e7c6b20040000000c7
0000002202416000017e24de0040004000c7
000000210240a0000207c3bc0040008000c7
0000002002400000028a3340004000c000c7
0000001f023fc000030897e40040010000c7
0000001f023fa0000384dc8c0040014000c7
0000001f023fa0000400a1300040018000c7
00000020023fe000047da5d8004001c000c7
000000210240400004fd73c00040020000c7
000000240240e00005827bd80040024000c7
000000260241c0000610bab80029028000c7
000000260244c00000e7c6b20040000000c8
0000002202439288017e24de0040004000c8
000000210242a0000207c3bc0040008000c8
0000002002422000028a3340004000c000c8
0000001f0241c000030897e40040010000c8
0000001f0241a0000384dc8c0040014000c8
0000001f0241c0000400a1300040018000c8
000000200241e000047da5d8004001c000c8
000000210242600004fd73c00040020000c8
000000240243000005827bd80040024000c8
00000026024400000610bab80029028000c8
000000260244c00000e7c6b20040000000c8
0000002202439288017e24de0040004000c8
000000210242a0000207c3bc0040008000c8
0000002002422000028a3340004000c000c8
0000001f0241c000030897e40040010000c8
0000001f0241a0000384dc8c0040014000c8
0000001f0241c0000400a1300040018000c8
000000200241e000047da5d8004001c000c8
000000210242600004fd73c00040020000c8
000000240243000005827bd80040024000c8
00000026024400000610bab80029028000c8
000000260244c00000e7c6b20040000000c8
0000002202439288017e24de0040004000c8
000000210242a0000207c3bc0040008000c8
0000002002422000028a3340004000c000c8
0000001f0241c000030897e40040010000c8
0000001f0241a0000384dc8c0040014000c8
0000001f0241c0000400a1300040018000c8
000000200241e000047da5d8004001c000c8
000000210242600004fd73c00040020000c8
000000240243000005827bd80040024000c8
00000026024400000610bab80029028000c8
000000260244c00000e7c6b20040000000c8
0000002202439288017e24de0040004000c8
000000210242a0000207c3bc0040008000c8
0000002002422000028a3340004000c000c8
0000001f0241c000030897e40040010000c8
0000001f0241a0000384dc8c0040014000c8
0000001f0241c0000400a1300040018000c8
000000200241e000047da5d8004001c000c8
000000210242600004fd73c00040020000c8
000000240243000005827bd80040024000c8
00000026024400000610bab80029028000c8
000000260244c00000e7c6b20040000000c8
0000002202439288017e24de0040004000c8
000000210242a0000207c3bc0040008000c8
0000002002422000028a3340004000c000c8
0000001f0241c000030897e40040010000c8
0000001f0241a0000384dc8c0040014000c8
0000001f0241c0000400a1300040018000c8
000000200241e000047da5d8004001c000c8
000000210242600004fd73c00040020000c8
000000240243000005827bd80040024000c8
00000026024400000610bab80029028000c8
000000260244c00000e7c6b20040000000c8
0000002202439288017e24de0040004000c8
000000210242a0000207c3bc0040008000c8
0000002002422000028a3340004000c000c8
0000001f0241c000030897e40040010000c8
0000001f0241a0000384dc8c0040014000c8
0000001f0241c0000400a1300040018000c8
000000200241e000047da5d8004001c000c8
000000210242600004fd73c00040020000c8
000000240243000005827bd80040024000c8
00000026024400000610bab80029028000c8
0000002602471fa400e7c70c0040000000c9
000000220245c000017e24de0040004000c9
000000210244e0000207c3bc0040008000c9
0000002002444000028a3340004000c000c9
0000001f0243c000030897e40040010000c9
0000001f0243a0000384dc8c0040014000c9
0000001f0243c0000400a1300040018000c9
0000002002440000047da5d8004001c000c9
000000210244600004fd73c00040020000c9
000000240245200005827bd80040024000c9
00000026024620000610bab80029028000c9
0000002602471fa400e7c70c0040000000c9
000000220245c000017e24de0040004000c9
000000210244e0000207c3bc0040008000c9
0000002002444000028a3340004000c000c9
0000001f0243c000030897e40040010000c9
0000001f0243a0000384dc8c0040014000c9
0000001f0243c0000400a1300040018000c9
0000002002440000047da5d8004001c000c9
000000210244600004fd73c00040020000c9
000000240245200005827bd80040024000c9
00000026024620000610bab80029028000c9
0000002602471fa400e7c70c0040000000c9
000000220245c000017e24de0040004000c9
000000210244e0000207c3bc0040008000c9
0000002002444000028a3340004000c000c9
0000001f0243c000030897e40040010000c9
0000001f0243a0000384dc8c0040014000c9
0000001f0243c0000400a1300040018000c9
0000002002440000047da5d8004001c000c9
000000210244600004fd73c00040020000c9
000000240245200005827bd80040024000c9
00000026024620000610bab80029028000c9
0000002602471fa400e7c70c0040000000c9
000000220245c000017e24de0040004000c9
000000210244e0000207c3bc0040008000c9
0000002002444000028a3340004000c000c9
0000001f0243c000030897e40040010000c9
0000001f0243a0000384dc8c0040014000c9
0000001f0243c0000400a1300040018000c9
0000002002440000047da5d8004001c000c9
000000210244600004fd73c00040020000c9
000000240245200005827bd80040024000c9
00000026024620000610bab80029028000c9
0000002602471fa400e7c70c0040000000c9
000000220245c000017e24de0040004000c9
000000210244e0000207c3bc0040008000c9
0000002002444000028a3340004000c000c9
0000001f0243c000030897e40040010000c9
0000001f0243a0000384dc8c0040014000c9
0000001f0243c0000400a1300040018000c9
0000002002440000047da5d8004001c000c9
000000210244600004fd73c00040020000c9
000000240245200005827bd80040024000c9
00000026024620000610bab80029028000c9
0000002602471fa400e7c70c0040000000c9
000000220245c000017e24de0040004000c9
000000210244e0000207c3bc0040008000c9
0000002002444000028a3340004000c000c9
0000001f0243c000030897e40040010000c9
0000001f0243a0000384dc8c0040014000c9
0000001f0243c0000400a1300040018000c9
0000002002440000047da5d8004001c000c9
000000210244600004fd73c00040020000c9
000000240245200005827bd80040024000c9
00000026024620000610bab80029028000c9
000000260249600000e7c70c0040000000ca
0000002202480000017e24de0040004000ca
00000021024700000207c3bc0040008000ca
0000002002464000028a3aec004000c000ca
0000001f0245e000030897e40040010000ca
0000001f0245c0000384dc8c0040014000ca
0000001f0245c0000400a1300040018000ca
0000002002460000047da5d8004001c000ca
000000210246800004fd73c00040020000ca
000000240247400005825bd80040024000ca
00000026024880000610bab80029028000ca
000000260249600000e7c70c0040000000ca
0000002202480000017e24de0040004000ca
00000021024700000207c3bc0040008000ca
0000002002464000028a3aec004000c000ca
0000001f0245e000030897e40040010000ca
0000001f0245c0000384dc8c0040014000ca
0000001f0245c0000400a1300040018000ca
0000002002460000047da5d8004001c000ca
000000210246800004fd73c00040020000ca
000000240247400005825bd80040024000ca
00000026024880000610bab80029028000ca
000000260249600000e7c70c0040000000ca
0000002202480000017e24de0040004000ca
00000021024700000207c3bc0040008000ca
0000002002464000028a3aec004000c000ca
0000001f0245e000030897e40040010000ca
0000001f0245c0000384dc8c0040014000ca
0000001f0245c0000400a1300040018000ca
0000002002460000047da5d8004001c000ca
000000210246800004fd73c00040020000ca
000000240247400005825bd80040024000ca
00000026024880000610bab80029028000ca
000000260249600000e7c70c0040000000ca
0000002202480000017e24de0040004000ca
00000021024700000207c3bc0040008000ca
0000002002464000028a3aec004000c000ca
0000001f0245e000030897e40040010000ca
0000001f0245c0000384dc8c0040014000ca
0000001f0245c0000400a1300040018000ca
0000002002460000047da5d8004001c000ca
000000210246800004fd73c00040020000ca
000000240247400005825bd80040024000ca
00000026024880000610bab80029028000ca
000000260249600000e7c70c0040000000ca
0000002202480000017e24de0040004000ca
00000021024700000207c3bc0040008000ca
0000002002464000028a3aec004000c000ca
0000001f0245e000030897e40040010000ca
0000001f0245c0000384dc8c0040014000ca
0000001f0245c0000400a1300040018000ca
0000002002460000047da5d8004001c000ca
000000210246800004fd73c00040020000ca
000000240247400005825bd80040024000ca
00000026024880000610bab80029028000ca
000000260249600000e7c70c0040000000ca
0000002202480000017e24de0040004000ca
00000021024700000207c3bc0040008000ca
0000002002464000028a3aec004000c000ca
0000001f0245e000030897e40040010000ca
0000001f0245c0000384dc8c0040014000ca
0000001f0245c0000400a1300040018000ca
0000002002460000047da5d8004001c000ca
000000210246800004fd73c00040020000ca
000000240247400005825bd80040024000ca
00000026024880000610bab80029028000ca
00000026024ba00000e7c70c0040000000cb
00000022024a2000017e24de0040004000cb
00000021024900000207c3bc0040008000cb
0000002002486000028a3aec004000c000cb
0000001f0247e000030897e40040010000cb
0000001f0247c0000384dc8c0040014000cb
0000001f0247c0000400a1300040018000cb
0000002002480000047da5d8004001c000cb
000000210248893c04fd73c00040020000cb
000000240249600005825bd80040024000cb
00000026024aa0000610bab80029028000cb
00000026024ba00000e7c70c0040000000cb
00000022024a2000017e24de0040004000cb
00000021024900000207c3bc0040008000cb
0000002002486000028a3aec004000c000cb
0000001f0247e000030897e40040010000cb
0000001f0247c0000384dc8c0040014000cb
0000001f0247c0000400a1300040018000cb
0000002002480000047da5d8004001c000cb
000000210248893c04fd73c00040020000cb
000000240249600005825bd80040024000cb
00000026024aa0000610bab80029028000cb
00000026024ba00000e7c70c0040000000cb
00000022024a2000017e24de0040004000cb
00000021024900000207c3bc0040008000cb
0000002002486000028a3aec004000c000cb
0000001f0247e000030897e40040010000cb
0000001f0247c0000384dc8c0040014000cb
0000001f0247c0000400a1300040018000cb
0000002002480000047da5d8004001c000cb
000000210248893c04fd73c00040020000cb
000000240249600005825bd80040024000cb
00000026024aa0000610bab80029028000cb
00000026024ba00000e7c70c0040000000cb
00000022024a2000017e24de0040004000cb
00000021024900000207c3bc0040008000cb
0000002002486000028a3aec004000c000cb
0000001f0247e000030897e40040010000cb
0000001f0247c0000384dc8c0040014000cb
0000001f0247c0000400a1300040018000cb
0000002002480000047da5d8004001c000cb
000000210248893c04fd73c00040020000cb
000000240249600005825bd80040024000cb
00000026024aa0000610bab80029028000cb
00000026024ba00000e7c70c0040000000cb
00000022024a2000017e24de0040004000cb
00000021024900000207c3bc0040008000cb
0000002002486000028a3aec004000c000cb
0000001f0247e000030897e40040010000cb
0000001f0247c0000384dc8c0040014000cb
0000001f0247c0000400a1300040018000cb
0000002002480000047da5d8004001c000cb
000000210248893c04fd73c00040020000cb
000000240249600005825bd80040024000cb
00000026024aa0000610bab80029028000cb
00000026024ba00000e7c70c0040000000cb
00000022024a2000017e24de0040004000cb
00000021024900000207c3bc0040008000cb
0000002002486000028a3aec004000c000cb
0000001f0247e000030897e40040010000cb
0000001f0247c0000384dc8c0040014000cb
0000001f0247c0000400a1300040018000cb
0000002002480000047da5d8004001c000cb
000000210248893c04fd73c00040020000cb
000000240249600005825bd80040024000cb
00000026024aa0000610bab80029028000cb
00000026024e000000e7c70c0040000000cc
00000022024c4000017e24de0040004000cc
00000021024b20000207c3bc0040008000cc
00000020024a6000028a3aec004000c000cc
0000001f0249e000030897e40040010000cc
0000001f0249c0000384dc8c0040014000cc
0000001f0249c0000400a1300040018000cc
00000020024a2000047da5d8004001c000cc
00000021024aa00004fd73c00040020000cc
00000024024b800005825bd80040024000cc
00000026024ce0000610bab80029028000cc
00000026024e000000e7c70c0040000000cc
00000022024c4000017e24de0040004000cc
00000021024b20000207c3bc0040008000cc
00000020024a6000028a3aec004000c000cc
0000001f0249e000030897e40040010000cc
0000001f0249c0000384dc8c0040014000cc
0000001f0249c0000400a1300040018000cc
00000020024a2000047da5d8004001c000cc
00000021024aa00004fd73c00040020000cc
00000024024b800005825bd80040024000cc
00000026024ce0000610bab80029028000cc
00000026024e000000e7c70c0040000000cc
00000022024c4000017e24de0040004000cc
00000021024b20000207c3bc0040008000cc
00000020024a6000028a3aec004000c000cc
0000001f0249e000030897e40040010000cc
0000001f0249c0000384dc8c0040014000cc
0000001f0249c0000400a1300040018000cc
00000020024a2000047da5d8004001c000cc
00000021024aa00004fd73c00040020000cc
00000024024b800005825bd80040024000cc
00000026024ce0000610bab80029028000cc
00000026024e000000e7c70c0040000000cc
00000022024c4000017e24de0040004000cc
00000021024b20000207c3bc0040008000cc
00000020024a6000028a3aec004000c000cc
0000001f0249e000030897e40040010000cc
0000001f0249c0000384dc8c0040014000cc
0000001f0249c0000400a1300040018000cc
00000020024a2000047da5d8004001c000cc
00000021024aa00004fd73c00040020000cc
00000024024b800005825bd80040024000cc
00000026024ce0000610bab80029028000cc
00000026024e000000e7c70c0040000000cc
00000022024c4000017e24de0040004000cc
00000021024b20000207c3bc0040008000cc
00000020024a6000028a3aec004000c000cc
0000001f0249e000030897e40040010000cc
0000001f0249c0000384dc8c0040014000cc
0000001f0249c0000400a1300040018000cc
00000020024a2000047da5d8004001c000cc
00000021024aa00004fd73c00040020000cc
00000024024b800005825bd80040024000cc
00000026024ce0000610bab80029028000cc
00000026024e000000e7c70c0040000000cc
00000022024c4000017e24de0040004000cc
00000021024b20000207c3bc0040008000cc
00000020024a6000028a3aec004000c000cc
0000001f0249e000030897e40040010000cc
0000001f0249c0000384dc8c0040014000cc
0000001f0249c0000400a1300040018000cc
00000020024a2000047da5d8004001c000cc
00000021024aa00004fd73c00040020000cc
00000024024b800005825bd80040024000cc
00000026024ce0000610bab80029028000cc
0000002602505fa400e7c70c0040000000cd
00000022024e8000017e24de0040004000cd
00000021024d60000207c3bc0040008000cd
00000020024c6000028a3aec004000c000cd
0000001f024c0000030897e40040010000cd
0000001f024bc0000384dc8c0040014000cd
0000001f024be0000400a1300040018000cd
00000020024c2000047da5d8004001c000cd
00000021024cc00004fd73c00040020000cd
00000024024da00005825bd80040024000cd
00010026024f200006109e280029028000cd
0000002602505fa400e7c70c0040000000cd
00000022024e8000017e24de0040004000cd
00000021024d60000207c3bc0040008000cd
00000020024c6000028a3aec004000c000cd
0000001f024c0000030897e40040010000cd
0000001f024bc0000384dc8c0040014000cd
0000001f024be0000400a1300040018000cd
00000020024c2000047da5d8004001c000cd
00000021024cc00004fd73c00040020000cd
00000024024da00005825bd80040024000cd
00010026024f200006109e280029028000cd
0000002602505fa400e7c70c0040000000cd
00000022024e8000017e24de0040004000cd
00000021024d60000207c3bc0040008000cd
00000020024c6000028a3aec004000c000cd
0000001f024c0000030897e40040010000cd
0000001f024bc0000384dc8c0040014000cd
0000001f024be0000400a1300040018000cd
00000020024c2000047da5d8004001c000cd
00000021024cc00004fd73c00040020000cd
00000024024da00005825bd80040024000cd
00010026024f200006109e280029028000cd
0000002602505fa400e7c70c0040000000cd
00000022024e8000017e24de0040004000cd
00000021024d60000207c3bc0040008000cd
00000020024c6000028a3aec004000c000cd
0000001f024c0000030897e40040010000cd
0000001f024bc0000384dc8c0040014000cd
0000001f024be0000400a1300040018000cd
00000020024c2000047da5d8004001c000cd
00000021024cc00004fd73c00040020000cd
00000024024da00005825bd80040024000cd
00010026024f200006109e280029028000cd
0000002602505fa400e7c70c0040000000cd
00000022024e8000017e24de0040004000cd
00000021024d60000207c3bc0040008000cd
00000020024c6000028a3aec004000c000cd
0000001f024c0000030897e40040010000cd
0000001f024bc0000384dc8c0040014000cd
0000001f024be0000400a1300040018000cd
00000020024c2000047da5d8004001c000cd
00000021024cc00004fd73c00040020000cd
00000024024da00005825bd80040024000cd
00010026024f200006109e280029028000cd
0000002602505fa400e7c70c0040000000cd
00000022024e8000017e24de0040004000cd
00000021024d60000207c3bc0040008000cd
00000020024c6000028a3aec004000c000cd
0000001f024c0000030897e40040010000cd
0000001f024bc0000384dc8c0040014000cd
0000001f024be0000400a1300040018000cd
00000020024c2000047da5d8004001c000cd
00000021024cc00004fd73c00040020000cd
00000024024da00005825bd80040024000cd
00010026024f200006109e280029028000cd
000000260252805c00e7c70c0040000000ce
000000220250a000017e24de0040004000ce
00000021024f60000207de500040008000ce
00000020024e8000028a3aec004000c000ce
0000001f024e0000030897e40040010000ce
0000001f024dc0000384dc8c0040014000ce
0000001f024de0000400a1300040018000ce
00000020024e4000047da5d8004001c000ce
00000021024ec00004fd73c00040020000ce
00000024024fc00005825bd80040024000ce
000000260251600006109e280029028000ce
000000260252805c00e7c70c0040000000ce
000000220250a000017e24de0040004000ce
00000021024f60000207de500040008000ce
00000020024e8000028a3aec004000c000ce
0000001f024e0000030897e40040010000ce
0000001f024dc0000384dc8c0040014000ce
0000001f024de0000400a1300040018000ce
00000020024e4000047da5d8004001c000ce
00000021024ec00004fd73c00040020000ce
00000024024fc00005825bd80040024000ce
000000260251600006109e280029028000ce
000000260252805c00e7c70c0040000000ce
000000220250a000017e24de0040004000ce
00000021024f60000207de500040008000ce
00000020024e8000028a3aec004000c000ce
0000001f024e0000030897e40040010000ce
0000001f024dc0000384dc8c0040014000ce
0000001f024de0000400a1300040018000ce
00000020024e4000047da5d8004001c000ce
00000021024ec00004fd73c00040020000ce
00000024024fc00005825bd80040024000ce
000000260251600006109e280029028000ce
000000260252805c00e7c70c0040000000ce
000000220250a000017e24de0040004000ce
00000021024f60000207de500040008000ce
00000020024e8000028a3aec004000c000ce
0000001f024e0000030897e40040010000ce
0000001f024dc0000384dc8c0040014000ce
0000001f024de0000400a1300040018000ce
00000020024e4000047da5d8004001c000ce
00000021024ec00004fd73c00040020000ce
00000024024fc00005825bd80040024000ce
000000260251600006109e280029028000ce
000000260252805c00e7c70c0040000000ce
000000220250a000017e24de0040004000ce
00000021024f60000207de500040008000ce
00000020024e8000028a3aec004000c000ce
0000001f024e0000030897e40040010000ce
0000001f024dc0000384dc8c0040014000ce
0000001f024de0000400a1300040018000ce
00000020024e4000047da5d8004001c000ce
00000021024ec00004fd73c00040020000ce
00000024024fc00005825bd80040024000ce
000000260251600006109e280029028000ce
000000260252805c00e7c70c0040000000ce
000000220250a000017e24de0040004000ce
00000021024f60000207de500040008000ce
00000020024e8000028a3aec004000c000ce
0000001f024e0000030897e40040010000ce
0000001f024dc0000384dc8c0040014000ce
0000001f024de0000400a1300040018000ce
00000020024e4000047da5d8004001c000ce
00000021024ec00004fd73c00040020000ce
00000024024fc00005825bd80040024000ce
000000260251600006109e280029028000ce
ffff00260254e00000e7c70c0040000000cf
000000220252c000017e24de0040004000cf
00000021025180000207de500040008000cf
000000200250a000028a3aec004000c000cf
0000001f02500000030897e40040010000cf
0000001f024fc0000384dc8c0040014000cf
0000001f024fe0000400a1300040018000cf
0000002002502000047da5d8004001c000cf
000000210250e00004fd73c00040020000cf
000000240252000005825bd80040024000cf
000100260253800006109e280029028000cf
ffff00260254e00000e7c70c0040000000cf
000000220252c000017e24de0040004000cf
00000021025180000207de500040008000cf
000000200250a000028a3aec004000c000cf
0000001f02500000030897e40040010000cf
0000001f024fc0000384dc8c0040014000cf
0000001f024fe0000400a1300040018000cf
0000002002502000047da5d8004001c000cf
000000210250e00004fd73c00040020000cf
000000240252000005825bd80040024000cf
000100260253800006109e280029028000cf
ffff00260254e00000e7c70c0040000000cf
000000220252c000017e24de0040004000cf
00000021025180000207de500040008000cf
000000200250a000028a3aec004000c000cf
0000001f02500000030897e40040010000cf
0000001f024fc0000384dc8c0040014000cf
0000001f024fe0000400a1300040018000cf
0000002002502000047da5d8004001c000cf
000000210250e00004fd73c00040020000cf
000000240252000005825bd80040024000cf
000100260253800006109e280029028000cf
ffff00260254e00000e7c70c0040000000cf
000000220252c000017e24de0040004000cf
00000021025180000207de500040008000cf
000000200250a000028a3aec004000c000cf
0000001f02500000030897e40040010000cf
0000001f024fc0000384dc8c0040014000cf
0000001f024fe0000400a1300040018000cf
0000002002502000047da5d8004001c000cf
000000210250e00004fd73c00040020000cf
000000240252000005825bd80040024000cf
000100260253800006109e280029028000cf
ffff00260254e00000e7c70c0040000000cf
000000220252c000017e24de0040004000cf
00000021025180000207de500040008000cf
000000200250a000028a3aec004000c000cf
0000001f02500000030897e40040010000cf
0000001f024fc0000384dc8c0040014000cf
0000001f024fe0000400a1300040018000cf
0000002002502000047da5d8004001c000cf
000000210250e00004fd73c00040020000cf
000000240252000005825bd80040024000cf
000100260253800006109e280029028000cf
ffff00260254e00000e7c70c0040000000cf
000000220252c000017e24de0040004000cf
00000021025180000207de500040008000cf
000000200250a000028a3aec004000c000cf
0000001f02500000030897e40040010000cf
0000001f024fc0000384dc8c0040014000cf
0000001f024fe0000400a1300040018000cf
0000002002502000047da5d8004001c000cf
000000210250e00004fd73c00040020000cf
000000240252000005825bd80040024000cf
000100260253800006109e280029028000cf
ffff002602573fa400e7c70c0040000000d0
0000002202550000017e24de0040004000d0
00000021025380000207e3bc0040008000d0
000000200252a000028a3aec004000c000d0
0000001f02520b34030897e40040010000d0
0000001f0251de180384dc8c0040014000d0
0000001f0251e0000400a1300040018000d0
0000002002522000047da5d8004001c000d0
000000210253000004fd6a800040020000d0
000000240254165805825bd80040024000d0
000100260255c37406109e280029028000d0
ffff002602573fa400e7c70c0040000000d0
0000002202550000017e24de0040004000d0
00000021025380000207e3bc0040008000d0
000000200252a000028a3aec004000c000d0
0000001f02520b34030897e40040010000d0
0000001f0251de180384dc8c0040014000d0
0000001f0251e0000400a1300040018000d0
0000002002522000047da5d8004001c000d0
000000210253000004fd6a800040020000d0
000000240254165805825bd80040024000d0
000100260255c37406109e280029028000d0
ffff002602573fa400e7c70c0040000000d0
0000002202550000017e24de0040004000d0
00000021025380000207e3bc0040008000d0
000000200252a000028a3aec004000c000d0
0000001f02520b34030897e40040010000d0
0000001f0251de180384dc8c0040014000d0
0000001f0251e0000400a1300040018000d0
0000002002522000047da5d8004001c000d0
000000210253000004fd6a800040020000d0
000000240254165805825bd80040024000d0
000100260255c37406109e280029028000d0
ffff002602573fa400e7c70c0040000000d0
0000002202550000017e24de0040004000d0
00000021025380000207e3bc0040008000d0
000000200252a000028a3aec004000c000d0
0000001f02520b34030897e40040010000d0
0000001f0251de180384dc8c0040014000d0
0000001f0251e0000400a1300040018000d0
0000002002522000047da5d8004001c000d0
000000210253000004fd6a800040020000d0
000000240254165805825bd80040024000d0
000100260255c37406109e280029028000d0
ffff002602573fa400e7c70c0040000000d0
0000002202550000017e24de0040004000d0
00000021025380000207e3bc0040008000d0
000000200252a000028a3aec004000c000d0
0000001f02520b34030897e40040010000d0
0000001f0251de180384dc8c0040014000d0
0000001f0251e0000400a1300040018000d0
0000002002522000047da5d8004001c000d0
000000210253000004fd6a800040020000d0
000000240254165805825bd80040024000d0
000100260255c37406109e280029028000d0
ffff002602573fa400e7c70c0040000000d0
0000002202550000017e24de0040004000d0
00000021025380000207e3bc0040008000d0
000000200252a000028a3aec004000c000d0
0000001f02520b34030897e40040010000d0
0000001f0251de180384dc8c0040014000d0
0000001f0251e0000400a1300040018000d0
0000002002522000047da5d8004001c000d0
000000210253000004fd6a800040020000d0
000000240254165805825bd80040024000d0
000100260255c37406109e280029028000d0
ffff002602597fa400e7c70c0040000000d1
0000002202573288017e24de0040004000d1
000000210255c0000207e3bc0040008000d1
000000200254a7b0028a3aec004000c000d1
0000001f02542000030897e40040010000d1
0000001f0253e0000384dc8c0040014000d1
0000001f0253e0000400a1300040018000d1
0000002002544000047da1f8004001c000d1
000000210255200004fd6a800040020000d1
000000240256400005825bd80040024000d1
000100260258000006109e280029028000d1
ffff002602597fa400e7c70c0040000000d1
0000002202573288017e24de0040004000d1
000000210255c0000207e3bc0040008000d1
000000200254a7b0028a3aec004000c000d1
0000001f02542000030897e40040010000d1
0000001f0253e0000384dc8c0040014000d1
0000001f0253e0000400a1300040018000d1
0000002002544000047da1f8004001c000d1
000000210255200004fd6a800040020000d1
000000240256400005825bd80040024000d1
000100260258000006109e280029028000d1
ffff002602597fa400e7c70c0040000000d1
0000002202573288017e24de0040004000d1
000000210255c0000207e3bc0040008000d1
000000200254a7b0028a3aec004000c000d1
0000001f02542000030897e40040010000d1
0000001f0253e0000384dc8c0040014000d1
0000001f0253e0000400a1300040018000d1
0000002002544000047da1f8004001c000d1
000000210255200004fd6a800040020000d1
000000240256400005825bd80040024000d1
000100260258000006109e280029028000d1
ffff002602597fa400e7c70c0040000000d1
0000002202573288017e24de0040004000d1
000000210255c0000207e3bc0040008000d1
000000200254a7b0028a3aec004000c000d1
0000001f02542000030897e40040010000d1
0000001f0253e0000384dc8c0040014000d1
0000001f0253e0000400a1300040018000d1
0000002002544000047da1f8004001c000d1
000000210255200004fd6a800040020000d1
000000240256400005825bd80040024000d1
000100260258000006109e280029028000d1
ffff002602597fa400e7c70c0040000000d1
0000002202573288017e24de0040004000d1
000000210255c0000207e3bc0040008000d1
000000200254a7b0028a3aec004000c000d1
0000001f02542000030897e40040010000d1
0000001f0253e0000384dc8c0040014000d1
0000001f0253e0000400a1300040018000d1
0000002002544000047da1f8004001c000d1
000000210255200004fd6a800040020000d1
000000240256400005825bd80040024000d1
000100260258000006109e280029028000d1
ffff002602597fa400e7c70c0040000000d1
0000002202573288017e24de0040004000d1
000000210255c0000207e3bc0040008000d1
000000200254a7b0028a3aec004000c000d1
0000001f02542000030897e40040010000d1
0000001f0253e0000384dc8c0040014000d1
0000001f0253e0000400a1300040018000d1
0000002002544000047da1f8004001c000d1
000000210255200004fd6a800040020000d1
000000240256400005825bd80040024000d1
000100260258000006109e280029028000d1
ffff0026025be00000e7c70c0040000000d2
0000002202597288017e37660040004000d2
000000210257e0000207e3bc0040008000d2
000000200256c000028a3aec004000c000d2
0000001f02562000030897e40040010000d2
0000001f0255e0000384dc8c0040014000d2
0000001f025600000400a1300040018000d2
0000002002564000047da1f8004001c000d2
000000210257200004fd6a800040020000d2
000000240258765805825bd80040024000d2
00010026025a437406109e280029028000d2
ffff0026025be00000e7c70c0040000000d2
0000002202597288017e37660040004000d2
000000210257e0000207e3bc0040008000d2
000000200256c000028a3aec004000c000d2
0000001f02562000030897e40040010000d2
0000001f0255e0000384dc8c0040014000d2
0000001f025600000400a1300040018000d2
0000002002564000047da1f8004001c000d2
000000210257200004fd6a800040020000d2
000000240258765805825bd80040024000d2
00010026025a437406109e280029028000d2
ffff0026025be00000e7c70c0040000000d2
0000002202597288017e37660040004000d2
000000210257e0000207e3bc0040008000d2
000000200256c000028a3aec004000c000d2
0000001f02562000030897e40040010000d2
0000001f0255e0000384dc8c0040014000d2
0000001f025600000400a1300040018000d2
0000002002564000047da1f8004001c000d2
000000210257200004fd6a800040020000d2
000000240258765805825bd80040024000d2
00010026025a437406109e280029028000d2
ffff0026025be00000e7c70c0040000000d2
0000002202597288017e37660040004000d2
000000210257e0000207e3bc0040008000d2
000000200256c000028a3aec004000c000d2
0000001f02562000030897e40040010000d2
0000001f0255e0000384dc8c0040014000d2
0000001f025600000400a1300040018000d2
0000002002564000047da1f8004001c000d2
000000210257200004fd6a800040020000d2
000000240258765805825bd80040024000d2
00010026025a437406109e280029028000d2
ffff0026025be00000e7c70c0040000000d2
0000002202597288017e37660040004000d2
000000210257e0000207e3bc0040008000d2
000000200256c000028a3aec004000c000d2
0000001f02562000030897e40040010000d2
0000001f0255e0000384dc8c0040014000d2
0000001f025600000400a1300040018000d2
0000002002564000047da1f8004001c000d2
000000210257200004fd6a800040020000d2
000000240258765805825bd80040024000d2
00010026025a437406109e280029028000d2
ffff0026025be00000e7c70c0040000000d2
0000002202597288017e37660040004000d2
000000210257e0000207e3bc0040008000d2
000000200256c000028a3aec004000c000d2
0000001f02562000030897e40040010000d2
0000001f0255e0000384dc8c0040014000d2
0000001f025600000400a1300040018000d2
0000002002564000047da1f8004001c000d2
000000210257200004fd6a800040020000d2
000000240258765805825bd80040024000d2
00010026025a437406109e280029028000d2
ffff0026025e000000e7e6b20040000000d3
00000022025b9288017e37660040004000d3
000000210259e0000207e3bc0040008000d3
000000200258c000028a3aec004000c000d3
0000001f02582000030897e40040010000d3
0000001f0257e0000384dc8c0040014000d3
0000001f025800000400a1300040018000d3
0000002002586000047da1f8004001c000d3
000000210259200004fd6a800040020000d3
00010024025a800005825bd80040024000d3
00010026025c800006109ab80029028000d3
ffff0026025e000000e7e6b20040000000d3
00000022025b9288017e37660040004000d3
000000210259e0000207e3bc0040008000d3
000000200258c000028a3aec004000c000d3
0000001f02582000030897e40040010000d3
0000001f0257e0000384dc8c0040014000d3
0000001f025800000400a1300040018000d3
0000002002586000047da1f8004001c000d3
000000210259200004fd6a800040020000d3
00010024025a800005825bd80040024000d3
00010026025c800006109ab80029028000d3
ffff0026025e000000e7e6b20040000000d3
00000022025b9288017e37660040004000d3
000000210259e0000207e3bc0040008000d3
000000200258c000028a3aec004000c000d3
0000001f02582000030897e40040010000d3
0000001f0257e0000384dc8c0040014000d3
0000001f025800000400a1300040018000d3
0000002002586000047da1f8004001c000d3
000000210259200004fd6a800040020000d3
00010024025a800005825bd80040024000d3
00010026025c800006109ab80029028000d3
ffff0026025e000000e7e6b20040000000d3
00000022025b9288017e37660040004000d3
000000210259e0000207e3bc0040008000d3
000000200258c000028a3aec004000c000d3
0000001f02582000030897e40040010000d3
0000001f0257e0000384dc8c0040014000d3
0000001f025800000400a1300040018000d3
0000002002586000047da1f8004001c000d3
000000210259200004fd6a800040020000d3
00010024025a800005825bd80040024000d3
00010026025c800006109ab80029028000d3
ffff0026025e000000e7e6b20040000000d3
00000022025b9288017e37660040004000d3
000000210259e0000207e3bc0040008000d3
000000200258c000028a3aec004000c000d3
0000001f02582000030897e40040010000d3
0000001f0257e0000384dc8c0040014000d3
0000001f025800000400a1300040018000d3
0000002002586000047da1f8004001c000d3
000000210259200004fd6a800040020000d3
00010024025a800005825bd80040024000d3
00010026025c800006109ab80029028000d3
ffff0026025e000000e7e6b20040000000d3
00000022025b9288017e37660040004000d3
000000210259e0000207e3bc0040008000d3
000000200258c000028a3aec004000c000d3
0000001f02582000030897e40040010000d3
0000001f0257e0000384dc8c0040014000d3
0000001f025800000400a1300040018000d3
0000002002586000047da1f8004001c000d3
000000210259200004fd6a800040020000d3
00010024025a800005825bd80040024000d3
00010026025c800006109ab80029028000d3
ffff002602605fa400e7e6b20040000000d4
00000022025dd288017e37660040004000d4
00000021025c056c0207e3bc0040008000d4
00000020025ae000028a3aec004000c000d4
0000001f025a4000030897e40040010000d4
0000001f0259e0000384dc8c0040014000d4
0000001f025a00000400a1300040018000d4
00000020025a6000047da1f8004001c000d4
00000021025b400004fd6a800040020000d4
00000024025cb65805825bd80040024000d4
00010026025ea37406109ab80029028000d4
ffff002602605fa400e7e6b20040000000d4
00000022025dd288017e37660040004000d4
00000021025c056c0207e3bc0040008000d4
00000020025ae000028a3aec004000c000d4
0000001f025a4000030897e40040010000d4
0000001f0259e0000384dc8c0040014000d4
0000001f025a00000400a1300040018000d4
00000020025a6000047da1f8004001c000d4
00000021025b400004fd6a800040020000d4
00000024025cb65805825bd80040024000d4
00010026025ea37406109ab80029028000d4
ffff002602605fa400e7e6b20040000000d4
00000022025dd288017e37660040004000d4
00000021025c056c0207e3bc0040008000d4
00000020025ae000028a3aec004000c000d4
0000001f025a4000030897e40040010000d4
0000001f0259e0000384dc8c0040014000d4
0000001f025a00000400a1300040018000d4
00000020025a6000047da1f8004001c000d4
00000021025b400004fd6a800040020000d4
00000024025cb65805825bd80040024000d4
00010026025ea37406109ab80029028000d4
ffff002602605fa400e7e6b20040000000d4
00000022025dd288017e37660040004000d4
00000021025c056c0207e3bc0040008000d4
00000020025ae000028a3aec004000c000d4
0000001f025a4000030897e40040010000d4
0000001f0259e0000384dc8c0040014000d4
0000001f025a00000400a1300040018000d4
00000020025a6000047da1f8004001c000d4
00000021025b400004fd6a800040020000d4
00000024025cb65805825bd80040024000d4
00010026025ea37406109ab80029028000d4
ffff002602605fa400e7e6b20040000000d4
00000022025dd288017e37660040004000d4
00000021025c056c0207e3bc0040008000d4
00000020025ae000028a3aec004000c000d4
0000001f025a4000030897e40040010000d4
0000001f0259e0000384dc8c0040014000d4
0000001f025a00000400a1300040018000d4
00000020025a6000047da1f8004001c000d4
00000021025b400004fd6a800040020000d4
00000024025cb65805825bd80040024000d4
00010026025ea37406109ab80029028000d4
ffff002602605fa400e7e6b20040000000d4
00000022025dd288017e37660040004000d4
00000021025c056c0207e3bc0040008000d4
00000020025ae000028a3aec004000c000d4
0000001f025a4000030897e40040010000d4
0000001f0259e0000384dc8c0040014000d4
0000001f025a00000400a1300040018000d4
00000020025a6000047da1f8004001c000d4
00000021025b400004fd6a800040020000d4
00000024025cb65805825bd80040024000d4
00010026025ea37406109ab80029028000d4
ffff00260262bfa400e7e6b20040000000d5
0000002202600000017e37660040004000d5
00000021025e3a940207e3bc0040008000d5
00000020025d0000028a3aec004000c000d5
0000001f025c34cc030897e40040010000d5
0000001f025be0000384dc8c0040014000d5
0000001f025c00000400a1300040018000d5
00000020025c7c20047da1f8004001c000d5
00000021025d600004fd6a800040020000d5
00010024025ec00005825bd80040024000d5
000100260260e00006109ab80029028000d5
ffff00260262bfa400e7e6b20040000000d5
0000002202600000017e37660040004000d5
00000021025e3a940207e3bc0040008000d5
00000020025d0000028a3aec004000c000d5
0000001f025c34cc030897e40040010000d5
0000001f025be0000384dc8c0040014000d5
0000001f025c00000400a1300040018000d5
00000020025c7c20047da1f8004001c000d5
00000021025d600004fd6a800040020000d5
00010024025ec00005825bd80040024000d5
000100260260e00006109ab80029028000d5
ffff00260262bfa400e7e6b20040000000d5
0000002202600000017e37660040004000d5
00000021025e3a940207e3bc0040008000d5
00000020025d0000028a3aec004000c000d5
0000001f025c34cc030897e40040010000d5
0000001f025be0000384dc8c0040014000d5
0000001f025c00000400a1300040018000d5
00000020025c7c20047da1f8004001c000d5
00000021025d600004fd6a800040020000d5
00010024025ec00005825bd80040024000d5
000100260260e00006109ab80029028000d5
ffff00260262bfa400e7e6b20040000000d5
0000002202600000017e37660040004000d5
00000021025e3a940207e3bc0040008000d5
00000020025d0000028a3aec004000c000d5
0000001f025c34cc030897e40040010000d5
0000001f025be0000384dc8c0040014000d5
0000001f025c00000400a1300040018000d5
00000020025c7c20047da1f8004001c000d5
00000021025d600004fd6a800040020000d5
00010024025ec00005825bd80040024000d5
000100260260e00006109ab80029028000d5
ffff00260262bfa400e7e6b20040000000d5
0000002202600000017e37660040004000d5
00000021025e3a940207e3bc0040008000d5
00000020025d0000028a3aec004000c000d5
0000001f025c34cc030897e40040010000d5
0000001f025be0000384dc8c0040014000d5
0000001f025c00000400a1300040018000d5
00000020025c7c20047da1f8004001c000d5
00000021025d600004fd6a800040020000d5
00010024025ec00005825bd80040024000d5
000100260260e00006109ab80029028000d5
ffff00260262bfa400e7e6b20040000000d5
0000002202600000017e37660040004000d5
00000021025e3a940207e3bc0040008000d5
00000020025d0000028a3aec004000c000d5
0000001f025c34cc030897e40040010000d5
0000001f025be0000384dc8c0040014000d5
0000001f025c00000400a1300040018000d5
00000020025c7c20047da1f8004001c000d5
00000021025d600004fd6a800040020000d5
00010024025ec00005825bd80040024000d5
000100260260e00006109ab80029028000d5
ffff00260265000000e7e6b20040000000d6
ffff002202624000017e44de0040004000d6
00000021026040000207e3bc0040008000d6
00000020025f0000028a3aec004000c000d6
0000001f025e2000030897e40040010000d6
0000001f025de0000384dc8c0040014000d6
0000001f025e00000400a1300040018000d6
00000020025e8000047da1f8004001c000d6
00000021025f600004fd6a800040020000d6
000100240260f65805825bd80040024000d6
000100260263237406109ab80029028000d6
ffff00260265000000e7e6b20040000000d6
ffff002202624000017e44de0040004000d6
00000021026040000207e3bc0040008000d6
00000020025f0000028a3aec004000c000d6
0000001f025e2000030897e40040010000d6
0000001f025de0000384dc8c0040014000d6
0000001f025e00000400a1300040018000d6
00000020025e8000047da1f8004001c000d6
00000021025f600004fd6a800040020000d6
000100240260f65805825bd80040024000d6
000100260263237406109ab80029028000d6
ffff00260265000000e7e6b20040000000d6
ffff002202624000017e44de0040004000d6
00000021026040000207e3bc0040008000d6
00000020025f0000028a3aec004000c000d6
0000001f025e2000030897e40040010000d6
0000001f025de0000384dc8c0040014000d6
0000001f025e00000400a1300040018000d6
00000020025e8000047da1f8004001c000d6
00000021025f600004fd6a800040020000d6
000100240260f65805825bd80040024000d6
000100260263237406109ab80029028000d6
ffff00260265000000e7e6b20040000000d6
ffff002202624000017e44de0040004000d6
00000021026040000207e3bc0040008000d6
00000020025f0000028a3aec004000c000d6
0000001f025e2000030897e40040010000d6
0000001f025de0000384dc8c0040014000d6
0000001f025e00000400a1300040018000d6
00000020025e8000047da1f8004001c000d6
00000021025f600004fd6a800040020000d6
000100240260f65805825bd80040024000d6
000100260263237406109ab80029028000d6
ffff00260265000000e7e6b20040000000d6
ffff002202624000017e44de0040004000d6
00000021026040000207e3bc0040008000d6
00000020025f0000028a3aec004000c000d6
0000001f025e2000030897e40040010000d6
0000001f025de0000384dc8c0040014000d6
0000001f025e00000400a1300040018000d6
00000020025e8000047da1f8004001c000d6
00000021025f600004fd6a800040020000d6
000100240260f65805825bd80040024000d6
000100260263237406109ab80029028000d6
ffff00260265000000e7e6b20040000000d6
ffff002202624000017e44de0040004000d6
00000021026040000207e3bc0040008000d6
00000020025f0000028a3aec004000c000d6
0000001f025e2000030897e40040010000d6
0000001f025de0000384dc8c0040014000d6
0000001f025e00000400a1300040018000d6
00000020025e8000047da1f8004001c000d6
00000021025f600004fd6a800040020000d6
000100240260f65805825bd80040024000d6
000100260263237406109ab80029028000d6
ffff00260267400000e7e6b20040000000d7
ffff002202646000017e44de0040004000d7
00000021026260000207e3bc0040008000d7
0000002002610000028a3aec004000c000d7
0000001f02604000030897e40040010000d7
0000001f026000000384dc8c0040014000d7
0000001f02600f040400a1300040018000d7
0000002002608000047da1f8004001c000d7
000000210261800004fd6a800040020000d7
000100240263000005825bd80040024000d7
000100260265600006109ab80029028000d7
ffff00260267400000e7e6b20040000000d7
ffff002202646000017e44de0040004000d7
00000021026260000207e3bc0040008000d7
0000002002610000028a3aec004000c000d7
0000001f02604000030897e40040010000d7
0000001f026000000384dc8c0040014000d7
0000001f02600f040400a1300040018000d7
0000002002608000047da1f8004001c000d7
000000210261800004fd6a800040020000d7
000100240263000005825bd80040024000d7
000100260265600006109ab80029028000d7
ffff00260267400000e7e6b20040000000d7
ffff002202646000017e44de0040004000d7
00000021026260000207e3bc0040008000d7
0000002002610000028a3aec004000c000d7
0000001f02604000030897e40040010000d7
0000001f026000000384dc8c0040014000d7
0000001f02600f040400a1300040018000d7
0000002002608000047da1f8004001c000d7
000000210261800004fd6a800040020000d7
000100240263000005825bd80040024000d7
000100260265600006109ab80029028000d7
ffff00260267400000e7e6b20040000000d7
ffff002202646000017e44de0040004000d7
00000021026260000207e3bc0040008000d7
0000002002610000028a3aec004000c000d7
0000001f02604000030897e40040010000d7
0000001f026000000384dc8c0040014000d7
0000001f02600f040400a1300040018000d7
0000002002608000047da1f8004001c000d7
000000210261800004fd6a800040020000d7
000100240263000005825bd80040024000d7
000100260265600006109ab80029028000d7
ffff00260267400000e7e6b20040000000d7
ffff002202646000017e44de0040004000d7
00000021026260000207e3bc0040008000d7
0000002002610000028a3aec004000c000d7
0000001f02604000030897e40040010000d7
0000001f026000000384dc8c0040014000d7
0000001f02600f040400a1300040018000d7
0000002002608000047da1f8004001c000d7
000000210261800004fd6a800040020000d7
000100240263000005825bd80040024000d7
000100260265600006109ab80029028000d7
ffff00260267400000e7e6b20040000000d7
ffff002202646000017e44de0040004000d7
00000021026260000207e3bc0040008000d7
0000002002610000028a3aec004000c000d7
0000001f02604000030897e40040010000d7
0000001f026000000384dc8c0040014000d7
0000001f02600f040400a1300040018000d7
0000002002608000047da1f8004001c000d7
000000210261800004fd6a800040020000d7
000100240263000005825bd80040024000d7
000100260265600006109ab80029028000d7
ffff002602699fa400e7e6b20040000000d8
ffff002202668000017e44de0040004000d8
00000021026480000207e3bc0040008000d8
0000002002631850028a5340004000c000d8
0000001f02624000030897e40040010000d8
0000001f026200000384dc8c0040014000d8
0000001f026210fc0400a1300040018000d8
000000200262a000047da1f8004001c000d8
000000210263893c04fd6a800040020000d8
000100240265365805825bd80040024000d8
000100260267a37406109ab80029028000d8
ffff002602699fa400e7e6b20040000000d8
ffff002202668000017e44de0040004000d8
00000021026480000207e3bc0040008000d8
0000002002631850028a5340004000c000d8
0000001f02624000030897e40040010000d8
0000001f026200000384dc8c0040014000d8
0000001f026210fc0400a1300040018000d8
000000200262a000047da1f8004001c000d8
000000210263893c04fd6a800040020000d8
000100240265365805825bd80040024000d8
000100260267a37406109ab80029028000d8
ffff002602699fa400e7e6b20040000000d8
ffff002202668000017e44de0040004000d8
00000021026480000207e3bc0040008000d8
0000002002631850028a5340004000c000d8
0000001f02624000030897e40040010000d8
0000001f026200000384dc8c0040014000d8
0000001f026210fc0400a1300040018000d8
000000200262a000047da1f8004001c000d8
000000210263893c04fd6a800040020000d8
000100240265365805825bd80040024000d8
000100260267a37406109ab80029028000d8
ffff002602699fa400e7e6b20040000000d8
ffff002202668000017e44de0040004000d8
00000021026480000207e3bc0040008000d8
0000002002631850028a5340004000c000d8
0000001f02624000030897e40040010000d8
0000001f026200000384dc8c0040014000d8
0000001f026210fc0400a1300040018000d8
000000200262a000047da1f8004001c000d8
000000210263893c04fd6a800040020000d8
000100240265365805825bd80040024000d8
000100260267a37406109ab80029028000d8
ffff002602699fa400e7e6b20040000000d8
ffff002202668000017e44de0040004000d8
00000021026480000207e3bc0040008000d8
0000002002631850028a5340004000c000d8
0000001f02624000030897e40040010000d8
0000001f026200000384dc8c0040014000d8
0000001f026210fc0400a1300040018000d8
000000200262a000047da1f8004001c000d8
000000210263893c04fd6a800040020000d8
000100240265365805825bd80040024000d8
000100260267a37406109ab80029028000d8
ffff002602699fa400e7e6b20040000000d8
ffff002202668000017e44de0040004000d8
00000021026480000207e3bc0040008000d8
0000002002631850028a5340004000c000d8
0000001f02624000030897e40040010000d8
0000001f026200000384dc8c0040014000d8
0000001f026210fc0400a1300040018000d8
000000200262a000047da1f8004001c000d8
000000210263893c04fd6a800040020000d8
000100240265365805825bd80040024000d8
000100260267a37406109ab80029028000d8
ffff0026026bdfa400e7e6b20040000000d9
ffff00220268ad78017e44de0040004000d9
000000210266a0000207e3bc0040008000d9
0000002002652000028a5340004000c000d9
0000001f02644000030897e40040010000d9
0000001f026400000384dc8c0040014000d9
0000001f026400000400a1300040018000d9
000000200264a000047da1f8004001c000d9
000000210265a93c04fd6a800040020000d9
000100240267400005825bd80040024000d9
000100260269dc8c06109ab80029028000d9
ffff0026026bdfa400e7e6b20040000000d9
ffff00220268ad78017e44de0040004000d9
000000210266a0000207e3bc0040008000d9
0000002002652000028a5340004000c000d9
0000001f02644000030897e40040010000d9
0000001f026400000384dc8c0040014000d9
0000001f026400000400a1300040018000d9
000000200264a000047da1f8004001c000d9
000000210265a93c04fd6a800040020000d9
000100240267400005825bd80040024000d9
000100260269dc8c06109ab80029028000d9
ffff0026026bdfa400e7e6b20040000000d9
ffff00220268ad78017e44de0040004000d9
000000210266a0000207e3bc0040008000d9
0000002002652000028a5340004000c000d9
0000001f02644000030897e40040010000d9
0000001f026400000384dc8c0040014000d9
0000001f026400000400a1300040018000d9
000000200264a000047da1f8004001c000d9
000000210265a93c04fd6a800040020000d9
000100240267400005825bd80040024000d9
000100260269dc8c06109ab80029028000d9
ffff0026026bdfa400e7e6b20040000000d9
ffff00220268ad78017e44de0040004000d9
000000210266a0000207e3bc0040008000d9
0000002002652000028a5340004000c000d9
0000001f02644000030897e40040010000d9
0000001f026400000384dc8c0040014000d9
0000001f026400000400a1300040018000d9
000000200264a000047da1f8004001c000d9
000000210265a93c04fd6a800040020000d9
000100240267400005825bd80040024000d9
000100260269dc8c06109ab80029028000d9
ffff0026026bdfa400e7e6b20040000000d9
ffff00220268ad78017e44de0040004000d9
000000210266a0000207e3bc0040008000d9
0000002002652000028a5340004000c000d9
0000001f02644000030897e40040010000d9
0000001f026400000384dc8c0040014000d9
0000001f026400000400a1300040018000d9
000000200264a000047da1f8004001c000d9
000000210265a93c04fd6a800040020000d9
000100240267400005825bd80040024000d9
000100260269dc8c06109ab80029028000d9
ffff0026026bdfa400e7e6b20040000000d9
ffff00220268ad78017e44de0040004000d9
000000210266a0000207e3bc0040008000d9
0000002002652000028a5340004000c000d9
0000001f02644000030897e40040010000d9
0000001f026400000384dc8c0040014000d9
0000001f026400000400a1300040018000d9
000000200264a000047da1f8004001c000d9
000000210265a93c04fd6a800040020000d9
000100240267400005825bd80040024000d9
000100260269dc8c06109ab80029028000d9
ffff0026026e200000e7e6b20040000000da
ffff0022026ae000017e44de0040004000da
000000210268c0000207e3bc0040008000da
0000002002674000028a5340004000c000da
0000001f02666000030897e40040010000da
0000001f026600000384dc8c0040014000da
0000001f026600000400a1300040018000da
000000200266a000047da1f8004001c000da
000000210267c00004fd53c00040020000da
000100240269765805823bd80040024000da
00010026026c037406109ab80029028000da
ffff0026026e200000e7e6b20040000000da
ffff0022026ae000017e44de0040004000da
000000210268c0000207e3bc0040008000da
0000002002674000028a5340004000c000da
0000001f02666000030897e40040010000da
0000001f026600000384dc8c0040014000da
0000001f026600000400a1300040018000da
000000200266a000047da1f8004001c000da
000000210267c00004fd53c00040020000da
000100240269765805823bd80040024000da
00010026026c037406109ab80029028000da
ffff0026026e200000e7e6b20040000000da
ffff0022026ae000017e44de0040004000da
000000210268c0000207e3bc0040008000da
0000002002674000028a5340004000c000da
0000001f02666000030897e40040010000da
0000001f026600000384dc8c0040014000da
0000001f026600000400a1300040018000da
000000200266a000047da1f8004001c000da
000000210267c00004fd53c00040020000da
000100240269765805823bd80040024000da
00010026026c037406109ab80029028000da
ffff0026026e200000e7e6b20040000000da
ffff0022026ae000017e44de0040004000da
000000210268c0000207e3bc0040008000da
0000002002674000028a5340004000c000da
0000001f02666000030897e40040010000da
0000001f026600000384dc8c0040014000da
0000001f026600000400a1300040018000da
000000200266a000047da1f8004001c000da
000000210267c00004fd53c00040020000da
000100240269765805823bd80040024000da
00010026026c037406109ab80029028000da
ffff0026026e200000e7e6b20040000000da
ffff0022026ae000017e44de0040004000da
000000210268c0000207e3bc0040008000da
0000002002674000028a5340004000c000da
0000001f02666000030897e40040010000da
0000001f026600000384dc8c0040014000da
0000001f026600000400a1300040018000da
000000200266a000047da1f8004001c000da
000000210267c00004fd53c00040020000da
000100240269765805823bd80040024000da
00010026026c037406109ab80029028000da
ffff0026026e200000e7e6b20040000000da
ffff0022026ae000017e44de0040004000da
000000210268c0000207e3bc0040008000da
0000002002674000028a5340004000c000da
0000001f02666000030897e40040010000da
0000001f026600000384dc8c0040014000da
0000001f026600000400a1300040018000da
000000200266a000047da1f8004001c000da
000000210267c00004fd53c00040020000da
000100240269765805823bd80040024000da
00010026026c037406109ab80029028000da
ffff00260270605c00e7e70c0040000000db
ffff0022026d1288017e44de0040004000db
00000021026ac0000207e3bc0040008000db
0000002002695850028a5340004000c000db
0000001f02686000030897e40040010000db
0000001f026800000384dc8c0040014000db
0000001f026800000400a1300040018000db
000000200268a000047da1f8004001c000db
000000210269c00004fd53c00040020000db
00010024026ba00005823bd80040024000db
00010026026e400006109ab80029028000db
ffff00260270605c00e7e70c0040000000db
ffff0022026d1288017e44de0040004000db
00000021026ac0000207e3bc0040008000db
0000002002695850028a5340004000c000db
0000001f02686000030897e40040010000db
0000001f026800000384dc8c0040014000db
0000001f026800000400a1300040018000db
000000200268a000047da1f8004001c000db
000000210269c00004fd53c00040020000db
00010024026ba00005823bd80040024000db
00010026026e400006109ab80029028000db
ffff00260270605c00e7e70c0040000000db
ffff0022026d1288017e44de0040004000db
00000021026ac0000207e3bc0040008000db
0000002002695850028a5340004000c000db
0000001f02686000030897e40040010000db
0000001f026800000384dc8c0040014000db
0000001f026800000400a1300040018000db
000000200268a000047da1f8004001c000db
000000210269c00004fd53c00040020000db
00010024026ba00005823bd80040024000db
00010026026e400006109ab80029028000db
ffff00260270605c00e7e70c0040000000db
ffff0022026d1288017e44de0040004000db
00000021026ac0000207e3bc0040008000db
0000002002695850028a5340004000c000db
0000001f02686000030897e40040010000db
0000001f026800000384dc8c0040014000db
0000001f026800000400a1300040018000db
000000200268a000047da1f8004001c000db
000000210269c00004fd53c00040020000db
00010024026ba00005823bd80040024000db
00010026026e400006109ab80029028000db
ffff00260270605c00e7e70c0040000000db
ffff0022026d1288017e44de0040004000db
00000021026ac0000207e3bc0040008000db
0000002002695850028a5340004000c000db
0000001f02686000030897e40040010000db
0000001f026800000384dc8c0040014000db
0000001f026800000400a1300040018000db
000000200268a000047da1f8004001c000db
000000210269c00004fd53c00040020000db
00010024026ba00005823bd80040024000db
00010026026e400006109ab80029028000db
ffff00260270605c00e7e70c0040000000db
ffff0022026d1288017e44de0040004000db
00000021026ac0000207e3bc0040008000db
0000002002695850028a5340004000c000db
0000001f02686000030897e40040010000db
0000001f026800000384dc8c0040014000db
0000001f026800000400a1300040018000db
000000200268a000047da1f8004001c000db
000000210269c00004fd53c00040020000db
00010024026ba00005823bd80040024000db
00010026026e400006109ab80029028000db
ffff00260272c00000e7e70c0040000000dc
ffff0022026f5288017e44de0040004000dc
00000021026ce56c0207e3bc0040008000dc
00000020026b47b0028a5340004000c000dc
0000001f026a6000030897e40040010000dc
0000001f026a00000384dc8c0040014000dc
0000001f026a00000400a1300040018000dc
00000020026aa000047da1f8004001c000dc
00000021026be00004fd53c00040020000dc
00010024026db65805823bd80040024000dc
000100260270837406107e280029028000dc
ffff00260272c00000e7e70c0040000000dc
ffff0022026f5288017e44de0040004000dc
00000021026ce56c0207e3bc0040008000dc
00000020026b47b0028a5340004000c000dc
0000001f026a6000030897e40040010000dc
0000001f026a00000384dc8c0040014000dc
0000001f026a00000400a1300040018000dc
00000020026aa000047da1f8004001c000dc
00000021026be00004fd53c00040020000dc
00010024026db65805823bd80040024000dc
000100260270837406107e280029028000dc
ffff00260272c00000e7e70c0040000000dc
ffff0022026f5288017e44de0040004000dc
00000021026ce56c0207e3bc0040008000dc
00000020026b47b0028a5340004000c000dc
0000001f026a6000030897e40040010000dc
0000001f026a00000384dc8c0040014000dc
0000001f026a00000400a1300040018000dc
00000020026aa000047da1f8004001c000dc
00000021026be00004fd53c00040020000dc
00010024026db65805823bd80040024000dc
000100260270837406107e280029028000dc
ffff00260272c00000e7e70c0040000000dc
ffff0022026f5288017e44de0040004000dc
00000021026ce56c0207e3bc0040008000dc
00000020026b47b0028a5340004000c000dc
0000001f026a6000030897e40040010000dc
0000001f026a00000384dc8c0040014000dc
0000001f026a00000400a1300040018000dc
00000020026aa000047da1f8004001c000dc
00000021026be00004fd53c00040020000dc
00010024026db65805823bd80040024000dc
000100260270837406107e280029028000dc
ffff00260272c00000e7e70c0040000000dc
ffff0022026f5288017e44de0040004000dc
00000021026ce56c0207e3bc0040008000dc
00000020026b47b0028a5340004000c000dc
0000001f026a6000030897e40040010000dc
0000001f026a00000384dc8c0040014000dc
0000001f026a00000400a1300040018000dc
00000020026aa000047da1f8004001c000dc
00000021026be00004fd53c00040020000dc
00010024026db65805823bd80040024000dc
000100260270837406107e280029028000dc
ffff00260272c00000e7e70c0040000000dc
ffff0022026f5288017e44de0040004000dc
00000021026ce56c0207e3bc0040008000dc
00000020026b47b0028a5340004000c000dc
0000001f026a6000030897e40040010000dc
0000001f026a00000384dc8c0040014000dc
0000001f026a00000400a1300040018000dc
00000020026aa000047da1f8004001c000dc
00000021026be00004fd53c00040020000dc
00010024026db65805823bd80040024000dc
000100260270837406107e280029028000dc
ffff00260274ffa400e7e70c0040000000dd
ffff002202717288017e44de0040004000dd
00000021026f00000207fe500040008000dd
00000020026d6000028a5340004000c000dd
0000001f026c8000030897e40040010000dd
0000001f026c1e180384dc8c0040014000dd
0000001f026c20000400a1300040018000dd
00000020026cc000047da1f8004001c000dd
00000021026e000004fd53c00040020000dd
00010024026fe00005823bd80040024000dd
000100260272c00006107e280029028000dd
ffff00260274ffa400e7e70c0040000000dd
ffff002202717288017e44de0040004000dd
00000021026f00000207fe500040008000dd
00000020026d6000028a5340004000c000dd
0000001f026c8000030897e40040010000dd
0000001f026c1e180384dc8c0040014000dd
0000001f026c20000400a1300040018000dd
00000020026cc000047da1f8004001c000dd
00000021026e000004fd53c00040020000dd
00010024026fe00005823bd80040024000dd
000100260272c00006107e280029028000dd
ffff00260274ffa400e7e70c0040000000dd
ffff002202717288017e44de0040004000dd
00000021026f00000207fe500040008000dd
00000020026d6000028a5340004000c000dd
0000001f026c8000030897e40040010000dd
0000001f026c1e180384dc8c0040014000dd
0000001f026c20000400a1300040018000dd
00000020026cc000047da1f8004001c000dd
00000021026e000004fd53c00040020000dd
00010024026fe00005823bd80040024000dd
000100260272c00006107e280029028000dd
ffff00260274ffa400e7e70c0040000000dd
ffff002202717288017e44de0040004000dd
00000021026f00000207fe500040008000dd
00000020026d6000028a5340004000c000dd
0000001f026c8000030897e40040010000dd
0000001f026c1e180384dc8c0040014000dd
0000001f026c20000400a1300040018000dd
00000020026cc000047da1f8004001c000dd
00000021026e000004fd53c00040020000dd
00010024026fe00005823bd80040024000dd
000100260272c00006107e280029028000dd
ffff00260274ffa400e7e70c0040000000dd
ffff002202717288017e44de0040004000dd
00000021026f00000207fe500040008000dd
00000020026d6000028a5340004000c000dd
0000001f026c8000030897e40040010000dd
0000001f026c1e180384dc8c0040014000dd
0000001f026c20000400a1300040018000dd
00000020026cc000047da1f8004001c000dd
00000021026e000004fd53c00040020000dd
00010024026fe00005823bd80040024000dd
000100260272c00006107e280029028000dd
ffff00260274ffa400e7e70c0040000000dd
ffff002202717288017e44de0040004000dd
00000021026f00000207fe500040008000dd
00000020026d6000028a5340004000c000dd
0000001f026c8000030897e40040010000dd
0000001f026c1e180384dc8c0040014000dd
0000001f026c20000400a1300040018000dd
00000020026cc000047da1f8004001c000dd
00000021026e000004fd53c00040020000dd
00010024026fe00005823bd80040024000dd
000100260272c00006107e280029028000dd
ffff002602775fa400e7e70c0040000000de
ffff00220273a000017e57660040004000de
0000002102712000020803bc0040008000de
00000020026f7850028a5aec004000c000de
0000001f026e8000030897e40040010000de
0000001f026e20000384dc8c0040014000de
0000001f026e20000400a1300040018000de
00000020026ec000047da1f8004001c000de
000000210270200004fd53c00040020000de
000100240272000005823bd80040024000de
000100260275037406107e280029028000de
ffff002602775fa400e7e70c0040000000de
ffff00220273a000017e57660040004000de
0000002102712000020803bc0040008000de
00000020026f7850028a5aec004000c000de
0000001f026e8000030897e40040010000de
0000001f026e20000384dc8c0040014000de
0000001f026e20000400a1300040018000de
00000020026ec000047da1f8004001c000de
000000210270200004fd53c00040020000de
000100240272000005823bd80040024000de
000100260275037406107e280029028000de
ffff002602775fa400e7e70c0040000000de
ffff00220273a000017e57660040004000de
0000002102712000020803bc0040008000de
00000020026f7850028a5aec004000c000de
0000001f026e8000030897e40040010000de
0000001f026e20000384dc8c0040014000de
0000001f026e20000400a1300040018000de
00000020026ec000047da1f8004001c000de
000000210270200004fd53c00040020000de
000100240272000005823bd80040024000de
000100260275037406107e280029028000de
ffff002602775fa400e7e70c0040000000de
ffff00220273a000017e57660040004000de
0000002102712000020803bc0040008000de
00000020026f7850028a5aec004000c000de
0000001f026e8000030897e40040010000de
0000001f026e20000384dc8c0040014000de
0000001f026e20000400a1300040018000de
00000020026ec000047da1f8004001c000de
000000210270200004fd53c00040020000de
000100240272000005823bd80040024000de
000100260275037406107e280029028000de
ffff002602775fa400e7e70c0040000000de
ffff00220273a000017e57660040004000de
0000002102712000020803bc0040008000de
00000020026f7850028a5aec004000c000de
0000001f026e8000030897e40040010000de
0000001f026e20000384dc8c0040014000de
0000001f026e20000400a1300040018000de
00000020026ec000047da1f8004001c000de
000000210270200004fd53c00040020000de
000100240272000005823bd80040024000de
000100260275037406107e280029028000de
ffff002602775fa400e7e70c0040000000de
ffff00220273a000017e57660040004000de
0000002102712000020803bc0040008000de
00000020026f7850028a5aec004000c000de
0000001f026e8000030897e40040010000de
0000001f026e20000384dc8c0040014000de
0000001f026e20000400a1300040018000de
00000020026ec000047da1f8004001c000de
000000210270200004fd53c00040020000de
000100240272000005823bd80040024000de
000100260275037406107e280029028000de
ffff00260279a00000e7e70c0040000000df
ffff00220275d288017e57660040004000df
0000002102734000020803bc0040008000df
0000002002718000028a5aec004000c000df
0000001f027080000308a3180040010000df
0000001f027020000384dc8c0040014000df
0000001f027020000400a1300040018000df
000000200270e000047da1f8004001c000df
000100210272093c04fd53c00040020000df
000100240274200005823bd80040024000df
000100260277400006107e280029028000df
ffff00260279a00000e7e70c0040000000df
ffff00220275d288017e57660040004000df
0000002102734000020803bc0040008000df
0000002002718000028a5aec004000c000df
0000001f027080000308a3180040010000df
0000001f027020000384dc8c0040014000df
0000001f027020000400a1300040018000df
000000200270e000047da1f8004001c000df
000100210272093c04fd53c00040020000df
000100240274200005823bd80040024000df
000100260277400006107e280029028000df
ffff00260279a00000e7e70c0040000000df
ffff00220275d288017e57660040004000df
0000002102734000020803bc0040008000df
0000002002718000028a5aec004000c000df
0000001f027080000308a3180040010000df
0000001f027020000384dc8c0040014000df
0000001f027020000400a1300040018000df
000000200270e000047da1f8004001c000df
000100210272093c04fd53c00040020000df
000100240274200005823bd80040024000df
000100260277400006107e280029028000df
ffff00260279a00000e7e70c0040000000df
ffff00220275d288017e57660040004000df
0000002102734000020803bc0040008000df
0000002002718000028a5aec004000c000df
0000001f027080000308a3180040010000df
0000001f027020000384dc8c0040014000df
0000001f027020000400a1300040018000df
000000200270e000047da1f8004001c000df
000100210272093c04fd53c00040020000df
000100240274200005823bd80040024000df
000100260277400006107e280029028000df
ffff00260279a00000e7e70c0040000000df
ffff00220275d288017e57660040004000df
0000002102734000020803bc0040008000df
0000002002718000028a5aec004000c000df
0000001f027080000308a3180040010000df
0000001f027020000384dc8c0040014000df
0000001f027020000400a1300040018000df
000000200270e000047da1f8004001c000df
000100210272093c04fd53c00040020000df
000100240274200005823bd80040024000df
000100260277400006107e280029028000df
ffff00260279a00000e7e70c0040000000df
ffff00220275d288017e57660040004000df
0000002102734000020803bc0040008000df
0000002002718000028a5aec004000c000df
0000001f027080000308a3180040010000df
0000001f027020000384dc8c0040014000df
0000001f027020000400a1300040018000df
000000200270e000047da1f8004001c000df
000100210272093c04fd53c00040020000df
000100240274200005823bd80040024000df
000100260277400006107e280029028000df
ffff0026027bffa400e806b20040000000e0
ffff002202780000017e57660040004000e0
000000210275456c020803bc0040008000e0
000000200273a000028a5aec004000c000e0
0000001f02728b340308a3180040010000e0
0000001f027201e80384dc8c0040014000e0
0000001f027220000400a1300040018000e0
000000200272e000047da1f8004001c000e0
000100210274293c04fd4a800040020000e0
000100240276400005823bd80040024000e0
000100260279637406107ab80029028000e0
ffff0026027bffa400e806b20040000000e0
ffff002202780000017e57660040004000e0
000000210275456c020803bc0040008000e0
000000200273a000028a5aec004000c000e0
0000001f02728b340308a3180040010000e0
0000001f027201e80384dc8c0040014000e0
0000001f027220000400a1300040018000e0
000000200272e000047da1f8004001c000e0
000100210274293c04fd4a800040020000e0
000100240276400005823bd80040024000e0
000100260279637406107ab80029028000e0
ffff0026027bffa400e806b20040000000e0
ffff002202780000017e57660040004000e0
000000210275456c020803bc0040008000e0
000000200273a000028a5aec004000c000e0
0000001f02728b340308a3180040010000e0
0000001f027201e80384dc8c0040014000e0
0000001f027220000400a1300040018000e0
000000200272e000047da1f8004001c000e0
000100210274293c04fd4a800040020000e0
000100240276400005823bd80040024000e0
000100260279637406107ab80029028000e0
ffff0026027bffa400e806b20040000000e0
ffff002202780000017e57660040004000e0
000000210275456c020803bc0040008000e0
000000200273a000028a5aec004000c000e0
0000001f02728b340308a3180040010000e0
0000001f027201e80384dc8c0040014000e0
0000001f027220000400a1300040018000e0
000000200272e000047da1f8004001c000e0
000100210274293c04fd4a800040020000e0
000100240276400005823bd80040024000e0
000100260279637406107ab80029028000e0
ffff0026027bffa400e806b20040000000e0
ffff002202780000017e57660040004000e0
000000210275456c020803bc0040008000e0
000000200273a000028a5aec004000c000e0
0000001f02728b340308a3180040010000e0
0000001f027201e80384dc8c0040014000e0
0000001f027220000400a1300040018000e0
000000200272e000047da1f8004001c000e0
000100210274293c04fd4a800040020000e0
000100240276400005823bd80040024000e0
000100260279637406107ab80029028000e0
ffff0026027bffa400e806b20040000000e0
ffff002202780000017e57660040004000e0
000000210275456c020803bc0040008000e0
000000200273a000028a5aec004000c000e0
0000001f02728b340308a3180040010000e0
0000001f027201e80384dc8c0040014000e0
0000001f027220000400a1300040018000e0
000000200272e000047da1f8004001c000e0
000100210274293c04fd4a800040020000e0
000100240276400005823bd80040024000e0
000100260279637406107ab80029028000e0
ffff0026027e3fa400e806b20040000000e1
ffff0022027a4000017e64de0040004000e1
0000002102778000020803bc0040008000e1
0000002002759850028a5aec004000c000e1
0000001f0274a0000308a3180040010000e1
0000001f027400000384dc8c0040014000e1
0000001f027420000400a1300040018000e1
000000200274fc20047da1f8004001c000e1
000100210276400004fd4a800040020000e1
000100240278600005823bd80040024000e1
00010026027b837406107ab80029028000e1
ffff0026027e3fa400e806b20040000000e1
ffff0022027a4000017e64de0040004000e1
0000002102778000020803bc0040008000e1
0000002002759850028a5aec004000c000e1
0000001f0274a0000308a3180040010000e1
0000001f027400000384dc8c0040014000e1
0000001f027420000400a1300040018000e1
000000200274fc20047da1f8004001c000e1
000100210276400004fd4a800040020000e1
000100240278600005823bd80040024000e1
00010026027b837406107ab80029028000e1
ffff0026027e3fa400e806b20040000000e1
ffff0022027a4000017e64de0040004000e1
0000002102778000020803bc0040008000e1
0000002002759850028a5aec004000c000e1
0000001f0274a0000308a3180040010000e1
0000001f027400000384dc8c0040014000e1
0000001f027420000400a1300040018000e1
000000200274fc20047da1f8004001c000e1
000100210276400004fd4a800040020000e1
000100240278600005823bd80040024000e1
00010026027b837406107ab80029028000e1
ffff0026027e3fa400e806b20040000000e1
ffff0022027a4000017e64de0040004000e1
0000002102778000020803bc0040008000e1
0000002002759850028a5aec004000c000e1
0000001f0274a0000308a3180040010000e1
0000001f027400000384dc8c0040014000e1
0000001f027420000400a1300040018000e1
000000200274fc20047da1f8004001c000e1
000100210276400004fd4a800040020000e1
000100240278600005823bd80040024000e1
00010026027b837406107ab80029028000e1
ffff0026027e3fa400e806b20040000000e1
ffff0022027a4000017e64de0040004000e1
0000002102778000020803bc0040008000e1
0000002002759850028a5aec004000c000e1
0000001f0274a0000308a3180040010000e1
0000001f027400000384dc8c0040014000e1
0000001f027420000400a1300040018000e1
000000200274fc20047da1f8004001c000e1
000100210276400004fd4a800040020000e1
000100240278600005823bd80040024000e1
00010026027b837406107ab80029028000e1
ffff0026027e3fa400e806b20040000000e1
ffff0022027a4000017e64de0040004000e1
0000002102778000020803bc0040008000e1
0000002002759850028a5aec004000c000e1
0000001f0274a0000308a3180040010000e1
0000001f027400000384dc8c0040014000e1
0000001f027420000400a1300040018000e1
000000200274fc20047da1f8004001c000e1
000100210276400004fd4a800040020000e1
000100240278600005823bd80040024000e1
00010026027b837406107ab80029028000e1
ffff002602807fa400e806b20040000000e2
ffff0022027c6000017e64de0040004000e2
000000210279a000020803bc0040008000e2
000000200277a000028a5aec004000c000e2
0000001f027680000308a3180040010000e2
0000001f027600000384dc8c0040014000e2
0000001f027640000400a1300040018000e2
0000002002770000047d85d8004001c000e2
000100210278600004fd4a800040020000e2
00010024027a89a805823bd80040024000e2
00010026027de37406107ab80029028000e2
ffff002602807fa400e806b20040000000e2
ffff0022027c6000017e64de0040004000e2
000000210279a000020803bc0040008000e2
000000200277a000028a5aec004000c000e2
0000001f027680000308a3180040010000e2
0000001f027600000384dc8c0040014000e2
0000001f027640000400a1300040018000e2
0000002002770000047d85d8004001c000e2
000100210278600004fd4a800040020000e2
00010024027a89a805823bd80040024000e2
00010026027de37406107ab80029028000e2
ffff002602807fa400e806b20040000000e2
ffff0022027c6000017e64de0040004000e2
000000210279a000020803bc0040008000e2
000000200277a000028a5aec004000c000e2
0000001f027680000308a3180040010000e2
0000001f027600000384dc8c0040014000e2
0000001f027640000400a1300040018000e2
0000002002770000047d85d8004001c000e2
000100210278600004fd4a800040020000e2
00010024027a89a805823bd80040024000e2
00010026027de37406107ab80029028000e2
ffff002602807fa400e806b20040000000e2
ffff0022027c6000017e64de0040004000e2
000000210279a000020803bc0040008000e2
000000200277a000028a5aec004000c000e2
0000001f027680000308a3180040010000e2
0000001f027600000384dc8c0040014000e2
0000001f027640000400a1300040018000e2
0000002002770000047d85d8004001c000e2
000100210278600004fd4a800040020000e2
00010024027a89a805823bd80040024000e2
00010026027de37406107ab80029028000e2
ffff002602807fa400e806b20040000000e2
ffff0022027c6000017e64de0040004000e2
000000210279a000020803bc0040008000e2
000000200277a000028a5aec004000c000e2
0000001f027680000308a3180040010000e2
0000001f027600000384dc8c0040014000e2
0000001f027640000400a1300040018000e2
0000002002770000047d85d8004001c000e2
000100210278600004fd4a800040020000e2
00010024027a89a805823bd80040024000e2
00010026027de37406107ab80029028000e2
ffff002602807fa400e806b20040000000e2
ffff0022027c6000017e64de0040004000e2
000000210279a000020803bc0040008000e2
000000200277a000028a5aec004000c000e2
0000001f027680000308a3180040010000e2
0000001f027600000384dc8c0040014000e2
0000001f027640000400a1300040018000e2
0000002002770000047d85d8004001c000e2
000100210278600004fd4a800040020000e2
00010024027a89a805823bd80040024000e2
00010026027de37406107ab80029028000e2
ffff00260282c00000e806b20040000000e3
ffff0022027e8d78017e64de0040004000e3
00000021027ba000020803bc0040008000e3
000000200279c000028a5aec004000c000e3
0000001f02788b340308b7e40040010000e3
0000001f027800000384dc8c0040014000e3
0000001f027840000400a1300040018000e3
000000200278e000047d85d8004001c000e3
00010021027a76c404fd4a800040020000e3
00010024027ca00005823bd80040024000e3
000100260280037406107ab80029028000e3
ffff00260282c00000e806b20040000000e3
ffff0022027e8d78017e64de0040004000e3
00000021027ba000020803bc0040008000e3
000000200279c000028a5aec004000c000e3
0000001f02788b340308b7e40040010000e3
0000001f027800000384dc8c0040014000e3
0000001f027840000400a1300040018000e3
000000200278e000047d85d8004001c000e3
00010021027a76c404fd4a800040020000e3
00010024027ca00005823bd80040024000e3
000100260280037406107ab80029028000e3
ffff00260282c00000e806b20040000000e3
ffff0022027e8d78017e64de0040004000e3
00000021027ba000020803bc0040008000e3
000000200279c000028a5aec004000c000e3
0000001f02788b340308b7e40040010000e3
0000001f027800000384dc8c0040014000e3
0000001f027840000400a1300040018000e3
000000200278e000047d85d8004001c000e3
00010021027a76c404fd4a800040020000e3
00010024027ca00005823bd80040024000e3
000100260280037406107ab80029028000e3
ffff00260282c00000e806b20040000000e3
ffff0022027e8d78017e64de0040004000e3
00000021027ba000020803bc0040008000e3
000000200279c000028a5aec004000c000e3
0000001f02788b340308b7e40040010000e3
0000001f027800000384dc8c0040014000e3
0000001f027840000400a1300040018000e3
000000200278e000047d85d8004001c000e3
00010021027a76c404fd4a800040020000e3
00010024027ca00005823bd80040024000e3
000100260280037406107ab80029028000e3
ffff00260282c00000e806b20040000000e3
ffff0022027e8d78017e64de0040004000e3
00000021027ba000020803bc0040008000e3
000000200279c000028a5aec004000c000e3
0000001f02788b340308b7e40040010000e3
0000001f027800000384dc8c0040014000e3
0000001f027840000400a1300040018000e3
000000200278e000047d85d8004001c000e3
00010021027a76c404fd4a800040020000e3
00010024027ca00005823bd80040024000e3
000100260280037406107ab80029028000e3
ffff00260282c00000e806b20040000000e3
ffff0022027e8d78017e64de0040004000e3
00000021027ba000020803bc0040008000e3
000000200279c000028a5aec004000c000e3
0000001f02788b340308b7e40040010000e3
0000001f027800000384dc8c0040014000e3
0000001f027840000400a1300040018000e3
000000200278e000047d85d8004001c000e3
00010021027a76c404fd4a800040020000e3
00010024027ca00005823bd80040024000e3
000100260280037406107ab80029028000e3
ffff00260285200000e806b20040000000e4
ffff00220280c000017e64de0040004000e4
00000021027dc56c020803bc0040008000e4
00000020027bd850028a5aec004000c000e4
0000001f027aa0000308b7e40040010000e4
0000001f027a20000384dc8c0040014000e4
0000001f027a40000400a1300040018000e4
00000020027b0000047d85d8004001c000e4
00010021027c800004fd4a800040020000e4
00010024027ee00005821bd80040024000e4
000100260282437406107ab80029028000e4
ffff00260285200000e806b20040000000e4
ffff00220280c000017e64de0040004000e4
00000021027dc56c020803bc0040008000e4
00000020027bd850028a5aec004000c000e4
0000001f027aa0000308b7e40040010000e4
0000001f027a20000384dc8c0040014000e4
0000001f027a40000400a1300040018000e4
00000020027b0000047d85d8004001c000e4
00010021027c800004fd4a800040020000e4
00010024027ee00005821bd80040024000e4
000100260282437406107ab80029028000e4
ffff00260285200000e806b20040000000e4
ffff00220280c000017e64de0040004000e4
00000021027dc56c020803bc0040008000e4
00000020027bd850028a5aec004000c000e4
0000001f027aa0000308b7e40040010000e4
0000001f027a20000384dc8c0040014000e4
0000001f027a40000400a1300040018000e4
00000020027b0000047d85d8004001c000e4
00010021027c800004fd4a800040020000e4
00010024027ee00005821bd80040024000e4
000100260282437406107ab80029028000e4
ffff00260285200000e806b20040000000e4
ffff00220280c000017e64de0040004000e4
00000021027dc56c020803bc0040008000e4
00000020027bd850028a5aec004000c000e4
0000001f027aa0000308b7e40040010000e4
0000001f027a20000384dc8c0040014000e4
0000001f027a40000400a1300040018000e4
00000020027b0000047d85d8004001c000e4
00010021027c800004fd4a800040020000e4
00010024027ee00005821bd80040024000e4
000100260282437406107ab80029028000e4
ffff00260285200000e806b20040000000e4
ffff00220280c000017e64de0040004000e4
00000021027dc56c020803bc0040008000e4
00000020027bd850028a5aec004000c000e4
0000001f027aa0000308b7e40040010000e4
0000001f027a20000384dc8c0040014000e4
0000001f027a40000400a1300040018000e4
00000020027b0000047d85d8004001c000e4
00010021027c800004fd4a800040020000e4
00010024027ee00005821bd80040024000e4
000100260282437406107ab80029028000e4
ffff00260285200000e806b20040000000e4
ffff00220280c000017e64de0040004000e4
00000021027dc56c020803bc0040008000e4
00000020027bd850028a5aec004000c000e4
0000001f027aa0000308b7e40040010000e4
0000001f027a20000384dc8c0040014000e4
0000001f027a40000400a1300040018000e4
00000020027b0000047d85d8004001c000e4
00010021027c800004fd4a800040020000e4
00010024027ee00005821bd80040024000e4
000100260282437406107ab80029028000e4
ffff002602877fa400e8070c0040000000e5
ffff00220282f288017e64de0040004000e5
ffff0021027ffa94020803bc0040008000e5
00000020027de000028a7340004000c000e5
0000001f027ca0000308b7e40040010000e5
0000001f027c20000384dc8c0040014000e5
0000001f027c40000400a1300040018000e5
00000020027d0000047d85d8004001c000e5
00010021027ea00004fd4a800040020000e5
000100240280f65805821bd80040024000e5
000100260284837406105e280029028000e5
ffff002602877fa400e8070c0040000000e5
ffff00220282f288017e64de0040004000e5
ffff0021027ffa94020803bc0040008000e5
00000020027de000028a7340004000c000e5
0000001f027ca0000308b7e40040010000e5
0000001f027c20000384dc8c0040014000e5
0000001f027c40000400a1300040018000e5
00000020027d0000047d85d8004001c000e5
00010021027ea00004fd4a800040020000e5
000100240280f65805821bd80040024000e5
000100260284837406105e280029028000e5
ffff002602877fa400e8070c0040000000e5
ffff00220282f288017e64de0040004000e5
ffff0021027ffa94020803bc0040008000e5
00000020027de000028a7340004000c000e5
0000001f027ca0000308b7e40040010000e5
0000001f027c20000384dc8c0040014000e5
0000001f027c40000400a1300040018000e5
00000020027d0000047d85d8004001c000e5
00010021027ea00004fd4a800040020000e5
000100240280f65805821bd80040024000e5
000100260284837406105e280029028000e5
ffff002602877fa400e8070c0040000000e5
ffff00220282f288017e64de0040004000e5
ffff0021027ffa94020803bc0040008000e5
00000020027de000028a7340004000c000e5
0000001f027ca0000308b7e40040010000e5
0000001f027c20000384dc8c0040014000e5
0000001f027c40000400a1300040018000e5
00000020027d0000047d85d8004001c000e5
00010021027ea00004fd4a800040020000e5
000100240280f65805821bd80040024000e5
000100260284837406105e280029028000e5
ffff002602877fa400e8070c0040000000e5
ffff00220282f288017e64de0040004000e5
ffff0021027ffa94020803bc0040008000e5
00000020027de000028a7340004000c000e5
0000001f027ca0000308b7e40040010000e5
0000001f027c20000384dc8c0040014000e5
0000001f027c40000400a1300040018000e5
00000020027d0000047d85d8004001c000e5
00010021027ea00004fd4a800040020000e5
000100240280f65805821bd80040024000e5
000100260284837406105e280029028000e5
ffff002602877fa400e8070c0040000000e5
ffff00220282f288017e64de0040004000e5
ffff0021027ffa94020803bc0040008000e5
00000020027de000028a7340004000c000e5
0000001f027ca0000308b7e40040010000e5
0000001f027c20000384dc8c0040014000e5
0000001f027c40000400a1300040018000e5
00000020027d0000047d85d8004001c000e5
00010021027ea00004fd4a800040020000e5
000100240280f65805821bd80040024000e5
000100260284837406105e280029028000e5
ffff00260289a00000e8070c0040000000e6
ffff002202851288017e64de0040004000e6
ffff002102820000020803bc0040008000e6
00000020027fe000028a7340004000c000e6
0000001f027ea0000308b7e40040010000e6
0000001f027e20000384dc8c0040014000e6
0000001f027e40000400a1300040018000e6
00000020027f1c20047d85d8004001c000e6
000100210280a93c04fd4a800040020000e6
000100240283200005821bd80040024000e6
000100260286c37406105e280029028000e6
ffff00260289a00000e8070c0040000000e6
ffff002202851288017e64de0040004000e6
ffff002102820000020803bc0040008000e6
00000020027fe000028a7340004000c000e6
0000001f027ea0000308b7e40040010000e6
0000001f027e20000384dc8c0040014000e6
0000001f027e40000400a1300040018000e6
00000020027f1c20047d85d8004001c000e6
000100210280a93c04fd4a800040020000e6
000100240283200005821bd80040024000e6
000100260286c37406105e280029028000e6
ffff00260289a00000e8070c0040000000e6
ffff002202851288017e64de0040004000e6
ffff002102820000020803bc0040008000e6
00000020027fe000028a7340004000c000e6
0000001f027ea0000308b7e40040010000e6
0000001f027e20000384dc8c0040014000e6
0000001f027e40000400a1300040018000e6
00000020027f1c20047d85d8004001c000e6
000100210280a93c04fd4a800040020000e6
000100240283200005821bd80040024000e6
000100260286c37406105e280029028000e6
ffff00260289a00000e8070c0040000000e6
ffff002202851288017e64de0040004000e6
ffff002102820000020803bc0040008000e6
00000020027fe000028a7340004000c000e6
0000001f027ea0000308b7e40040010000e6
0000001f027e20000384dc8c0040014000e6
0000001f027e40000400a1300040018000e6
00000020027f1c20047d85d8004001c000e6
000100210280a93c04fd4a800040020000e6
000100240283200005821bd80040024000e6
000100260286c37406105e280029028000e6
ffff00260289a00000e8070c0040000000e6
ffff002202851288017e64de0040004000e6
ffff002102820000020803bc0040008000e6
00000020027fe000028a7340004000c000e6
0000001f027ea0000308b7e40040010000e6
0000001f027e20000384dc8c0040014000e6
0000001f027e40000400a1300040018000e6
00000020027f1c20047d85d8004001c000e6
000100210280a93c04fd4a800040020000e6
000100240283200005821bd80040024000e6
000100260286c37406105e280029028000e6
ffff00260289a00000e8070c0040000000e6
ffff002202851288017e64de0040004000e6
ffff002102820000020803bc0040008000e6
00000020027fe000028a7340004000c000e6
0000001f027ea0000308b7e40040010000e6
0000001f027e20000384dc8c0040014000e6
0000001f027e40000400a1300040018000e6
00000020027f1c20047d85d8004001c000e6
000100210280a93c04fd4a800040020000e6
000100240283200005821bd80040024000e6
000100260286c37406105e280029028000e6
ffff0026028be05c00e8070c0040000000e7
ffff002202875288017e77660040004000e7
ffff002102842000020823bc0040008000e7
000000200281f850028a7340004000c000e7
0000001f0280c0000308b7e40040010000e7
0000001f028020000384dc8c0040014000e7
0000001f02804f040400a1300040018000e7
0000002002812000047d81f8004001c000e7
000100210282c00004fd33c00040020000e7
000100240285365805821bd80040024000e7
000100260288e37406105e280029028000e7
ffff0026028be05c00e8070c0040000000e7
ffff002202875288017e77660040004000e7
ffff002102842000020823bc0040008000e7
000000200281f850028a7340004000c000e7
0000001f0280c0000308b7e40040010000e7
0000001f028020000384dc8c0040014000e7
0000001f02804f040400a1300040018000e7
0000002002812000047d81f8004001c000e7
000100210282c00004fd33c00040020000e7
000100240285365805821bd80040024000e7
000100260288e37406105e280029028000e7
ffff0026028be05c00e8070c0040000000e7
ffff002202875288017e77660040004000e7
ffff002102842000020823bc0040008000e7
000000200281f850028a7340004000c000e7
0000001f0280c0000308b7e40040010000e7
0000001f028020000384dc8c0040014000e7
0000001f02804f040400a1300040018000e7
0000002002812000047d81f8004001c000e7
000100210282c00004fd33c00040020000e7
000100240285365805821bd80040024000e7
000100260288e37406105e280029028000e7
ffff0026028be05c00e8070c0040000000e7
ffff002202875288017e77660040004000e7
ffff002102842000020823bc0040008000e7
000000200281f850028a7340004000c000e7
0000001f0280c0000308b7e40040010000e7
0000001f028020000384dc8c0040014000e7
0000001f02804f040400a1300040018000e7
0000002002812000047d81f8004001c000e7
000100210282c00004fd33c00040020000e7
000100240285365805821bd80040024000e7
000100260288e37406105e280029028000e7
ffff0026028be05c00e8070c0040000000e7
ffff002202875288017e77660040004000e7
ffff002102842000020823bc0040008000e7
000000200281f850028a7340004000c000e7
0000001f0280c0000308b7e40040010000e7
0000001f028020000384dc8c0040014000e7
0000001f02804f040400a1300040018000e7
0000002002812000047d81f8004001c000e7
000100210282c00004fd33c00040020000e7
000100240285365805821bd80040024000e7
000100260288e37406105e280029028000e7
ffff0026028be05c00e8070c0040000000e7
ffff002202875288017e77660040004000e7
ffff002102842000020823bc0040008000e7
000000200281f850028a7340004000c000e7
0000001f0280c0000308b7e40040010000e7
0000001f028020000384dc8c0040014000e7
0000001f02804f040400a1300040018000e7
0000002002812000047d81f8004001c000e7
000100210282c00004fd33c00040020000e7
000100240285365805821bd80040024000e7
000100260288e37406105e280029028000e7
ffff0026028e5fa400e8070c0040000000e8
ffff002202897288017e77660040004000e8
ffff00210286256c020823bc0040008000e8
0000002002840000028a7340004000c000e8
0000001f0282c0000308b7e40040010000e8
0000001f028220000384dc8c0040014000e8
0000001f028260000400a1300040018000e8
0000002002833c20047d81f8004001c000e8
000100210284c00004fd33c00040020000e8
000100240287600005821bd80040024000e8
00010026028b200006105ab80029028000e8
ffff0026028e5fa400e8070c0040000000e8
ffff002202897288017e77660040004000e8
ffff00210286256c020823bc0040008000e8
0000002002840000028a7340004000c000e8
0000001f0282c0000308b7e40040010000e8
0000001f028220000384dc8c0040014000e8
0000001f028260000400a1300040018000e8
0000002002833c20047d81f8004001c000e8
000100210284c00004fd33c00040020000e8
000100240287600005821bd80040024000e8
00010026028b200006105ab80029028000e8
ffff0026028e5fa400e8070c0040000000e8
ffff002202897288017e77660040004000e8
ffff00210286256c020823bc0040008000e8
0000002002840000028a7340004000c000e8
0000001f0282c0000308b7e40040010000e8
0000001f028220000384dc8c0040014000e8
0000001f028260000400a1300040018000e8
0000002002833c20047d81f8004001c000e8
000100210284c00004fd33c00040020000e8
000100240287600005821bd80040024000e8
00010026028b200006105ab80029028000e8
ffff0026028e5fa400e8070c0040000000e8
ffff002202897288017e77660040004000e8
ffff00210286256c020823bc0040008000e8
0000002002840000028a7340004000c000e8
0000001f0282c0000308b7e40040010000e8
0000001f028220000384dc8c0040014000e8
0000001f028260000400a1300040018000e8
0000002002833c20047d81f8004001c000e8
000100210284c00004fd33c00040020000e8
000100240287600005821bd80040024000e8
00010026028b200006105ab80029028000e8
ffff0026028e5fa400e8070c0040000000e8
ffff002202897288017e77660040004000e8
ffff00210286256c020823bc0040008000e8
0000002002840000028a7340004000c000e8
0000001f0282c0000308b7e40040010000e8
0000001f028220000384dc8c0040014000e8
0000001f028260000400a1300040018000e8
0000002002833c20047d81f8004001c000e8
000100210284c00004fd33c00040020000e8
000100240287600005821bd80040024000e8
00010026028b200006105ab80029028000e8
ffff0026028e5fa400e8070c0040000000e8
ffff002202897288017e77660040004000e8
ffff00210286256c020823bc0040008000e8
0000002002840000028a7340004000c000e8
0000001f0282c0000308b7e40040010000e8
0000001f028220000384dc8c0040014000e8
0000001f028260000400a1300040018000e8
0000002002833c20047d81f8004001c000e8
000100210284c00004fd33c00040020000e8
000100240287600005821bd80040024000e8
00010026028b200006105ab80029028000e8
ffff002602909fa400e826b20040000000e9
ffff0022028bb288017e84de0040004000e9
ffff002102886000020823bc0040008000e9
0000002002862000028a7340004000c000e9
0000001f0284c0000308b7e40040010000e9
0000001f028420000384dc8c0040014000e9
0000001f028460000400a1300040018000e9
0000002002854000047d81f8004001c000e9
000100210286e00004fd33c00040020000e9
000100240289965805821bd80040024000e9
00010026028d637406105ab80029028000e9
ffff002602909fa400e826b20040000000e9
ffff0022028bb288017e84de0040004000e9
ffff002102886000020823bc0040008000e9
0000002002862000028a7340004000c000e9
0000001f0284c0000308b7e40040010000e9
0000001f028420000384dc8c0040014000e9
0000001f028460000400a1300040018000e9
0000002002854000047d81f8004001c000e9
000100210286e00004fd33c00040020000e9
000100240289965805821bd80040024000e9
00010026028d637406105ab80029028000e9
ffff002602909fa400e826b20040000000e9
ffff0022028bb288017e84de0040004000e9
ffff002102886000020823bc0040008000e9
0000002002862000028a7340004000c000e9
0000001f0284c0000308b7e40040010000e9
0000001f028420000384dc8c0040014000e9
0000001f028460000400a1300040018000e9
0000002002854000047d81f8004001c000e9
000100210286e00004fd33c00040020000e9
000100240289965805821bd80040024000e9
00010026028d637406105ab80029028000e9
ffff002602909fa400e826b20040000000e9
ffff0022028bb288017e84de0040004000e9
ffff002102886000020823bc0040008000e9
0000002002862000028a7340004000c000e9
0000001f0284c0000308b7e40040010000e9
0000001f028420000384dc8c0040014000e9
0000001f028460000400a1300040018000e9
0000002002854000047d81f8004001c000e9
000100210286e00004fd33c00040020000e9
000100240289965805821bd80040024000e9
00010026028d637406105ab80029028000e9
ffff002602909fa400e826b20040000000e9
ffff0022028bb288017e84de0040004000e9
ffff002102886000020823bc0040008000e9
0000002002862000028a7340004000c000e9
0000001f0284c0000308b7e40040010000e9
0000001f028420000384dc8c0040014000e9
0000001f028460000400a1300040018000e9
0000002002854000047d81f8004001c000e9
000100210286e00004fd33c00040020000e9
000100240289965805821bd80040024000e9
00010026028d637406105ab80029028000e9
ffff002602909fa400e826b20040000000e9
ffff0022028bb288017e84de0040004000e9
ffff002102886000020823bc0040008000e9
0000002002862000028a7340004000c000e9
0000001f0284c0000308b7e40040010000e9
0000001f028420000384dc8c0040014000e9
0000001f028460000400a1300040018000e9
0000002002854000047d81f8004001c000e9
000100210286e00004fd33c00040020000e9
000100240289965805821bd80040024000e9
00010026028d637406105ab80029028000e9
ffff00260292dfa400e826b20040000000ea
ffff0022028dd288017e84de0040004000ea
ffff0021028a6000020823bc0040008000ea
0000002002882000028a7340004000c000ea
0000001f0286e0000308b7e40040010000ea
0000001f028640000384dc8c0040014000ea
0000001f028660000400a1300040018000ea
0000002002874000047d81f8004001c000ea
000100210288f6c404fd2a800040020000ea
00010024028ba00005821bd80040024000ea
00010026028fa00006105ab80029028000ea
ffff00260292dfa400e826b20040000000ea
ffff0022028dd288017e84de0040004000ea
ffff0021028a6000020823bc0040008000ea
0000002002882000028a7340004000c000ea
0000001f0286e0000308b7e40040010000ea
0000001f028640000384dc8c0040014000ea
0000001f028660000400a1300040018000ea
0000002002874000047d81f8004001c000ea
000100210288f6c404fd2a800040020000ea
00010024028ba00005821bd80040024000ea
00010026028fa00006105ab80029028000ea
ffff00260292dfa400e826b20040000000ea
ffff0022028dd288017e84de0040004000ea
ffff0021028a6000020823bc0040008000ea
0000002002882000028a7340004000c000ea
0000001f0286e0000308b7e40040010000ea
0000001f028640000384dc8c0040014000ea
0000001f028660000400a1300040018000ea
0000002002874000047d81f8004001c000ea
000100210288f6c404fd2a800040020000ea
00010024028ba00005821bd80040024000ea
00010026028fa00006105ab80029028000ea
ffff00260292dfa400e826b20040000000ea
ffff0022028dd288017e84de0040004000ea
ffff0021028a6000020823bc0040008000ea
0000002002882000028a7340004000c000ea
0000001f0286e0000308b7e40040010000ea
0000001f028640000384dc8c0040014000ea
0000001f028660000400a1300040018000ea
0000002002874000047d81f8004001c000ea
000100210288f6c404fd2a800040020000ea
00010024028ba00005821bd80040024000ea
00010026028fa00006105ab80029028000ea
ffff00260292dfa400e826b20040000000ea
ffff0022028dd288017e84de0040004000ea
ffff0021028a6000020823bc0040008000ea
0000002002882000028a7340004000c000ea
0000001f0286e0000308b7e40040010000ea
0000001f028640000384dc8c0040014000ea
0000001f028660000400a1300040018000ea
0000002002874000047d81f8004001c000ea
000100210288f6c404fd2a800040020000ea
00010024028ba00005821bd80040024000ea
00010026028fa00006105ab80029028000ea
ffff00260292dfa400e826b20040000000ea
ffff0022028dd288017e84de0040004000ea
ffff0021028a6000020823bc0040008000ea
0000002002882000028a7340004000c000ea
0000001f0286e0000308b7e40040010000ea
0000001f028640000384dc8c0040014000ea
0000001f028660000400a1300040018000ea
0000002002874000047d81f8004001c000ea
000100210288f6c404fd2a800040020000ea
00010024028ba00005821bd80040024000ea
00010026028fa00006105ab80029028000ea
ffff002602953fa400e826b20040000000eb
ffff002202900000017e84de0040004000eb
ffff0021028c8000020823bc0040008000eb
00000020028a2000028a7aec004000c000eb
0000001f0288e0000308b7e40040010000eb
0000001f028840000384dc8c0040014000eb
0000001f028860000400a1300040018000eb
00000020028943e0047d81f8004001c000eb
00010021028b000004fd2a800040020000eb
00010024028db65805821bd80040024000eb
000100260291e37406105ab80029028000eb
ffff002602953fa400e826b20040000000eb
ffff002202900000017e84de0040004000eb
ffff0021028c8000020823bc0040008000eb
00000020028a2000028a7aec004000c000eb
0000001f0288e0000308b7e40040010000eb
0000001f028840000384dc8c0040014000eb
0000001f028860000400a1300040018000eb
00000020028943e0047d81f8004001c000eb
00010021028b000004fd2a800040020000eb
00010024028db65805821bd80040024000eb
000100260291e37406105ab80029028000eb
ffff002602953fa400e826b20040000000eb
ffff002202900000017e84de0040004000eb
ffff0021028c8000020823bc0040008000eb
00000020028a2000028a7aec004000c000eb
0000001f0288e0000308b7e40040010000eb
0000001f028840000384dc8c0040014000eb
0000001f028860000400a1300040018000eb
00000020028943e0047d81f8004001c000eb
00010021028b000004fd2a800040020000eb
00010024028db65805821bd80040024000eb
000100260291e37406105ab80029028000eb
ffff002602953fa400e826b20040000000eb
ffff002202900000017e84de0040004000eb
ffff0021028c8000020823bc0040008000eb
00000020028a2000028a7aec004000c000eb
0000001f0288e0000308b7e40040010000eb
0000001f028840000384dc8c0040014000eb
0000001f028860000400a1300040018000eb
00000020028943e0047d81f8004001c000eb
00010021028b000004fd2a800040020000eb
00010024028db65805821bd80040024000eb
000100260291e37406105ab80029028000eb
ffff002602953fa400e826b20040000000eb
ffff002202900000017e84de0040004000eb
ffff0021028c8000020823bc0040008000eb
00000020028a2000028a7aec004000c000eb
0000001f0288e0000308b7e40040010000eb
0000001f028840000384dc8c0040014000eb
0000001f028860000400a1300040018000eb
00000020028943e0047d81f8004001c000eb
00010021028b000004fd2a800040020000eb
00010024028db65805821bd80040024000eb
000100260291e37406105ab80029028000eb
ffff002602953fa400e826b20040000000eb
ffff002202900000017e84de0040004000eb
ffff0021028c8000020823bc0040008000eb
00000020028a2000028a7aec004000c000eb
0000001f0288e0000308b7e40040010000eb
0000001f028840000384dc8c0040014000eb
0000001f028860000400a1300040018000eb
00000020028943e0047d81f8004001c000eb
00010021028b000004fd2a800040020000eb
00010024028db65805821bd80040024000eb
000100260291e37406105ab80029028000eb
ffff002602977fa400e826b20040000000ec
ffff002202924000017e84de0040004000ec
ffff0021028ea56c020823bc0040008000ec
00000020028c4000028a7aec004000c000ec
0000001f028ac0000308b7e40040010000ec
0000001f028a40000384dc8c0040014000ec
0000001f028a6f040400a1300040018000ec
00000020028b4000047d81f8004001c000ec
00010021028d093c04fd2a800040020000ec
00010024028fe0000581fbd80040024000ec
000100260294200006105ab80029028000ec
ffff002602977fa400e826b20040000000ec
ffff002202924000017e84de0040004000ec
ffff0021028ea56c020823bc0040008000ec
00000020028c4000028a7aec004000c000ec
0000001f028ac0000308b7e40040010000ec
0000001f028a40000384dc8c0040014000ec
0000001f028a6f040400a1300040018000ec
00000020028b4000047d81f8004001c000ec
00010021028d093c04fd2a800040020000ec
00010024028fe0000581fbd80040024000ec
000100260294200006105ab80029028000ec
ffff002602977fa400e826b20040000000ec
ffff002202924000017e84de0040004000ec
ffff0021028ea56c020823bc0040008000ec
00000020028c4000028a7aec004000c000ec
0000001f028ac0000308b7e40040010000ec
0000001f028a40000384dc8c0040014000ec
0000001f028a6f040400a1300040018000ec
00000020028b4000047d81f8004001c000ec
00010021028d093c04fd2a800040020000ec
00010024028fe0000581fbd80040024000ec
000100260294200006105ab80029028000ec
ffff002602977fa400e826b20040000000ec
ffff002202924000017e84de0040004000ec
ffff0021028ea56c020823bc0040008000ec
00000020028c4000028a7aec004000c000ec
0000001f028ac0000308b7e40040010000ec
0000001f028a40000384dc8c0040014000ec
0000001f028a6f040400a1300040018000ec
00000020028b4000047d81f8004001c000ec
00010021028d093c04fd2a800040020000ec
00010024028fe0000581fbd80040024000ec
000100260294200006105ab80029028000ec
ffff002602977fa400e826b20040000000ec
ffff002202924000017e84de0040004000ec
ffff0021028ea56c020823bc0040008000ec
00000020028c4000028a7aec004000c000ec
0000001f028ac0000308b7e40040010000ec
0000001f028a40000384dc8c0040014000ec
0000001f028a6f040400a1300040018000ec
00000020028b4000047d81f8004001c000ec
00010021028d093c04fd2a800040020000ec
00010024028fe0000581fbd80040024000ec
000100260294200006105ab80029028000ec
ffff002602977fa400e826b20040000000ec
ffff002202924000017e84de0040004000ec
ffff0021028ea56c020823bc0040008000ec
00000020028c4000028a7aec004000c000ec
0000001f028ac0000308b7e40040010000ec
0000001f028a40000384dc8c0040014000ec
0000001f028a6f040400a1300040018000ec
00000020028b4000047d81f8004001c000ec
00010021028d093c04fd2a800040020000ec
00010024028fe0000581fbd80040024000ec
000100260294200006105ab80029028000ec
ffff00260299bfa400e8270c0040000000ed
ffff002202946d78017e84de0040004000ed
ffff00210290a56c020823bc0040008000ed
00000020028e5850028a7aec004000c000ed
0000001f028ccb340308b7e40040010000ed
0000001f028c40000384dc8c0040014000ed
0000001f028c70fc0400a1300040018000ed
00000020028d5c20047d81f8004001c000ed
00010021028f293c04fd2a800040020000ed
00010024029200000581fbd80040024000ed
000100260296437406103e280029028000ed
ffff00260299bfa400e8270c0040000000ed
ffff002202946d78017e84de0040004000ed
ffff00210290a56c020823bc0040008000ed
00000020028e5850028a7aec004000c000ed
0000001f028ccb340308b7e40040010000ed
0000001f028c40000384dc8c0040014000ed
0000001f028c70fc0400a1300040018000ed
00000020028d5c20047d81f8004001c000ed
00010021028f293c04fd2a800040020000ed
00010024029200000581fbd80040024000ed
000100260296437406103e280029028000ed
ffff00260299bfa400e8270c0040000000ed
ffff002202946d78017e84de0040004000ed
ffff00210290a56c020823bc0040008000ed
00000020028e5850028a7aec004000c000ed
0000001f028ccb340308b7e40040010000ed
0000001f028c40000384dc8c0040014000ed
0000001f028c70fc0400a1300040018000ed
00000020028d5c20047d81f8004001c000ed
00010021028f293c04fd2a800040020000ed
00010024029200000581fbd80040024000ed
000100260296437406103e280029028000ed
ffff00260299bfa400e8270c0040000000ed
ffff002202946d78017e84de0040004000ed
ffff00210290a56c020823bc0040008000ed
00000020028e5850028a7aec004000c000ed
0000001f028ccb340308b7e40040010000ed
0000001f028c40000384dc8c0040014000ed
0000001f028c70fc0400a1300040018000ed
00000020028d5c20047d81f8004001c000ed
00010021028f293c04fd2a800040020000ed
00010024029200000581fbd80040024000ed
000100260296437406103e280029028000ed
ffff00260299bfa400e8270c0040000000ed
ffff002202946d78017e84de0040004000ed
ffff00210290a56c020823bc0040008000ed
00000020028e5850028a7aec004000c000ed
0000001f028ccb340308b7e40040010000ed
0000001f028c40000384dc8c0040014000ed
0000001f028c70fc0400a1300040018000ed
00000020028d5c20047d81f8004001c000ed
00010021028f293c04fd2a800040020000ed
00010024029200000581fbd80040024000ed
000100260296437406103e280029028000ed
ffff00260299bfa400e8270c0040000000ed
ffff002202946d78017e84de0040004000ed
ffff00210290a56c020823bc0040008000ed
00000020028e5850028a7aec004000c000ed
0000001f028ccb340308b7e40040010000ed
0000001f028c40000384dc8c0040014000ed
0000001f028c70fc0400a1300040018000ed
00000020028d5c20047d81f8004001c000ed
00010021028f293c04fd2a800040020000ed
00010024029200000581fbd80040024000ed
000100260296437406103e280029028000ed
ffff0026029c000000e8270c0040000000ee
ffff002202968000017e97660040004000ee
ffff00210292e000020823bc0040008000ee
0000002002906000028a7aec004000c000ee
0000001f028ee0000308b7e40040010000ee
0000001f028e40000384dc8c0040014000ee
0000001f028e60000400a1300040018000ee
00000020028f6000047d81f8004001c000ee
000100210291400004fd2a800040020000ee
00010024029420000581fbd80040024000ee
000100260298800006103e280029028000ee
ffff0026029c000000e8270c0040000000ee
ffff002202968000017e97660040004000ee
ffff00210292e000020823bc0040008000ee
0000002002906000028a7aec004000c000ee
0000001f028ee0000308b7e40040010000ee
0000001f028e40000384dc8c0040014000ee
0000001f028e60000400a1300040018000ee
00000020028f6000047d81f8004001c000ee
000100210291400004fd2a800040020000ee
00010024029420000581fbd80040024000ee
000100260298800006103e280029028000ee
ffff0026029c000000e8270c0040000000ee
ffff002202968000017e97660040004000ee
ffff00210292e000020823bc0040008000ee
0000002002906000028a7aec004000c000ee
0000001f028ee0000308b7e40040010000ee
0000001f028e40000384dc8c0040014000ee
0000001f028e60000400a1300040018000ee
00000020028f6000047d81f8004001c000ee
000100210291400004fd2a800040020000ee
00010024029420000581fbd80040024000ee
000100260298800006103e280029028000ee
ffff0026029c000000e8270c0040000000ee
ffff002202968000017e97660040004000ee
ffff00210292e000020823bc0040008000ee
0000002002906000028a7aec004000c000ee
0000001f028ee0000308b7e40040010000ee
0000001f028e40000384dc8c0040014000ee
0000001f028e60000400a1300040018000ee
00000020028f6000047d81f8004001c000ee
000100210291400004fd2a800040020000ee
00010024029420000581fbd80040024000ee
000100260298800006103e280029028000ee
ffff0026029c000000e8270c0040000000ee
ffff002202968000017e97660040004000ee
ffff00210292e000020823bc0040008000ee
0000002002906000028a7aec004000c000ee
0000001f028ee0000308b7e40040010000ee
0000001f028e40000384dc8c0040014000ee
0000001f028e60000400a1300040018000ee
00000020028f6000047d81f8004001c000ee
000100210291400004fd2a800040020000ee
00010024029420000581fbd80040024000ee
000100260298800006103e280029028000ee
ffff0026029c000000e8270c0040000000ee
ffff002202968000017e97660040004000ee
ffff00210292e000020823bc0040008000ee
0000002002906000028a7aec004000c000ee
0000001f028ee0000308b7e40040010000ee
0000001f028e40000384dc8c0040014000ee
0000001f028e60000400a1300040018000ee
00000020028f6000047d81f8004001c000ee
000100210291400004fd2a800040020000ee
00010024029420000581fbd80040024000ee
000100260298800006103e280029028000ee
ffff0026029e7fa400e8270c0040000000ef
ffff00220298d288017e97660040004000ef
ffff002102950000020843bc0040008000ef
0000002002926000028a7aec004000c000ef
0000001f0290e0000308b7e40040010000ef
0000001f029040000384faa40040014000ef
0000001f029060000400a1300040018000ef
0000002002916000047d81f8004001c000ef
000100210293400004fd13c00040020000ef
00010024029656580581fbd80040024000ef
00020026029ac37406103ab80029028000ef
ffff0026029e7fa400e8270c0040000000ef
ffff00220298d288017e97660040004000ef
ffff002102950000020843bc0040008000ef
0000002002926000028a7aec004000c000ef
0000001f0290e0000308b7e40040010000ef
0000001f029040000384faa40040014000ef
0000001f029060000400a1300040018000ef
0000002002916000047d81f8004001c000ef
000100210293400004fd13c00040020000ef
00010024029656580581fbd80040024000ef
00020026029ac37406103ab80029028000ef
ffff0026029e7fa400e8270c0040000000ef
ffff00220298d288017e97660040004000ef
ffff002102950000020843bc0040008000ef
0000002002926000028a7aec004000c000ef
0000001f0290e0000308b7e40040010000ef
0000001f029040000384faa40040014000ef
0000001f029060000400a1300040018000ef
0000002002916000047d81f8004001c000ef
000100210293400004fd13c00040020000ef
00010024029656580581fbd80040024000ef
00020026029ac37406103ab80029028000ef
ffff0026029e7fa400e8270c0040000000ef
ffff00220298d288017e97660040004000ef
ffff002102950000020843bc0040008000ef
0000002002926000028a7aec004000c000ef
0000001f0290e0000308b7e40040010000ef
0000001f029040000384faa40040014000ef
0000001f029060000400a1300040018000ef
0000002002916000047d81f8004001c000ef
000100210293400004fd13c00040020000ef
00010024029656580581fbd80040024000ef
00020026029ac37406103ab80029028000ef
ffff0026029e7fa400e8270c0040000000ef
ffff00220298d288017e97660040004000ef
ffff002102950000020843bc0040008000ef
0000002002926000028a7aec004000c000ef
0000001f0290e0000308b7e40040010000ef
0000001f029040000384faa40040014000ef
0000001f029060000400a1300040018000ef
0000002002916000047d81f8004001c000ef
000100210293400004fd13c00040020000ef
00010024029656580581fbd80040024000ef
00020026029ac37406103ab80029028000ef
ffff0026029e7fa400e8270c0040000000ef
ffff00220298d288017e97660040004000ef
ffff002102950000020843bc0040008000ef
0000002002926000028a7aec004000c000ef
0000001f0290e0000308b7e40040010000ef
0000001f029040000384faa40040014000ef
0000001f029060000400a1300040018000ef
0000002002916000047d81f8004001c000ef
000100210293400004fd13c00040020000ef
00010024029656580581fbd80040024000ef
00020026029ac37406103ab80029028000ef
ffff002602a09fa400e846b20040000000f0
ffff0022029af288017ea4de0040004000f0
ffff00210297056c020843bc0040008000f0
0000002002947850028a9340004000c000f0
0000001f0292eb340308b7e40040010000f0
0000001f029240000384faa40040014000f0
0000001f029260000400a1300040018000f0
0000002002938000047d65d8004001c000f0
000100210295600004fd13c00040020000f0
00010024029860000581fbd80040024000f0
00020026029d000006103ab80029028000f0
ffff002602a09fa400e846b20040000000f0
ffff0022029af288017ea4de0040004000f0
ffff00210297056c020843bc0040008000f0
0000002002947850028a9340004000c000f0
0000001f0292eb340308b7e40040010000f0
0000001f029240000384faa40040014000f0
0000001f029260000400a1300040018000f0
0000002002938000047d65d8004001c000f0
000100210295600004fd13c00040020000f0
00010024029860000581fbd80040024000f0
00020026029d000006103ab80029028000f0
ffff002602a09fa400e846b20040000000f0
ffff0022029af288017ea4de0040004000f0
ffff00210297056c020843bc0040008000f0
0000002002947850028a9340004000c000f0
0000001f0292eb340308b7e40040010000f0
0000001f029240000384faa40040014000f0
0000001f029260000400a1300040018000f0
0000002002938000047d65d8004001c000f0
000100210295600004fd13c00040020000f0
00010024029860000581fbd80040024000f0
00020026029d000006103ab80029028000f0
ffff002602a09fa400e846b20040000000f0
ffff0022029af288017ea4de0040004000f0
ffff00210297056c020843bc0040008000f0
0000002002947850028a9340004000c000f0
0000001f0292eb340308b7e40040010000f0
0000001f029240000384faa40040014000f0
0000001f029260000400a1300040018000f0
0000002002938000047d65d8004001c000f0
000100210295600004fd13c00040020000f0
00010024029860000581fbd80040024000f0
00020026029d000006103ab80029028000f0
ffff002602a09fa400e846b20040000000f0
ffff0022029af288017ea4de0040004000f0
ffff00210297056c020843bc0040008000f0
0000002002947850028a9340004000c000f0
0000001f0292eb340308b7e40040010000f0
0000001f029240000384faa40040014000f0
0000001f029260000400a1300040018000f0
0000002002938000047d65d8004001c000f0
000100210295600004fd13c00040020000f0
00010024029860000581fbd80040024000f0
00020026029d000006103ab80029028000f0
ffff002602a09fa400e846b20040000000f0
ffff0022029af288017ea4de0040004000f0
ffff00210297056c020843bc0040008000f0
0000002002947850028a9340004000c000f0
0000001f0292eb340308b7e40040010000f0
0000001f029240000384faa40040014000f0
0000001f029260000400a1300040018000f0
0000002002938000047d65d8004001c000f0
000100210295600004fd13c00040020000f0
00010024029860000581fbd80040024000f0
00020026029d000006103ab80029028000f0
ffff002602a2e00000e846b20040000000f1
ffff0022029d3288017ea4de0040004000f1
ffff00210299256c020843bc0040008000f1
0000002002968000028a9340004000c000f1
0000001f029500000308c3180040010000f1
0000001f029460000384fc8c0040014000f1
0000001f029460000400a1300040018000f1
0000002002958000047d65d8004001c000f1
000100210297800004fd13c00040020000f1
00010024029a96580581fbd80040024000f1
00020026029f237406103ab80029028000f1
ffff002602a2e00000e846b20040000000f1
ffff0022029d3288017ea4de0040004000f1
ffff00210299256c020843bc0040008000f1
0000002002968000028a9340004000c000f1
0000001f029500000308c3180040010000f1
0000001f029460000384fc8c0040014000f1
0000001f029460000400a1300040018000f1
0000002002958000047d65d8004001c000f1
000100210297800004fd13c00040020000f1
00010024029a96580581fbd80040024000f1
00020026029f237406103ab80029028000f1
ffff002602a2e00000e846b20040000000f1
ffff0022029d3288017ea4de0040004000f1
ffff00210299256c020843bc0040008000f1
0000002002968000028a9340004000c000f1
0000001f029500000308c3180040010000f1
0000001f029460000384fc8c0040014000f1
0000001f029460000400a1300040018000f1
0000002002958000047d65d8004001c000f1
000100210297800004fd13c00040020000f1
00010024029a96580581fbd80040024000f1
00020026029f237406103ab80029028000f1
ffff002602a2e00000e846b20040000000f1
ffff0022029d3288017ea4de0040004000f1
ffff00210299256c020843bc0040008000f1
0000002002968000028a9340004000c000f1
0000001f029500000308c3180040010000f1
0000001f029460000384fc8c0040014000f1
0000001f029460000400a1300040018000f1
0000002002958000047d65d8004001c000f1
000100210297800004fd13c00040020000f1
00010024029a96580581fbd80040024000f1
00020026029f237406103ab80029028000f1
ffff002602a2e00000e846b20040000000f1
ffff0022029d3288017ea4de0040004000f1
ffff00210299256c020843bc0040008000f1
0000002002968000028a9340004000c000f1
0000001f029500000308c3180040010000f1
0000001f029460000384fc8c0040014000f1
0000001f029460000400a1300040018000f1
0000002002958000047d65d8004001c000f1
000100210297800004fd13c00040020000f1
00010024029a96580581fbd80040024000f1
00020026029f237406103ab80029028000f1
ffff002602a2e00000e846b20040000000f1
ffff0022029d3288017ea4de0040004000f1
ffff00210299256c020843bc0040008000f1
0000002002968000028a9340004000c000f1
0000001f029500000308c3180040010000f1
0000001f029460000384fc8c0040014000f1
0000001f029460000400a1300040018000f1
0000002002958000047d65d8004001c000f1
000100210297800004fd13c00040020000f1
00010024029a96580581fbd80040024000f1
00020026029f237406103ab80029028000f1
ffff002602a53fa400e846b20040000000f2
ffff0022029f5288017ea4de0040004000f2
ffff0021029b4000020843bc0040008000f2
000000200298a000028a9340004000c000f2
0000001f029700000308c3180040010000f2
0000001f029660000384fc8c0040014000f2
0000001f029680000400a1300040018000f2
0001002002977c20047d65d8004001c000f2
00010021029996c404fd13c00040020000f2
00010024029ca0000581fbd80040024000f2
0002002602a1637406103ab80029028000f2
ffff002602a53fa400e846b20040000000f2
ffff0022029f5288017ea4de0040004000f2
ffff0021029b4000020843bc0040008000f2
000000200298a000028a9340004000c000f2
0000001f029700000308c3180040010000f2
0000001f029660000384fc8c0040014000f2
0000001f029680000400a1300040018000f2
0001002002977c20047d65d8004001c000f2
00010021029996c404fd13c00040020000f2
00010024029ca0000581fbd80040024000f2
0002002602a1637406103ab80029028000f2
ffff002602a53fa400e846b20040000000f2
ffff0022029f5288017ea4de0040004000f2
ffff0021029b4000020843bc0040008000f2
000000200298a000028a9340004000c000f2
0000001f029700000308c3180040010000f2
0000001f029660000384fc8c0040014000f2
0000001f029680000400a1300040018000f2
0001002002977c20047d65d8004001c000f2
00010021029996c404fd13c00040020000f2
00010024029ca0000581fbd80040024000f2
0002002602a1637406103ab80029028000f2
ffff002602a53fa400e846b20040000000f2
ffff0022029f5288017ea4de0040004000f2
ffff0021029b4000020843bc0040008000f2
000000200298a000028a9340004000c000f2
0000001f029700000308c3180040010000f2
0000001f029660000384fc8c0040014000f2
0000001f029680000400a1300040018000f2
0001002002977c20047d65d8004001c000f2
00010021029996c404fd13c00040020000f2
00010024029ca0000581fbd80040024000f2
0002002602a1637406103ab80029028000f2
ffff002602a53fa400e846b20040000000f2
ffff0022029f5288017ea4de0040004000f2
ffff0021029b4000020843bc0040008000f2
000000200298a000028a9340004000c000f2
0000001f029700000308c3180040010000f2
0000001f029660000384fc8c0040014000f2
0000001f029680000400a1300040018000f2
0001002002977c20047d65d8004001c000f2
00010021029996c404fd13c00040020000f2
00010024029ca0000581fbd80040024000f2
0002002602a1637406103ab80029028000f2
ffff002602a53fa400e846b20040000000f2
ffff0022029f5288017ea4de0040004000f2
ffff0021029b4000020843bc0040008000f2
000000200298a000028a9340004000c000f2
0000001f029700000308c3180040010000f2
0000001f029660000384fc8c0040014000f2
0000001f029680000400a1300040018000f2
0001002002977c20047d65d8004001c000f2
00010021029996c404fd13c00040020000f2
00010024029ca0000581fbd80040024000f2
0002002602a1637406103ab80029028000f2
fffe002602a79fa400e846b20040000000f3
ffff002202a18000017ea4de0040004000f3
ffff0021029d656c020843bc0040008000f3
00000020029aa000028a9340004000c000f3
0000001f02990b340308c3180040010000f3
0000001f029841e80384fc8c0040014000f3
0000001f029880000400a1300040018000f3
0001002002998000047d61f8004001c000f3
00010021029b893c04fd0a800040020000f3
00010024029ed6580581dbd80040024000f3
0002002602a3a00006101e280029028000f3
fffe002602a79fa400e846b20040000000f3
ffff002202a18000017ea4de0040004000f3
ffff0021029d656c020843bc0040008000f3
00000020029aa000028a9340004000c000f3
0000001f02990b340308c3180040010000f3
0000001f029841e80384fc8c0040014000f3
0000001f029880000400a1300040018000f3
0001002002998000047d61f8004001c000f3
00010021029b893c04fd0a800040020000f3
00010024029ed6580581dbd80040024000f3
0002002602a3a00006101e280029028000f3
fffe002602a79fa400e846b20040000000f3
ffff002202a18000017ea4de0040004000f3
ffff0021029d656c020843bc0040008000f3
00000020029aa000028a9340004000c000f3
0000001f02990b340308c3180040010000f3
0000001f029841e80384fc8c0040014000f3
0000001f029880000400a1300040018000f3
0001002002998000047d61f8004001c000f3
00010021029b893c04fd0a800040020000f3
00010024029ed6580581dbd80040024000f3
0002002602a3a00006101e280029028000f3
fffe002602a79fa400e846b20040000000f3
ffff002202a18000017ea4de0040004000f3
ffff0021029d656c020843bc0040008000f3
00000020029aa000028a9340004000c000f3
0000001f02990b340308c3180040010000f3
0000001f029841e80384fc8c0040014000f3
0000001f029880000400a1300040018000f3
0001002002998000047d61f8004001c000f3
00010021029b893c04fd0a800040020000f3
00010024029ed6580581dbd80040024000f3
0002002602a3a00006101e280029028000f3
fffe002602a79fa400e846b20040000000f3
ffff002202a18000017ea4de0040004000f3
ffff0021029d656c020843bc0040008000f3
00000020029aa000028a9340004000c000f3
0000001f02990b340308c3180040010000f3
0000001f029841e80384fc8c0040014000f3
0000001f029880000400a1300040018000f3
0001002002998000047d61f8004001c000f3
00010021029b893c04fd0a800040020000f3
00010024029ed6580581dbd80040024000f3
0002002602a3a00006101e280029028000f3
fffe002602a79fa400e846b20040000000f3
ffff002202a18000017ea4de0040004000f3
ffff0021029d656c020843bc0040008000f3
00000020029aa000028a9340004000c000f3
0000001f02990b340308c3180040010000f3
0000001f029841e80384fc8c0040014000f3
0000001f029880000400a1300040018000f3
0001002002998000047d61f8004001c000f3
00010021029b893c04fd0a800040020000f3
00010024029ed6580581dbd80040024000f3
0002002602a3a00006101e280029028000f3
fffe002602a9dfa400e8470c0040000000f4
ffff002202a3b288017eb7660040004000f4
ffff0021029f8000020843bc0040008000f4
00000020029ca000028a9aec004000c000f4
0000001f029b14cc0308d7e40040010000f4
0000001f029a40000384fc8c0040014000f4
0000001f029a80000400a1300040018000f4
00010020029b9c20047d61f8004001c000f4
00010021029da93c04fd0a800040020000f4
0001002402a0e9a80581dbd80040024000f4
0002002602a5c37406101e280029028000f4
fffe002602a9dfa400e8470c0040000000f4
ffff002202a3b288017eb7660040004000f4
ffff0021029f8000020843bc0040008000f4
00000020029ca000028a9aec004000c000f4
0000001f029b14cc0308d7e40040010000f4
0000001f029a40000384fc8c0040014000f4
0000001f029a80000400a1300040018000f4
00010020029b9c20047d61f8004001c000f4
00010021029da93c04fd0a800040020000f4
0001002402a0e9a80581dbd80040024000f4
0002002602a5c37406101e280029028000f4
fffe002602a9dfa400e8470c0040000000f4
ffff002202a3b288017eb7660040004000f4
ffff0021029f8000020843bc0040008000f4
00000020029ca000028a9aec004000c000f4
0000001f029b14cc0308d7e40040010000f4
0000001f029a40000384fc8c0040014000f4
0000001f029a80000400a1300040018000f4
00010020029b9c20047d61f8004001c000f4
00010021029da93c04fd0a800040020000f4
0001002402a0e9a80581dbd80040024000f4
0002002602a5c37406101e280029028000f4
fffe002602a9dfa400e8470c0040000000f4
ffff002202a3b288017eb7660040004000f4
ffff0021029f8000020843bc0040008000f4
00000020029ca000028a9aec004000c000f4
0000001f029b14cc0308d7e40040010000f4
0000001f029a40000384fc8c0040014000f4
0000001f029a80000400a1300040018000f4
00010020029b9c20047d61f8004001c000f4
00010021029da93c04fd0a800040020000f4
0001002402a0e9a80581dbd80040024000f4
0002002602a5c37406101e280029028000f4
fffe002602a9dfa400e8470c0040000000f4
ffff002202a3b288017eb7660040004000f4
ffff0021029f8000020843bc0040008000f4
00000020029ca000028a9aec004000c000f4
0000001f029b14cc0308d7e40040010000f4
0000001f029a40000384fc8c0040014000f4
0000001f029a80000400a1300040018000f4
00010020029b9c20047d61f8004001c000f4
00010021029da93c04fd0a800040020000f4
0001002402a0e9a80581dbd80040024000f4
0002002602a5c37406101e280029028000f4
fffe002602a9dfa400e8470c0040000000f4
ffff002202a3b288017eb7660040004000f4
ffff0021029f8000020843bc0040008000f4
00000020029ca000028a9aec004000c000f4
0000001f029b14cc0308d7e40040010000f4
0000001f029a40000384fc8c0040014000f4
0000001f029a80000400a1300040018000f4
00010020029b9c20047d61f8004001c000f4
00010021029da93c04fd0a800040020000f4
0001002402a0e9a80581dbd80040024000f4
0002002602a5c37406101e280029028000f4
fffe002602ac1fa400e8470c0040000000f5
ffff002202a5d288017ec4de0040004000f5
ffff002102a1856c02085e500040008000f5
00000020029ec000028a9aec004000c000f5
0000001f029d00000308d7e40040010000f5
0000001f029c40000384fc8c0040014000f5
0000001f029c8000040092300040018000f5
00010020029da000047d61f8004001c000f5
00010021029fc93c04fd0a800040020000f5
0001002402a316580581dbd80040024000f5
0002002602a8037406101ab80029028000f5
fffe002602ac1fa400e8470c0040000000f5
ffff002202a5d288017ec4de0040004000f5
ffff002102a1856c02085e500040008000f5
00000020029ec000028a9aec004000c000f5
0000001f029d00000308d7e40040010000f5
0000001f029c40000384fc8c0040014000f5
0000001f029c8000040092300040018000f5
00010020029da000047d61f8004001c000f5
00010021029fc93c04fd0a800040020000f5
0001002402a316580581dbd80040024000f5
0002002602a8037406101ab80029028000f5
fffe002602ac1fa400e8470c0040000000f5
ffff002202a5d288017ec4de0040004000f5
ffff002102a1856c02085e500040008000f5
00000020029ec000028a9aec004000c000f5
0000001f029d00000308d7e40040010000f5
0000001f029c40000384fc8c0040014000f5
0000001f029c8000040092300040018000f5
00010020029da000047d61f8004001c000f5
00010021029fc93c04fd0a800040020000f5
0001002402a316580581dbd80040024000f5
0002002602a8037406101ab80029028000f5
fffe002602ac1fa400e8470c0040000000f5
ffff002202a5d288017ec4de0040004000f5
ffff002102a1856c02085e500040008000f5
00000020029ec000028a9aec004000c000f5
0000001f029d00000308d7e40040010000f5
0000001f029c40000384fc8c0040014000f5
0000001f029c8000040092300040018000f5
00010020029da000047d61f8004001c000f5
00010021029fc93c04fd0a800040020000f5
0001002402a316580581dbd80040024000f5
0002002602a8037406101ab80029028000f5
fffe002602ac1fa400e8470c0040000000f5
ffff002202a5d288017ec4de0040004000f5
ffff002102a1856c02085e500040008000f5
00000020029ec000028a9aec004000c000f5
0000001f029d00000308d7e40040010000f5
0000001f029c40000384fc8c0040014000f5
0000001f029c8000040092300040018000f5
00010020029da000047d61f8004001c000f5
00010021029fc93c04fd0a800040020000f5
0001002402a316580581dbd80040024000f5
0002002602a8037406101ab80029028000f5
fffe002602ac1fa400e8470c0040000000f5
ffff002202a5d288017ec4de0040004000f5
ffff002102a1856c02085e500040008000f5
00000020029ec000028a9aec004000c000f5
0000001f029d00000308d7e40040010000f5
0000001f029c40000384fc8c0040014000f5
0000001f029c8000040092300040018000f5
00010020029da000047d61f8004001c000f5
00010021029fc93c04fd0a800040020000f5
0001002402a316580581dbd80040024000f5
0002002602a8037406101ab80029028000f5
fffe002602ae5fa400e8470c0040000000f6
ffff002202a7f288017ec4de0040004000f6
ffff002102a3a000020863bc0040008000f6
0000002002a0d850028a9aec004000c000f6
0000001f029f00000308d7e40040010000f6
0000001f029e40000384fc8c0040014000f6
0000001f029e8000040092300040018000f6
00010020029fa000047d61f8004001c000f6
0001002102a1c00004fd0a800040020000f6
0001002402a520000581dbd80040024000f6
0002002602aa437406101ab80029028000f6
fffe002602ae5fa400e8470c0040000000f6
ffff002202a7f288017ec4de0040004000f6
ffff002102a3a000020863bc0040008000f6
0000002002a0d850028a9aec004000c000f6
0000001f029f00000308d7e40040010000f6
0000001f029e40000384fc8c0040014000f6
0000001f029e8000040092300040018000f6
00010020029fa000047d61f8004001c000f6
0001002102a1c00004fd0a800040020000f6
0001002402a520000581dbd80040024000f6
0002002602aa437406101ab80029028000f6
fffe002602ae5fa400e8470c0040000000f6
ffff002202a7f288017ec4de0040004000f6
ffff002102a3a000020863bc0040008000f6
0000002002a0d850028a9aec004000c000f6
0000001f029f00000308d7e40040010000f6
0000001f029e40000384fc8c0040014000f6
0000001f029e8000040092300040018000f6
00010020029fa000047d61f8004001c000f6
0001002102a1c00004fd0a800040020000f6
0001002402a520000581dbd80040024000f6
0002002602aa437406101ab80029028000f6
fffe002602ae5fa400e8470c0040000000f6
ffff002202a7f288017ec4de0040004000f6
ffff002102a3a000020863bc0040008000f6
0000002002a0d850028a9aec004000c000f6
0000001f029f00000308d7e40040010000f6
0000001f029e40000384fc8c0040014000f6
0000001f029e8000040092300040018000f6
00010020029fa000047d61f8004001c000f6
0001002102a1c00004fd0a800040020000f6
0001002402a520000581dbd80040024000f6
0002002602aa437406101ab80029028000f6
fffe002602ae5fa400e8470c0040000000f6
ffff002202a7f288017ec4de0040004000f6
ffff002102a3a000020863bc0040008000f6
0000002002a0d850028a9aec004000c000f6
0000001f029f00000308d7e40040010000f6
0000001f029e40000384fc8c0040014000f6
0000001f029e8000040092300040018000f6
00010020029fa000047d61f8004001c000f6
0001002102a1c00004fd0a800040020000f6
0001002402a520000581dbd80040024000f6
0002002602aa437406101ab80029028000f6
fffe002602ae5fa400e8470c0040000000f6
ffff002202a7f288017ec4de0040004000f6
ffff002102a3a000020863bc0040008000f6
0000002002a0d850028a9aec004000c000f6
0000001f029f00000308d7e40040010000f6
0000001f029e40000384fc8c0040014000f6
0000001f029e8000040092300040018000f6
00010020029fa000047d61f8004001c000f6
0001002102a1c00004fd0a800040020000f6
0001002402a520000581dbd80040024000f6
0002002602aa437406101ab80029028000f6
fffe002602b0bf4c00e866b20040000000f7
ffff002202aa3288017ec4de0040004000f7
ffff002102a5c56c020863bc0040008000f7
0000002002a2d850028a9aec004000c000f7
0000001f02a120000308d7e40040010000f7
0000001f02a060000384fc8c0040014000f7
0000001f02a08f04040081300040018000f7
0001002002a1bc20047d61f8004001c000f7
0001002102a3e00004fcf3c00040020000f7
0001002402a756580581dbd80040024000f7
0002002602ac837406101ab80029028000f7
fffe002602b0bf4c00e866b20040000000f7
ffff002202aa3288017ec4de0040004000f7
ffff002102a5c56c020863bc0040008000f7
0000002002a2d850028a9aec004000c000f7
0000001f02a120000308d7e40040010000f7
0000001f02a060000384fc8c0040014000f7
0000001f02a08f04040081300040018000f7
0001002002a1bc20047d61f8004001c000f7
0001002102a3e00004fcf3c00040020000f7
0001002402a756580581dbd80040024000f7
0002002602ac837406101ab80029028000f7
fffe002602b0bf4c00e866b20040000000f7
ffff002202aa3288017ec4de0040004000f7
ffff002102a5c56c020863bc0040008000f7
0000002002a2d850028a9aec004000c000f7
0000001f02a120000308d7e40040010000f7
0000001f02a060000384fc8c0040014000f7
0000001f02a08f04040081300040018000f7
0001002002a1bc20047d61f8004001c000f7
0001002102a3e00004fcf3c00040020000f7
0001002402a756580581dbd80040024000f7
0002002602ac837406101ab80029028000f7
fffe002602b0bf4c00e866b20040000000f7
ffff002202aa3288017ec4de0040004000f7
ffff002102a5c56c020863bc0040008000f7
0000002002a2d850028a9aec004000c000f7
0000001f02a120000308d7e40040010000f7
0000001f02a060000384fc8c0040014000f7
0000001f02a08f04040081300040018000f7
0001002002a1bc20047d61f8004001c000f7
0001002102a3e00004fcf3c00040020000f7
0001002402a756580581dbd80040024000f7
0002002602ac837406101ab80029028000f7
fffe002602b0bf4c00e866b20040000000f7
ffff002202aa3288017ec4de0040004000f7
ffff002102a5c56c020863bc0040008000f7
0000002002a2d850028a9aec004000c000f7
0000001f02a120000308d7e40040010000f7
0000001f02a060000384fc8c0040014000f7
0000001f02a08f04040081300040018000f7
0001002002a1bc20047d61f8004001c000f7
0001002102a3e00004fcf3c00040020000f7
0001002402a756580581dbd80040024000f7
0002002602ac837406101ab80029028000f7
fffe002602b0bf4c00e866b20040000000f7
ffff002202aa3288017ec4de0040004000f7
ffff002102a5c56c020863bc0040008000f7
0000002002a2d850028a9aec004000c000f7
0000001f02a120000308d7e40040010000f7
0000001f02a060000384fc8c0040014000f7
0000001f02a08f04040081300040018000f7
0001002002a1bc20047d61f8004001c000f7
0001002102a3e00004fcf3c00040020000f7
0001002402a756580581dbd80040024000f7
0002002602ac837406101ab80029028000f7
fffe002602b3000000e866b20040000000f8
ffff002202ac6000017ec4de0040004000f8
ffff002102a7e000020863bc0040008000f8
0000002002a4e000028ab340004000c000f8
0000001f02a320000308d7e40040010000f8
0000001f02a260000384fc8c0040014000f8
0000001f02a2a000040081300040018000f8
0001002002a3a3e0047d61f8004001c000f8
0001002102a6000004fcf3c00040020000f8
0001002402a976580581dbd80040024000f8
0002002602aec00006101ab80029028000f8
fffe002602b3000000e866b20040000000f8
ffff002202ac6000017ec4de0040004000f8
ffff002102a7e000020863bc0040008000f8
0000002002a4e000028ab340004000c000f8
0000001f02a320000308d7e40040010000f8
0000001f02a260000384fc8c0040014000f8
0000001f02a2a000040081300040018000f8
0001002002a3a3e0047d61f8004001c000f8
0001002102a6000004fcf3c00040020000f8
0001002402a976580581dbd80040024000f8
0002002602aec00006101ab80029028000f8
fffe002602b3000000e866b20040000000f8
ffff002202ac6000017ec4de0040004000f8
ffff002102a7e000020863bc0040008000f8
0000002002a4e000028ab340004000c000f8
0000001f02a320000308d7e40040010000f8
0000001f02a260000384fc8c0040014000f8
0000001f02a2a000040081300040018000f8
0001002002a3a3e0047d61f8004001c000f8
0001002102a6000004fcf3c00040020000f8
0001002402a976580581dbd80040024000f8
0002002602aec00006101ab80029028000f8
fffe002602b3000000e866b20040000000f8
ffff002202ac6000017ec4de0040004000f8
ffff002102a7e000020863bc0040008000f8
0000002002a4e000028ab340004000c000f8
0000001f02a320000308d7e40040010000f8
0000001f02a260000384fc8c0040014000f8
0000001f02a2a000040081300040018000f8
0001002002a3a3e0047d61f8004001c000f8
0001002102a6000004fcf3c00040020000f8
0001002402a976580581dbd80040024000f8
0002002602aec00006101ab80029028000f8
fffe002602b3000000e866b20040000000f8
ffff002202ac6000017ec4de0040004000f8
ffff002102a7e000020863bc0040008000f8
0000002002a4e000028ab340004000c000f8
0000001f02a320000308d7e40040010000f8
0000001f02a260000384fc8c0040014000f8
0000001f02a2a000040081300040018000f8
0001002002a3a3e0047d61f8004001c000f8
0001002102a6000004fcf3c00040020000f8
0001002402a976580581dbd80040024000f8
0002002602aec00006101ab80029028000f8
fffe002602b3000000e866b20040000000f8
ffff002202ac6000017ec4de0040004000f8
ffff002102a7e000020863bc0040008000f8
0000002002a4e000028ab340004000c000f8
0000001f02a320000308d7e40040010000f8
0000001f02a260000384fc8c0040014000f8
0000001f02a2a000040081300040018000f8
0001002002a3a3e0047d61f8004001c000f8
0001002102a6000004fcf3c00040020000f8
0001002402a976580581dbd80040024000f8
0002002602aec00006101ab80029028000f8
fffe002602b5400000e866b20040000000f9
ffff002202aea000017ec4de0040004000f9
ffff002102a9e56c020863bc0040008000f9
0000002002a6f850028ab340004000c000f9
0000001f02a520000308d7e40040010000f9
0000001f02a460000384fc8c0040014000f9
0000001f02a4a000040081300040018000f9
0001002002a5bc20047d61f8004001c000f9
0001002102a816c404fcf3c00040020000f9
0001002402ab96580581bbd80040024000f9
0002002602b10000060ffe280029028000f9
fffe002602b5400000e866b20040000000f9
ffff002202aea000017ec4de0040004000f9
ffff002102a9e56c020863bc0040008000f9
0000002002a6f850028ab340004000c000f9
0000001f02a520000308d7e40040010000f9
0000001f02a460000384fc8c0040014000f9
0000001f02a4a000040081300040018000f9
0001002002a5bc20047d61f8004001c000f9
0001002102a816c404fcf3c00040020000f9
0001002402ab96580581bbd80040024000f9
0002002602b10000060ffe280029028000f9
fffe002602b5400000e866b20040000000f9
ffff002202aea000017ec4de0040004000f9
ffff002102a9e56c020863bc0040008000f9
0000002002a6f850028ab340004000c000f9
0000001f02a520000308d7e40040010000f9
0000001f02a460000384fc8c0040014000f9
0000001f02a4a000040081300040018000f9
0001002002a5bc20047d61f8004001c000f9
0001002102a816c404fcf3c00040020000f9
0001002402ab96580581bbd80040024000f9
0002002602b10000060ffe280029028000f9
fffe002602b5400000e866b20040000000f9
ffff002202aea000017ec4de0040004000f9
ffff002102a9e56c020863bc0040008000f9
0000002002a6f850028ab340004000c000f9
0000001f02a520000308d7e40040010000f9
0000001f02a460000384fc8c0040014000f9
0000001f02a4a000040081300040018000f9
0001002002a5bc20047d61f8004001c000f9
0001002102a816c404fcf3c00040020000f9
0001002402ab96580581bbd80040024000f9
0002002602b10000060ffe280029028000f9
fffe002602b5400000e866b20040000000f9
ffff002202aea000017ec4de0040004000f9
ffff002102a9e56c020863bc0040008000f9
0000002002a6f850028ab340004000c000f9
0000001f02a520000308d7e40040010000f9
0000001f02a460000384fc8c0040014000f9
0000001f02a4a000040081300040018000f9
0001002002a5bc20047d61f8004001c000f9
0001002102a816c404fcf3c00040020000f9
0001002402ab96580581bbd80040024000f9
0002002602b10000060ffe280029028000f9
fffe002602b5400000e866b20040000000f9
ffff002202aea000017ec4de0040004000f9
ffff002102a9e56c020863bc0040008000f9
0000002002a6f850028ab340004000c000f9
0000001f02a520000308d7e40040010000f9
0000001f02a460000384fc8c0040014000f9
0000001f02a4a000040081300040018000f9
0001002002a5bc20047d61f8004001c000f9
0001002102a816c404fcf3c00040020000f9
0001002402ab96580581bbd80040024000f9
0002002602b10000060ffe280029028000f9
fffe002602b77fa400e8670c0040000000fa
ffff002202b0d288017ed7660040004000fa
ffff002102ac2000020863bc0040008000fa
0000002002a91850028ab340004000c000fa
0000001f02a740000308d7e40040010000fa
0000001f02a660000384fc8c0040014000fa
0000001f02a68000040081300040018000fa
0001002002a7c000047d61f8004001c000fa
0001002102aa093c04fcf3c00040020000fa
0001002402adc0000581bbd80040024000fa
0002002602b32000060ffe280029028000fa
fffe002602b77fa400e8670c0040000000fa
ffff002202b0d288017ed7660040004000fa
ffff002102ac2000020863bc0040008000fa
0000002002a91850028ab340004000c000fa
0000001f02a740000308d7e40040010000fa
0000001f02a660000384fc8c0040014000fa
0000001f02a68000040081300040018000fa
0001002002a7c000047d61f8004001c000fa
0001002102aa093c04fcf3c00040020000fa
0001002402adc0000581bbd80040024000fa
0002002602b32000060ffe280029028000fa
fffe002602b77fa400e8670c0040000000fa
ffff002202b0d288017ed7660040004000fa
ffff002102ac2000020863bc0040008000fa
0000002002a91850028ab340004000c000fa
0000001f02a740000308d7e40040010000fa
0000001f02a660000384fc8c0040014000fa
0000001f02a68000040081300040018000fa
0001002002a7c000047d61f8004001c000fa
0001002102aa093c04fcf3c00040020000fa
0001002402adc0000581bbd80040024000fa
0002002602b32000060ffe280029028000fa
fffe002602b77fa400e8670c0040000000fa
ffff002202b0d288017ed7660040004000fa
ffff002102ac2000020863bc0040008000fa
0000002002a91850028ab340004000c000fa
0000001f02a740000308d7e40040010000fa
0000001f02a660000384fc8c0040014000fa
0000001f02a68000040081300040018000fa
0001002002a7c000047d61f8004001c000fa
0001002102aa093c04fcf3c00040020000fa
0001002402adc0000581bbd80040024000fa
0002002602b32000060ffe280029028000fa
fffe002602b77fa400e8670c0040000000fa
ffff002202b0d288017ed7660040004000fa
ffff002102ac2000020863bc0040008000fa
0000002002a91850028ab340004000c000fa
0000001f02a740000308d7e40040010000fa
0000001f02a660000384fc8c0040014000fa
0000001f02a68000040081300040018000fa
0001002002a7c000047d61f8004001c000fa
0001002102aa093c04fcf3c00040020000fa
0001002402adc0000581bbd80040024000fa
0002002602b32000060ffe280029028000fa
fffe002602b77fa400e8670c0040000000fa
ffff002202b0d288017ed7660040004000fa
ffff002102ac2000020863bc0040008000fa
0000002002a91850028ab340004000c000fa
0000001f02a740000308d7e40040010000fa
0000001f02a660000384fc8c0040014000fa
0000001f02a68000040081300040018000fa
0001002002a7c000047d61f8004001c000fa
0001002102aa093c04fcf3c00040020000fa
0001002402adc0000581bbd80040024000fa
0002002602b32000060ffe280029028000fa
fffe002602b9df4c00e8670c0040000000fb
ffff002202b2f288017ee4de0040004000fb
ffff002102ae256c02087e500040008000fb
0000002002ab0000028ab340004000c000fb
0000001f02a940000308d7e40040010000fb
0000001f02a860000384fc8c0040014000fb
0000001f02a88000040081300040018000fb
0001002002a9c000047d61f8004001c000fb
0001002102ac293c04fcea800040020000fb
0001002402afd6580581bbd80040024000fb
0002002602b56374060ffab80029028000fb
fffe002602b9df4c00e8670c0040000000fb
ffff002202b2f288017ee4de0040004000fb
ffff002102ae256c02087e500040008000fb
0000002002ab0000028ab340004000c000fb
0000001f02a940000308d7e40040010000fb
0000001f02a860000384fc8c0040014000fb
0000001f02a88000040081300040018000fb
0001002002a9c000047d61f8004001c000fb
0001002102ac293c04fcea800040020000fb
0001002402afd6580581bbd80040024000fb
0002002602b56374060ffab80029028000fb
fffe002602b9df4c00e8670c0040000000fb
ffff002202b2f288017ee4de0040004000fb
ffff002102ae256c02087e500040008000fb
0000002002ab0000028ab340004000c000fb
0000001f02a940000308d7e40040010000fb
0000001f02a860000384fc8c0040014000fb
0000001f02a88000040081300040018000fb
0001002002a9c000047d61f8004001c000fb
0001002102ac293c04fcea800040020000fb
0001002402afd6580581bbd80040024000fb
0002002602b56374060ffab80029028000fb
fffe002602b9df4c00e8670c0040000000fb
ffff002202b2f288017ee4de0040004000fb
ffff002102ae256c02087e500040008000fb
0000002002ab0000028ab340004000c000fb
0000001f02a940000308d7e40040010000fb
0000001f02a860000384fc8c0040014000fb
0000001f02a88000040081300040018000fb
0001002002a9c000047d61f8004001c000fb
0001002102ac293c04fcea800040020000fb
0001002402afd6580581bbd80040024000fb
0002002602b56374060ffab80029028000fb
fffe002602b9df4c00e8670c0040000000fb
ffff002202b2f288017ee4de0040004000fb
ffff002102ae256c02087e500040008000fb
0000002002ab0000028ab340004000c000fb
0000001f02a940000308d7e40040010000fb
0000001f02a860000384fc8c0040014000fb
0000001f02a88000040081300040018000fb
0001002002a9c000047d61f8004001c000fb
0001002102ac293c04fcea800040020000fb
0001002402afd6580581bbd80040024000fb
0002002602b56374060ffab80029028000fb
fffe002602b9df4c00e8670c0040000000fb
ffff002202b2f288017ee4de0040004000fb
ffff002102ae256c02087e500040008000fb
0000002002ab0000028ab340004000c000fb
0000001f02a940000308d7e40040010000fb
0000001f02a860000384fc8c0040014000fb
0000001f02a88000040081300040018000fb
0001002002a9c000047d61f8004001c000fb
0001002102ac293c04fcea800040020000fb
0001002402afd6580581bbd80040024000fb
0002002602b56374060ffab80029028000fb
fffe002602bc200000e8670c0040000000fc
ffff002202b53288017ee4de0040004000fc
ffff002102b0456c020883bc0040008000fc
0000002002ad1850028abaec004000c000fc
0000001f02ab20000308d7e40040010000fc
0000001f02aa60000384fc8c0040014000fc
0000001f02aa8f04040081300040018000fc
0001002002abe000047d45d8004001c000fc
0001002102ae293c04fcea800040020000fc
0001002402b200000581bbd80040024000fc
0002002602b78374060ffab80029028000fc
fffe002602bc200000e8670c0040000000fc
ffff002202b53288017ee4de0040004000fc
ffff002102b0456c020883bc0040008000fc
0000002002ad1850028abaec004000c000fc
0000001f02ab20000308d7e40040010000fc
0000001f02aa60000384fc8c0040014000fc
0000001f02aa8f04040081300040018000fc
0001002002abe000047d45d8004001c000fc
0001002102ae293c04fcea800040020000fc
0001002402b200000581bbd80040024000fc
0002002602b78374060ffab80029028000fc
fffe002602bc200000e8670c0040000000fc
ffff002202b53288017ee4de0040004000fc
ffff002102b0456c020883bc0040008000fc
0000002002ad1850028abaec004000c000fc
0000001f02ab20000308d7e40040010000fc
0000001f02aa60000384fc8c0040014000fc
0000001f02aa8f04040081300040018000fc
0001002002abe000047d45d8004001c000fc
0001002102ae293c04fcea800040020000fc
0001002402b200000581bbd80040024000fc
0002002602b78374060ffab80029028000fc
fffe002602bc200000e8670c0040000000fc
ffff002202b53288017ee4de0040004000fc
ffff002102b0456c020883bc0040008000fc
0000002002ad1850028abaec004000c000fc
0000001f02ab20000308d7e40040010000fc
0000001f02aa60000384fc8c0040014000fc
0000001f02aa8f04040081300040018000fc
0001002002abe000047d45d8004001c000fc
0001002102ae293c04fcea800040020000fc
0001002402b200000581bbd80040024000fc
0002002602b78374060ffab80029028000fc
fffe002602bc200000e8670c0040000000fc
ffff002202b53288017ee4de0040004000fc
ffff002102b0456c020883bc0040008000fc
0000002002ad1850028abaec004000c000fc
0000001f02ab20000308d7e40040010000fc
0000001f02aa60000384fc8c0040014000fc
0000001f02aa8f04040081300040018000fc
0001002002abe000047d45d8004001c000fc
0001002102ae293c04fcea800040020000fc
0001002402b200000581bbd80040024000fc
0002002602b78374060ffab80029028000fc
fffe002602bc200000e8670c0040000000fc
ffff002202b53288017ee4de0040004000fc
ffff002102b0456c020883bc0040008000fc
0000002002ad1850028abaec004000c000fc
0000001f02ab20000308d7e40040010000fc
0000001f02aa60000384fc8c0040014000fc
0000001f02aa8f04040081300040018000fc
0001002002abe000047d45d8004001c000fc
0001002102ae293c04fcea800040020000fc
0001002402b200000581bbd80040024000fc
0002002602b78374060ffab80029028000fc
fffe002602be7fa400e886b20040000000fd
ffff002202b74000017ee4de0040004000fd
ffff002102b26000020883bc0040008000fd
ffff002002af3850028abaec004000c000fd
0000001f02ad2b340308d7e40040010000fd
0000001f02ac60000384fc8c0040014000fd
0000001f02aca000040081300040018000fd
0001002002ade000047d45d8004001c000fd
0001002102b0400004fcea800040020000fd
0001002402b416580581bbd80040024000fd
0002002602b9e374060ffab80029028000fd
fffe002602be7fa400e886b20040000000fd
ffff002202b74000017ee4de0040004000fd
ffff002102b26000020883bc0040008000fd
ffff002002af3850028abaec004000c000fd
0000001f02ad2b340308d7e40040010000fd
0000001f02ac60000384fc8c0040014000fd
0000001f02aca000040081300040018000fd
0001002002ade000047d45d8004001c000fd
0001002102b0400004fcea800040020000fd
0001002402b416580581bbd80040024000fd
0002002602b9e374060ffab80029028000fd
fffe002602be7fa400e886b20040000000fd
ffff002202b74000017ee4de0040004000fd
ffff002102b26000020883bc0040008000fd
ffff002002af3850028abaec004000c000fd
0000001f02ad2b340308d7e40040010000fd
0000001f02ac60000384fc8c0040014000fd
0000001f02aca000040081300040018000fd
0001002002ade000047d45d8004001c000fd
0001002102b0400004fcea800040020000fd
0001002402b416580581bbd80040024000fd
0002002602b9e374060ffab80029028000fd
fffe002602be7fa400e886b20040000000fd
ffff002202b74000017ee4de0040004000fd
ffff002102b26000020883bc0040008000fd
ffff002002af3850028abaec004000c000fd
0000001f02ad2b340308d7e40040010000fd
0000001f02ac60000384fc8c0040014000fd
0000001f02aca000040081300040018000fd
0001002002ade000047d45d8004001c000fd
0001002102b0400004fcea800040020000fd
0001002402b416580581bbd80040024000fd
0002002602b9e374060ffab80029028000fd
fffe002602be7fa400e886b20040000000fd
ffff002202b74000017ee4de0040004000fd
ffff002102b26000020883bc0040008000fd
ffff002002af3850028abaec004000c000fd
0000001f02ad2b340308d7e40040010000fd
0000001f02ac60000384fc8c0040014000fd
0000001f02aca000040081300040018000fd
0001002002ade000047d45d8004001c000fd
0001002102b0400004fcea800040020000fd
0001002402b416580581bbd80040024000fd
0002002602b9e374060ffab80029028000fd
fffe002602be7fa400e886b20040000000fd
ffff002202b74000017ee4de0040004000fd
ffff002102b26000020883bc0040008000fd
ffff002002af3850028abaec004000c000fd
0000001f02ad2b340308d7e40040010000fd
0000001f02ac60000384fc8c0040014000fd
0000001f02aca000040081300040018000fd
0001002002ade000047d45d8004001c000fd
0001002102b0400004fcea800040020000fd
0001002402b416580581bbd80040024000fd
0002002602b9e374060ffab80029028000fd
fffe002602c0bfa400e886b20040000000fe
ffff002202b97288017ef7660040004000fe
ffff002102b48000020883bc0040008000fe
ffff002002b14000028abaec004000c000fe
0000001f02af40000308e3180040010000fe
0000001f02ae80000384fc8c0040014000fe
0000001f02aea000040081300040018000fe
0001002002afe000047d45d8004001c000fe
0001002102b2600004fcd3c00040020000fe
0001002402b656580581bbd80040024000fe
0002002602bc0374060fde280029028000fe
fffe002602c0bfa400e886b20040000000fe
ffff002202b97288017ef7660040004000fe
ffff002102b48000020883bc0040008000fe
ffff002002b14000028abaec004000c000fe
0000001f02af40000308e3180040010000fe
0000001f02ae80000384fc8c0040014000fe
0000001f02aea000040081300040018000fe
0001002002afe000047d45d8004001c000fe
0001002102b2600004fcd3c00040020000fe
0001002402b656580581bbd80040024000fe
0002002602bc0374060fde280029028000fe
fffe002602c0bfa400e886b20040000000fe
ffff002202b97288017ef7660040004000fe
ffff002102b48000020883bc0040008000fe
ffff002002b14000028abaec004000c000fe
0000001f02af40000308e3180040010000fe
0000001f02ae80000384fc8c0040014000fe
0000001f02aea000040081300040018000fe
0001002002afe000047d45d8004001c000fe
0001002102b2600004fcd3c00040020000fe
0001002402b656580581bbd80040024000fe
0002002602bc0374060fde280029028000fe
fffe002602c0bfa400e886b20040000000fe
ffff002202b97288017ef7660040004000fe
ffff002102b48000020883bc0040008000fe
ffff002002b14000028abaec004000c000fe
0000001f02af40000308e3180040010000fe
0000001f02ae80000384fc8c0040014000fe
0000001f02aea000040081300040018000fe
0001002002afe000047d45d8004001c000fe
0001002102b2600004fcd3c00040020000fe
0001002402b656580581bbd80040024000fe
0002002602bc0374060fde280029028000fe
fffe002602c0bfa400e886b20040000000fe
ffff002202b97288017ef7660040004000fe
ffff002102b48000020883bc0040008000fe
ffff002002b14000028abaec004000c000fe
0000001f02af40000308e3180040010000fe
0000001f02ae80000384fc8c0040014000fe
0000001f02aea000040081300040018000fe
0001002002afe000047d45d8004001c000fe
0001002102b2600004fcd3c00040020000fe
0001002402b656580581bbd80040024000fe
0002002602bc0374060fde280029028000fe
fffe002602c0bfa400e886b20040000000fe
ffff002202b97288017ef7660040004000fe
ffff002102b48000020883bc0040008000fe
ffff002002b14000028abaec004000c000fe
0000001f02af40000308e3180040010000fe
0000001f02ae80000384fc8c0040014000fe
0000001f02aea000040081300040018000fe
0001002002afe000047d45d8004001c000fe
0001002102b2600004fcd3c00040020000fe
0001002402b656580581bbd80040024000fe
0002002602bc0374060fde280029028000fe
fffe002602c2ffa400e8870c0040000000ff
ffff002202bb9288017ef7660040004000ff
ffff002102b6a56c020883bc0040008000ff
0000002002b33850028abaec004000c000ff
0000001f02b140000308e3180040010000ff
0000001f02b060000384fc8c0040014000ff
0000001f02b0a000040081300040018000ff
0001002002b1e000047d41f8004001c000ff
0001002102b476c404fcd3c00040020000ff
0001002402b8565805819bd80040024000ff
0002002602be4374060fde280029028000ff
fffe002602c2ffa400e8870c0040000000ff
ffff002202bb9288017ef7660040004000ff
ffff002102b6a56c020883bc0040008000ff
0000002002b33850028abaec004000c000ff
0000001f02b140000308e3180040010000ff
0000001f02b060000384fc8c0040014000ff
0000001f02b0a000040081300040018000ff
0001002002b1e000047d41f8004001c000ff
0001002102b476c404fcd3c00040020000ff
0001002402b8565805819bd80040024000ff
0002002602be4374060fde280029028000ff
fffe002602c2ffa400e8870c0040000000ff
ffff002202bb9288017ef7660040004000ff
ffff002102b6a56c020883bc0040008000ff
0000002002b33850028abaec004000c000ff
0000001f02b140000308e3180040010000ff
0000001f02b060000384fc8c0040014000ff
0000001f02b0a000040081300040018000ff
0001002002b1e000047d41f8004001c000ff
0001002102b476c404fcd3c00040020000ff
0001002402b8565805819bd80040024000ff
0002002602be4374060fde280029028000ff
fffe002602c2ffa400e8870c0040000000ff
ffff002202bb9288017ef7660040004000ff
ffff002102b6a56c020883bc0040008000ff
0000002002b33850028abaec004000c000ff
0000001f02b140000308e3180040010000ff
0000001f02b060000384fc8c0040014000ff
0000001f02b0a000040081300040018000ff
0001002002b1e000047d41f8004001c000ff
0001002102b476c404fcd3c00040020000ff
0001002402b8565805819bd80040024000ff
0002002602be4374060fde280029028000ff
fffe002602c2ffa400e8870c0040000000ff
ffff002202bb9288017ef7660040004000ff
ffff002102b6a56c020883bc0040008000ff
0000002002b33850028abaec004000c000ff
0000001f02b140000308e3180040010000ff
0000001f02b060000384fc8c0040014000ff
0000001f02b0a000040081300040018000ff
0001002002b1e000047d41f8004001c000ff
0001002102b476c404fcd3c00040020000ff
0001002402b8565805819bd80040024000ff
0002002602be4374060fde280029028000ff
fffe002602c2ffa400e8870c0040000000ff
ffff002202bb9288017ef7660040004000ff
ffff002102b6a56c020883bc0040008000ff
0000002002b33850028abaec004000c000ff
0000001f02b140000308e3180040010000ff
0000001f02b060000384fc8c0040014000ff
0000001f02b0a000040081300040018000ff
0001002002b1e000047d41f8004001c000ff
0001002102b476c404fcd3c00040020000ff
0001002402b8565805819bd80040024000ff
0002002602be4374060fde280029028000ff
fffe002602c55fa400e8870c004000000100
ffff002202bdd288017f04de004000400100
ffff002102b8a56c020883bc004000800100
ffff002002b55850028ad340004000c00100
0000001f02b34b340308f7e4004001000100
0000001f02b260000384fc8c004001400100
0000001f02b2a00004008130004001800100
0001002002b3fc20047d41f8004001c00100
0001002102b6693c04fcca80004002000100
0002002402ba765805819bd8004002400100
0002002602c06374060fdab8002902800100
fffe002602c55fa400e8870c004000000100
ffff002202bdd288017f04de004000400100
ffff002102b8a56c020883bc004000800100
ffff002002b55850028ad340004000c00100
0000001f02b34b340308f7e4004001000100
0000001f02b260000384fc8c004001400100
0000001f02b2a00004008130004001800100
0001002002b3fc20047d41f8004001c00100
0001002102b6693c04fcca80004002000100
0002002402ba765805819bd8004002400100
0002002602c06374060fdab8002902800100
fffe002602c55fa400e8870c004000000100
ffff002202bdd288017f04de004000400100
ffff002102b8a56c020883bc004000800100
ffff002002b55850028ad340004000c00100
0000001f02b34b340308f7e4004001000100
0000001f02b260000384fc8c004001400100
0000001f02b2a00004008130004001800100
0001002002b3fc20047d41f8004001c00100
0001002102b6693c04fcca80004002000100
0002002402ba765805819bd8004002400100
0002002602c06374060fdab8002902800100
fffe002602c55fa400e8870c004000000100
ffff002202bdd288017f04de004000400100
ffff002102b8a56c020883bc004000800100
ffff002002b55850028ad340004000c00100
0000001f02b34b340308f7e4004001000100
0000001f02b260000384fc8c004001400100
0000001f02b2a00004008130004001800100
0001002002b3fc20047d41f8004001c00100
0001002102b6693c04fcca80004002000100
0002002402ba765805819bd8004002400100
0002002602c06374060fdab8002902800100
fffe002602c55fa400e8870c004000000100
ffff002202bdd288017f04de004000400100
ffff002102b8a56c020883bc004000800100
ffff002002b55850028ad340004000c00100
0000001f02b34b340308f7e4004001000100
0000001f02b260000384fc8c004001400100
0000001f02b2a00004008130004001800100
0001002002b3fc20047d41f8004001c00100
0001002102b6693c04fcca80004002000100
0002002402ba765805819bd8004002400100
0002002602c06374060fdab8002902800100
fffe002602c55fa400e8870c004000000100
ffff002202bdd288017f04de004000400100
ffff002102b8a56c020883bc004000800100
ffff002002b55850028ad340004000c00100
0000001f02b34b340308f7e4004001000100
0000001f02b260000384fc8c004001400100
0000001f02b2a00004008130004001800100
0001002002b3fc20047d41f8004001c00100
0001002102b6693c04fcca80004002000100
0002002402ba765805819bd8004002400100
0002002602c06374060fdab8002902800100
fffe002602c79fa400e8870c004000000101
ffff002202bff288017f04de004000400101
ffff002102bac0000208a3bc004000800101
ffff002002b76000028ad340004000c00101
0000001f02b554cc0308f7e4004001000101
0000001f02b460000384fc8c004001400101
0000001f02b4af0404008130004001800101
0001002002b60000047d41f8004001c00101
0001002102b8893c04fcca80004002000101
0002002402bc965805819bd8004002400101
0002002602c2a374060fdab8002902800101
fffe002602c79fa400e8870c004000000101
ffff002202bff288017f04de004000400101
ffff002102bac0000208a3bc004000800101
ffff002002b76000028ad340004000c00101
0000001f02b554cc0308f7e4004001000101
0000001f02b460000384fc8c004001400101
0000001f02b4af0404008130004001800101
0001002002b60000047d41f8004001c00101
0001002102b8893c04fcca80004002000101
0002002402bc965805819bd8004002400101
0002002602c2a374060fdab8002902800101
fffe002602c79fa400e8870c004000000101
ffff002202bff288017f04de004000400101
ffff002102bac0000208a3bc004000800101
ffff002002b76000028ad340004000c00101
0000001f02b554cc0308f7e4004001000101
0000001f02b460000384fc8c004001400101
0000001f02b4af0404008130004001800101
0001002002b60000047d41f8004001c00101
0001002102b8893c04fcca80004002000101
0002002402bc965805819bd8004002400101
0002002602c2a374060fdab8002902800101
fffe002602c79fa400e8870c004000000101
ffff002202bff288017f04de004000400101
ffff002102bac0000208a3bc004000800101
ffff002002b76000028ad340004000c00101
0000001f02b554cc0308f7e4004001000101
0000001f02b460000384fc8c004001400101
0000001f02b4af0404008130004001800101
0001002002b60000047d41f8004001c00101
0001002102b8893c04fcca80004002000101
0002002402bc965805819bd8004002400101
0002002602c2a374060fdab8002902800101
fffe002602c79fa400e8870c004000000101
ffff002202bff288017f04de004000400101
ffff002102bac0000208a3bc004000800101
ffff002002b76000028ad340004000c00101
0000001f02b554cc0308f7e4004001000101
0000001f02b460000384fc8c004001400101
0000001f02b4af0404008130004001800101
0001002002b60000047d41f8004001c00101
0001002102b8893c04fcca80004002000101
0002002402bc965805819bd8004002400101
0002002602c2a374060fdab8002902800101
fffe002602c79fa400e8870c004000000101
ffff002202bff288017f04de004000400101
ffff002102bac0000208a3bc004000800101
ffff002002b76000028ad340004000c00101
0000001f02b554cc0308f7e4004001000101
0000001f02b460000384fc8c004001400101
0000001f02b4af0404008130004001800101
0001002002b60000047d41f8004001c00101
0001002102b8893c04fcca80004002000101
0002002402bc965805819bd8004002400101
0002002602c2a374060fdab8002902800101
fffe002602c9ff4c00e8a6b2004000000102
ffff002202c22000017f04de004000400102
ffff002102bce0000208a3bc004000800102
ffff002002b96000028ad340004000c00102
0000001f02b740000308f7e4004001000102
0000001f02b660000384fc8c004001400102
0000001f02b6c00004008130004001800102
0001002002b80000047d41f8004001c00102
0001002102baa00004fcca80004002000102
0002002402beb65805819bd8004002400102
0002002602c4e374060fdab8002902800102
fffe002602c9ff4c00e8a6b2004000000102
ffff002202c22000017f04de004000400102
ffff002102bce0000208a3bc004000800102
ffff002002b96000028ad340004000c00102
0000001f02b740000308f7e4004001000102
0000001f02b660000384fc8c004001400102
0000001f02b6c00004008130004001800102
0001002002b80000047d41f8004001c00102
0001002102baa00004fcca80004002000102
0002002402beb65805819bd8004002400102
0002002602c4e374060fdab8002902800102
fffe002602c9ff4c00e8a6b2004000000102
ffff002202c22000017f04de004000400102
ffff002102bce0000208a3bc004000800102
ffff002002b96000028ad340004000c00102
0000001f02b740000308f7e4004001000102
0000001f02b660000384fc8c004001400102
0000001f02b6c00004008130004001800102
0001002002b80000047d41f8004001c00102
0001002102baa00004fcca80004002000102
0002002402beb65805819bd8004002400102
0002002602c4e374060fdab8002902800102
fffe002602c9ff4c00e8a6b2004000000102
ffff002202c22000017f04de004000400102
ffff002102bce0000208a3bc004000800102
ffff002002b96000028ad340004000c00102
0000001f02b740000308f7e4004001000102
0000001f02b660000384fc8c004001400102
0000001f02b6c00004008130004001800102
0001002002b80000047d41f8004001c00102
0001002102baa00004fcca80004002000102
0002002402beb65805819bd8004002400102
0002002602c4e374060fdab8002902800102
fffe002602c9ff4c00e8a6b2004000000102
ffff002202c22000017f04de004000400102
ffff002102bce0000208a3bc004000800102
ffff002002b96000028ad340004000c00102
0000001f02b740000308f7e4004001000102
0000001f02b660000384fc8c004001400102
0000001f02b6c00004008130004001800102
0001002002b80000047d41f8004001c00102
0001002102baa00004fcca80004002000102
0002002402beb65805819bd8004002400102
0002002602c4e374060fdab8002902800102
fffe002602c9ff4c00e8a6b2004000000102
ffff002202c22000017f04de004000400102
ffff002102bce0000208a3bc004000800102
ffff002002b96000028ad340004000c00102
0000001f02b740000308f7e4004001000102
0000001f02b660000384fc8c004001400102
0000001f02b6c00004008130004001800102
0001002002b80000047d41f8004001c00102
0001002102baa00004fcca80004002000102
0002002402beb65805819bd8004002400102
0002002602c4e374060fdab8002902800102
fffe002602cc3fa400e8a6b2004000000103
ffff002202c46514017f04de004000400103
ffff002102bf00000208a3bc004000800103
ffff002002bb7850028adaec004000c00103
0000001f02b94b340308f7e4004001000103
0000001f02b860000384fc8c004001400103
0000001f02b8a00004008130004001800103
0001002002ba0000047d41f8004001c00103
0001002102bca93c04fcca80004002000103
0002002402c0d65805817bd8004002400103
0002002602c706e8060fbe28002902800103
fffe002602cc3fa400e8a6b2004000000103
ffff002202c46514017f04de004000400103
ffff002102bf00000208a3bc004000800103
ffff002002bb7850028adaec004000c00103
0000001f02b94b340308f7e4004001000103
0000001f02b860000384fc8c004001400103
0000001f02b8a00004008130004001800103
0001002002ba0000047d41f8004001c00103
0001002102bca93c04fcca80004002000103
0002002402c0d65805817bd8004002400103
0002002602c706e8060fbe28002902800103
fffe002602cc3fa400e8a6b2004000000103
ffff002202c46514017f04de004000400103
ffff002102bf00000208a3bc004000800103
ffff002002bb7850028adaec004000c00103
0000001f02b94b340308f7e4004001000103
0000001f02b860000384fc8c004001400103
0000001f02b8a00004008130004001800103
0001002002ba0000047d41f8004001c00103
0001002102bca93c04fcca80004002000103
0002002402c0d65805817bd8004002400103
0002002602c706e8060fbe28002902800103
fffe002602cc3fa400e8a6b2004000000103
ffff002202c46514017f04de004000400103
ffff002102bf00000208a3bc004000800103
ffff002002bb7850028adaec004000c00103
0000001f02b94b340308f7e4004001000103
0000001f02b860000384fc8c004001400103
0000001f02b8a00004008130004001800103
0001002002ba0000047d41f8004001c00103
0001002102bca93c04fcca80004002000103
0002002402c0d65805817bd8004002400103
0002002602c706e8060fbe28002902800103
fffe002602cc3fa400e8a6b2004000000103
ffff002202c46514017f04de004000400103
ffff002102bf00000208a3bc004000800103
ffff002002bb7850028adaec004000c00103
0000001f02b94b340308f7e4004001000103
0000001f02b860000384fc8c004001400103
0000001f02b8a00004008130004001800103
0001002002ba0000047d41f8004001c00103
0001002102bca93c04fcca80004002000103
0002002402c0d65805817bd8004002400103
0002002602c706e8060fbe28002902800103
fffe002602cc3fa400e8a6b2004000000103
ffff002202c46514017f04de004000400103
ffff002102bf00000208a3bc004000800103
ffff002002bb7850028adaec004000c00103
0000001f02b94b340308f7e4004001000103
0000001f02b860000384fc8c004001400103
0000001f02b8a00004008130004001800103
0001002002ba0000047d41f8004001c00103
0001002102bca93c04fcca80004002000103
0002002402c0d65805817bd8004002400103
0002002602c706e8060fbe28002902800103
fffe002602ce7fa400e8a70c004000000104
ffff002202c69288017f24de004000400104
ffff002102c1056c0208a3bc004000800104
ffff002002bd8000028adaec004000c00104
0000001f02bb60000308f7e4004001000104
0000001f02ba80000384fc8c004001400104
0000001f02baa00004008130004001800104
0001002002bc0000047d41f8004001c00104
0001002102bec00004fcb3c0004002000104
0002002402c3000005817bd8004002400104
0002002602c96000060fbe28002902800104
fffe002602ce7fa400e8a70c004000000104
ffff002202c69288017f24de004000400104
ffff002102c1056c0208a3bc004000800104
ffff002002bd8000028adaec004000c00104
0000001f02bb60000308f7e4004001000104
0000001f02ba80000384fc8c004001400104
0000001f02baa00004008130004001800104
0001002002bc0000047d41f8004001c00104
0001002102bec00004fcb3c0004002000104
0002002402c3000005817bd8004002400104
0002002602c96000060fbe28002902800104
fffe002602ce7fa400e8a70c004000000104
ffff002202c69288017f24de004000400104
ffff002102c1056c0208a3bc004000800104
ffff002002bd8000028adaec004000c00104
0000001f02bb60000308f7e4004001000104
0000001f02ba80000384fc8c004001400104
0000001f02baa00004008130004001800104
0001002002bc0000047d41f8004001c00104
0001002102bec00004fcb3c0004002000104
0002002402c3000005817bd8004002400104
0002002602c96000060fbe28002902800104
fffe002602ce7fa400e8a70c004000000104
ffff002202c69288017f24de004000400104
ffff002102c1056c0208a3bc004000800104
ffff002002bd8000028adaec004000c00104
0000001f02bb60000308f7e4004001000104
0000001f02ba80000384fc8c004001400104
0000001f02baa00004008130004001800104
0001002002bc0000047d41f8004001c00104
0001002102bec00004fcb3c0004002000104
0002002402c3000005817bd8004002400104
0002002602c96000060fbe28002902800104
fffe002602ce7fa400e8a70c004000000104
ffff002202c69288017f24de004000400104
ffff002102c1056c0208a3bc004000800104
ffff002002bd8000028adaec004000c00104
0000001f02bb60000308f7e4004001000104
0000001f02ba80000384fc8c004001400104
0000001f02baa00004008130004001800104
0001002002bc0000047d41f8004001c00104
0001002102bec00004fcb3c0004002000104
0002002402c3000005817bd8004002400104
0002002602c96000060fbe28002902800104
fffe002602ce7fa400e8a70c004000000104
ffff002202c69288017f24de004000400104
ffff002102c1056c0208a3bc004000800104
ffff002002bd8000028adaec004000c00104
0000001f02bb60000308f7e4004001000104
0000001f02ba80000384fc8c004001400104
0000001f02baa00004008130004001800104
0001002002bc0000047d41f8004001c00104
0001002102bec00004fcb3c0004002000104
0002002402c3000005817bd8004002400104
0002002602c96000060fbe28002902800104
fffe002602d0bfa400e8a70c004000000105
ffff002202c8b288017f24de004000400105
ffff002102c3256c0208a3bc004000800105
ffff002002bf9850028adaec004000c00105
0000001f02bd60000308f7e4004001000105
0000001f02bc80000384fc8c004001400105
0000001f02bca00004008130004001800105
0001002002be1c20047d41f8004001c00105
0001002102c0e00004fcb3c0004002000105
0002002402c5165805817bd8004002400105
0002002602cb86e8060fbab8002902800105
fffe002602d0bfa400e8a70c004000000105
ffff002202c8b288017f24de004000400105
ffff002102c3256c0208a3bc004000800105
ffff002002bf9850028adaec004000c00105
0000001f02bd60000308f7e4004001000105
0000001f02bc80000384fc8c004001400105
0000001f02bca00004008130004001800105
0001002002be1c20047d41f8004001c00105
0001002102c0e00004fcb3c0004002000105
0002002402c5165805817bd8004002400105
0002002602cb86e8060fbab8002902800105
fffe002602d0bfa400e8a70c004000000105
ffff002202c8b288017f24de004000400105
ffff002102c3256c0208a3bc004000800105
ffff002002bf9850028adaec004000c00105
0000001f02bd60000308f7e4004001000105
0000001f02bc80000384fc8c004001400105
0000001f02bca00004008130004001800105
0001002002be1c20047d41f8004001c00105
0001002102c0e00004fcb3c0004002000105
0002002402c5165805817bd8004002400105
0002002602cb86e8060fbab8002902800105
fffe002602d0bfa400e8a70c004000000105
ffff002202c8b288017f24de004000400105
ffff002102c3256c0208a3bc004000800105
ffff002002bf9850028adaec004000c00105
0000001f02bd60000308f7e4004001000105
0000001f02bc80000384fc8c004001400105
0000001f02bca00004008130004001800105
0001002002be1c20047d41f8004001c00105
0001002102c0e00004fcb3c0004002000105
0002002402c5165805817bd8004002400105
0002002602cb86e8060fbab8002902800105
fffe002602d0bfa400e8a70c004000000105
ffff002202c8b288017f24de004000400105
ffff002102c3256c0208a3bc004000800105
ffff002002bf9850028adaec004000c00105
0000001f02bd60000308f7e4004001000105
0000001f02bc80000384fc8c004001400105
0000001f02bca00004008130004001800105
0001002002be1c20047d41f8004001c00105
0001002102c0e00004fcb3c0004002000105
0002002402c5165805817bd8004002400105
0002002602cb86e8060fbab8002902800105
fffe002602d0bfa400e8a70c004000000105
ffff002202c8b288017f24de004000400105
ffff002102c3256c0208a3bc004000800105
ffff002002bf9850028adaec004000c00105
0000001f02bd60000308f7e4004001000105
0000001f02bc80000384fc8c004001400105
0000001f02bca00004008130004001800105
0001002002be1c20047d41f8004001c00105
0001002102c0e00004fcb3c0004002000105
0002002402c5165805817bd8004002400105
0002002602cb86e8060fbab8002902800105
fffe002602d31f4c00e8a70c004000000106
ffff002202cae000017f24de004000400106
ffff002102c5456c0208c3bc004000800106
ffff002002c1a000028adaec004000c00106
0000001f02bf6b340308f7e4004001000106
0000001f02be80000384fc8c004001400106
0000001f02bea00004008130004001800106
0001002002c02000047d25d8004001c00106
0001002102c2e00004fcb3c0004002000106
0002002402c7400005817bd8004002400106
0002002602cdc374060fbab8002902800106
fffe002602d31f4c00e8a70c004000000106
ffff002202cae000017f24de004000400106
ffff002102c5456c0208c3bc004000800106
ffff002002c1a000028adaec004000c00106
0000001f02bf6b340308f7e4004001000106
0000001f02be80000384fc8c004001400106
0000001f02bea00004008130004001800106
0001002002c02000047d25d8004001c00106
0001002102c2e00004fcb3c0004002000106
0002002402c7400005817bd8004002400106
0002002602cdc374060fbab8002902800106
fffe002602d31f4c00e8a70c004000000106
ffff002202cae000017f24de004000400106
ffff002102c5456c0208c3bc004000800106
ffff002002c1a000028adaec004000c00106
0000001f02bf6b340308f7e4004001000106
0000001f02be80000384fc8c004001400106
0000001f02bea00004008130004001800106
0001002002c02000047d25d8004001c00106
0001002102c2e00004fcb3c0004002000106
0002002402c7400005817bd8004002400106
0002002602cdc374060fbab8002902800106
fffe002602d31f4c00e8a70c004000000106
ffff002202cae000017f24de004000400106
ffff002102c5456c0208c3bc004000800106
ffff002002c1a000028adaec004000c00106
0000001f02bf6b340308f7e4004001000106
0000001f02be80000384fc8c004001400106
0000001f02bea00004008130004001800106
0001002002c02000047d25d8004001c00106
0001002102c2e00004fcb3c0004002000106
0002002402c7400005817bd8004002400106
0002002602cdc374060fbab8002902800106
fffe002602d31f4c00e8a70c004000000106
ffff002202cae000017f24de004000400106
ffff002102c5456c0208c3bc004000800106
ffff002002c1a000028adaec004000c00106
0000001f02bf6b340308f7e4004001000106
0000001f02be80000384fc8c004001400106
0000001f02bea00004008130004001800106
0001002002c02000047d25d8004001c00106
0001002102c2e00004fcb3c0004002000106
0002002402c7400005817bd8004002400106
0002002602cdc374060fbab8002902800106
fffe002602d31f4c00e8a70c004000000106
ffff002202cae000017f24de004000400106
ffff002102c5456c0208c3bc004000800106
ffff002002c1a000028adaec004000c00106
0000001f02bf6b340308f7e4004001000106
0000001f02be80000384fc8c004001400106
0000001f02bea00004008130004001800106
0001002002c02000047d25d8004001c00106
0001002102c2e00004fcb3c0004002000106
0002002402c7400005817bd8004002400106
0002002602cdc374060fbab8002902800106
fffe002602d55fa400e8c6b2004000000107
ffff002202cd1288017f24de004000400107
ffff002102c7656c0208c3bc004000800107
ffff002002c3a000028af340004000c00107
0000001f02c160000308f7e4004001000107
0000001f02c060000384fc8c004001400107
0000001f02c0c00004008130004001800107
0001002002c22000047d25d8004001c00107
0001002102c4e93c04fcaa80004002000107
0002002402c9565805817bd8004002400107
0002002702cfe6e8060f9e28002902800107
fffe002602d55fa400e8c6b2004000000107
ffff002202cd1288017f24de004000400107
ffff002102c7656c0208c3bc004000800107
ffff002002c3a000028af340004000c00107
0000001f02c160000308f7e4004001000107
0000001f02c060000384fc8c004001400107
0000001f02c0c00004008130004001800107
0001002002c22000047d25d8004001c00107
0001002102c4e93c04fcaa80004002000107
0002002402c9565805817bd8004002400107
0002002702cfe6e8060f9e28002902800107
fffe002602d55fa400e8c6b2004000000107
ffff002202cd1288017f24de004000400107
ffff002102c7656c0208c3bc004000800107
ffff002002c3a000028af340004000c00107
0000001f02c160000308f7e4004001000107
0000001f02c060000384fc8c004001400107
0000001f02c0c00004008130004001800107
0001002002c22000047d25d8004001c00107
0001002102c4e93c04fcaa80004002000107
0002002402c9565805817bd8004002400107
0002002702cfe6e8060f9e28002902800107
fffe002602d55fa400e8c6b2004000000107
ffff002202cd1288017f24de004000400107
ffff002102c7656c0208c3bc004000800107
ffff002002c3a000028af340004000c00107
0000001f02c160000308f7e4004001000107
0000001f02c060000384fc8c004001400107
0000001f02c0c00004008130004001800107
0001002002c22000047d25d8004001c00107
0001002102c4e93c04fcaa80004002000107
0002002402c9565805817bd8004002400107
0002002702cfe6e8060f9e28002902800107
fffe002602d55fa400e8c6b2004000000107
ffff002202cd1288017f24de004000400107
ffff002102c7656c0208c3bc004000800107
ffff002002c3a000028af340004000c00107
0000001f02c160000308f7e4004001000107
0000001f02c060000384fc8c004001400107
0000001f02c0c00004008130004001800107
0001002002c22000047d25d8004001c00107
0001002102c4e93c04fcaa80004002000107
0002002402c9565805817bd8004002400107
0002002702cfe6e8060f9e28002902800107
fffe002602d55fa400e8c6b2004000000107
ffff002202cd1288017f24de004000400107
ffff002102c7656c0208c3bc004000800107
ffff002002c3a000028af340004000c00107
0000001f02c160000308f7e4004001000107
0000001f02c060000384fc8c004001400107
0000001f02c0c00004008130004001800107
0001002002c22000047d25d8004001c00107
0001002102c4e93c04fcaa80004002000107
0002002402c9565805817bd8004002400107
0002002702cfe6e8060f9e28002902800107
fffe002602d7a00000e8c6b2004000000108
ffff002202cf3288017f3766004000400108
ffff002102c980000208c3bc004000800108
ffff002002c5b850028af340004000c00108
0000001f02c360000308f7e4004001000108
0000001f02c260000384fc8c004001400108
0000001f02c2c00004008130004001800108
0001002002c42000047d21f8004001c00108
0001002102c7093c04fcaa80004002000108
0002002402cb800005817230004002400108
0002002602d22374060f9e28002902800108
fffe002602d7a00000e8c6b2004000000108
ffff002202cf3288017f3766004000400108
ffff002102c980000208c3bc004000800108
ffff002002c5b850028af340004000c00108
0000001f02c360000308f7e4004001000108
0000001f02c260000384fc8c004001400108
0000001f02c2c00004008130004001800108
0001002002c42000047d21f8004001c00108
0001002102c7093c04fcaa80004002000108
0002002402cb800005817230004002400108
0002002602d22374060f9e28002902800108
fffe002602d7a00000e8c6b2004000000108
ffff002202cf3288017f3766004000400108
ffff002102c980000208c3bc004000800108
ffff002002c5b850028af340004000c00108
0000001f02c360000308f7e4004001000108
0000001f02c260000384fc8c004001400108
0000001f02c2c00004008130004001800108
0001002002c42000047d21f8004001c00108
0001002102c7093c04fcaa80004002000108
0002002402cb800005817230004002400108
0002002602d22374060f9e28002902800108
fffe002602d7a00000e8c6b2004000000108
ffff002202cf3288017f3766004000400108
ffff002102c980000208c3bc004000800108
ffff002002c5b850028af340004000c00108
0000001f02c360000308f7e4004001000108
0000001f02c260000384fc8c004001400108
0000001f02c2c00004008130004001800108
0001002002c42000047d21f8004001c00108
0001002102c7093c04fcaa80004002000108
0002002402cb800005817230004002400108
0002002602d22374060f9e28002902800108
fffe002602d7a00000e8c6b2004000000108
ffff002202cf3288017f3766004000400108
ffff002102c980000208c3bc004000800108
ffff002002c5b850028af340004000c00108
0000001f02c360000308f7e4004001000108
0000001f02c260000384fc8c004001400108
0000001f02c2c00004008130004001800108
0001002002c42000047d21f8004001c00108
0001002102c7093c04fcaa80004002000108
0002002402cb800005817230004002400108
0002002602d22374060f9e28002902800108
fffe002602d7a00000e8c6b2004000000108
ffff002202cf3288017f3766004000400108
ffff002102c980000208c3bc004000800108
ffff002002c5b850028af340004000c00108
0000001f02c360000308f7e4004001000108
0000001f02c260000384fc8c004001400108
0000001f02c2c00004008130004001800108
0001002002c42000047d21f8004001c00108
0001002102c7093c04fcaa80004002000108
0002002402cb800005817230004002400108
0002002602d22374060f9e28002902800108
fffe002602d9dfa400e8c70c004000000109
ffff002202d17288017f44de004000400109
ffff002102cb856c0208c3bc004000800109
ffff002002c7c000028af340004000c00109
0000001f02c5600003090318004001000109
0000001f02c460000384fc8c004001400109
0000001f02c4c00004008130004001800109
0001002002c62000047d21f8004001c00109
0001002102c9093c04fcaa80004002000109
0002002402cda00005815bd8004002400109
0002002602d466e8060f9ab8002902800109
fffe002602d9dfa400e8c70c004000000109
ffff002202d17288017f44de004000400109
ffff002102cb856c0208c3bc004000800109
ffff002002c7c000028af340004000c00109
0000001f02c5600003090318004001000109
0000001f02c460000384fc8c004001400109
0000001f02c4c00004008130004001800109
0001002002c62000047d21f8004001c00109
0001002102c9093c04fcaa80004002000109
0002002402cda00005815bd8004002400109
0002002602d466e8060f9ab8002902800109
fffe002602d9dfa400e8c70c004000000109
ffff002202d17288017f44de004000400109
ffff002102cb856c0208c3bc004000800109
ffff002002c7c000028af340004000c00109
0000001f02c5600003090318004001000109
0000001f02c460000384fc8c004001400109
0000001f02c4c00004008130004001800109
0001002002c62000047d21f8004001c00109
0001002102c9093c04fcaa80004002000109
0002002402cda00005815bd8004002400109
0002002602d466e8060f9ab8002902800109
fffe002602d9dfa400e8c70c004000000109
ffff002202d17288017f44de004000400109
ffff002102cb856c0208c3bc004000800109
ffff002002c7c000028af340004000c00109
0000001f02c5600003090318004001000109
0000001f02c460000384fc8c004001400109
0000001f02c4c00004008130004001800109
0001002002c62000047d21f8004001c00109
0001002102c9093c04fcaa80004002000109
0002002402cda00005815bd8004002400109
0002002602d466e8060f9ab8002902800109
fffe002602d9dfa400e8c70c004000000109
ffff002202d17288017f44de004000400109
ffff002102cb856c0208c3bc004000800109
ffff002002c7c000028af340004000c00109
0000001f02c5600003090318004001000109
0000001f02c460000384fc8c004001400109
0000001f02c4c00004008130004001800109
0001002002c62000047d21f8004001c00109
0001002102c9093c04fcaa80004002000109
0002002402cda00005815bd8004002400109
0002002602d466e8060f9ab8002902800109
fffe002602d9dfa400e8c70c004000000109
ffff002202d17288017f44de004000400109
ffff002102cb856c0208c3bc004000800109
ffff002002c7c000028af340004000c00109
0000001f02c5600003090318004001000109
0000001f02c460000384fc8c004001400109
0000001f02c4c00004008130004001800109
0001002002c62000047d21f8004001c00109
0001002102c9093c04fcaa80004002000109
0002002402cda00005815bd8004002400109
0002002602d466e8060f9ab8002902800109
fffe002602dc3f4c00e8c70c00400000010a
ffff002202d39288017f44de00400040010a
ffff002102cdc0000208c3bc00400080010a
ffff002002c9c000028afaec004000c0010a
0000001f02c76b340309031800400100010a
0000001f02c67e180384fc8c00400140010a
0000001f02c6a0000400813000400180010a
0001002002c83c20047d21f8004001c0010a
0001002102cb293c04fc93c000400200010a
0002002402cfc00005815bd800400240010a
0002002602d6a374060f9ab800290280010a
fffe002602dc3f4c00e8c70c00400000010a
ffff002202d39288017f44de00400040010a
ffff002102cdc0000208c3bc00400080010a
ffff002002c9c000028afaec004000c0010a
0000001f02c76b340309031800400100010a
0000001f02c67e180384fc8c00400140010a
0000001f02c6a0000400813000400180010a
0001002002c83c20047d21f8004001c0010a
0001002102cb293c04fc93c000400200010a
0002002402cfc00005815bd800400240010a
0002002602d6a374060f9ab800290280010a
fffe002602dc3f4c00e8c70c00400000010a
ffff002202d39288017f44de00400040010a
ffff002102cdc0000208c3bc00400080010a
ffff002002c9c000028afaec004000c0010a
0000001f02c76b340309031800400100010a
0000001f02c67e180384fc8c00400140010a
0000001f02c6a0000400813000400180010a
0001002002c83c20047d21f8004001c0010a
0001002102cb293c04fc93c000400200010a
0002002402cfc00005815bd800400240010a
0002002602d6a374060f9ab800290280010a
fffe002602dc3f4c00e8c70c00400000010a
ffff002202d39288017f44de00400040010a
ffff002102cdc0000208c3bc00400080010a
ffff002002c9c000028afaec004000c0010a
0000001f02c76b340309031800400100010a
0000001f02c67e180384fc8c00400140010a
0000001f02c6a0000400813000400180010a
0001002002c83c20047d21f8004001c0010a
0001002102cb293c04fc93c000400200010a
0002002402cfc00005815bd800400240010a
0002002602d6a374060f9ab800290280010a
fffe002602dc3f4c00e8c70c00400000010a
ffff002202d39288017f44de00400040010a
ffff002102cdc0000208c3bc00400080010a
ffff002002c9c000028afaec004000c0010a
0000001f02c76b340309031800400100010a
0000001f02c67e180384fc8c00400140010a
0000001f02c6a0000400813000400180010a
0001002002c83c20047d21f8004001c0010a
0001002102cb293c04fc93c000400200010a
0002002402cfc00005815bd800400240010a
0002002602d6a374060f9ab800290280010a
fffe002602dc3f4c00e8c70c00400000010a
ffff002202d39288017f44de00400040010a
ffff002102cdc0000208c3bc00400080010a
ffff002002c9c000028afaec004000c0010a
0000001f02c76b340309031800400100010a
0000001f02c67e180384fc8c00400140010a
0000001f02c6a0000400813000400180010a
0001002002c83c20047d21f8004001c0010a
0001002102cb293c04fc93c000400200010a
0002002402cfc00005815bd800400240010a
0002002602d6a374060f9ab800290280010a
fffe002602de7fa400e8c70c00400000010b
ffff002202d5c000017f44de00400040010b
ffff002102cfc56c0208e3bc00400080010b
ffff002002cbd850028afaec004000c0010b
0000001f02c98000030917e400400100010b
0000001f02c880000384fc8c00400140010b
0000001f02c8a0000400813000400180010b
0001002002ca4000047d21f8004001c0010b
0001002102cd400004fc93c000400200010b
0002002402d1c9a805815bd800400240010b
0002002602d8c6e8060f9ab800290280010b
fffe002602de7fa400e8c70c00400000010b
ffff002202d5c000017f44de00400040010b
ffff002102cfc56c0208e3bc00400080010b
ffff002002cbd850028afaec004000c0010b
0000001f02c98000030917e400400100010b
0000001f02c880000384fc8c00400140010b
0000001f02c8a0000400813000400180010b
0001002002ca4000047d21f8004001c0010b
0001002102cd400004fc93c000400200010b
0002002402d1c9a805815bd800400240010b
0002002602d8c6e8060f9ab800290280010b
fffe002602de7fa400e8c70c00400000010b
ffff002202d5c000017f44de00400040010b
ffff002102cfc56c0208e3bc00400080010b
ffff002002cbd850028afaec004000c0010b
0000001f02c98000030917e400400100010b
0000001f02c880000384fc8c00400140010b
0000001f02c8a0000400813000400180010b
0001002002ca4000047d21f8004001c0010b
0001002102cd400004fc93c000400200010b
0002002402d1c9a805815bd800400240010b
0002002602d8c6e8060f9ab800290280010b
fffe002602de7fa400e8c70c00400000010b
ffff002202d5c000017f44de00400040010b
ffff002102cfc56c0208e3bc00400080010b
ffff002002cbd850028afaec004000c0010b
0000001f02c98000030917e400400100010b
0000001f02c880000384fc8c00400140010b
0000001f02c8a0000400813000400180010b
0001002002ca4000047d21f8004001c0010b
0001002102cd400004fc93c000400200010b
0002002402d1c9a805815bd800400240010b
0002002602d8c6e8060f9ab800290280010b
fffe002602de7fa400e8c70c00400000010b
ffff002202d5c000017f44de00400040010b
ffff002102cfc56c0208e3bc00400080010b
ffff002002cbd850028afaec004000c0010b
0000001f02c98000030917e400400100010b
0000001f02c880000384fc8c00400140010b
0000001f02c8a0000400813000400180010b
0001002002ca4000047d21f8004001c0010b
0001002102cd400004fc93c000400200010b
0002002402d1c9a805815bd800400240010b
0002002602d8c6e8060f9ab800290280010b
fffe002602de7fa400e8c70c00400000010b
ffff002202d5c000017f44de00400040010b
ffff002102cfc56c0208e3bc00400080010b
ffff002002cbd850028afaec004000c0010b
0000001f02c98000030917e400400100010b
0000001f02c880000384fc8c00400140010b
0000001f02c8a0000400813000400180010b
0001002002ca4000047d21f8004001c0010b
0001002102cd400004fc93c000400200010b
0002002402d1c9a805815bd800400240010b
0002002602d8c6e8060f9ab800290280010b
fffe002602e0dfa400e8e6b200400000010c
ffff002202d7e000017f576600400040010c
ffff002102d1e56c0208e3bc00400080010c
ffff002002cde000028b1340004000c0010c
0000001f02cb74cc030917e400400100010c
0000001f02ca80000384fc8c00400140010c
0000001f02caaf040400813000400180010c
0001002002cc5c20047d21f8004001c0010c
0001002102cf400004fc93c000400200010c
0002002402d3f65805813bd800400240010c
0002002702db2374060f7e2800290280010c
fffe002602e0dfa400e8e6b200400000010c
ffff002202d7e000017f576600400040010c
ffff002102d1e56c0208e3bc00400080010c
ffff002002cde000028b1340004000c0010c
0000001f02cb74cc030917e400400100010c
0000001f02ca80000384fc8c00400140010c
0000001f02caaf040400813000400180010c
0001002002cc5c20047d21f8004001c0010c
0001002102cf400004fc93c000400200010c
0002002402d3f65805813bd800400240010c
0002002702db2374060f7e2800290280010c
fffe002602e0dfa400e8e6b200400000010c
ffff002202d7e000017f576600400040010c
ffff002102d1e56c0208e3bc00400080010c
ffff002002cde000028b1340004000c0010c
0000001f02cb74cc030917e400400100010c
0000001f02ca80000384fc8c00400140010c
0000001f02caaf040400813000400180010c
0001002002cc5c20047d21f8004001c0010c
0001002102cf400004fc93c000400200010c
0002002402d3f65805813bd800400240010c
0002002702db2374060f7e2800290280010c
fffe002602e0dfa400e8e6b200400000010c
ffff002202d7e000017f576600400040010c
ffff002102d1e56c0208e3bc00400080010c
ffff002002cde000028b1340004000c0010c
0000001f02cb74cc030917e400400100010c
0000001f02ca80000384fc8c00400140010c
0000001f02caaf040400813000400180010c
0001002002cc5c20047d21f8004001c0010c
0001002102cf400004fc93c000400200010c
0002002402d3f65805813bd800400240010c
0002002702db2374060f7e2800290280010c
fffe002602e0dfa400e8e6b200400000010c
ffff002202d7e000017f576600400040010c
ffff002102d1e56c0208e3bc00400080010c
ffff002002cde000028b1340004000c0010c
0000001f02cb74cc030917e400400100010c
0000001f02ca80000384fc8c00400140010c
0000001f02caaf040400813000400180010c
0001002002cc5c20047d21f8004001c0010c
0001002102cf400004fc93c000400200010c
0002002402d3f65805813bd800400240010c
0002002702db2374060f7e2800290280010c
fffe002602e0dfa400e8e6b200400000010c
ffff002202d7e000017f576600400040010c
ffff002102d1e56c0208e3bc00400080010c
ffff002002cde000028b1340004000c0010c
0000001f02cb74cc030917e400400100010c
0000001f02ca80000384fc8c00400140010c
0000001f02caaf040400813000400180010c
0001002002cc5c20047d21f8004001c0010c
0001002102cf400004fc93c000400200010c
0002002402d3f65805813bd800400240010c
0002002702db2374060f7e2800290280010c
fffe002602e31fa400e8e6b200400000010d
fffe002202da1288017f64de00400040010d
ffff002102d3e56c0208e3bc00400080010d
ffff002002cfe000028b1340004000c0010d
0000001f02cd6b34030917e400400100010d
0000001f02cc80000384fc8c00400140010d
0000001f02ccc0000400723000400180010d
0001002002ce43e0047d21f8004001c0010d
0001002102d1493c04fc8a8000400200010d
0002002402d6365805813bd800400240010d
0002002602dd26e8060f7ab800290280010d
fffe002602e31fa400e8e6b200400000010d
fffe002202da1288017f64de00400040010d
ffff002102d3e56c0208e3bc00400080010d
ffff002002cfe000028b1340004000c0010d
0000001f02cd6b34030917e400400100010d
0000001f02cc80000384fc8c00400140010d
0000001f02ccc0000400723000400180010d
0001002002ce43e0047d21f8004001c0010d
0001002102d1493c04fc8a8000400200010d
0002002402d6365805813bd800400240010d
0002002602dd26e8060f7ab800290280010d
fffe002602e31fa400e8e6b200400000010d
fffe002202da1288017f64de00400040010d
ffff002102d3e56c0208e3bc00400080010d
ffff002002cfe000028b1340004000c0010d
0000001f02cd6b34030917e400400100010d
0000001f02cc80000384fc8c00400140010d
0000001f02ccc0000400723000400180010d
0001002002ce43e0047d21f8004001c0010d
0001002102d1493c04fc8a8000400200010d
0002002402d6365805813bd800400240010d
0002002602dd26e8060f7ab800290280010d
fffe002602e31fa400e8e6b200400000010d
fffe002202da1288017f64de00400040010d
ffff002102d3e56c0208e3bc00400080010d
ffff002002cfe000028b1340004000c0010d
0000001f02cd6b34030917e400400100010d
0000001f02cc80000384fc8c00400140010d
0000001f02ccc0000400723000400180010d
0001002002ce43e0047d21f8004001c0010d
0001002102d1493c04fc8a8000400200010d
0002002402d6365805813bd800400240010d
0002002602dd26e8060f7ab800290280010d
fffe002602e31fa400e8e6b200400000010d
fffe002202da1288017f64de00400040010d
ffff002102d3e56c0208e3bc00400080010d
ffff002002cfe000028b1340004000c0010d
0000001f02cd6b34030917e400400100010d
0000001f02cc80000384fc8c00400140010d
0000001f02ccc0000400723000400180010d
0001002002ce43e0047d21f8004001c0010d
0001002102d1493c04fc8a8000400200010d
0002002402d6365805813bd800400240010d
0002002602dd26e8060f7ab800290280010d
fffe002602e31fa400e8e6b200400000010d
fffe002202da1288017f64de00400040010d
ffff002102d3e56c0208e3bc00400080010d
ffff002002cfe000028b1340004000c0010d
0000001f02cd6b34030917e400400100010d
0000001f02cc80000384fc8c00400140010d
0000001f02ccc0000400723000400180010d
0001002002ce43e0047d21f8004001c0010d
0001002102d1493c04fc8a8000400200010d
0002002402d6365805813bd800400240010d
0002002602dd26e8060f7ab800290280010d
fffe002602e55fa400e8e70c00400000010e
fffe002202dc4514017f64de00400040010e
ffff002102d6056c0208e3bc00400080010e
ffff002002d1f850028b1340004000c0010e
0000001f02cf8000030917e400400100010e
0000001f02ce60000384fc8c00400140010e
0000001f02cec0000400723000400180010e
0001002002d04000047d05d8004001c0010e
0001002102d3600004fc8a8000400200010e
0002002402d8365805813bd800400240010e
0002002602df8374060f7ab800290280010e
fffe002602e55fa400e8e70c00400000010e
fffe002202dc4514017f64de00400040010e
ffff002102d6056c0208e3bc00400080010e
ffff002002d1f850028b1340004000c0010e
0000001f02cf8000030917e400400100010e
0000001f02ce60000384fc8c00400140010e
0000001f02cec0000400723000400180010e
0001002002d04000047d05d8004001c0010e
0001002102d3600004fc8a8000400200010e
0002002402d8365805813bd800400240010e
0002002602df8374060f7ab800290280010e
fffe002602e55fa400e8e70c00400000010e
fffe002202dc4514017f64de00400040010e
ffff002102d6056c0208e3bc00400080010e
ffff002002d1f850028b1340004000c0010e
0000001f02cf8000030917e400400100010e
0000001f02ce60000384fc8c00400140010e
0000001f02cec0000400723000400180010e
0001002002d04000047d05d8004001c0010e
0001002102d3600004fc8a8000400200010e
0002002402d8365805813bd800400240010e
0002002602df8374060f7ab800290280010e
fffe002602e55fa400e8e70c00400000010e
fffe002202dc4514017f64de00400040010e
ffff002102d6056c0208e3bc00400080010e
ffff002002d1f850028b1340004000c0010e
0000001f02cf8000030917e400400100010e
0000001f02ce60000384fc8c00400140010e
0000001f02cec0000400723000400180010e
0001002002d04000047d05d8004001c0010e
0001002102d3600004fc8a8000400200010e
0002002402d8365805813bd800400240010e
0002002602df8374060f7ab800290280010e
fffe002602e55fa400e8e70c00400000010e
fffe002202dc4514017f64de00400040010e
ffff002102d6056c0208e3bc00400080010e
ffff002002d1f850028b1340004000c0010e
0000001f02cf8000030917e400400100010e
0000001f02ce60000384fc8c00400140010e
0000001f02cec0000400723000400180010e
0001002002d04000047d05d8004001c0010e
0001002102d3600004fc8a8000400200010e
0002002402d8365805813bd800400240010e
0002002602df8374060f7ab800290280010e
fffe002602e55fa400e8e70c00400000010e
fffe002202dc4514017f64de00400040010e
ffff002102d6056c0208e3bc00400080010e
ffff002002d1f850028b1340004000c0010e
0000001f02cf8000030917e400400100010e
0000001f02ce60000384fc8c00400140010e
0000001f02cec0000400723000400180010e
0001002002d04000047d05d8004001c0010e
0001002102d3600004fc8a8000400200010e
0002002402d8365805813bd800400240010e
0002002602df8374060f7ab800290280010e
fffe002602e79fa400e8e70c00400000010f
fffe002202de6514017f64de00400040010f
ffff002102d8256c020903bc00400080010f
ffff001f02d40000028b1aec004000c0010f
0000001f02d18000030917e400400100010f
0000001f02d060000384fc8c00400140010f
0000001f02d0c0000400613000400180010f
0001002002d25c20047d05d8004001c0010f
0001002102d5693c04fc73c000400200010f
0002002402da765805813bd800400240010f
0002002602e1a374060f7ab800290280010f
fffe002602e79fa400e8e70c00400000010f
fffe002202de6514017f64de00400040010f
ffff002102d8256c020903bc00400080010f
ffff001f02d40000028b1aec004000c0010f
0000001f02d18000030917e400400100010f
0000001f02d060000384fc8c00400140010f
0000001f02d0c0000400613000400180010f
0001002002d25c20047d05d8004001c0010f
0001002102d5693c04fc73c000400200010f
0002002402da765805813bd800400240010f
0002002602e1a374060f7ab800290280010f
fffe002602e79fa400e8e70c00400000010f
fffe002202de6514017f64de00400040010f
ffff002102d8256c020903bc00400080010f
ffff001f02d40000028b1aec004000c0010f
0000001f02d18000030917e400400100010f
0000001f02d060000384fc8c00400140010f
0000001f02d0c0000400613000400180010f
0001002002d25c20047d05d8004001c0010f
0001002102d5693c04fc73c000400200010f
0002002402da765805813bd800400240010f
0002002602e1a374060f7ab800290280010f
fffe002602e79fa400e8e70c00400000010f
fffe002202de6514017f64de00400040010f
ffff002102d8256c020903bc00400080010f
ffff001f02d40000028b1aec004000c0010f
0000001f02d18000030917e400400100010f
0000001f02d060000384fc8c00400140010f
0000001f02d0c0000400613000400180010f
0001002002d25c20047d05d8004001c0010f
0001002102d5693c04fc73c000400200010f
0002002402da765805813bd800400240010f
0002002602e1a374060f7ab800290280010f
fffe002602e79fa400e8e70c00400000010f
fffe002202de6514017f64de00400040010f
ffff002102d8256c020903bc00400080010f
ffff001f02d40000028b1aec004000c0010f
0000001f02d18000030917e400400100010f
0000001f02d060000384fc8c00400140010f
0000001f02d0c0000400613000400180010f
0001002002d25c20047d05d8004001c0010f
0001002102d5693c04fc73c000400200010f
0002002402da765805813bd800400240010f
0002002602e1a374060f7ab800290280010f
fffe002602e79fa400e8e70c00400000010f
fffe002202de6514017f64de00400040010f
ffff002102d8256c020903bc00400080010f
ffff001f02d40000028b1aec004000c0010f
0000001f02d18000030917e400400100010f
0000001f02d060000384fc8c00400140010f
0000001f02d0c0000400613000400180010f
0001002002d25c20047d05d8004001c0010f
0001002102d5693c04fc73c000400200010f
0002002402da765805813bd800400240010f
0002002602e1a374060f7ab800290280010f
fffe002602e9ff4c00e906b2004000000110
fffe002202e0b288017f7766004000400110
ffff002102da256c020903bc004000800110
ffff001f02d60000028b1aec004000c00110
0000001f02d38b34030917e4004001000110
0000001f02d260000384fc8c004001400110
0000001f02d2a00004006130004001800110
0001002002d46000047d05d8004001c00110
0001002102d7893c04fc73c0004002000110
0002002402dc765805813bd8004002400110
0002002702e3e374060f5e28002902800110
fffe002602e9ff4c00e906b2004000000110
fffe002202e0b288017f7766004000400110
ffff002102da256c020903bc004000800110
ffff001f02d60000028b1aec004000c00110
0000001f02d38b34030917e4004001000110
0000001f02d260000384fc8c004001400110
0000001f02d2a00004006130004001800110
0001002002d46000047d05d8004001c00110
0001002102d7893c04fc73c0004002000110
0002002402dc765805813bd8004002400110
0002002702e3e374060f5e28002902800110
fffe002602e9ff4c00e906b2004000000110
fffe002202e0b288017f7766004000400110
ffff002102da256c020903bc004000800110
ffff001f02d60000028b1aec004000c00110
0000001f02d38b34030917e4004001000110
0000001f02d260000384fc8c004001400110
0000001f02d2a00004006130004001800110
0001002002d46000047d05d8004001c00110
0001002102d7893c04fc73c0004002000110
0002002402dc765805813bd8004002400110
0002002702e3e374060f5e28002902800110
fffe002602e9ff4c00e906b2004000000110
fffe002202e0b288017f7766004000400110
ffff002102da256c020903bc004000800110
ffff001f02d60000028b1aec004000c00110
0000001f02d38b34030917e4004001000110
0000001f02d260000384fc8c004001400110
0000001f02d2a00004006130004001800110
0001002002d46000047d05d8004001c00110
0001002102d7893c04fc73c0004002000110
0002002402dc765805813bd8004002400110
0002002702e3e374060f5e28002902800110
fffe002602e9ff4c00e906b2004000000110
fffe002202e0b288017f7766004000400110
ffff002102da256c020903bc004000800110
ffff001f02d60000028b1aec004000c00110
0000001f02d38b34030917e4004001000110
0000001f02d260000384fc8c004001400110
0000001f02d2a00004006130004001800110
0001002002d46000047d05d8004001c00110
0001002102d7893c04fc73c0004002000110
0002002402dc765805813bd8004002400110
0002002702e3e374060f5e28002902800110
fffe002602e9ff4c00e906b2004000000110
fffe002202e0b288017f7766004000400110
ffff002102da256c020903bc004000800110
ffff001f02d60000028b1aec004000c00110
0000001f02d38b34030917e4004001000110
0000001f02d260000384fc8c004001400110
0000001f02d2a00004006130004001800110
0001002002d46000047d05d8004001c00110
0001002102d7893c04fc73c0004002000110
0002002402dc765805813bd8004002400110
0002002702e3e374060f5e28002902800110
fffe002602ec3fa400e906b2004000000111
fffe002202e2d288017f84de004000400111
ffff002102dc456c020903bc004000800111
ffff002002d81850028b1aec004000c00111
0000001f02d58000030917e4004001000111
0000001f02d480000384fc8c004001400111
0000001f02d4af0404006130004001800111
0001002002d66000047d01f8004001c00111
0001002102d9893c04fc6a80004002000111
0002002402deb65805811bd8004002400111
0003002702e62374060f5e28002902800111
fffe002602ec3fa400e906b2004000000111
fffe002202e2d288017f84de004000400111
ffff002102dc456c020903bc004000800111
ffff002002d81850028b1aec004000c00111
0000001f02d58000030917e4004001000111
0000001f02d480000384fc8c004001400111
0000001f02d4af0404006130004001800111
0001002002d66000047d01f8004001c00111
0001002102d9893c04fc6a80004002000111
0002002402deb65805811bd8004002400111
0003002702e62374060f5e28002902800111
fffe002602ec3fa400e906b2004000000111
fffe002202e2d288017f84de004000400111
ffff002102dc456c020903bc004000800111
ffff002002d81850028b1aec004000c00111
0000001f02d58000030917e4004001000111
0000001f02d480000384fc8c004001400111
0000001f02d4af0404006130004001800111
0001002002d66000047d01f8004001c00111
0001002102d9893c04fc6a80004002000111
0002002402deb65805811bd8004002400111
0003002702e62374060f5e28002902800111
fffe002602ec3fa400e906b2004000000111
fffe002202e2d288017f84de004000400111
ffff002102dc456c020903bc004000800111
ffff002002d81850028b1aec004000c00111
0000001f02d58000030917e4004001000111
0000001f02d480000384fc8c004001400111
0000001f02d4af0404006130004001800111
0001002002d66000047d01f8004001c00111
0001002102d9893c04fc6a80004002000111
0002002402deb65805811bd8004002400111
0003002702e62374060f5e28002902800111
fffe002602ec3fa400e906b2004000000111
fffe002202e2d288017f84de004000400111
ffff002102dc456c020903bc004000800111
ffff002002d81850028b1aec004000c00111
0000001f02d58000030917e4004001000111
0000001f02d480000384fc8c004001400111
0000001f02d4af0404006130004001800111
0001002002d66000047d01f8004001c00111
0001002102d9893c04fc6a80004002000111
0002002402deb65805811bd8004002400111
0003002702e62374060f5e28002902800111
fffe002602ec3fa400e906b2004000000111
fffe002202e2d288017f84de004000400111
ffff002102dc456c020903bc004000800111
ffff002002d81850028b1aec004000c00111
0000001f02d58000030917e4004001000111
0000001f02d480000384fc8c004001400111
0000001f02d4af0404006130004001800111
0001002002d66000047d01f8004001c00111
0001002102d9893c04fc6a80004002000111
0002002402deb65805811bd8004002400111
0003002702e62374060f5e28002902800111
fffe002602ee7fa400e906b2004000000112
fffe002202e50000017f84de004000400112
ffff002102de8000020903bc004000800112
ffff001f02da2000028b3340004000c00112
0000001f02d78000030917e4004001000112
0000001f02d680000384fc8c004001400112
0000001f02d6c00004006130004001800112
0001002002d86000047d01f8004001c00112
0001002102dba00004fc6a80004002000112
0002002402e0b65805811bd8004002400112
0003002602e846e8060f5ab8002902800112
fffe002602ee7fa400e906b2004000000112
fffe002202e50000017f84de004000400112
ffff002102de8000020903bc004000800112
ffff001f02da2000028b3340004000c00112
0000001f02d78000030917e4004001000112
0000001f02d680000384fc8c004001400112
0000001f02d6c00004006130004001800112
0001002002d86000047d01f8004001c00112
0001002102dba00004fc6a80004002000112
0002002402e0b65805811bd8004002400112
0003002602e846e8060f5ab8002902800112
fffe002602ee7fa400e906b2004000000112
fffe002202e50000017f84de004000400112
ffff002102de8000020903bc004000800112
ffff001f02da2000028b3340004000c00112
0000001f02d78000030917e4004001000112
0000001f02d680000384fc8c004001400112
0000001f02d6c00004006130004001800112
0001002002d86000047d01f8004001c00112
0001002102dba00004fc6a80004002000112
0002002402e0b65805811bd8004002400112
0003002602e846e8060f5ab8002902800112
fffe002602ee7fa400e906b2004000000112
fffe002202e50000017f84de004000400112
ffff002102de8000020903bc004000800112
ffff001f02da2000028b3340004000c00112
0000001f02d78000030917e4004001000112
0000001f02d680000384fc8c004001400112
0000001f02d6c00004006130004001800112
0001002002d86000047d01f8004001c00112
0001002102dba00004fc6a80004002000112
0002002402e0b65805811bd8004002400112
0003002602e846e8060f5ab8002902800112
fffe002602ee7fa400e906b2004000000112
fffe002202e50000017f84de004000400112
ffff002102de8000020903bc004000800112
ffff001f02da2000028b3340004000c00112
0000001f02d78000030917e4004001000112
0000001f02d680000384fc8c004001400112
0000001f02d6c00004006130004001800112
0001002002d86000047d01f8004001c00112
0001002102dba00004fc6a80004002000112
0002002402e0b65805811bd8004002400112
0003002602e846e8060f5ab8002902800112
fffe002602ee7fa400e906b2004000000112
fffe002202e50000017f84de004000400112
ffff002102de8000020903bc004000800112
ffff001f02da2000028b3340004000c00112
0000001f02d78000030917e4004001000112
0000001f02d680000384fc8c004001400112
0000001f02d6c00004006130004001800112
0001002002d86000047d01f8004001c00112
0001002102dba00004fc6a80004002000112
0002002402e0b65805811bd8004002400112
0003002602e846e8060f5ab8002902800112
fffe002602f0bfa400e9070c004000000113
fffe002202e73288017f84de004000400113
ffff002102e0856c02091e50004000800113
ffff002002dc2000028b3340004000c00113
0000001f02d98b3403092318004001000113
0000001f02d880000384fc8c004001400113
0000001f02d8c00004006130004001800113
0001002002da6000047d01f8004001c00113
0001002102ddb6c404fc6a80004002000113
0002002402e2e00005811bd8004002400113
0003002602ea8374060f5ab8002902800113
fffe002602f0bfa400e9070c004000000113
fffe002202e73288017f84de004000400113
ffff002102e0856c02091e50004000800113
ffff002002dc2000028b3340004000c00113
0000001f02d98b3403092318004001000113
0000001f02d880000384fc8c004001400113
0000001f02d8c00004006130004001800113
0001002002da6000047d01f8004001c00113
0001002102ddb6c404fc6a80004002000113
0002002402e2e00005811bd8004002400113
0003002602ea8374060f5ab8002902800113
fffe002602f0bfa400e9070c004000000113
fffe002202e73288017f84de004000400113
ffff002102e0856c02091e50004000800113
ffff002002dc2000028b3340004000c00113
0000001f02d98b3403092318004001000113
0000001f02d880000384fc8c004001400113
0000001f02d8c00004006130004001800113
0001002002da6000047d01f8004001c00113
0001002102ddb6c404fc6a80004002000113
0002002402e2e00005811bd8004002400113
0003002602ea8374060f5ab8002902800113
fffe002602f0bfa400e9070c004000000113
fffe002202e73288017f84de004000400113
ffff002102e0856c02091e50004000800113
ffff002002dc2000028b3340004000c00113
0000001f02d98b3403092318004001000113
0000001f02d880000384fc8c004001400113
0000001f02d8c00004006130004001800113
0001002002da6000047d01f8004001c00113
0001002102ddb6c404fc6a80004002000113
0002002402e2e00005811bd8004002400113
0003002602ea8374060f5ab8002902800113
fffe002602f0bfa400e9070c004000000113
fffe002202e73288017f84de004000400113
ffff002102e0856c02091e50004000800113
ffff002002dc2000028b3340004000c00113
0000001f02d98b3403092318004001000113
0000001f02d880000384fc8c004001400113
0000001f02d8c00004006130004001800113
0001002002da6000047d01f8004001c00113
0001002102ddb6c404fc6a80004002000113
0002002402e2e00005811bd8004002400113
0003002602ea8374060f5ab8002902800113
fffe002602f0bfa400e9070c004000000113
fffe002202e73288017f84de004000400113
ffff002102e0856c02091e50004000800113
ffff002002dc2000028b3340004000c00113
0000001f02d98b3403092318004001000113
0000001f02d880000384fc8c004001400113
0000001f02d8c00004006130004001800113
0001002002da6000047d01f8004001c00113
0001002102ddb6c404fc6a80004002000113
0002002402e2e00005811bd8004002400113
0003002602ea8374060f5ab8002902800113
fffe002602f31f4c00e926b2004000000114
fffe002202e94000017f9766004000400114
ffff002102e2a000020923bc004000800114
ffff002002de3850028b3340004000c00114
0000001f02dba00003092318004001000114
0000001f02da60000384fc8c004001400114
0000001f02dac00004006130004001800114
0001002002dc7c20047d01f8004001c00114
0001002102dfa93c04fc6a80004002000114
0002002402e4f65805811bd8004002400114
0003002702eca6e8060f3e28002902800114
fffe002602f31f4c00e926b2004000000114
fffe002202e94000017f9766004000400114
ffff002102e2a000020923bc004000800114
ffff002002de3850028b3340004000c00114
0000001f02dba00003092318004001000114
0000001f02da60000384fc8c004001400114
0000001f02dac00004006130004001800114
0001002002dc7c20047d01f8004001c00114
0001002102dfa93c04fc6a80004002000114
0002002402e4f65805811bd8004002400114
0003002702eca6e8060f3e28002902800114
fffe002602f31f4c00e926b2004000000114
fffe002202e94000017f9766004000400114
ffff002102e2a000020923bc004000800114
ffff002002de3850028b3340004000c00114
0000001f02dba00003092318004001000114
0000001f02da60000384fc8c004001400114
0000001f02dac00004006130004001800114
0001002002dc7c20047d01f8004001c00114
0001002102dfa93c04fc6a80004002000114
0002002402e4f65805811bd8004002400114
0003002702eca6e8060f3e28002902800114
fffe002602f31f4c00e926b2004000000114
fffe002202e94000017f9766004000400114
ffff002102e2a000020923bc004000800114
ffff002002de3850028b3340004000c00114
0000001f02dba00003092318004001000114
0000001f02da60000384fc8c004001400114
0000001f02dac00004006130004001800114
0001002002dc7c20047d01f8004001c00114
0001002102dfa93c04fc6a80004002000114
0002002402e4f65805811bd8004002400114
0003002702eca6e8060f3e28002902800114
fffe002602f31f4c00e926b2004000000114
fffe002202e94000017f9766004000400114
ffff002102e2a000020923bc004000800114
ffff002002de3850028b3340004000c00114
0000001f02dba00003092318004001000114
0000001f02da60000384fc8c004001400114
0000001f02dac00004006130004001800114
0001002002dc7c20047d01f8004001c00114
0001002102dfa93c04fc6a80004002000114
0002002402e4f65805811bd8004002400114
0003002702eca6e8060f3e28002902800114
fffe002602f31f4c00e926b2004000000114
fffe002202e94000017f9766004000400114
ffff002102e2a000020923bc004000800114
ffff002002de3850028b3340004000c00114
0000001f02dba00003092318004001000114
0000001f02da60000384fc8c004001400114
0000001f02dac00004006130004001800114
0001002002dc7c20047d01f8004001c00114
0001002102dfa93c04fc6a80004002000114
0002002402e4f65805811bd8004002400114
0003002702eca6e8060f3e28002902800114
fffe002602f55fa400e926b2004000000115
fffe002202eb7288017fa4de004000400115
ffff002102e4a56c020923bc004000800115
ffff001f02e04000028b3aec004000c00115
0000001f02dd94cc030937e4004001000115
0000001f02dc60000384fc8c004001400115
0000001f02dcc00004006130004001800115
0001002002de63e0047d01f8004001c00115
0001002102e1c93c04fc53c0004002000115
0002002402e716580580fbd8004002400115
0003002702eee374060f3e28002902800115
fffe002602f55fa400e926b2004000000115
fffe002202eb7288017fa4de004000400115
ffff002102e4a56c020923bc004000800115
ffff001f02e04000028b3aec004000c00115
0000001f02dd94cc030937e4004001000115
0000001f02dc60000384fc8c004001400115
0000001f02dcc00004006130004001800115
0001002002de63e0047d01f8004001c00115
0001002102e1c93c04fc53c0004002000115
0002002402e716580580fbd8004002400115
0003002702eee374060f3e28002902800115
fffe002602f55fa400e926b2004000000115
fffe002202eb7288017fa4de004000400115
ffff002102e4a56c020923bc004000800115
ffff001f02e04000028b3aec004000c00115
0000001f02dd94cc030937e4004001000115
0000001f02dc60000384fc8c004001400115
0000001f02dcc00004006130004001800115
0001002002de63e0047d01f8004001c00115
0001002102e1c93c04fc53c0004002000115
0002002402e716580580fbd8004002400115
0003002702eee374060f3e28002902800115
fffe002602f55fa400e926b2004000000115
fffe002202eb7288017fa4de004000400115
ffff002102e4a56c020923bc004000800115
ffff001f02e04000028b3aec004000c00115
0000001f02dd94cc030937e4004001000115
0000001f02dc60000384fc8c004001400115
0000001f02dcc00004006130004001800115
0001002002de63e0047d01f8004001c00115
0001002102e1c93c04fc53c0004002000115
0002002402e716580580fbd8004002400115
0003002702eee374060f3e28002902800115
fffe002602f55fa400e926b2004000000115
fffe002202eb7288017fa4de004000400115
ffff002102e4a56c020923bc004000800115
ffff001f02e04000028b3aec004000c00115
0000001f02dd94cc030937e4004001000115
0000001f02dc60000384fc8c004001400115
0000001f02dcc00004006130004001800115
0001002002de63e0047d01f8004001c00115
0001002102e1c93c04fc53c0004002000115
0002002402e716580580fbd8004002400115
0003002702eee374060f3e28002902800115
fffe002602f55fa400e926b2004000000115
fffe002202eb7288017fa4de004000400115
ffff002102e4a56c020923bc004000800115
ffff001f02e04000028b3aec004000c00115
0000001f02dd94cc030937e4004001000115
0000001f02dc60000384fc8c004001400115
0000001f02dcc00004006130004001800115
0001002002de63e0047d01f8004001c00115
0001002102e1c93c04fc53c0004002000115
0002002402e716580580fbd8004002400115
0003002702eee374060f3e28002902800115
fffd002602f7bf4c00e926b2004000000116
fffe002202ed9288017fa4de004000400116
ffff002102e6e000020923bc004000800116
ffff001f02e24000028b3aec004000c00116
0000001f02df8b34030937e4004001000116
0000001f02de60000384fc8c004001400116
0000001f02deaf0404006130004001800116
0001002002e07c20047ce5d8004001c00116
0001002102e3e00004fc53c0004002000116
0002002402e920000580fbd8004002400116
0003002602f126e8060f3ab8002902800116
fffd002602f7bf4c00e926b2004000000116
fffe002202ed9288017fa4de004000400116
ffff002102e6e000020923bc004000800116
ffff001f02e24000028b3aec004000c00116
0000001f02df8b34030937e4004001000116
0000001f02de60000384fc8c004001400116
0000001f02deaf0404006130004001800116
0001002002e07c20047ce5d8004001c00116
0001002102e3e00004fc53c0004002000116
0002002402e920000580fbd8004002400116
0003002602f126e8060f3ab8002902800116
fffd002602f7bf4c00e926b2004000000116
fffe002202ed9288017fa4de004000400116
ffff002102e6e000020923bc004000800116
ffff001f02e24000028b3aec004000c00116
0000001f02df8b34030937e4004001000116
0000001f02de60000384fc8c004001400116
0000001f02deaf0404006130004001800116
0001002002e07c20047ce5d8004001c00116
0001002102e3e00004fc53c0004002000116
0002002402e920000580fbd8004002400116
0003002602f126e8060f3ab8002902800116
fffd002602f7bf4c00e926b2004000000116
fffe002202ed9288017fa4de004000400116
ffff002102e6e000020923bc004000800116
ffff001f02e24000028b3aec004000c00116
0000001f02df8b34030937e4004001000116
0000001f02de60000384fc8c004001400116
0000001f02deaf0404006130004001800116
0001002002e07c20047ce5d8004001c00116
0001002102e3e00004fc53c0004002000116
0002002402e920000580fbd8004002400116
0003002602f126e8060f3ab8002902800116
fffd002602f7bf4c00e926b2004000000116
fffe002202ed9288017fa4de004000400116
ffff002102e6e000020923bc004000800116
ffff001f02e24000028b3aec004000c00116
0000001f02df8b34030937e4004001000116
0000001f02de60000384fc8c004001400116
0000001f02deaf0404006130004001800116
0001002002e07c20047ce5d8004001c00116
0001002102e3e00004fc53c0004002000116
0002002402e920000580fbd8004002400116
0003002602f126e8060f3ab8002902800116
fffd002602f7bf4c00e926b2004000000116
fffe002202ed9288017fa4de004000400116
ffff002102e6e000020923bc004000800116
ffff001f02e24000028b3aec004000c00116
0000001f02df8b34030937e4004001000116
0000001f02de60000384fc8c004001400116
0000001f02deaf0404006130004001800116
0001002002e07c20047ce5d8004001c00116
0001002102e3e00004fc53c0004002000116
0002002402e920000580fbd8004002400116
0003002602f126e8060f3ab8002902800116
fffd002602f9e00000e9270c004000000117
fffe002202efd288017fa4de004000400117
ffff002102e8e56c020923bc004000800117
ffff001f02e45850028b3aec004000c00117
0000001f02e1a000030937e4004001000117
0000001f02e07e180384fc8c004001400117
0000001f02e0c00004006130004001800117
0001002002e28000047ce1f8004001c00117
0001002102e5e93c04fc4a80004002000117
0002002402eb56580580fbd8004002400117
0003002602f36374060f3ab8002902800117
fffd002602f9e00000e9270c004000000117
fffe002202efd288017fa4de004000400117
ffff002102e8e56c020923bc004000800117
ffff001f02e45850028b3aec004000c00117
0000001f02e1a000030937e4004001000117
0000001f02e07e180384fc8c004001400117
0000001f02e0c00004006130004001800117
0001002002e28000047ce1f8004001c00117
0001002102e5e93c04fc4a80004002000117
0002002402eb56580580fbd8004002400117
0003002602f36374060f3ab8002902800117
fffd002602f9e00000e9270c004000000117
fffe002202efd288017fa4de004000400117
ffff002102e8e56c020923bc004000800117
ffff001f02e45850028b3aec004000c00117
0000001f02e1a000030937e4004001000117
0000001f02e07e180384fc8c004001400117
0000001f02e0c00004006130004001800117
0001002002e28000047ce1f8004001c00117
0001002102e5e93c04fc4a80004002000117
0002002402eb56580580fbd8004002400117
0003002602f36374060f3ab8002902800117
fffd002602f9e00000e9270c004000000117
fffe002202efd288017fa4de004000400117
ffff002102e8e56c020923bc004000800117
ffff001f02e45850028b3aec004000c00117
0000001f02e1a000030937e4004001000117
0000001f02e07e180384fc8c004001400117
0000001f02e0c00004006130004001800117
0001002002e28000047ce1f8004001c00117
0001002102e5e93c04fc4a80004002000117
0002002402eb56580580fbd8004002400117
0003002602f36374060f3ab8002902800117
fffd002602f9e00000e9270c004000000117
fffe002202efd288017fa4de004000400117
ffff002102e8e56c020923bc004000800117
ffff001f02e45850028b3aec004000c00117
0000001f02e1a000030937e4004001000117
0000001f02e07e180384fc8c004001400117
0000001f02e0c00004006130004001800117
0001002002e28000047ce1f8004001c00117
0001002102e5e93c04fc4a80004002000117
0002002402eb56580580fbd8004002400117
0003002602f36374060f3ab8002902800117
fffd002602f9e00000e9270c004000000117
fffe002202efd288017fa4de004000400117
ffff002102e8e56c020923bc004000800117
ffff001f02e45850028b3aec004000c00117
0000001f02e1a000030937e4004001000117
0000001f02e07e180384fc8c004001400117
0000001f02e0c00004006130004001800117
0001002002e28000047ce1f8004001c00117
0001002102e5e93c04fc4a80004002000117
0002002402eb56580580fbd8004002400117
0003002602f36374060f3ab8002902800117
fffd002602fc1fa400e946b2004000000118
fffe002202f20514017fb766004000400118
ffff002102eb0000020943bc004000800118
ffff001f02e66000028b5340004000c00118
0000001f02e3a000030937e4004001000118
0000001f02e280000384fc8c004001400118
0000001f02e2c00004006130004001800118
0001002002e48000047ce1f8004001c00118
0001002102e8093c04fc4a80004002000118
0002002402ed60000580fbd8004002400118
0003002702f586e8060f1e28002902800118
fffd002602fc1fa400e946b2004000000118
fffe002202f20514017fb766004000400118
ffff002102eb0000020943bc004000800118
ffff001f02e66000028b5340004000c00118
0000001f02e3a000030937e4004001000118
0000001f02e280000384fc8c004001400118
0000001f02e2c00004006130004001800118
0001002002e48000047ce1f8004001c00118
0001002102e8093c04fc4a80004002000118
0002002402ed60000580fbd8004002400118
0003002702f586e8060f1e28002902800118
fffd002602fc1fa400e946b2004000000118
fffe002202f20514017fb766004000400118
ffff002102eb0000020943bc004000800118
ffff001f02e66000028b5340004000c00118
0000001f02e3a000030937e4004001000118
0000001f02e280000384fc8c004001400118
0000001f02e2c00004006130004001800118
0001002002e48000047ce1f8004001c00118
0001002102e8093c04fc4a80004002000118
0002002402ed60000580fbd8004002400118
0003002702f586e8060f1e28002902800118
fffd002602fc1fa400e946b2004000000118
fffe002202f20514017fb766004000400118
ffff002102eb0000020943bc004000800118
ffff001f02e66000028b5340004000c00118
0000001f02e3a000030937e4004001000118
0000001f02e280000384fc8c004001400118
0000001f02e2c00004006130004001800118
0001002002e48000047ce1f8004001c00118
0001002102e8093c04fc4a80004002000118
0002002402ed60000580fbd8004002400118
0003002702f586e8060f1e28002902800118
fffd002602fc1fa400e946b2004000000118
fffe002202f20514017fb766004000400118
ffff002102eb0000020943bc004000800118
ffff001f02e66000028b5340004000c00118
0000001f02e3a000030937e4004001000118
0000001f02e280000384fc8c004001400118
0000001f02e2c00004006130004001800118
0001002002e48000047ce1f8004001c00118
0001002102e8093c04fc4a80004002000118
0002002402ed60000580fbd8004002400118
0003002702f586e8060f1e28002902800118
fffd002602fc1fa400e946b2004000000118
fffe002202f20514017fb766004000400118
ffff002102eb0000020943bc004000800118
ffff001f02e66000028b5340004000c00118
0000001f02e3a000030937e4004001000118
0000001f02e280000384fc8c004001400118
0000001f02e2c00004006130004001800118
0001002002e48000047ce1f8004001c00118
0001002102e8093c04fc4a80004002000118
0002002402ed60000580fbd8004002400118
0003002702f586e8060f1e28002902800118
fffd002602fe9f4c00e946b2004000000119
fffe002202f42514017fc4de004000400119
ffff002102ed056c020943bc004000800119
ffff001f02e86000028b5340004000c00119
0000001f02e5ab34030937e4004001000119
0000001f02e461e803851aa4004001400119
0000001f02e4c00004006130004001800119
0001002002e68000047ce1f8004001c00119
0001002102ea000004fc4a80004002000119
0002002402ef96580580dbd8004002400119
0003002702f7e000060f1e28002902800119
fffd002602fe9f4c00e946b2004000000119
fffe002202f42514017fc4de004000400119
ffff002102ed056c020943bc004000800119
ffff001f02e86000028b5340004000c00119
0000001f02e5ab34030937e4004001000119
0000001f02e461e803851aa4004001400119
0000001f02e4c00004006130004001800119
0001002002e68000047ce1f8004001c00119
0001002102ea000004fc4a80004002000119
0002002402ef96580580dbd8004002400119
0003002702f7e000060f1e28002902800119
fffd002602fe9f4c00e946b2004000000119
fffe002202f42514017fc4de004000400119
ffff002102ed056c020943bc004000800119
ffff001f02e86000028b5340004000c00119
0000001f02e5ab34030937e4004001000119
0000001f02e461e803851aa4004001400119
0000001f02e4c00004006130004001800119
0001002002e68000047ce1f8004001c00119
0001002102ea000004fc4a80004002000119
0002002402ef96580580dbd8004002400119
0003002702f7e000060f1e28002902800119
fffd002602fe9f4c00e946b2004000000119
fffe002202f42514017fc4de004000400119
ffff002102ed056c020943bc004000800119
ffff001f02e86000028b5340004000c00119
0000001f02e5ab34030937e4004001000119
0000001f02e461e803851aa4004001400119
0000001f02e4c00004006130004001800119
0001002002e68000047ce1f8004001c00119
0001002102ea000004fc4a80004002000119
0002002402ef96580580dbd8004002400119
0003002702f7e000060f1e28002902800119
fffd002602fe9f4c00e946b2004000000119
fffe002202f42514017fc4de004000400119
ffff002102ed056c020943bc004000800119
ffff001f02e86000028b5340004000c00119
0000001f02e5ab34030937e4004001000119
0000001f02e461e803851aa4004001400119
0000001f02e4c00004006130004001800119
0001002002e68000047ce1f8004001c00119
0001002102ea000004fc4a80004002000119
0002002402ef96580580dbd8004002400119
0003002702f7e000060f1e28002902800119
fffd002602fe9f4c00e946b2004000000119
fffe002202f42514017fc4de004000400119
ffff002102ed056c020943bc004000800119
ffff001f02e86000028b5340004000c00119
0000001f02e5ab34030937e4004001000119
0000001f02e461e803851aa4004001400119
0000001f02e4c00004006130004001800119
0001002002e68000047ce1f8004001c00119
0001002102ea000004fc4a80004002000119
0002002402ef96580580dbd8004002400119
0003002702f7e000060f1e28002902800119
fffd00260300df4c00e946b200400000011a
fffe002202f65288017fc4de00400040011a
ffff002102ef4000020943bc00400080011a
ffff001f02ea7850028b5aec004000c0011a
0000001f02e78b34030937e400400100011a
0000001f02e6600003851aa400400140011a
0000001f02e6c0000400613000400180011a
0001002002e88000047ce1f8004001c0011a
0001002102ec200004fc33c000400200011a
0002002402f1a0000580dbd800400240011a
0003002602f9e6e8060f1ab800290280011a
fffd00260300df4c00e946b200400000011a
fffe002202f65288017fc4de00400040011a
ffff002102ef4000020943bc00400080011a
ffff001f02ea7850028b5aec004000c0011a
0000001f02e78b34030937e400400100011a
0000001f02e6600003851aa400400140011a
0000001f02e6c0000400613000400180011a
0001002002e88000047ce1f8004001c0011a
0001002102ec200004fc33c000400200011a
0002002402f1a0000580dbd800400240011a
0003002602f9e6e8060f1ab800290280011a
fffd00260300df4c00e946b200400000011a
fffe002202f65288017fc4de00400040011a
ffff002102ef4000020943bc00400080011a
ffff001f02ea7850028b5aec004000c0011a
0000001f02e78b34030937e400400100011a
0000001f02e6600003851aa400400140011a
0000001f02e6c0000400613000400180011a
0001002002e88000047ce1f8004001c0011a
0001002102ec200004fc33c000400200011a
0002002402f1a0000580dbd800400240011a
0003002602f9e6e8060f1ab800290280011a
fffd00260300df4c00e946b200400000011a
fffe002202f65288017fc4de00400040011a
ffff002102ef4000020943bc00400080011a
ffff001f02ea7850028b5aec004000c0011a
0000001f02e78b34030937e400400100011a
0000001f02e6600003851aa400400140011a
0000001f02e6c0000400613000400180011a
0001002002e88000047ce1f8004001c0011a
0001002102ec200004fc33c000400200011a
0002002402f1a0000580dbd800400240011a
0003002602f9e6e8060f1ab800290280011a
fffd00260300df4c00e946b200400000011a
fffe002202f65288017fc4de00400040011a
ffff002102ef4000020943bc00400080011a
ffff001f02ea7850028b5aec004000c0011a
0000001f02e78b34030937e400400100011a
0000001f02e6600003851aa400400140011a
0000001f02e6c0000400613000400180011a
0001002002e88000047ce1f8004001c0011a
0001002102ec200004fc33c000400200011a
0002002402f1a0000580dbd800400240011a
0003002602f9e6e8060f1ab800290280011a
fffd00260300df4c00e946b200400000011a
fffe002202f65288017fc4de00400040011a
ffff002102ef4000020943bc00400080011a
ffff001f02ea7850028b5aec004000c0011a
0000001f02e78b34030937e400400100011a
0000001f02e6600003851aa400400140011a
0000001f02e6c0000400613000400180011a
0001002002e88000047ce1f8004001c0011a
0001002102ec200004fc33c000400200011a
0002002402f1a0000580dbd800400240011a
0003002602f9e6e8060f1ab800290280011a
fffd002603031f4c00e9470c00400000011b
fffe002202f88000017fd76600400040011b
ffff002102f14000020963bc00400080011b
ffff001f02ec8000028b5aec004000c0011b
0000001f02e9a000030937e400400100011b
0000001f02e8600003851aa400400140011b
0000001f02e8a0000400613000400180011b
0001002002ea9c20047ce1f8004001c0011b
0001002102ee200004fc33c000400200011b
0002002402f3d6580580dbd800400240011b
0003002602fc4000060f1ab800290280011b
fffd002603031f4c00e9470c00400000011b
fffe002202f88000017fd76600400040011b
ffff002102f14000020963bc00400080011b
ffff001f02ec8000028b5aec004000c0011b
0000001f02e9a000030937e400400100011b
0000001f02e8600003851aa400400140011b
0000001f02e8a0000400613000400180011b
0001002002ea9c20047ce1f8004001c0011b
0001002102ee200004fc33c000400200011b
0002002402f3d6580580dbd800400240011b
0003002602fc4000060f1ab800290280011b
fffd002603031f4c00e9470c00400000011b
fffe002202f88000017fd76600400040011b
ffff002102f14000020963bc00400080011b
ffff001f02ec8000028b5aec004000c0011b
0000001f02e9a000030937e400400100011b
0000001f02e8600003851aa400400140011b
0000001f02e8a0000400613000400180011b
0001002002ea9c20047ce1f8004001c0011b
0001002102ee200004fc33c000400200011b
0002002402f3d6580580dbd800400240011b
0003002602fc4000060f1ab800290280011b
fffd002603031f4c00e9470c00400000011b
fffe002202f88000017fd76600400040011b
ffff002102f14000020963bc00400080011b
ffff001f02ec8000028b5aec004000c0011b
0000001f02e9a000030937e400400100011b
0000001f02e8600003851aa400400140011b
0000001f02e8a0000400613000400180011b
0001002002ea9c20047ce1f8004001c0011b
0001002102ee200004fc33c000400200011b
0002002402f3d6580580dbd800400240011b
0003002602fc4000060f1ab800290280011b
fffd002603031f4c00e9470c00400000011b
fffe002202f88000017fd76600400040011b
ffff002102f14000020963bc00400080011b
ffff001f02ec8000028b5aec004000c0011b
0000001f02e9a000030937e400400100011b
0000001f02e8600003851aa400400140011b
0000001f02e8a0000400613000400180011b
0001002002ea9c20047ce1f8004001c0011b
0001002102ee200004fc33c000400200011b
0002002402f3d6580580dbd800400240011b
0003002602fc4000060f1ab800290280011b
fffd002603031f4c00e9470c00400000011b
fffe002202f88000017fd76600400040011b
ffff002102f14000020963bc00400080011b
ffff001f02ec8000028b5aec004000c0011b
0000001f02e9a000030937e400400100011b
0000001f02e8600003851aa400400140011b
0000001f02e8a0000400613000400180011b
0001002002ea9c20047ce1f8004001c0011b
0001002102ee200004fc33c000400200011b
0002002402f3d6580580dbd800400240011b
0003002602fc4000060f1ab800290280011b
fffd00260305400000e966b200400000011c
fffe002202faa000017fe4de00400040011c
ffff002102f3456c020963bc00400080011c
ffff001f02ee8000028b5aec004000c0011c
0000001f02eba0000309431800400100011c
0000001f02ea600003851c8c00400140011c
0000001f02eaaf040400613000400180011c
0001002002ec8000047ce1f8004001c0011c
0001002102f0293c04fc2a8000400200011c
0002002402f5d6580580dbd800400240011c
0003002702fe66e8060efe2800290280011c
fffd00260305400000e966b200400000011c
fffe002202faa000017fe4de00400040011c
ffff002102f3456c020963bc00400080011c
ffff001f02ee8000028b5aec004000c0011c
0000001f02eba0000309431800400100011c
0000001f02ea600003851c8c00400140011c
0000001f02eaaf040400613000400180011c
0001002002ec8000047ce1f8004001c0011c
0001002102f0293c04fc2a8000400200011c
0002002402f5d6580580dbd800400240011c
0003002702fe66e8060efe2800290280011c
fffd00260305400000e966b200400000011c
fffe002202faa000017fe4de00400040011c
ffff002102f3456c020963bc00400080011c
ffff001f02ee8000028b5aec004000c0011c
0000001f02eba0000309431800400100011c
0000001f02ea600003851c8c00400140011c
0000001f02eaaf040400613000400180011c
0001002002ec8000047ce1f8004001c0011c
0001002102f0293c04fc2a8000400200011c
0002002402f5d6580580dbd800400240011c
0003002702fe66e8060efe2800290280011c
fffd00260305400000e966b200400000011c
fffe002202faa000017fe4de00400040011c
ffff002102f3456c020963bc00400080011c
ffff001f02ee8000028b5aec004000c0011c
0000001f02eba0000309431800400100011c
0000001f02ea600003851c8c00400140011c
0000001f02eaaf040400613000400180011c
0001002002ec8000047ce1f8004001c0011c
0001002102f0293c04fc2a8000400200011c
0002002402f5d6580580dbd800400240011c
0003002702fe66e8060efe2800290280011c
fffd00260305400000e966b200400000011c
fffe002202faa000017fe4de00400040011c
ffff002102f3456c020963bc00400080011c
ffff001f02ee8000028b5aec004000c0011c
0000001f02eba0000309431800400100011c
0000001f02ea600003851c8c00400140011c
0000001f02eaaf040400613000400180011c
0001002002ec8000047ce1f8004001c0011c
0001002102f0293c04fc2a8000400200011c
0002002402f5d6580580dbd800400240011c
0003002702fe66e8060efe2800290280011c
fffd00260305400000e966b200400000011c
fffe002202faa000017fe4de00400040011c
ffff002102f3456c020963bc00400080011c
ffff001f02ee8000028b5aec004000c0011c
0000001f02eba0000309431800400100011c
0000001f02ea600003851c8c00400140011c
0000001f02eaaf040400613000400180011c
0001002002ec8000047ce1f8004001c0011c
0001002102f0293c04fc2a8000400200011c
0002002402f5d6580580dbd800400240011c
0003002702fe66e8060efe2800290280011c
fffd00260307bf4c00e966b200400000011d
fffe002202fcd288017fe4de00400040011d
ffff002102f56000020963bc00400080011d
ffff001f02f09850028b7340004000c0011d
0000001f02eda0000309431800400100011d
0000001f02ec600003851c8c00400140011d
0000001f02ecc0000400613000400180011d
0001002002ee9c20047cc5d8004001c0011d
0001002102f2493c04fc2a8000400200011d
0002002402f816580580bbd800400240011d
000300270300a374060efab800290280011d
fffd00260307bf4c00e966b200400000011d
fffe002202fcd288017fe4de00400040011d
ffff002102f56000020963bc00400080011d
ffff001f02f09850028b7340004000c0011d
0000001f02eda0000309431800400100011d
0000001f02ec600003851c8c00400140011d
0000001f02ecc0000400613000400180011d
0001002002ee9c20047cc5d8004001c0011d
0001002102f2493c04fc2a8000400200011d
0002002402f816580580bbd800400240011d
000300270300a374060efab800290280011d
fffd00260307bf4c00e966b200400000011d
fffe002202fcd288017fe4de00400040011d
ffff002102f56000020963bc00400080011d
ffff001f02f09850028b7340004000c0011d
0000001f02eda0000309431800400100011d
0000001f02ec600003851c8c00400140011d
0000001f02ecc0000400613000400180011d
0001002002ee9c20047cc5d8004001c0011d
0001002102f2493c04fc2a8000400200011d
0002002402f816580580bbd800400240011d
000300270300a374060efab800290280011d
fffd00260307bf4c00e966b200400000011d
fffe002202fcd288017fe4de00400040011d
ffff002102f56000020963bc00400080011d
ffff001f02f09850028b7340004000c0011d
0000001f02eda0000309431800400100011d
0000001f02ec600003851c8c00400140011d
0000001f02ecc0000400613000400180011d
0001002002ee9c20047cc5d8004001c0011d
0001002102f2493c04fc2a8000400200011d
0002002402f816580580bbd800400240011d
000300270300a374060efab800290280011d
fffd00260307bf4c00e966b200400000011d
fffe002202fcd288017fe4de00400040011d
ffff002102f56000020963bc00400080011d
ffff001f02f09850028b7340004000c0011d
0000001f02eda0000309431800400100011d
0000001f02ec600003851c8c00400140011d
0000001f02ecc0000400613000400180011d
0001002002ee9c20047cc5d8004001c0011d
0001002102f2493c04fc2a8000400200011d
0002002402f816580580bbd800400240011d
000300270300a374060efab800290280011d
fffd00260307bf4c00e966b200400000011d
fffe002202fcd288017fe4de00400040011d
ffff002102f56000020963bc00400080011d
ffff001f02f09850028b7340004000c0011d
0000001f02eda0000309431800400100011d
0000001f02ec600003851c8c00400140011d
0000001f02ecc0000400613000400180011d
0001002002ee9c20047cc5d8004001c0011d
0001002102f2493c04fc2a8000400200011d
0002002402f816580580bbd800400240011d
000300270300a374060efab800290280011d
fffd00260309ff4c00e9670c00400000011e
fffe002202fef288017fe4de00400040011e
ffff002102f7856c020963bc00400080011e
ffff001f02f29850028b7340004000c0011e
0000001f02efa000030957e400400100011e
0000001f02ee600003851c8c00400140011e
0000001f02eec0000400613000400180011e
0001002002f0a000047cc5d8004001c0011e
0001002102f4600004fc2a8000400200011e
0002002402fa16580580bbd800400240011e
000300260302e374060efab800290280011e
fffd00260309ff4c00e9670c00400000011e
fffe002202fef288017fe4de00400040011e
ffff002102f7856c020963bc00400080011e
ffff001f02f29850028b7340004000c0011e
0000001f02efa000030957e400400100011e
0000001f02ee600003851c8c00400140011e
0000001f02eec0000400613000400180011e
0001002002f0a000047cc5d8004001c0011e
0001002102f4600004fc2a8000400200011e
0002002402fa16580580bbd800400240011e
000300260302e374060efab800290280011e
fffd00260309ff4c00e9670c00400000011e
fffe002202fef288017fe4de00400040011e
ffff002102f7856c020963bc00400080011e
ffff001f02f29850028b7340004000c0011e
0000001f02efa000030957e400400100011e
0000001f02ee600003851c8c00400140011e
0000001f02eec0000400613000400180011e
0001002002f0a000047cc5d8004001c0011e
0001002102f4600004fc2a8000400200011e
0002002402fa16580580bbd800400240011e
000300260302e374060efab800290280011e
fffd00260309ff4c00e9670c00400000011e
fffe002202fef288017fe4de00400040011e
ffff002102f7856c020963bc00400080011e
ffff001f02f29850028b7340004000c0011e
0000001f02efa000030957e400400100011e
0000001f02ee600003851c8c00400140011e
0000001f02eec0000400613000400180011e
0001002002f0a000047cc5d8004001c0011e
0001002102f4600004fc2a8000400200011e
0002002402fa16580580bbd800400240011e
000300260302e374060efab800290280011e
fffd00260309ff4c00e9670c00400000011e
fffe002202fef288017fe4de00400040011e
ffff002102f7856c020963bc00400080011e
ffff001f02f29850028b7340004000c0011e
0000001f02efa000030957e400400100011e
0000001f02ee600003851c8c00400140011e
0000001f02eec0000400613000400180011e
0001002002f0a000047cc5d8004001c0011e
0001002102f4600004fc2a8000400200011e
0002002402fa16580580bbd800400240011e
000300260302e374060efab800290280011e
fffd00260309ff4c00e9670c00400000011e
fffe002202fef288017fe4de00400040011e
ffff002102f7856c020963bc00400080011e
ffff001f02f29850028b7340004000c0011e
0000001f02efa000030957e400400100011e
0000001f02ee600003851c8c00400140011e
0000001f02eec0000400613000400180011e
0001002002f0a000047cc5d8004001c0011e
0001002102f4600004fc2a8000400200011e
0002002402fa16580580bbd800400240011e
000300260302e374060efab800290280011e
fffd0026030c3f4c00e9670c00400000011f
fffe002203012000017ff76600400040011f
ffff002102f9a00002097e5000400080011f
ffff001f02f4a000028b7340004000c0011f
0000001f02f1a000030957e400400100011f
0000001f02f0600003851c8c00400140011f
0001001f02f0a0000400613000400180011f
0001002002f283e0047cc1f8004001c0011f
0001002102f6693c04fc13c000400200011f
0002002402fc40000580bbd800400240011f
0003002603052374060efab800290280011f
fffd0026030c3f4c00e9670c00400000011f
fffe002203012000017ff76600400040011f
ffff002102f9a00002097e5000400080011f
ffff001f02f4a000028b7340004000c0011f
0000001f02f1a000030957e400400100011f
0000001f02f0600003851c8c00400140011f
0001001f02f0a0000400613000400180011f
0001002002f283e0047cc1f8004001c0011f
0001002102f6693c04fc13c000400200011f
0002002402fc40000580bbd800400240011f
0003002603052374060efab800290280011f
fffd0026030c3f4c00e9670c00400000011f
fffe002203012000017ff76600400040011f
ffff002102f9a00002097e5000400080011f
ffff001f02f4a000028b7340004000c0011f
0000001f02f1a000030957e400400100011f
0000001f02f0600003851c8c00400140011f
0001001f02f0a0000400613000400180011f
0001002002f283e0047cc1f8004001c0011f
0001002102f6693c04fc13c000400200011f
0002002402fc40000580bbd800400240011f
0003002603052374060efab800290280011f
fffd0026030c3f4c00e9670c00400000011f
fffe002203012000017ff76600400040011f
ffff002102f9a00002097e5000400080011f
ffff001f02f4a000028b7340004000c0011f
0000001f02f1a000030957e400400100011f
0000001f02f0600003851c8c00400140011f
0001001f02f0a0000400613000400180011f
0001002002f283e0047cc1f8004001c0011f
0001002102f6693c04fc13c000400200011f
0002002402fc40000580bbd800400240011f
0003002603052374060efab800290280011f
fffd0026030c3f4c00e9670c00400000011f
fffe002203012000017ff76600400040011f
ffff002102f9a00002097e5000400080011f
ffff001f02f4a000028b7340004000c0011f
0000001f02f1a000030957e400400100011f
0000001f02f0600003851c8c00400140011f
0001001f02f0a0000400613000400180011f
0001002002f283e0047cc1f8004001c0011f
0001002102f6693c04fc13c000400200011f
0002002402fc40000580bbd800400240011f
0003002603052374060efab800290280011f
fffd0026030c3f4c00e9670c00400000011f
fffe002203012000017ff76600400040011f
ffff002102f9a00002097e5000400080011f
ffff001f02f4a000028b7340004000c0011f
0000001f02f1a000030957e400400100011f
0000001f02f0600003851c8c00400140011f
0001001f02f0a0000400613000400180011f
0001002002f283e0047cc1f8004001c0011f
0001002102f6693c04fc13c000400200011f
0002002402fc40000580bbd800400240011f
0003002603052374060efab800290280011f
fffd0026030e7fa400e9670c004000000120
fffe002203035288018004de004000400120
ffff002102fba56c020983bc004000800120
ffff001f02f6b850028b7aec004000c00120
0000001f02f3ab34030957e4004001000120
0000001f02f2600003851c8c004001400120
0000001f02f2a00004005230004001800120
0001002002f49c20047cc1f8004001c00120
0001002102f876c404fc0a80004002000120
0002002402fe565805809bd8004002400120
0003002703074374060ede28002902800120
fffd0026030e7fa400e9670c004000000120
fffe002203035288018004de004000400120
ffff002102fba56c020983bc004000800120
ffff001f02f6b850028b7aec004000c00120
0000001f02f3ab34030957e4004001000120
0000001f02f2600003851c8c004001400120
0000001f02f2a00004005230004001800120
0001002002f49c20047cc1f8004001c00120
0001002102f876c404fc0a80004002000120
0002002402fe565805809bd8004002400120
0003002703074374060ede28002902800120
fffd0026030e7fa400e9670c004000000120
fffe002203035288018004de004000400120
ffff002102fba56c020983bc004000800120
ffff001f02f6b850028b7aec004000c00120
0000001f02f3ab34030957e4004001000120
0000001f02f2600003851c8c004001400120
0000001f02f2a00004005230004001800120
0001002002f49c20047cc1f8004001c00120
0001002102f876c404fc0a80004002000120
0002002402fe565805809bd8004002400120
0003002703074374060ede28002902800120
fffd0026030e7fa400e9670c004000000120
fffe002203035288018004de004000400120
ffff002102fba56c020983bc004000800120
ffff001f02f6b850028b7aec004000c00120
0000001f02f3ab34030957e4004001000120
0000001f02f2600003851c8c004001400120
0000001f02f2a00004005230004001800120
0001002002f49c20047cc1f8004001c00120
0001002102f876c404fc0a80004002000120
0002002402fe565805809bd8004002400120
0003002703074374060ede28002902800120
fffd0026030e7fa400e9670c004000000120
fffe002203035288018004de004000400120
ffff002102fba56c020983bc004000800120
ffff001f02f6b850028b7aec004000c00120
0000001f02f3ab34030957e4004001000120
0000001f02f2600003851c8c004001400120
0000001f02f2a00004005230004001800120
0001002002f49c20047cc1f8004001c00120
0001002102f876c404fc0a80004002000120
0002002402fe565805809bd8004002400120
0003002703074374060ede28002902800120
fffd0026030e7fa400e9670c004000000120
fffe002203035288018004de004000400120
ffff002102fba56c020983bc004000800120
ffff001f02f6b850028b7aec004000c00120
0000001f02f3ab34030957e4004001000120
0000001f02f2600003851c8c004001400120
0000001f02f2a00004005230004001800120
0001002002f49c20047cc1f8004001c00120
0001002102f876c404fc0a80004002000120
0002002402fe565805809bd8004002400120
0003002703074374060ede28002902800120
fffd00260310c00000e986b2004000000121
fffe002203058514018004de004000400121
ffff002102fdc56c020983bc004000800121
ffff001f02f8b850028b7aec004000c00121
0000001f02f5b4cc030957e4004001000121
0000001f02f4600003851c8c004001400121
0000001f02f4af0404005230004001800121
0001002002f6a000047cc1f8004001c00121
0002002102fa693c04fc0a80004002000121
000200240300765805809bd8004002400121
0003002703098000060edab8002902800121
fffd00260310c00000e986b2004000000121
fffe002203058514018004de004000400121
ffff002102fdc56c020983bc004000800121
ffff001f02f8b850028b7aec004000c00121
0000001f02f5b4cc030957e4004001000121
0000001f02f4600003851c8c004001400121
0000001f02f4af0404005230004001800121
0001002002f6a000047cc1f8004001c00121
0002002102fa693c04fc0a80004002000121
000200240300765805809bd8004002400121
0003002703098000060edab8002902800121
fffd00260310c00000e986b2004000000121
fffe002203058514018004de004000400121
ffff002102fdc56c020983bc004000800121
ffff001f02f8b850028b7aec004000c00121
0000001f02f5b4cc030957e4004001000121
0000001f02f4600003851c8c004001400121
0000001f02f4af0404005230004001800121
0001002002f6a000047cc1f8004001c00121
0002002102fa693c04fc0a80004002000121
000200240300765805809bd8004002400121
0003002703098000060edab8002902800121
fffd00260310c00000e986b2004000000121
fffe002203058514018004de004000400121
ffff002102fdc56c020983bc004000800121
ffff001f02f8b850028b7aec004000c00121
0000001f02f5b4cc030957e4004001000121
0000001f02f4600003851c8c004001400121
0000001f02f4af0404005230004001800121
0001002002f6a000047cc1f8004001c00121
0002002102fa693c04fc0a80004002000121
000200240300765805809bd8004002400121
0003002703098000060edab8002902800121
fffd00260310c00000e986b2004000000121
fffe002203058514018004de004000400121
ffff002102fdc56c020983bc004000800121
ffff001f02f8b850028b7aec004000c00121
0000001f02f5b4cc030957e4004001000121
0000001f02f4600003851c8c004001400121
0000001f02f4af0404005230004001800121
0001002002f6a000047cc1f8004001c00121
0002002102fa693c04fc0a80004002000121
000200240300765805809bd8004002400121
0003002703098000060edab8002902800121
fffd00260310c00000e986b2004000000121
fffe002203058514018004de004000400121
ffff002102fdc56c020983bc004000800121
ffff001f02f8b850028b7aec004000c00121
0000001f02f5b4cc030957e4004001000121
0000001f02f4600003851c8c004001400121
0000001f02f4af0404005230004001800121
0001002002f6a000047cc1f8004001c00121
0002002102fa693c04fc0a80004002000121
000200240300765805809bd8004002400121
0003002703098000060edab8002902800121
fffd002603131f4c00e9870c004000000122
fffe00220307b28801801766004000400122
ffff002102ffe56c020983bc004000800122
ffff001f02fac000028b9340004000c00122
0000001f02f7a000030957e4004001000122
0000001f02f6600003851c8c004001400122
0000001f02f6c00004004130004001800122
0001002002f8bc20047cc1f8004001c00122
0002002102fc693c04fbf3c0004002000122
000200240302965805809bd8004002400122
00030026030ba6e8060edab8002902800122
fffd002603131f4c00e9870c004000000122
fffe00220307b28801801766004000400122
ffff002102ffe56c020983bc004000800122
ffff001f02fac000028b9340004000c00122
0000001f02f7a000030957e4004001000122
0000001f02f6600003851c8c004001400122
0000001f02f6c00004004130004001800122
0001002002f8bc20047cc1f8004001c00122
0002002102fc693c04fbf3c0004002000122
000200240302965805809bd8004002400122
00030026030ba6e8060edab8002902800122
fffd002603131f4c00e9870c004000000122
fffe00220307b28801801766004000400122
ffff002102ffe56c020983bc004000800122
ffff001f02fac000028b9340004000c00122
0000001f02f7a000030957e4004001000122
0000001f02f6600003851c8c004001400122
0000001f02f6c00004004130004001800122
0001002002f8bc20047cc1f8004001c00122
0002002102fc693c04fbf3c0004002000122
000200240302965805809bd8004002400122
00030026030ba6e8060edab8002902800122
fffd002603131f4c00e9870c004000000122
fffe00220307b28801801766004000400122
ffff002102ffe56c020983bc004000800122
ffff001f02fac000028b9340004000c00122
0000001f02f7a000030957e4004001000122
0000001f02f6600003851c8c004001400122
0000001f02f6c00004004130004001800122
0001002002f8bc20047cc1f8004001c00122
0002002102fc693c04fbf3c0004002000122
000200240302965805809bd8004002400122
00030026030ba6e8060edab8002902800122
fffd002603131f4c00e9870c004000000122
fffe00220307b28801801766004000400122
ffff002102ffe56c020983bc004000800122
ffff001f02fac000028b9340004000c00122
0000001f02f7a000030957e4004001000122
0000001f02f6600003851c8c004001400122
0000001f02f6c00004004130004001800122
0001002002f8bc20047cc1f8004001c00122
0002002102fc693c04fbf3c0004002000122
000200240302965805809bd8004002400122
00030026030ba6e8060edab8002902800122
fffd002603131f4c00e9870c004000000122
fffe00220307b28801801766004000400122
ffff002102ffe56c020983bc004000800122
ffff001f02fac000028b9340004000c00122
0000001f02f7a000030957e4004001000122
0000001f02f6600003851c8c004001400122
0000001f02f6c00004004130004001800122
0001002002f8bc20047cc1f8004001c00122
0002002102fc693c04fbf3c0004002000122
000200240302965805809bd8004002400122
00030026030ba6e8060edab8002902800122
fffd002603155f4c00e9870c004000000123
fffe00220309d288018024de004000400123
ffff00210302000002099e50004000800123
ffff001f02fcc000028b9340004000c00123
0000001f02f9ab34030957e4004001000123
0000001f02f8400003851c8c004001400123
0000001f02f8b0fc04004130004001800123
0001002002faa000047cc1f8004001c00123
0002002102fe893c04fbf3c0004002000123
000200240304b65805809bd8004002400123
00030027030dc6e8060ebe28002902800123
fffd002603155f4c00e9870c004000000123
fffe00220309d288018024de004000400123
ffff00210302000002099e50004000800123
ffff001f02fcc000028b9340004000c00123
0000001f02f9ab34030957e4004001000123
0000001f02f8400003851c8c004001400123
0000001f02f8b0fc04004130004001800123
0001002002faa000047cc1f8004001c00123
0002002102fe893c04fbf3c0004002000123
000200240304b65805809bd8004002400123
00030027030dc6e8060ebe28002902800123
fffd002603155f4c00e9870c004000000123
fffe00220309d288018024de004000400123
ffff00210302000002099e50004000800123
ffff001f02fcc000028b9340004000c00123
0000001f02f9ab34030957e4004001000123
0000001f02f8400003851c8c004001400123
0000001f02f8b0fc04004130004001800123
0001002002faa000047cc1f8004001c00123
0002002102fe893c04fbf3c0004002000123
000200240304b65805809bd8004002400123
00030027030dc6e8060ebe28002902800123
fffd002603155f4c00e9870c004000000123
fffe00220309d288018024de004000400123
ffff00210302000002099e50004000800123
ffff001f02fcc000028b9340004000c00123
0000001f02f9ab34030957e4004001000123
0000001f02f8400003851c8c004001400123
0000001f02f8b0fc04004130004001800123
0001002002faa000047cc1f8004001c00123
0002002102fe893c04fbf3c0004002000123
000200240304b65805809bd8004002400123
00030027030dc6e8060ebe28002902800123
fffd002603155f4c00e9870c004000000123
fffe00220309d288018024de004000400123
ffff00210302000002099e50004000800123
ffff001f02fcc000028b9340004000c00123
0000001f02f9ab34030957e4004001000123
0000001f02f8400003851c8c004001400123
0000001f02f8b0fc04004130004001800123
0001002002faa000047cc1f8004001c00123
0002002102fe893c04fbf3c0004002000123
000200240304b65805809bd8004002400123
00030027030dc6e8060ebe28002902800123
fffd002603155f4c00e9870c004000000123
fffe00220309d288018024de004000400123
ffff00210302000002099e50004000800123
ffff001f02fcc000028b9340004000c00123
0000001f02f9ab34030957e4004001000123
0000001f02f8400003851c8c004001400123
0000001f02f8b0fc04004130004001800123
0001002002faa000047cc1f8004001c00123
0002002102fe893c04fbf3c0004002000123
000200240304b65805809bd8004002400123
00030027030dc6e8060ebe28002902800123
fffd002603179f4c00e9a6b2004000000124
fffe0022030bf288018024de004000400124
ffff00210304056c0209a3bc004000800124
ffff001f02fed850028b9aec004000c00124
0000001f02fbc00003096318004001000124
0000001f02fa5e1803851c8c004001400124
0001001f02faa00004004130004001800124
0001002002fcbc20047ca5d8004001c00124
000200210300a00004fbea80004002000124
000200240306d65805807bd8004002400124
0003002703102374060ebe28002902800124
fffd002603179f4c00e9a6b2004000000124
fffe0022030bf288018024de004000400124
ffff00210304056c0209a3bc004000800124
ffff001f02fed850028b9aec004000c00124
0000001f02fbc00003096318004001000124
0000001f02fa5e1803851c8c004001400124
0001001f02faa00004004130004001800124
0001002002fcbc20047ca5d8004001c00124
000200210300a00004fbea80004002000124
000200240306d65805807bd8004002400124
0003002703102374060ebe28002902800124
fffd002603179f4c00e9a6b2004000000124
fffe0022030bf288018024de004000400124
ffff00210304056c0209a3bc004000800124
ffff001f02fed850028b9aec004000c00124
0000001f02fbc00003096318004001000124
0000001f02fa5e1803851c8c004001400124
0001001f02faa00004004130004001800124
0001002002fcbc20047ca5d8004001c00124
000200210300a00004fbea80004002000124
000200240306d65805807bd8004002400124
0003002703102374060ebe28002902800124
fffd002603179f4c00e9a6b2004000000124
fffe0022030bf288018024de004000400124
ffff00210304056c0209a3bc004000800124
ffff001f02fed850028b9aec004000c00124
0000001f02fbc00003096318004001000124
0000001f02fa5e1803851c8c004001400124
0001001f02faa00004004130004001800124
0001002002fcbc20047ca5d8004001c00124
000200210300a00004fbea80004002000124
000200240306d65805807bd8004002400124
0003002703102374060ebe28002902800124
fffd002603179f4c00e9a6b2004000000124
fffe0022030bf288018024de004000400124
ffff00210304056c0209a3bc004000800124
ffff001f02fed850028b9aec004000c00124
0000001f02fbc00003096318004001000124
0000001f02fa5e1803851c8c004001400124
0001001f02faa00004004130004001800124
0001002002fcbc20047ca5d8004001c00124
000200210300a00004fbea80004002000124
000200240306d65805807bd8004002400124
0003002703102374060ebe28002902800124
fffd002603179f4c00e9a6b2004000000124
fffe0022030bf288018024de004000400124
ffff00210304056c0209a3bc004000800124
ffff001f02fed850028b9aec004000c00124
0000001f02fbc00003096318004001000124
0000001f02fa5e1803851c8c004001400124
0001001f02faa00004004130004001800124
0001002002fcbc20047ca5d8004001c00124
000200210300a00004fbea80004002000124
000200240306d65805807bd8004002400124
0003002703102374060ebe28002902800124
fffd00260319ff4c00e9a6b2004000000125
fffe0022030e251401803766004000400125
ffff00210306256c0209a3bc004000800125
ffff001f0300c000028b9aec004000c00125
0000001f02fda00003096318004001000125
0000001f02fc600003851c8c004001400125
0001001f02fca00004004130004001800125
0001002002febc20047ca5d8004001c00125
000200210302a93c04fbea80004002000125
000200240308f65805807bd8004002400125
00030027031246e8060ebab8002902800125
fffd00260319ff4c00e9a6b2004000000125
fffe0022030e251401803766004000400125
ffff00210306256c0209a3bc004000800125
ffff001f0300c000028b9aec004000c00125
0000001f02fda00003096318004001000125
0000001f02fc600003851c8c004001400125
0001001f02fca00004004130004001800125
0001002002febc20047ca5d8004001c00125
000200210302a93c04fbea80004002000125
000200240308f65805807bd8004002400125
00030027031246e8060ebab8002902800125
fffd00260319ff4c00e9a6b2004000000125
fffe0022030e251401803766004000400125
ffff00210306256c0209a3bc004000800125
ffff001f0300c000028b9aec004000c00125
0000001f02fda00003096318004001000125
0000001f02fc600003851c8c004001400125
0001001f02fca00004004130004001800125
0001002002febc20047ca5d8004001c00125
000200210302a93c04fbea80004002000125
000200240308f65805807bd8004002400125
00030027031246e8060ebab8002902800125
fffd00260319ff4c00e9a6b2004000000125
fffe0022030e251401803766004000400125
ffff00210306256c0209a3bc004000800125
ffff001f0300c000028b9aec004000c00125
0000001f02fda00003096318004001000125
0000001f02fc600003851c8c004001400125
0001001f02fca00004004130004001800125
0001002002febc20047ca5d8004001c00125
000200210302a93c04fbea80004002000125
000200240308f65805807bd8004002400125
00030027031246e8060ebab8002902800125
fffd00260319ff4c00e9a6b2004000000125
fffe0022030e251401803766004000400125
ffff00210306256c0209a3bc004000800125
ffff001f0300c000028b9aec004000c00125
0000001f02fda00003096318004001000125
0000001f02fc600003851c8c004001400125
0001001f02fca00004004130004001800125
0001002002febc20047ca5d8004001c00125
000200210302a93c04fbea80004002000125
000200240308f65805807bd8004002400125
00030027031246e8060ebab8002902800125
fffd00260319ff4c00e9a6b2004000000125
fffe0022030e251401803766004000400125
ffff00210306256c0209a3bc004000800125
ffff001f0300c000028b9aec004000c00125
0000001f02fda00003096318004001000125
0000001f02fc600003851c8c004001400125
0001001f02fca00004004130004001800125
0001002002febc20047ca5d8004001c00125
000200210302a93c04fbea80004002000125
000200240308f65805807bd8004002400125
00030027031246e8060ebab8002902800125
fffd0026031c200000e9a70c004000000126
fffe002203104514018044de004000400126
ffff00210308456c0209a928004000800126
ffff001f0302d850028bb340004000c00126
0000001f02ffab34030977e4004001000126
0000001f02fe600003851c8c004001400126
0000001f02feaf0404004130004001800126
000100200300a000047ca1f8004001c00126
000200210304c93c04fbea80004002000126
00020024030b0cb005807bd8004002400126
0003002603148374060ebab8002902800126
fffd0026031c200000e9a70c004000000126
fffe002203104514018044de004000400126
ffff00210308456c0209a928004000800126
ffff001f0302d850028bb340004000c00126
0000001f02ffab34030977e4004001000126
0000001f02fe600003851c8c004001400126
0000001f02feaf0404004130004001800126
000100200300a000047ca1f8004001c00126
000200210304c93c04fbea80004002000126
00020024030b0cb005807bd8004002400126
0003002603148374060ebab8002902800126
fffd0026031c200000e9a70c004000000126
fffe002203104514018044de004000400126
ffff00210308456c0209a928004000800126
ffff001f0302d850028bb340004000c00126
0000001f02ffab34030977e4004001000126
0000001f02fe600003851c8c004001400126
0000001f02feaf0404004130004001800126
000100200300a000047ca1f8004001c00126
000200210304c93c04fbea80004002000126
00020024030b0cb005807bd8004002400126
0003002603148374060ebab8002902800126
fffd0026031c200000e9a70c004000000126
fffe002203104514018044de004000400126
ffff00210308456c0209a928004000800126
ffff001f0302d850028bb340004000c00126
0000001f02ffab34030977e4004001000126
0000001f02fe600003851c8c004001400126
0000001f02feaf0404004130004001800126
000100200300a000047ca1f8004001c00126
000200210304c93c04fbea80004002000126
00020024030b0cb005807bd8004002400126
0003002603148374060ebab8002902800126
fffd0026031c200000e9a70c004000000126
fffe002203104514018044de004000400126
ffff00210308456c0209a928004000800126
ffff001f0302d850028bb340004000c00126
0000001f02ffab34030977e4004001000126
0000001f02fe600003851c8c004001400126
0000001f02feaf0404004130004001800126
000100200300a000047ca1f8004001c00126
000200210304c93c04fbea80004002000126
00020024030b0cb005807bd8004002400126
0003002603148374060ebab8002902800126
fffd0026031c200000e9a70c004000000126
fffe002203104514018044de004000400126
ffff00210308456c0209a928004000800126
ffff001f0302d850028bb340004000c00126
0000001f02ffab34030977e4004001000126
0000001f02fe600003851c8c004001400126
0000001f02feaf0404004130004001800126
000100200300a000047ca1f8004001c00126
000200210304c93c04fbea80004002000126
00020024030b0cb005807bd8004002400126
0003002603148374060ebab8002902800126
fffd0026031e7f4c00e9a70c004000000127
fffe002203128000018044de004000400127
ffff0020030a456c0209c3bc004000800127
ffff001f0304e000028bb340004000c00127
0000001f0301c000030977e4004001000127
0000001f0300400003851c8c004001400127
0000001f0300b0fc04004130004001800127
000100200302bc20047ca1f8004001c00127
000200210306c00004fbd3c0004002000127
00020024030d365805807bd8004002400127
000300270316a374060e9ab8002902800127
fffd0026031e7f4c00e9a70c004000000127
fffe002203128000018044de004000400127
ffff0020030a456c0209c3bc004000800127
ffff001f0304e000028bb340004000c00127
0000001f0301c000030977e4004001000127
0000001f0300400003851c8c004001400127
0000001f0300b0fc04004130004001800127
000100200302bc20047ca1f8004001c00127
000200210306c00004fbd3c0004002000127
00020024030d365805807bd8004002400127
000300270316a374060e9ab8002902800127
fffd0026031e7f4c00e9a70c004000000127
fffe002203128000018044de004000400127
ffff0020030a456c0209c3bc004000800127
ffff001f0304e000028bb340004000c00127
0000001f0301c000030977e4004001000127
0000001f0300400003851c8c004001400127
0000001f0300b0fc04004130004001800127
000100200302bc20047ca1f8004001c00127
000200210306c00004fbd3c0004002000127
00020024030d365805807bd8004002400127
000300270316a374060e9ab8002902800127
fffd0026031e7f4c00e9a70c004000000127
fffe002203128000018044de004000400127
ffff0020030a456c0209c3bc004000800127
ffff001f0304e000028bb340004000c00127
0000001f0301c000030977e4004001000127
0000001f0300400003851c8c004001400127
0000001f0300b0fc04004130004001800127
000100200302bc20047ca1f8004001c00127
000200210306c00004fbd3c0004002000127
00020024030d365805807bd8004002400127
000300270316a374060e9ab8002902800127
fffd0026031e7f4c00e9a70c004000000127
fffe002203128000018044de004000400127
ffff0020030a456c0209c3bc004000800127
ffff001f0304e000028bb340004000c00127
0000001f0301c000030977e4004001000127
0000001f0300400003851c8c004001400127
0000001f0300b0fc04004130004001800127
000100200302bc20047ca1f8004001c00127
000200210306c00004fbd3c0004002000127
00020024030d365805807bd8004002400127
000300270316a374060e9ab8002902800127
fffd0026031e7f4c00e9a70c004000000127
fffe002203128000018044de004000400127
ffff0020030a456c0209c3bc004000800127
ffff001f0304e000028bb340004000c00127
0000001f0301c000030977e4004001000127
0000001f0300400003851c8c004001400127
0000001f0300b0fc04004130004001800127
000100200302bc20047ca1f8004001c00127
000200210306c00004fbd3c0004002000127
00020024030d365805807bd8004002400127
000300270316a374060e9ab8002902800127
fffd00260320bf4c00e9c6b2004000000128
fffe00220314b288018044de004000400128
ffff0021030c456c0209c3bc004000800128
ffff001f0306e000028bb340004000c00128
0000001f0303a000030977e4004001000128
0000001f0302400003851c8c004001400128
0001001f0302a00004004130004001800128
000100200304c000047ca1f8004001c00128
000200210308c93c04fbca80004002000128
00020024030f4cb005805bd8004002400128
000300270318e6e8060e9ab8002902800128
fffd00260320bf4c00e9c6b2004000000128
fffe00220314b288018044de004000400128
ffff0021030c456c0209c3bc004000800128
ffff001f0306e000028bb340004000c00128
0000001f0303a000030977e4004001000128
0000001f0302400003851c8c004001400128
0001001f0302a00004004130004001800128
000100200304c000047ca1f8004001c00128
000200210308c93c04fbca80004002000128
00020024030f4cb005805bd8004002400128
000300270318e6e8060e9ab8002902800128
fffd00260320bf4c00e9c6b2004000000128
fffe00220314b288018044de004000400128
ffff0021030c456c0209c3bc004000800128
ffff001f0306e000028bb340004000c00128
0000001f0303a000030977e4004001000128
0000001f0302400003851c8c004001400128
0001001f0302a00004004130004001800128
000100200304c000047ca1f8004001c00128
000200210308c93c04fbca80004002000128
00020024030f4cb005805bd8004002400128
000300270318e6e8060e9ab8002902800128
fffd00260320bf4c00e9c6b2004000000128
fffe00220314b288018044de004000400128
ffff0021030c456c0209c3bc004000800128
ffff001f0306e000028bb340004000c00128
0000001f0303a000030977e4004001000128
0000001f0302400003851c8c004001400128
0001001f0302a00004004130004001800128
000100200304c000047ca1f8004001c00128
000200210308c93c04fbca80004002000128
00020024030f4cb005805bd8004002400128
000300270318e6e8060e9ab8002902800128
fffd00260320bf4c00e9c6b2004000000128
fffe00220314b288018044de004000400128
ffff0021030c456c0209c3bc004000800128
ffff001f0306e000028bb340004000c00128
0000001f0303a000030977e4004001000128
0000001f0302400003851c8c004001400128
0001001f0302a00004004130004001800128
000100200304c000047ca1f8004001c00128
000200210308c93c04fbca80004002000128
00020024030f4cb005805bd8004002400128
000300270318e6e8060e9ab8002902800128
fffd00260320bf4c00e9c6b2004000000128
fffe00220314b288018044de004000400128
ffff0021030c456c0209c3bc004000800128
ffff001f0306e000028bb340004000c00128
0000001f0303a000030977e4004001000128
0000001f0302400003851c8c004001400128
0001001f0302a00004004130004001800128
000100200304c000047ca1f8004001c00128
000200210308c93c04fbca80004002000128
00020024030f4cb005805bd8004002400128
000300270318e6e8060e9ab8002902800128
fffd002603231ef000e9c6b2004000000129
fffe00220316d28801805766004000400129
ffff0021030e6adc0209c3bc004000800129
ffff001f0308f850028bbaec004000c00129
0000001f0305ab34030977e4004001000129
0000001f0304400003851c8c004001400129
0001001f0304a00004004130004001800129
000100200306bc20047ca1f8004001c00129
00020021030ac93c04fbca80004002000129
000200240311600005805bd8004002400129
00030027031b06e8060e9ab8002902800129
fffd002603231ef000e9c6b2004000000129
fffe00220316d28801805766004000400129
ffff0021030e6adc0209c3bc004000800129
ffff001f0308f850028bbaec004000c00129
0000001f0305ab34030977e4004001000129
0000001f0304400003851c8c004001400129
0001001f0304a00004004130004001800129
000100200306bc20047ca1f8004001c00129
00020021030ac93c04fbca80004002000129
000200240311600005805bd8004002400129
00030027031b06e8060e9ab8002902800129
fffd002603231ef000e9c6b2004000000129
fffe00220316d28801805766004000400129
ffff0021030e6adc0209c3bc004000800129
ffff001f0308f850028bbaec004000c00129
0000001f0305ab34030977e4004001000129
0000001f0304400003851c8c004001400129
0001001f0304a00004004130004001800129
000100200306bc20047ca1f8004001c00129
00020021030ac93c04fbca80004002000129
000200240311600005805bd8004002400129
00030027031b06e8060e9ab8002902800129
fffd002603231ef000e9c6b2004000000129
fffe00220316d28801805766004000400129
ffff0021030e6adc0209c3bc004000800129
ffff001f0308f850028bbaec004000c00129
0000001f0305ab34030977e4004001000129
0000001f0304400003851c8c004001400129
0001001f0304a00004004130004001800129
000100200306bc20047ca1f8004001c00129
00020021030ac93c04fbca80004002000129
000200240311600005805bd8004002400129
00030027031b06e8060e9ab8002902800129
fffd002603231ef000e9c6b2004000000129
fffe00220316d28801805766004000400129
ffff0021030e6adc0209c3bc004000800129
ffff001f0308f850028bbaec004000c00129
0000001f0305ab34030977e4004001000129
0000001f0304400003851c8c004001400129
0001001f0304a00004004130004001800129
000100200306bc20047ca1f8004001c00129
00020021030ac93c04fbca80004002000129
000200240311600005805bd8004002400129
00030027031b06e8060e9ab8002902800129
fffd002603231ef000e9c6b2004000000129
fffe00220316d28801805766004000400129
ffff0021030e6adc0209c3bc004000800129
ffff001f0308f850028bbaec004000c00129
0000001f0305ab34030977e4004001000129
0000001f0304400003851c8c004001400129
0001001f0304a00004004130004001800129
000100200306bc20047ca1f8004001c00129
00020021030ac93c04fbca80004002000129
000200240311600005805bd8004002400129
00030027031b06e8060e9ab8002902800129
fffd002603255f4c00e9c70c00400000012a
fffe00220318f288018064de00400040012a
ffff00200310856c0209e3bc00400080012a
ffff001f030af850028bbaec004000c0012a
0000001f0307ab34030977e400400100012a
0000001f030621e803851c8c00400140012a
0001001f0306a0000400413000400180012a
000100200308c000047c85d8004001c0012a
00020021030ce93c04fbca8000400200012a
000200240313765805805bd800400240012a
00030027031d46e8060e7e2800290280012a
fffd002603255f4c00e9c70c00400000012a
fffe00220318f288018064de00400040012a
ffff00200310856c0209e3bc00400080012a
ffff001f030af850028bbaec004000c0012a
0000001f0307ab34030977e400400100012a
0000001f030621e803851c8c00400140012a
0001001f0306a0000400413000400180012a
000100200308c000047c85d8004001c0012a
00020021030ce93c04fbca8000400200012a
000200240313765805805bd800400240012a
00030027031d46e8060e7e2800290280012a
fffd002603255f4c00e9c70c00400000012a
fffe00220318f288018064de00400040012a
ffff00200310856c0209e3bc00400080012a
ffff001f030af850028bbaec004000c0012a
0000001f0307ab34030977e400400100012a
0000001f030621e803851c8c00400140012a
0001001f0306a0000400413000400180012a
000100200308c000047c85d8004001c0012a
00020021030ce93c04fbca8000400200012a
000200240313765805805bd800400240012a
00030027031d46e8060e7e2800290280012a
fffd002603255f4c00e9c70c00400000012a
fffe00220318f288018064de00400040012a
ffff00200310856c0209e3bc00400080012a
ffff001f030af850028bbaec004000c0012a
0000001f0307ab34030977e400400100012a
0000001f030621e803851c8c00400140012a
0001001f0306a0000400413000400180012a
000100200308c000047c85d8004001c0012a
00020021030ce93c04fbca8000400200012a
000200240313765805805bd800400240012a
00030027031d46e8060e7e2800290280012a
fffd002603255f4c00e9c70c00400000012a
fffe00220318f288018064de00400040012a
ffff00200310856c0209e3bc00400080012a
ffff001f030af850028bbaec004000c0012a
0000001f0307ab34030977e400400100012a
0000001f030621e803851c8c00400140012a
0001001f0306a0000400413000400180012a
000100200308c000047c85d8004001c0012a
00020021030ce93c04fbca8000400200012a
000200240313765805805bd800400240012a
00030027031d46e8060e7e2800290280012a
fffd002603255f4c00e9c70c00400000012a
fffe00220318f288018064de00400040012a
ffff00200310856c0209e3bc00400080012a
ffff001f030af850028bbaec004000c0012a
0000001f0307ab34030977e400400100012a
0000001f030621e803851c8c00400140012a
0001001f0306a0000400413000400180012a
000100200308c000047c85d8004001c0012a
00020021030ce93c04fbca8000400200012a
000200240313765805805bd800400240012a
00030027031d46e8060e7e2800290280012a
fffd00260327800000e9e6b200400000012b
fffe0022031b2514018064de00400040012b
ffff00200312a0000209e3bc00400080012b
ffff001f030d0000028bd340004000c0012b
0000001f0309a000030977e400400100012b
0000001f0308400003851c8c00400140012b
0001001f03088f040400413000400180012b
00010020030ac000047c85d8004001c0012b
00020021030f000004fbb3c000400200012b
000200240315965805803bd800400240012b
00030027031f8374060e7ab800290280012b
fffd00260327800000e9e6b200400000012b
fffe0022031b2514018064de00400040012b
ffff00200312a0000209e3bc00400080012b
ffff001f030d0000028bd340004000c0012b
0000001f0309a000030977e400400100012b
0000001f0308400003851c8c00400140012b
0001001f03088f040400413000400180012b
00010020030ac000047c85d8004001c0012b
00020021030f000004fbb3c000400200012b
000200240315965805803bd800400240012b
00030027031f8374060e7ab800290280012b
fffd00260327800000e9e6b200400000012b
fffe0022031b2514018064de00400040012b
ffff00200312a0000209e3bc00400080012b
ffff001f030d0000028bd340004000c0012b
0000001f0309a000030977e400400100012b
0000001f0308400003851c8c00400140012b
0001001f03088f040400413000400180012b
00010020030ac000047c85d8004001c0012b
00020021030f000004fbb3c000400200012b
000200240315965805803bd800400240012b
00030027031f8374060e7ab800290280012b
fffd00260327800000e9e6b200400000012b
fffe0022031b2514018064de00400040012b
ffff00200312a0000209e3bc00400080012b
ffff001f030d0000028bd340004000c0012b
0000001f0309a000030977e400400100012b
0000001f0308400003851c8c00400140012b
0001001f03088f040400413000400180012b
00010020030ac000047c85d8004001c0012b
00020021030f000004fbb3c000400200012b
000200240315965805803bd800400240012b
00030027031f8374060e7ab800290280012b
fffd00260327800000e9e6b200400000012b
fffe0022031b2514018064de00400040012b
ffff00200312a0000209e3bc00400080012b
ffff001f030d0000028bd340004000c0012b
0000001f0309a000030977e400400100012b
0000001f0308400003851c8c00400140012b
0001001f03088f040400413000400180012b
00010020030ac000047c85d8004001c0012b
00020021030f000004fbb3c000400200012b
000200240315965805803bd800400240012b
00030027031f8374060e7ab800290280012b
fffd00260327800000e9e6b200400000012b
fffe0022031b2514018064de00400040012b
ffff00200312a0000209e3bc00400080012b
ffff001f030d0000028bd340004000c0012b
0000001f0309a000030977e400400100012b
0000001f0308400003851c8c00400140012b
0001001f03088f040400413000400180012b
00010020030ac000047c85d8004001c0012b
00020021030f000004fbb3c000400200012b
000200240315965805803bd800400240012b
00030027031f8374060e7ab800290280012b
fffd00260329bfa400e9e6b200400000012c
fffe0022031d45140180776600400040012c
ffff00200314a56c0209e3bc00400080012c
ffff001f030f0000028bd340004000c0012c
0000001f030bab340309831800400100012c
0000001f030a400003851c8c00400140012c
0001001f030a8f040400413000400180012c
00010020030cbc20047c81f8004001c0012c
000200210311093c04fbb3c000400200012c
000300240317acb005803bd800400240012c
000300270321c6e8060e7ab800290280012c
fffd00260329bfa400e9e6b200400000012c
fffe0022031d45140180776600400040012c
ffff00200314a56c0209e3bc00400080012c
ffff001f030f0000028bd340004000c0012c
0000001f030bab340309831800400100012c
0000001f030a400003851c8c00400140012c
0001001f030a8f040400413000400180012c
00010020030cbc20047c81f8004001c0012c
000200210311093c04fbb3c000400200012c
000300240317acb005803bd800400240012c
000300270321c6e8060e7ab800290280012c
fffd00260329bfa400e9e6b200400000012c
fffe0022031d45140180776600400040012c
ffff00200314a56c0209e3bc00400080012c
ffff001f030f0000028bd340004000c0012c
0000001f030bab340309831800400100012c
0000001f030a400003851c8c00400140012c
0001001f030a8f040400413000400180012c
00010020030cbc20047c81f8004001c0012c
000200210311093c04fbb3c000400200012c
000300240317acb005803bd800400240012c
000300270321c6e8060e7ab800290280012c
fffd00260329bfa400e9e6b200400000012c
fffe0022031d45140180776600400040012c
ffff00200314a56c0209e3bc00400080012c
ffff001f030f0000028bd340004000c0012c
0000001f030bab340309831800400100012c
0000001f030a400003851c8c00400140012c
0001001f030a8f040400413000400180012c
00010020030cbc20047c81f8004001c0012c
000200210311093c04fbb3c000400200012c
000300240317acb005803bd800400240012c
000300270321c6e8060e7ab800290280012c
fffd00260329bfa400e9e6b200400000012c
fffe0022031d45140180776600400040012c
ffff00200314a56c0209e3bc00400080012c
ffff001f030f0000028bd340004000c0012c
0000001f030bab340309831800400100012c
0000001f030a400003851c8c00400140012c
0001001f030a8f040400413000400180012c
00010020030cbc20047c81f8004001c0012c
000200210311093c04fbb3c000400200012c
000300240317acb005803bd800400240012c
000300270321c6e8060e7ab800290280012c
fffd00260329bfa400e9e6b200400000012c
fffe0022031d45140180776600400040012c
ffff00200314a56c0209e3bc00400080012c
ffff001f030f0000028bd340004000c0012c
0000001f030bab340309831800400100012c
0000001f030a400003851c8c00400140012c
0001001f030a8f040400413000400180012c
00010020030cbc20047c81f8004001c0012c
000200210311093c04fbb3c000400200012c
000300240317acb005803bd800400240012c
000300270321c6e8060e7ab800290280012c
fffd0026032c3ef000e9e70c00400000012d
fffe0022031f7288018084de00400040012d
ffff00200316c56c0209fe5000400080012d
ffff001f03111850028bdaec004000c0012d
0000001f030dab340309831800400100012d
0000001f030c400003851c8c00400140012d
0001001f030c90fc0400413000400180012d
00010020030ec000047c81f8004001c0012d
000200210313200004fbaa8000400200012d
000300240319c00005803bd800400240012d
000300270323e374060e5e2800290280012d
fffd0026032c3ef000e9e70c00400000012d
fffe0022031f7288018084de00400040012d
ffff00200316c56c0209fe5000400080012d
ffff001f03111850028bdaec004000c0012d
0000001f030dab340309831800400100012d
0000001f030c400003851c8c00400140012d
0001001f030c90fc0400413000400180012d
00010020030ec000047c81f8004001c0012d
000200210313200004fbaa8000400200012d
000300240319c00005803bd800400240012d
000300270323e374060e5e2800290280012d
fffd0026032c3ef000e9e70c00400000012d
fffe0022031f7288018084de00400040012d
ffff00200316c56c0209fe5000400080012d
ffff001f03111850028bdaec004000c0012d
0000001f030dab340309831800400100012d
0000001f030c400003851c8c00400140012d
0001001f030c90fc0400413000400180012d
00010020030ec000047c81f8004001c0012d
000200210313200004fbaa8000400200012d
000300240319c00005803bd800400240012d
000300270323e374060e5e2800290280012d
fffd0026032c3ef000e9e70c00400000012d
fffe0022031f7288018084de00400040012d
ffff00200316c56c0209fe5000400080012d
ffff001f03111850028bdaec004000c0012d
0000001f030dab340309831800400100012d
0000001f030c400003851c8c00400140012d
0001001f030c90fc0400413000400180012d
00010020030ec000047c81f8004001c0012d
000200210313200004fbaa8000400200012d
000300240319c00005803bd800400240012d
000300270323e374060e5e2800290280012d
fffd0026032c3ef000e9e70c00400000012d
fffe0022031f7288018084de00400040012d
ffff00200316c56c0209fe5000400080012d
ffff001f03111850028bdaec004000c0012d
0000001f030dab340309831800400100012d
0000001f030c400003851c8c00400140012d
0001001f030c90fc0400413000400180012d
00010020030ec000047c81f8004001c0012d
000200210313200004fbaa8000400200012d
000300240319c00005803bd800400240012d
000300270323e374060e5e2800290280012d
fffd0026032c3ef000e9e70c00400000012d
fffe0022031f7288018084de00400040012d
ffff00200316c56c0209fe5000400080012d
ffff001f03111850028bdaec004000c0012d
0000001f030dab340309831800400100012d
0000001f030c400003851c8c00400140012d
0001001f030c90fc0400413000400180012d
00010020030ec000047c81f8004001c0012d
000200210313200004fbaa8000400200012d
000300240319c00005803bd800400240012d
000300270323e374060e5e2800290280012d
fffd0026032e7f4c00e9e70c00400000012e
fffe00220321a514018084de00400040012e
ffff00200318e56c020a03bc00400080012e
ffff001f031307b0028bdaec004000c0012e
0000001f030fb4cc030997e400400100012e
0000001f030e200003851c8c00400140012e
0001001f030e80000400413000400180012e
000100200310dc20047c81f8004001c0012e
000200210315200004fbaa8000400200012e
00030024031becb005801bd800400240012e
00030027032626e8060e5ab800290280012e
fffd0026032e7f4c00e9e70c00400000012e
fffe00220321a514018084de00400040012e
ffff00200318e56c020a03bc00400080012e
ffff001f031307b0028bdaec004000c0012e
0000001f030fb4cc030997e400400100012e
0000001f030e200003851c8c00400140012e
0001001f030e80000400413000400180012e
000100200310dc20047c81f8004001c0012e
000200210315200004fbaa8000400200012e
00030024031becb005801bd800400240012e
00030027032626e8060e5ab800290280012e
fffd0026032e7f4c00e9e70c00400000012e
fffe00220321a514018084de00400040012e
ffff00200318e56c020a03bc00400080012e
ffff001f031307b0028bdaec004000c0012e
0000001f030fb4cc030997e400400100012e
0000001f030e200003851c8c00400140012e
0001001f030e80000400413000400180012e
000100200310dc20047c81f8004001c0012e
000200210315200004fbaa8000400200012e
00030024031becb005801bd800400240012e
00030027032626e8060e5ab800290280012e
fffd0026032e7f4c00e9e70c00400000012e
fffe00220321a514018084de00400040012e
ffff00200318e56c020a03bc00400080012e
ffff001f031307b0028bdaec004000c0012e
0000001f030fb4cc030997e400400100012e
0000001f030e200003851c8c00400140012e
0001001f030e80000400413000400180012e
000100200310dc20047c81f8004001c0012e
000200210315200004fbaa8000400200012e
00030024031becb005801bd800400240012e
00030027032626e8060e5ab800290280012e
fffd0026032e7f4c00e9e70c00400000012e
fffe00220321a514018084de00400040012e
ffff00200318e56c020a03bc00400080012e
ffff001f031307b0028bdaec004000c0012e
0000001f030fb4cc030997e400400100012e
0000001f030e200003851c8c00400140012e
0001001f030e80000400413000400180012e
000100200310dc20047c81f8004001c0012e
000200210315200004fbaa8000400200012e
00030024031becb005801bd800400240012e
00030027032626e8060e5ab800290280012e
fffd0026032e7f4c00e9e70c00400000012e
fffe00220321a514018084de00400040012e
ffff00200318e56c020a03bc00400080012e
ffff001f031307b0028bdaec004000c0012e
0000001f030fb4cc030997e400400100012e
0000001f030e200003851c8c00400140012e
0001001f030e80000400413000400180012e
000100200310dc20047c81f8004001c0012e
000200210315200004fbaa8000400200012e
00030024031becb005801bd800400240012e
00030027032626e8060e5ab800290280012e
fffd00260330bf4c00ea06b200400000012f
fffe00220323c5140180976600400040012f
ffff0020031ae56c020a03bc00400080012f
ffff001f03151850028bf340004000c0012f
0000001f0311a000030997e400400100012f
0000001f0310200003851c8c00400140012f
0001001f031080000400323000400180012f
000100200312c000047c81f8004001c0012f
000200210317200004fb93c000400200012f
00030024031e000005801bd800400240012f
00040027032846e8060e5ab800290280012f
fffd00260330bf4c00ea06b200400000012f
fffe00220323c5140180976600400040012f
ffff0020031ae56c020a03bc00400080012f
ffff001f03151850028bf340004000c0012f
0000001f0311a000030997e400400100012f
0000001f0310200003851c8c00400140012f
0001001f031080000400323000400180012f
000100200312c000047c81f8004001c0012f
000200210317200004fb93c000400200012f
00030024031e000005801bd800400240012f
00040027032846e8060e5ab800290280012f
fffd00260330bf4c00ea06b200400000012f
fffe00220323c5140180976600400040012f
ffff0020031ae56c020a03bc00400080012f
ffff001f03151850028bf340004000c0012f
0000001f0311a000030997e400400100012f
0000001f0310200003851c8c00400140012f
0001001f031080000400323000400180012f
000100200312c000047c81f8004001c0012f
000200210317200004fb93c000400200012f
00030024031e000005801bd800400240012f
00040027032846e8060e5ab800290280012f
fffd00260330bf4c00ea06b200400000012f
fffe00220323c5140180976600400040012f
ffff0020031ae56c020a03bc00400080012f
ffff001f03151850028bf340004000c0012f
0000001f0311a000030997e400400100012f
0000001f0310200003851c8c00400140012f
0001001f031080000400323000400180012f
000100200312c000047c81f8004001c0012f
000200210317200004fb93c000400200012f
00030024031e000005801bd800400240012f
00040027032846e8060e5ab800290280012f
fffd00260330bf4c00ea06b200400000012f
fffe00220323c5140180976600400040012f
ffff0020031ae56c020a03bc00400080012f
ffff001f03151850028bf340004000c0012f
0000001f0311a000030997e400400100012f
0000001f0310200003851c8c00400140012f
0001001f031080000400323000400180012f
000100200312c000047c81f8004001c0012f
000200210317200004fb93c000400200012f
00030024031e000005801bd800400240012f
00040027032846e8060e5ab800290280012f
fffd00260330bf4c00ea06b200400000012f
fffe00220323c5140180976600400040012f
ffff0020031ae56c020a03bc00400080012f
ffff001f03151850028bf340004000c0012f
0000001f0311a000030997e400400100012f
0000001f0310200003851c8c00400140012f
0001001f031080000400323000400180012f
000100200312c000047c81f8004001c0012f
000200210317200004fb93c000400200012f
00030024031e000005801bd800400240012f
00040027032846e8060e5ab800290280012f
fffd00260332ffa400ea070c004000000130
fffe00220325e5140180a4de004000400130
ffff0020031d056c020a03bc004000800130
ffff001f03173850028bf340004000c00130
0000001f0313ab34030997e4004001000130
0000001f0312200003851c8c004001400130
0001001f0312800004003230004001800130
000100200314dc20047c65d8004001c00130
000200210319293c04fb93c0004002000130
0003002403202cb005801bd8004002400130
00040027032a86e8060e3e28002902800130
fffd00260332ffa400ea070c004000000130
fffe00220325e5140180a4de004000400130
ffff0020031d056c020a03bc004000800130
ffff001f03173850028bf340004000c00130
0000001f0313ab34030997e4004001000130
0000001f0312200003851c8c004001400130
0001001f0312800004003230004001800130
000100200314dc20047c65d8004001c00130
000200210319293c04fb93c0004002000130
0003002403202cb005801bd8004002400130
00040027032a86e8060e3e28002902800130
fffd00260332ffa400ea070c004000000130
fffe00220325e5140180a4de004000400130
ffff0020031d056c020a03bc004000800130
ffff001f03173850028bf340004000c00130
0000001f0313ab34030997e4004001000130
0000001f0312200003851c8c004001400130
0001001f0312800004003230004001800130
000100200314dc20047c65d8004001c00130
000200210319293c04fb93c0004002000130
0003002403202cb005801bd8004002400130
00040027032a86e8060e3e28002902800130
fffd00260332ffa400ea070c004000000130
fffe00220325e5140180a4de004000400130
ffff0020031d056c020a03bc004000800130
ffff001f03173850028bf340004000c00130
0000001f0313ab34030997e4004001000130
0000001f0312200003851c8c004001400130
0001001f0312800004003230004001800130
000100200314dc20047c65d8004001c00130
000200210319293c04fb93c0004002000130
0003002403202cb005801bd8004002400130
00040027032a86e8060e3e28002902800130
fffd00260332ffa400ea070c004000000130
fffe00220325e5140180a4de004000400130
ffff0020031d056c020a03bc004000800130
ffff001f03173850028bf340004000c00130
0000001f0313ab34030997e4004001000130
0000001f0312200003851c8c004001400130
0001001f0312800004003230004001800130
000100200314dc20047c65d8004001c00130
000200210319293c04fb93c0004002000130
0003002403202cb005801bd8004002400130
00040027032a86e8060e3e28002902800130
fffd00260332ffa400ea070c004000000130
fffe00220325e5140180a4de004000400130
ffff0020031d056c020a03bc004000800130
ffff001f03173850028bf340004000c00130
0000001f0313ab34030997e4004001000130
0000001f0312200003851c8c004001400130
0001001f0312800004003230004001800130
000100200314dc20047c65d8004001c00130
000200210319293c04fb93c0004002000130
0003002403202cb005801bd8004002400130
00040027032a86e8060e3e28002902800130
fffd002603353f4c00ea070c004000000131
fffe0022032812880180a4de004000400131
ffff0020031f0adc020a23bc004000800131
ffff001f03192000028bf340004000c00131
0000001f0315a000030997e4004001000131
0000001f03141e1803851c8c004001400131
0001001f03146f0404002130004001800131
000100200316c000047c65d8004001c00131
00020021031b493c04fb8a80004002000131
000300230322365805801bd8004002400131
00030027032cc374060e3e28002902800131
fffd002603353f4c00ea070c004000000131
fffe0022032812880180a4de004000400131
ffff0020031f0adc020a23bc004000800131
ffff001f03192000028bf340004000c00131
0000001f0315a000030997e4004001000131
0000001f03141e1803851c8c004001400131
0001001f03146f0404002130004001800131
000100200316c000047c65d8004001c00131
00020021031b493c04fb8a80004002000131
000300230322365805801bd8004002400131
00030027032cc374060e3e28002902800131
fffd002603353f4c00ea070c004000000131
fffe0022032812880180a4de004000400131
ffff0020031f0adc020a23bc004000800131
ffff001f03192000028bf340004000c00131
0000001f0315a000030997e4004001000131
0000001f03141e1803851c8c004001400131
0001001f03146f0404002130004001800131
000100200316c000047c65d8004001c00131
00020021031b493c04fb8a80004002000131
000300230322365805801bd8004002400131
00030027032cc374060e3e28002902800131
fffd002603353f4c00ea070c004000000131
fffe0022032812880180a4de004000400131
ffff0020031f0adc020a23bc004000800131
ffff001f03192000028bf340004000c00131
0000001f0315a000030997e4004001000131
0000001f03141e1803851c8c004001400131
0001001f03146f0404002130004001800131
000100200316c000047c65d8004001c00131
00020021031b493c04fb8a80004002000131
000300230322365805801bd8004002400131
00030027032cc374060e3e28002902800131
fffd002603353f4c00ea070c004000000131
fffe0022032812880180a4de004000400131
ffff0020031f0adc020a23bc004000800131
ffff001f03192000028bf340004000c00131
0000001f0315a000030997e4004001000131
0000001f03141e1803851c8c004001400131
0001001f03146f0404002130004001800131
000100200316c000047c65d8004001c00131
00020021031b493c04fb8a80004002000131
000300230322365805801bd8004002400131
00030027032cc374060e3e28002902800131
fffd002603353f4c00ea070c004000000131
fffe0022032812880180a4de004000400131
ffff0020031f0adc020a23bc004000800131
ffff001f03192000028bf340004000c00131
0000001f0315a000030997e4004001000131
0000001f03141e1803851c8c004001400131
0001001f03146f0404002130004001800131
000100200316c000047c65d8004001c00131
00020021031b493c04fb8a80004002000131
000300230322365805801bd8004002400131
00030027032cc374060e3e28002902800131
fffd002603377fa400ea26b2004000000132
fffe0022032a32880180b766004000400132
fffe002003214000020a23bc004000800132
ffff001f031b3850028bfaec004000c00132
0000001f0317a0000309a318004001000132
0000001f0316200003851c8c004001400132
0001001f0316800004002130004001800132
000100200318c000047c61f8004001c00132
00020021031d493c04fb8a80004002000132
0003002403246000057ffbd8004002400132
00040027032f06e8060e3ab8002902800132
fffd002603377fa400ea26b2004000000132
fffe0022032a32880180b766004000400132
fffe002003214000020a23bc004000800132
ffff001f031b3850028bfaec004000c00132
0000001f0317a0000309a318004001000132
0000001f0316200003851c8c004001400132
0001001f0316800004002130004001800132
000100200318c000047c61f8004001c00132
00020021031d493c04fb8a80004002000132
0003002403246000057ffbd8004002400132
00040027032f06e8060e3ab8002902800132
fffd002603377fa400ea26b2004000000132
fffe0022032a32880180b766004000400132
fffe002003214000020a23bc004000800132
ffff001f031b3850028bfaec004000c00132
0000001f0317a0000309a318004001000132
0000001f0316200003851c8c004001400132
0001001f0316800004002130004001800132
000100200318c000047c61f8004001c00132
00020021031d493c04fb8a80004002000132
0003002403246000057ffbd8004002400132
00040027032f06e8060e3ab8002902800132
fffd002603377fa400ea26b2004000000132
fffe0022032a32880180b766004000400132
fffe002003214000020a23bc004000800132
ffff001f031b3850028bfaec004000c00132
0000001f0317a0000309a318004001000132
0000001f0316200003851c8c004001400132
0001001f0316800004002130004001800132
000100200318c000047c61f8004001c00132
00020021031d493c04fb8a80004002000132
0003002403246000057ffbd8004002400132
00040027032f06e8060e3ab8002902800132
fffd002603377fa400ea26b2004000000132
fffe0022032a32880180b766004000400132
fffe002003214000020a23bc004000800132
ffff001f031b3850028bfaec004000c00132
0000001f0317a0000309a318004001000132
0000001f0316200003851c8c004001400132
0001001f0316800004002130004001800132
000100200318c000047c61f8004001c00132
00020021031d493c04fb8a80004002000132
0003002403246000057ffbd8004002400132
00040027032f06e8060e3ab8002902800132
fffd002603377fa400ea26b2004000000132
fffe0022032a32880180b766004000400132
fffe002003214000020a23bc004000800132
ffff001f031b3850028bfaec004000c00132
0000001f0317a0000309a318004001000132
0000001f0316200003851c8c004001400132
0001001f0316800004002130004001800132
000100200318c000047c61f8004001c00132
00020021031d493c04fb8a80004002000132
0003002403246000057ffbd8004002400132
00040027032f06e8060e3ab8002902800132
fffd00260339df4c00ea26b2004000000133
fffe0022032c60000180c4de004000400133
fffe00200323456c020a23bc004000800133
ffff001f031d3850028bfaec004000c00133
0000001f0319a0000309a318004001000133
0000001f0318200003851c8c004001400133
0001001f0318800004002130004001800133
00010020031adc20047c61f8004001c00133
00020021031f600004fb73c0004002000133
0003002403267658057ffbd8004002400133
0004002703312374060e3ab8002902800133
fffd00260339df4c00ea26b2004000000133
fffe0022032c60000180c4de004000400133
fffe00200323456c020a23bc004000800133
ffff001f031d3850028bfaec004000c00133
0000001f0319a0000309a318004001000133
0000001f0318200003851c8c004001400133
0001001f0318800004002130004001800133
00010020031adc20047c61f8004001c00133
00020021031f600004fb73c0004002000133
0003002403267658057ffbd8004002400133
0004002703312374060e3ab8002902800133
fffd00260339df4c00ea26b2004000000133
fffe0022032c60000180c4de004000400133
fffe00200323456c020a23bc004000800133
ffff001f031d3850028bfaec004000c00133
0000001f0319a0000309a318004001000133
0000001f0318200003851c8c004001400133
0001001f0318800004002130004001800133
00010020031adc20047c61f8004001c00133
00020021031f600004fb73c0004002000133
0003002403267658057ffbd8004002400133
0004002703312374060e3ab8002902800133
fffd00260339df4c00ea26b2004000000133
fffe0022032c60000180c4de004000400133
fffe00200323456c020a23bc004000800133
ffff001f031d3850028bfaec004000c00133
0000001f0319a0000309a318004001000133
0000001f0318200003851c8c004001400133
0001001f0318800004002130004001800133
00010020031adc20047c61f8004001c00133
00020021031f600004fb73c0004002000133
0003002403267658057ffbd8004002400133
0004002703312374060e3ab8002902800133
fffd00260339df4c00ea26b2004000000133
fffe0022032c60000180c4de004000400133
fffe00200323456c020a23bc004000800133
ffff001f031d3850028bfaec004000c00133
0000001f0319a0000309a318004001000133
0000001f0318200003851c8c004001400133
0001001f0318800004002130004001800133
00010020031adc20047c61f8004001c00133
00020021031f600004fb73c0004002000133
0003002403267658057ffbd8004002400133
0004002703312374060e3ab8002902800133
fffd00260339df4c00ea26b2004000000133
fffe0022032c60000180c4de004000400133
fffe00200323456c020a23bc004000800133
ffff001f031d3850028bfaec004000c00133
0000001f0319a0000309a318004001000133
0000001f0318200003851c8c004001400133
0001001f0318800004002130004001800133
00010020031adc20047c61f8004001c00133
00020021031f600004fb73c0004002000133
0003002403267658057ffbd8004002400133
0004002703312374060e3ab8002902800133
fffd0026033c3ef000ea270c004000000134
fffe0022032e92880180c4de004000400134
fffe002003256000020a43bc004000800134
ffff001f031f4000028c1340004000c00134
0000001f031ba0000309b7e4004001000134
0000001f031a200003851c8c004001400134
0001001f031a600004002130004001800134
00010020031cc3e0047c61f8004001c00134
000200210321693c04fb6a80004002000134
0003002403289658057fe580004002400134
0004002703334374060e1ab8002902800134
fffd0026033c3ef000ea270c004000000134
fffe0022032e92880180c4de004000400134
fffe002003256000020a43bc004000800134
ffff001f031f4000028c1340004000c00134
0000001f031ba0000309b7e4004001000134
0000001f031a200003851c8c004001400134
0001001f031a600004002130004001800134
00010020031cc3e0047c61f8004001c00134
000200210321693c04fb6a80004002000134
0003002403289658057fe580004002400134
0004002703334374060e1ab8002902800134
fffd0026033c3ef000ea270c004000000134
fffe0022032e92880180c4de004000400134
fffe002003256000020a43bc004000800134
ffff001f031f4000028c1340004000c00134
0000001f031ba0000309b7e4004001000134
0000001f031a200003851c8c004001400134
0001001f031a600004002130004001800134
00010020031cc3e0047c61f8004001c00134
000200210321693c04fb6a80004002000134
0003002403289658057fe580004002400134
0004002703334374060e1ab8002902800134
fffd0026033c3ef000ea270c004000000134
fffe0022032e92880180c4de004000400134
fffe002003256000020a43bc004000800134
ffff001f031f4000028c1340004000c00134
0000001f031ba0000309b7e4004001000134
0000001f031a200003851c8c004001400134
0001001f031a600004002130004001800134
00010020031cc3e0047c61f8004001c00134
000200210321693c04fb6a80004002000134
0003002403289658057fe580004002400134
0004002703334374060e1ab8002902800134
fffd0026033c3ef000ea270c004000000134
fffe0022032e92880180c4de004000400134
fffe002003256000020a43bc004000800134
ffff001f031f4000028c1340004000c00134
0000001f031ba0000309b7e4004001000134
0000001f031a200003851c8c004001400134
0001001f031a600004002130004001800134
00010020031cc3e0047c61f8004001c00134
000200210321693c04fb6a80004002000134
0003002403289658057fe580004002400134
0004002703334374060e1ab8002902800134
fffd0026033c3ef000ea270c004000000134
fffe0022032e92880180c4de004000400134
fffe002003256000020a43bc004000800134
ffff001f031f4000028c1340004000c00134
0000001f031ba0000309b7e4004001000134
0000001f031a200003851c8c004001400134
0001001f031a600004002130004001800134
00010020031cc3e0047c61f8004001c00134
000200210321693c04fb6a80004002000134
0003002403289658057fe580004002400134
0004002703334374060e1ab8002902800134
fffd0026033e5f4c00ea46b2004000000135
fffe00220330c5140180d766004000400135
fffe002003274adc020a43bc004000800135
ffff001f03214000028c1340004000c00135
0000001f031da0000309b7e4004001000135
0000001f031c000003851c8c004001400135
0001001f031c600004002130004001800135
00010020031edc20047c61f8004001c00135
000200210323493c04fb6a80004002000135
00030024032aacb0057fdbd8004002400135
0004002703358374060e1ab8002902800135
fffd0026033e5f4c00ea46b2004000000135
fffe00220330c5140180d766004000400135
fffe002003274adc020a43bc004000800135
ffff001f03214000028c1340004000c00135
0000001f031da0000309b7e4004001000135
0000001f031c000003851c8c004001400135
0001001f031c600004002130004001800135
00010020031edc20047c61f8004001c00135
000200210323493c04fb6a80004002000135
00030024032aacb0057fdbd8004002400135
0004002703358374060e1ab8002902800135
fffd0026033e5f4c00ea46b2004000000135
fffe00220330c5140180d766004000400135
fffe002003274adc020a43bc004000800135
ffff001f03214000028c1340004000c00135
0000001f031da0000309b7e4004001000135
0000001f031c000003851c8c004001400135
0001001f031c600004002130004001800135
00010020031edc20047c61f8004001c00135
000200210323493c04fb6a80004002000135
00030024032aacb0057fdbd8004002400135
0004002703358374060e1ab8002902800135
fffd0026033e5f4c00ea46b2004000000135
fffe00220330c5140180d766004000400135
fffe002003274adc020a43bc004000800135
ffff001f03214000028c1340004000c00135
0000001f031da0000309b7e4004001000135
0000001f031c000003851c8c004001400135
0001001f031c600004002130004001800135
00010020031edc20047c61f8004001c00135
000200210323493c04fb6a80004002000135
00030024032aacb0057fdbd8004002400135
0004002703358374060e1ab8002902800135
fffd0026033e5f4c00ea46b2004000000135
fffe00220330c5140180d766004000400135
fffe002003274adc020a43bc004000800135
ffff001f03214000028c1340004000c00135
0000001f031da0000309b7e4004001000135
0000001f031c000003851c8c004001400135
0001001f031c600004002130004001800135
00010020031edc20047c61f8004001c00135
000200210323493c04fb6a80004002000135
00030024032aacb0057fdbd8004002400135
0004002703358374060e1ab8002902800135
fffd0026033e5f4c00ea46b2004000000135
fffe00220330c5140180d766004000400135
fffe002003274adc020a43bc004000800135
ffff001f03214000028c1340004000c00135
0000001f031da0000309b7e4004001000135
0000001f031c000003851c8c004001400135
0001001f031c600004002130004001800135
00010020031edc20047c61f8004001c00135
000200210323493c04fb6a80004002000135
00030024032aacb0057fdbd8004002400135
0004002703358374060e1ab8002902800135
fffd002603409fa400ea46b2004000000136
fffe00220332e5140180e4de004000400136
fffe002003298000020a43bc004000800136
ffff001f03235850028c1aec004000c00136
0000001f031f8b340309b7e4004001000136
0000001f031e000003853aa4004001400136
0001001f031e6f0404002130004001800136
000100200320dc20047c45d8004001c00136
000200210325693c04fb6a80004002000136
00030024032cc000057fdbd8004002400136
000400270337a6e8060dfe28002902800136
fffd002603409fa400ea46b2004000000136
fffe00220332e5140180e4de004000400136
fffe002003298000020a43bc004000800136
ffff001f03235850028c1aec004000c00136
0000001f031f8b340309b7e4004001000136
0000001f031e000003853aa4004001400136
0001001f031e6f0404002130004001800136
000100200320dc20047c45d8004001c00136
000200210325693c04fb6a80004002000136
00030024032cc000057fdbd8004002400136
000400270337a6e8060dfe28002902800136
fffd002603409fa400ea46b2004000000136
fffe00220332e5140180e4de004000400136
fffe002003298000020a43bc004000800136
ffff001f03235850028c1aec004000c00136
0000001f031f8b340309b7e4004001000136
0000001f031e000003853aa4004001400136
0001001f031e6f0404002130004001800136
000100200320dc20047c45d8004001c00136
000200210325693c04fb6a80004002000136
00030024032cc000057fdbd8004002400136
000400270337a6e8060dfe28002902800136
fffd002603409fa400ea46b2004000000136
fffe00220332e5140180e4de004000400136
fffe002003298000020a43bc004000800136
ffff001f03235850028c1aec004000c00136
0000001f031f8b340309b7e4004001000136
0000001f031e000003853aa4004001400136
0001001f031e6f0404002130004001800136
000100200320dc20047c45d8004001c00136
000200210325693c04fb6a80004002000136
00030024032cc000057fdbd8004002400136
000400270337a6e8060dfe28002902800136
fffd002603409fa400ea46b2004000000136
fffe00220332e5140180e4de004000400136
fffe002003298000020a43bc004000800136
ffff001f03235850028c1aec004000c00136
0000001f031f8b340309b7e4004001000136
0000001f031e000003853aa4004001400136
0001001f031e6f0404002130004001800136
000100200320dc20047c45d8004001c00136
000200210325693c04fb6a80004002000136
00030024032cc000057fdbd8004002400136
000400270337a6e8060dfe28002902800136
fffd002603409fa400ea46b2004000000136
fffe00220332e5140180e4de004000400136
fffe002003298000020a43bc004000800136
ffff001f03235850028c1aec004000c00136
0000001f031f8b340309b7e4004001000136
0000001f031e000003853aa4004001400136
0001001f031e6f0404002130004001800136
000100200320dc20047c45d8004001c00136
000200210325693c04fb6a80004002000136
00030024032cc000057fdbd8004002400136
000400270337a6e8060dfe28002902800136
fffd00260342dfa400ea470c004000000137
fffe0022033512880180e4de004000400137
fffe0020032b856c020a63bc004000800137
ffff001f032547b0028c1aec004000c00137
0000001f03218b340309b7e4004001000137
0000001f03201e1803853aa4004001400137
0001001f0320600004002130004001800137
000100200322c000047c45d8004001c00137
000200210327693c04fb53c0004002000137
00030023032eecb0057fdbd8004002400137
000400270339e6e8060dfe28002902800137
fffd00260342dfa400ea470c004000000137
fffe0022033512880180e4de004000400137
fffe0020032b856c020a63bc004000800137
ffff001f032547b0028c1aec004000c00137
0000001f03218b340309b7e4004001000137
0000001f03201e1803853aa4004001400137
0001001f0320600004002130004001800137
000100200322c000047c45d8004001c00137
000200210327693c04fb53c0004002000137
00030023032eecb0057fdbd8004002400137
000400270339e6e8060dfe28002902800137
fffd00260342dfa400ea470c004000000137
fffe0022033512880180e4de004000400137
fffe0020032b856c020a63bc004000800137
ffff001f032547b0028c1aec004000c00137
0000001f03218b340309b7e4004001000137
0000001f03201e1803853aa4004001400137
0001001f0320600004002130004001800137
000100200322c000047c45d8004001c00137
000200210327693c04fb53c0004002000137
00030023032eecb0057fdbd8004002400137
000400270339e6e8060dfe28002902800137
fffd00260342dfa400ea470c004000000137
fffe0022033512880180e4de004000400137
fffe0020032b856c020a63bc004000800137
ffff001f032547b0028c1aec004000c00137
0000001f03218b340309b7e4004001000137
0000001f03201e1803853aa4004001400137
0001001f0320600004002130004001800137
000100200322c000047c45d8004001c00137
000200210327693c04fb53c0004002000137
00030023032eecb0057fdbd8004002400137
000400270339e6e8060dfe28002902800137
fffd00260342dfa400ea470c004000000137
fffe0022033512880180e4de004000400137
fffe0020032b856c020a63bc004000800137
ffff001f032547b0028c1aec004000c00137
0000001f03218b340309b7e4004001000137
0000001f03201e1803853aa4004001400137
0001001f0320600004002130004001800137
000100200322c000047c45d8004001c00137
000200210327693c04fb53c0004002000137
00030023032eecb0057fdbd8004002400137
000400270339e6e8060dfe28002902800137
fffd00260342dfa400ea470c004000000137
fffe0022033512880180e4de004000400137
fffe0020032b856c020a63bc004000800137
ffff001f032547b0028c1aec004000c00137
0000001f03218b340309b7e4004001000137
0000001f03201e1803853aa4004001400137
0001001f0320600004002130004001800137
000100200322c000047c45d8004001c00137
000200210327693c04fb53c0004002000137
00030023032eecb0057fdbd8004002400137
000400270339e6e8060dfe28002902800137
fffc002603453f4c00ea470c004000000138
fffe0022033745140180f766004000400138
fffe0020032da000020a63bc004000800138
ffff001f03275850028c3340004000c00138
0000001f032394cc0309b7e4004001000138
0000001f0322000003853aa4004001400138
0001001f0322600004002130004001800138
000100200324dc20047c41f8004001c00138
000200210329893c04fb4a80004002000138
000300240330f658057fbbd8004002400138
00040027033c06e8060dfab8002902800138
fffc002603453f4c00ea470c004000000138
fffe0022033745140180f766004000400138
fffe0020032da000020a63bc004000800138
ffff001f03275850028c3340004000c00138
0000001f032394cc0309b7e4004001000138
0000001f0322000003853aa4004001400138
0001001f0322600004002130004001800138
000100200324dc20047c41f8004001c00138
000200210329893c04fb4a80004002000138
000300240330f658057fbbd8004002400138
00040027033c06e8060dfab8002902800138
fffc002603453f4c00ea470c004000000138
fffe0022033745140180f766004000400138
fffe0020032da000020a63bc004000800138
ffff001f03275850028c3340004000c00138
0000001f032394cc0309b7e4004001000138
0000001f0322000003853aa4004001400138
0001001f0322600004002130004001800138
000100200324dc20047c41f8004001c00138
000200210329893c04fb4a80004002000138
000300240330f658057fbbd8004002400138
00040027033c06e8060dfab8002902800138
fffc002603453f4c00ea470c004000000138
fffe0022033745140180f766004000400138
fffe0020032da000020a63bc004000800138
ffff001f03275850028c3340004000c00138
0000001f032394cc0309b7e4004001000138
0000001f0322000003853aa4004001400138
0001001f0322600004002130004001800138
000100200324dc20047c41f8004001c00138
000200210329893c04fb4a80004002000138
000300240330f658057fbbd8004002400138
00040027033c06e8060dfab8002902800138
fffc002603453f4c00ea470c004000000138
fffe0022033745140180f766004000400138
fffe0020032da000020a63bc004000800138
ffff001f03275850028c3340004000c00138
0000001f032394cc0309b7e4004001000138
0000001f0322000003853aa4004001400138
0001001f0322600004002130004001800138
000100200324dc20047c41f8004001c00138
000200210329893c04fb4a80004002000138
000300240330f658057fbbd8004002400138
00040027033c06e8060dfab8002902800138
fffc002603453f4c00ea470c004000000138
fffe0022033745140180f766004000400138
fffe0020032da000020a63bc004000800138
ffff001f03275850028c3340004000c00138
0000001f032394cc0309b7e4004001000138
0000001f0322000003853aa4004001400138
0001001f0322600004002130004001800138
000100200324dc20047c41f8004001c00138
000200210329893c04fb4a80004002000138
000300240330f658057fbbd8004002400138
00040027033c06e8060dfab8002902800138
fffc002603477f4c00ea66b2004000000139
fffe002203396514018104de004000400139
fffe0020032faadc020a63bc004000800139
ffff001f03296000028c3340004000c00139
0000001f03258b340309c318004001000139
0000001f0324000003853c8c004001400139
0001001f0324600004002130004001800139
000100200326c3e0047c41f8004001c00139
00020021032b893c04fb4a80004002000139
0003002403331658057fbbd8004002400139
00040027033e6374060dfab8002902800139
fffc002603477f4c00ea66b2004000000139
fffe002203396514018104de004000400139
fffe0020032faadc020a63bc004000800139
ffff001f03296000028c3340004000c00139
0000001f03258b340309c318004001000139
0000001f0324000003853c8c004001400139
0001001f0324600004002130004001800139
000100200326c3e0047c41f8004001c00139
00020021032b893c04fb4a80004002000139
0003002403331658057fbbd8004002400139
00040027033e6374060dfab8002902800139
fffc002603477f4c00ea66b2004000000139
fffe002203396514018104de004000400139
fffe0020032faadc020a63bc004000800139
ffff001f03296000028c3340004000c00139
0000001f03258b340309c318004001000139
0000001f0324000003853c8c004001400139
0001001f0324600004002130004001800139
000100200326c3e0047c41f8004001c00139
00020021032b893c04fb4a80004002000139
0003002403331658057fbbd8004002400139
00040027033e6374060dfab8002902800139
fffc002603477f4c00ea66b2004000000139
fffe002203396514018104de004000400139
fffe0020032faadc020a63bc004000800139
ffff001f03296000028c3340004000c00139
0000001f03258b340309c318004001000139
0000001f0324000003853c8c004001400139
0001001f0324600004002130004001800139
000100200326c3e0047c41f8004001c00139
00020021032b893c04fb4a80004002000139
0003002403331658057fbbd8004002400139
00040027033e6374060dfab8002902800139
fffc002603477f4c00ea66b2004000000139
fffe002203396514018104de004000400139
fffe0020032faadc020a63bc004000800139
ffff001f03296000028c3340004000c00139
0000001f03258b340309c318004001000139
0000001f0324000003853c8c004001400139
0001001f0324600004002130004001800139
000100200326c3e0047c41f8004001c00139
00020021032b893c04fb4a80004002000139
0003002403331658057fbbd8004002400139
00040027033e6374060dfab8002902800139
fffc002603477f4c00ea66b2004000000139
fffe002203396514018104de004000400139
fffe0020032faadc020a63bc004000800139
ffff001f03296000028c3340004000c00139
0000001f03258b340309c318004001000139
0000001f0324000003853c8c004001400139
0001001f0324600004002130004001800139
000100200326c3e0047c41f8004001c00139
00020021032b893c04fb4a80004002000139
0003002403331658057fbbd8004002400139
00040027033e6374060dfab8002902800139
fffc00260349bf4c00ea670c00400000013a
fffe0022033b72880181176600400040013a
fffe00200331c56c020a7e5000400080013a
ffff001f032b7850028c3aec004000c0013a
0000001f03278b340309c31800400100013a
0000001f0325e1e803853c8c00400140013a
0001001f032640000400213000400180013a
000100200328dc20047c41f8004001c0013a
00020021032da93c04fb33c000400200013a
0003002403353658057fbbd800400240013a
0004002703408374060ddab800290280013a
fffc00260349bf4c00ea670c00400000013a
fffe0022033b72880181176600400040013a
fffe00200331c56c020a7e5000400080013a
ffff001f032b7850028c3aec004000c0013a
0000001f03278b340309c31800400100013a
0000001f0325e1e803853c8c00400140013a
0001001f032640000400213000400180013a
000100200328dc20047c41f8004001c0013a
00020021032da93c04fb33c000400200013a
0003002403353658057fbbd800400240013a
0004002703408374060ddab800290280013a
fffc00260349bf4c00ea670c00400000013a
fffe0022033b72880181176600400040013a
fffe00200331c56c020a7e5000400080013a
ffff001f032b7850028c3aec004000c0013a
0000001f03278b340309c31800400100013a
0000001f0325e1e803853c8c00400140013a
0001001f032640000400213000400180013a
000100200328dc20047c41f8004001c0013a
00020021032da93c04fb33c000400200013a
0003002403353658057fbbd800400240013a
0004002703408374060ddab800290280013a
fffc00260349bf4c00ea670c00400000013a
fffe0022033b72880181176600400040013a
fffe00200331c56c020a7e5000400080013a
ffff001f032b7850028c3aec004000c0013a
0000001f03278b340309c31800400100013a
0000001f0325e1e803853c8c00400140013a
0001001f032640000400213000400180013a
000100200328dc20047c41f8004001c0013a
00020021032da93c04fb33c000400200013a
0003002403353658057fbbd800400240013a
0004002703408374060ddab800290280013a
fffc00260349bf4c00ea670c00400000013a
fffe0022033b72880181176600400040013a
fffe00200331c56c020a7e5000400080013a
ffff001f032b7850028c3aec004000c0013a
0000001f03278b340309c31800400100013a
0000001f0325e1e803853c8c00400140013a
0001001f032640000400213000400180013a
000100200328dc20047c41f8004001c0013a
00020021032da93c04fb33c000400200013a
0003002403353658057fbbd800400240013a
0004002703408374060ddab800290280013a
fffc00260349bf4c00ea670c00400000013a
fffe0022033b72880181176600400040013a
fffe00200331c56c020a7e5000400080013a
ffff001f032b7850028c3aec004000c0013a
0000001f03278b340309c31800400100013a
0000001f0325e1e803853c8c00400140013a
0001001f032640000400213000400180013a
000100200328dc20047c41f8004001c0013a
00020021032da93c04fb33c000400200013a
0003002403353658057fbbd800400240013a
0004002703408374060ddab800290280013a
fffc0026034bff4c00ea670c00400000013b
fffe0022033da514018124de00400040013b
fffe00200333e000020a83bc00400080013b
ffff001f032d6000028c5340004000c0013b
0000001f032980000309d7e400400100013b
0000001f0327e00003853c8c00400140013b
0001001f03284f040400213000400180013b
00010020032ae000047c41f8004001c0013b
00020021032fa93c04fb33c000400200013b
0003002403374cb0057f9bd800400240013b
000400270342a6e8060ddab800290280013b
fffc0026034bff4c00ea670c00400000013b
fffe0022033da514018124de00400040013b
fffe00200333e000020a83bc00400080013b
ffff001f032d6000028c5340004000c0013b
0000001f032980000309d7e400400100013b
0000001f0327e00003853c8c00400140013b
0001001f03284f040400213000400180013b
00010020032ae000047c41f8004001c0013b
00020021032fa93c04fb33c000400200013b
0003002403374cb0057f9bd800400240013b
000400270342a6e8060ddab800290280013b
fffc0026034bff4c00ea670c00400000013b
fffe0022033da514018124de00400040013b
fffe00200333e000020a83bc00400080013b
ffff001f032d6000028c5340004000c0013b
0000001f032980000309d7e400400100013b
0000001f0327e00003853c8c00400140013b
0001001f03284f040400213000400180013b
00010020032ae000047c41f8004001c0013b
00020021032fa93c04fb33c000400200013b
0003002403374cb0057f9bd800400240013b
000400270342a6e8060ddab800290280013b
fffc0026034bff4c00ea670c00400000013b
fffe0022033da514018124de00400040013b
fffe00200333e000020a83bc00400080013b
ffff001f032d6000028c5340004000c0013b
0000001f032980000309d7e400400100013b
0000001f0327e00003853c8c00400140013b
0001001f03284f040400213000400180013b
00010020032ae000047c41f8004001c0013b
00020021032fa93c04fb33c000400200013b
0003002403374cb0057f9bd800400240013b
000400270342a6e8060ddab800290280013b
fffc0026034bff4c00ea670c00400000013b
fffe0022033da514018124de00400040013b
fffe00200333e000020a83bc00400080013b
ffff001f032d6000028c5340004000c0013b
0000001f032980000309d7e400400100013b
0000001f0327e00003853c8c00400140013b
0001001f03284f040400213000400180013b
00010020032ae000047c41f8004001c0013b
00020021032fa93c04fb33c000400200013b
0003002403374cb0057f9bd800400240013b
000400270342a6e8060ddab800290280013b
fffc0026034bff4c00ea670c00400000013b
fffe0022033da514018124de00400040013b
fffe00200333e000020a83bc00400080013b
ffff001f032d6000028c5340004000c0013b
0000001f032980000309d7e400400100013b
0000001f0327e00003853c8c00400140013b
0001001f03284f040400213000400180013b
00010020032ae000047c41f8004001c0013b
00020021032fa93c04fb33c000400200013b
0003002403374cb0057f9bd800400240013b
000400270342a6e8060ddab800290280013b
fffc0026034e5ef000ea86b200400000013c
fffe0022033fc514018124de00400040013c
fffe00200335eadc020a83bc00400080013c
ffff001f032f6000028c5340004000c0013c
0000001f032b8b340309d7e400400100013c
0000001f0329e00003853c8c00400140013c
0001001f032a50fc0400213000400180013c
00010020032cdc20047c25d8004001c0013c
000200210331a93c04fb2a8000400200013c
0003002403396000057f9bd800400240013c
000400270344e374060dbe2800290280013c
fffc0026034e5ef000ea86b200400000013c
fffe0022033fc514018124de00400040013c
fffe00200335eadc020a83bc00400080013c
ffff001f032f6000028c5340004000c0013c
0000001f032b8b340309d7e400400100013c
0000001f0329e00003853c8c00400140013c
0001001f032a50fc0400213000400180013c
00010020032cdc20047c25d8004001c0013c
000200210331a93c04fb2a8000400200013c
0003002403396000057f9bd800400240013c
000400270344e374060dbe2800290280013c
fffc0026034e5ef000ea86b200400000013c
fffe0022033fc514018124de00400040013c
fffe00200335eadc020a83bc00400080013c
ffff001f032f6000028c5340004000c0013c
0000001f032b8b340309d7e400400100013c
0000001f0329e00003853c8c00400140013c
0001001f032a50fc0400213000400180013c
00010020032cdc20047c25d8004001c0013c
000200210331a93c04fb2a8000400200013c
0003002403396000057f9bd800400240013c
000400270344e374060dbe2800290280013c
fffc0026034e5ef000ea86b200400000013c
fffe0022033fc514018124de00400040013c
fffe00200335eadc020a83bc00400080013c
ffff001f032f6000028c5340004000c0013c
0000001f032b8b340309d7e400400100013c
0000001f0329e00003853c8c00400140013c
0001001f032a50fc0400213000400180013c
00010020032cdc20047c25d8004001c0013c
000200210331a93c04fb2a8000400200013c
0003002403396000057f9bd800400240013c
000400270344e374060dbe2800290280013c
fffc0026034e5ef000ea86b200400000013c
fffe0022033fc514018124de00400040013c
fffe00200335eadc020a83bc00400080013c
ffff001f032f6000028c5340004000c0013c
0000001f032b8b340309d7e400400100013c
0000001f0329e00003853c8c00400140013c
0001001f032a50fc0400213000400180013c
00010020032cdc20047c25d8004001c0013c
000200210331a93c04fb2a8000400200013c
0003002403396000057f9bd800400240013c
000400270344e374060dbe2800290280013c
fffc0026034e5ef000ea86b200400000013c
fffe0022033fc514018124de00400040013c
fffe00200335eadc020a83bc00400080013c
ffff001f032f6000028c5340004000c0013c
0000001f032b8b340309d7e400400100013c
0000001f0329e00003853c8c00400140013c
0001001f032a50fc0400213000400180013c
00010020032cdc20047c25d8004001c0013c
000200210331a93c04fb2a8000400200013c
0003002403396000057f9bd800400240013c
000400270344e374060dbe2800290280013c
fffc002603509f4c00ea86b200400000013d
fffe00220341e5140181376600400040013d
fffe00200338056c020a83bc00400080013d
ffff001f03317850028c5340004000c0013d
0000001f032d80000309d7e400400100013d
0000001f032bc00003853c8c00400140013d
0001001f032c40000400123000400180013d
00010020032ec000047c25d8004001c0013d
000200210333a93c04fb2a8000400200013d
00030023033b8cb0057f9bd800400240013d
0004002703472374060dbe2800290280013d
fffc002603509f4c00ea86b200400000013d
fffe00220341e5140181376600400040013d
fffe00200338056c020a83bc00400080013d
ffff001f03317850028c5340004000c0013d
0000001f032d80000309d7e400400100013d
0000001f032bc00003853c8c00400140013d
0001001f032c40000400123000400180013d
00010020032ec000047c25d8004001c0013d
000200210333a93c04fb2a8000400200013d
00030023033b8cb0057f9bd800400240013d
0004002703472374060dbe2800290280013d
fffc002603509f4c00ea86b200400000013d
fffe00220341e5140181376600400040013d
fffe00200338056c020a83bc00400080013d
ffff001f03317850028c5340004000c0013d
0000001f032d80000309d7e400400100013d
0000001f032bc00003853c8c00400140013d
0001001f032c40000400123000400180013d
00010020032ec000047c25d8004001c0013d
000200210333a93c04fb2a8000400200013d
00030023033b8cb0057f9bd800400240013d
0004002703472374060dbe2800290280013d
fffc002603509f4c00ea86b200400000013d
fffe00220341e5140181376600400040013d
fffe00200338056c020a83bc00400080013d
ffff001f03317850028c5340004000c0013d
0000001f032d80000309d7e400400100013d
0000001f032bc00003853c8c00400140013d
0001001f032c40000400123000400180013d
00010020032ec000047c25d8004001c0013d
000200210333a93c04fb2a8000400200013d
00030023033b8cb0057f9bd800400240013d
0004002703472374060dbe2800290280013d
fffc002603509f4c00ea86b200400000013d
fffe00220341e5140181376600400040013d
fffe00200338056c020a83bc00400080013d
ffff001f03317850028c5340004000c0013d
0000001f032d80000309d7e400400100013d
0000001f032bc00003853c8c00400140013d
0001001f032c40000400123000400180013d
00010020032ec000047c25d8004001c0013d
000200210333a93c04fb2a8000400200013d
00030023033b8cb0057f9bd800400240013d
0004002703472374060dbe2800290280013d
fffc002603509f4c00ea86b200400000013d
fffe00220341e5140181376600400040013d
fffe00200338056c020a83bc00400080013d
ffff001f03317850028c5340004000c0013d
0000001f032d80000309d7e400400100013d
0000001f032bc00003853c8c00400140013d
0001001f032c40000400123000400180013d
00010020032ec000047c25d8004001c0013d
000200210333a93c04fb2a8000400200013d
00030023033b8cb0057f9bd800400240013d
0004002703472374060dbe2800290280013d
fffc00260352df4c00ea870c00400000013e
fffe002203441288018144de00400040013e
fffe0020033a256c020aa3bc00400080013e
ffff001f03336000028c5aec004000c0013e
0000001f032f80000309d7e400400100013e
0000001f032dde1803853c8c00400140013e
0001001f032e40000400123000400180013e
000100200330c000047c21f8004001c0013e
000200210335c00004fb13c000400200013e
00030024033d9658057f7bd800400240013e
00040027034946e8060dbab800290280013e
fffc00260352df4c00ea870c00400000013e
fffe002203441288018144de00400040013e
fffe0020033a256c020aa3bc00400080013e
ffff001f03336000028c5aec004000c0013e
0000001f032f80000309d7e400400100013e
0000001f032dde1803853c8c00400140013e
0001001f032e40000400123000400180013e
000100200330c000047c21f8004001c0013e
000200210335c00004fb13c000400200013e
00030024033d9658057f7bd800400240013e
00040027034946e8060dbab800290280013e
fffc00260352df4c00ea870c00400000013e
fffe002203441288018144de00400040013e
fffe0020033a256c020aa3bc00400080013e
ffff001f03336000028c5aec004000c0013e
0000001f032f80000309d7e400400100013e
0000001f032dde1803853c8c00400140013e
0001001f032e40000400123000400180013e
000100200330c000047c21f8004001c0013e
000200210335c00004fb13c000400200013e
00030024033d9658057f7bd800400240013e
00040027034946e8060dbab800290280013e
fffc00260352df4c00ea870c00400000013e
fffe002203441288018144de00400040013e
fffe0020033a256c020aa3bc00400080013e
ffff001f03336000028c5aec004000c0013e
0000001f032f80000309d7e400400100013e
0000001f032dde1803853c8c00400140013e
0001001f032e40000400123000400180013e
000100200330c000047c21f8004001c0013e
000200210335c00004fb13c000400200013e
00030024033d9658057f7bd800400240013e
00040027034946e8060dbab800290280013e
fffc00260352df4c00ea870c00400000013e
fffe002203441288018144de00400040013e
fffe0020033a256c020aa3bc00400080013e
ffff001f03336000028c5aec004000c0013e
0000001f032f80000309d7e400400100013e
0000001f032dde1803853c8c00400140013e
0001001f032e40000400123000400180013e
000100200330c000047c21f8004001c0013e
000200210335c00004fb13c000400200013e
00030024033d9658057f7bd800400240013e
00040027034946e8060dbab800290280013e
fffc00260352df4c00ea870c00400000013e
fffe002203441288018144de00400040013e
fffe0020033a256c020aa3bc00400080013e
ffff001f03336000028c5aec004000c0013e
0000001f032f80000309d7e400400100013e
0000001f032dde1803853c8c00400140013e
0001001f032e40000400123000400180013e
000100200330c000047c21f8004001c0013e
000200210335c00004fb13c000400200013e
00030024033d9658057f7bd800400240013e
00040027034946e8060dbab800290280013e
fffc00260354ffa400eaa6b200400000013f
fffd002203465288018144de00400040013f
fffe0020033c256c020aa3bc00400080013f
ffff001f03357850028c7340004000c0013f
0000001f033180000309d7e400400100013f
0000001f032fe00003853c8c00400140013f
0001001f033020000400013000400180013f
000100200332c000047c21f8004001c0013f
000200210337c93c04fb13c000400200013f
00030024033fb658057f7bd800400240013f
00040027034b86e8060dbab800290280013f
fffc00260354ffa400eaa6b200400000013f
fffd002203465288018144de00400040013f
fffe0020033c256c020aa3bc00400080013f
ffff001f03357850028c7340004000c0013f
0000001f033180000309d7e400400100013f
0000001f032fe00003853c8c00400140013f
0001001f033020000400013000400180013f
000100200332c000047c21f8004001c0013f
000200210337c93c04fb13c000400200013f
00030024033fb658057f7bd800400240013f
00040027034b86e8060dbab800290280013f
fffc00260354ffa400eaa6b200400000013f
fffd002203465288018144de00400040013f
fffe0020033c256c020aa3bc00400080013f
ffff001f03357850028c7340004000c0013f
0000001f033180000309d7e400400100013f
0000001f032fe00003853c8c00400140013f
0001001f033020000400013000400180013f
000100200332c000047c21f8004001c0013f
000200210337c93c04fb13c000400200013f
00030024033fb658057f7bd800400240013f
00040027034b86e8060dbab800290280013f
fffc00260354ffa400eaa6b200400000013f
fffd002203465288018144de00400040013f
fffe0020033c256c020aa3bc00400080013f
ffff001f03357850028c7340004000c0013f
0000001f033180000309d7e400400100013f
0000001f032fe00003853c8c00400140013f
0001001f033020000400013000400180013f
000100200332c000047c21f8004001c0013f
000200210337c93c04fb13c000400200013f
00030024033fb658057f7bd800400240013f
00040027034b86e8060dbab800290280013f
fffc00260354ffa400eaa6b200400000013f
fffd002203465288018144de00400040013f
fffe0020033c256c020aa3bc00400080013f
ffff001f03357850028c7340004000c0013f
0000001f033180000309d7e400400100013f
0000001f032fe00003853c8c00400140013f
0001001f033020000400013000400180013f
000100200332c000047c21f8004001c0013f
000200210337c93c04fb13c000400200013f
00030024033fb658057f7bd800400240013f
00040027034b86e8060dbab800290280013f
fffc00260354ffa400eaa6b200400000013f
fffd002203465288018144de00400040013f
fffe0020033c256c020aa3bc00400080013f
ffff001f03357850028c7340004000c0013f
0000001f033180000309d7e400400100013f
0000001f032fe00003853c8c00400140013f
0001001f033020000400013000400180013f
000100200332c000047c21f8004001c0013f
000200210337c93c04fb13c000400200013f
00030024033fb658057f7bd800400240013f
00040027034b86e8060dbab800290280013f
fffc002603575f4c00eaa6b2004000000140
fffd002203488514018144de004000400140
fffe0020033e456c020aa928004000800140
ffff001f03378000028c7340004000c00140
0000001f03336b340309e318004001000140
0000001f0331c00003853c8c004001400140
0001001f03322f0404000130004001800140
000100200334c000047c21f8004001c00140
000200210339e00004fb0a80004002000140
000300240341b658057f5bd8004002400140
00040027034da374060d9ab8002902800140
fffc002603575f4c00eaa6b2004000000140
fffd002203488514018144de004000400140
fffe0020033e456c020aa928004000800140
ffff001f03378000028c7340004000c00140
0000001f03336b340309e318004001000140
0000001f0331c00003853c8c004001400140
0001001f03322f0404000130004001800140
000100200334c000047c21f8004001c00140
000200210339e00004fb0a80004002000140
000300240341b658057f5bd8004002400140
00040027034da374060d9ab8002902800140
fffc002603575f4c00eaa6b2004000000140
fffd002203488514018144de004000400140
fffe0020033e456c020aa928004000800140
ffff001f03378000028c7340004000c00140
0000001f03336b340309e318004001000140
0000001f0331c00003853c8c004001400140
0001001f03322f0404000130004001800140
000100200334c000047c21f8004001c00140
000200210339e00004fb0a80004002000140
000300240341b658057f5bd8004002400140
00040027034da374060d9ab8002902800140
fffc002603575f4c00eaa6b2004000000140
fffd002203488514018144de004000400140
fffe0020033e456c020aa928004000800140
ffff001f03378000028c7340004000c00140
0000001f03336b340309e318004001000140
0000001f0331c00003853c8c004001400140
0001001f03322f0404000130004001800140
000100200334c000047c21f8004001c00140
000200210339e00004fb0a80004002000140
000300240341b658057f5bd8004002400140
00040027034da374060d9ab8002902800140
fffc002603575f4c00eaa6b2004000000140
fffd002203488514018144de004000400140
fffe0020033e456c020aa928004000800140
ffff001f03378000028c7340004000c00140
0000001f03336b340309e318004001000140
0000001f0331c00003853c8c004001400140
0001001f03322f0404000130004001800140
000100200334c000047c21f8004001c00140
000200210339e00004fb0a80004002000140
000300240341b658057f5bd8004002400140
00040027034da374060d9ab8002902800140
fffc002603575f4c00eaa6b2004000000140
fffd002203488514018144de004000400140
fffe0020033e456c020aa928004000800140
ffff001f03378000028c7340004000c00140
0000001f03336b340309e318004001000140
0000001f0331c00003853c8c004001400140
0001001f03322f0404000130004001800140
000100200334c000047c21f8004001c00140
000200210339e00004fb0a80004002000140
000300240341b658057f5bd8004002400140
00040027034da374060d9ab8002902800140
fffc00260359bef000eaa70c004000000141
fffd0022034a9288018164de004000400141
fffe00200340456c020ac3bc004000800141
ffff001f03397850028c7340004000c00141
0000001f033580000309f7e4004001000141
0000001f0333c00003853c8c004001400141
0001001f03342f0404000130004001800141
000100200336c000047c05d8004001c00141
00020021033be93c04fb0a80004002000141
000300240343d658057f5bd8004002400141
00040027034fe6e8060d9ab8002902800141
fffc00260359bef000eaa70c004000000141
fffd0022034a9288018164de004000400141
fffe00200340456c020ac3bc004000800141
ffff001f03397850028c7340004000c00141
0000001f033580000309f7e4004001000141
0000001f0333c00003853c8c004001400141
0001001f03342f0404000130004001800141
000100200336c000047c05d8004001c00141
00020021033be93c04fb0a80004002000141
000300240343d658057f5bd8004002400141
00040027034fe6e8060d9ab8002902800141
fffc00260359bef000eaa70c004000000141
fffd0022034a9288018164de004000400141
fffe00200340456c020ac3bc004000800141
ffff001f03397850028c7340004000c00141
0000001f033580000309f7e4004001000141
0000001f0333c00003853c8c004001400141
0001001f03342f0404000130004001800141
000100200336c000047c05d8004001c00141
00020021033be93c04fb0a80004002000141
000300240343d658057f5bd8004002400141
00040027034fe6e8060d9ab8002902800141
fffc00260359bef000eaa70c004000000141
fffd0022034a9288018164de004000400141
fffe00200340456c020ac3bc004000800141
ffff001f03397850028c7340004000c00141
0000001f033580000309f7e4004001000141
0000001f0333c00003853c8c004001400141
0001001f03342f0404000130004001800141
000100200336c000047c05d8004001c00141
00020021033be93c04fb0a80004002000141
000300240343d658057f5bd8004002400141
00040027034fe6e8060d9ab8002902800141
fffc00260359bef000eaa70c004000000141
fffd0022034a9288018164de004000400141
fffe00200340456c020ac3bc004000800141
ffff001f03397850028c7340004000c00141
0000001f033580000309f7e4004001000141
0000001f0333c00003853c8c004001400141
0001001f03342f0404000130004001800141
000100200336c000047c05d8004001c00141
00020021033be93c04fb0a80004002000141
000300240343d658057f5bd8004002400141
00040027034fe6e8060d9ab8002902800141
fffc00260359bef000eaa70c004000000141
fffd0022034a9288018164de004000400141
fffe00200340456c020ac3bc004000800141
ffff001f03397850028c7340004000c00141
0000001f033580000309f7e4004001000141
0000001f0333c00003853c8c004001400141
0001001f03342f0404000130004001800141
000100200336c000047c05d8004001c00141
00020021033be93c04fb0a80004002000141
000300240343d658057f5bd8004002400141
00040027034fe6e8060d9ab8002902800141
fffc0026035bfef000eaa70c004000000142
fffd0022034cb288018164de004000400142
fffe002003426000020ac3bc004000800142
ffff001f033b8000028c7aec004000c00142
0000001f033760000309f7e4004001000142
0000001f0335c00003853c8c004001400142
0001001f0336200004000130004001800142
000100200338bc20047c05d8004001c00142
00020021033de93c04faf3c0004002000142
000300240345f658057f5bd8004002400142
00040027035206e8060d7e28002902800142
fffc0026035bfef000eaa70c004000000142
fffd0022034cb288018164de004000400142
fffe002003426000020ac3bc004000800142
ffff001f033b8000028c7aec004000c00142
0000001f033760000309f7e4004001000142
0000001f0335c00003853c8c004001400142
0001001f0336200004000130004001800142
000100200338bc20047c05d8004001c00142
00020021033de93c04faf3c0004002000142
000300240345f658057f5bd8004002400142
00040027035206e8060d7e28002902800142
fffc0026035bfef000eaa70c004000000142
fffd0022034cb288018164de004000400142
fffe002003426000020ac3bc004000800142
ffff001f033b8000028c7aec004000c00142
0000001f033760000309f7e4004001000142
0000001f0335c00003853c8c004001400142
0001001f0336200004000130004001800142
000100200338bc20047c05d8004001c00142
00020021033de93c04faf3c0004002000142
000300240345f658057f5bd8004002400142
00040027035206e8060d7e28002902800142
fffc0026035bfef000eaa70c004000000142
fffd0022034cb288018164de004000400142
fffe002003426000020ac3bc004000800142
ffff001f033b8000028c7aec004000c00142
0000001f033760000309f7e4004001000142
0000001f0335c00003853c8c004001400142
0001001f0336200004000130004001800142
000100200338bc20047c05d8004001c00142
00020021033de93c04faf3c0004002000142
000300240345f658057f5bd8004002400142
00040027035206e8060d7e28002902800142
fffc0026035bfef000eaa70c004000000142
fffd0022034cb288018164de004000400142
fffe002003426000020ac3bc004000800142
ffff001f033b8000028c7aec004000c00142
0000001f033760000309f7e4004001000142
0000001f0335c00003853c8c004001400142
0001001f0336200004000130004001800142
000100200338bc20047c05d8004001c00142
00020021033de93c04faf3c0004002000142
000300240345f658057f5bd8004002400142
00040027035206e8060d7e28002902800142
fffc0026035bfef000eaa70c004000000142
fffd0022034cb288018164de004000400142
fffe002003426000020ac3bc004000800142
ffff001f033b8000028c7aec004000c00142
0000001f033760000309f7e4004001000142
0000001f0335c00003853c8c004001400142
0001001f0336200004000130004001800142
000100200338bc20047c05d8004001c00142
00020021033de93c04faf3c0004002000142
000300240345f658057f5bd8004002400142
00040027035206e8060d7e28002902800142
fffc0026035e3f4c00eac6b2004000000143
fffd0022034ee514018184de004000400143
fffe00200344656c020ae3bc004000800143
ffff001f033d9850028c9340004000c00143
0000001f03396b340309f7e4004001000143
0000001f0337a00003853c8c004001400143
0001001f0338200004000130004001800143
00010020033adc20047c01f8004001c00143
00020021033fe93c04faea80004002000143
0003002303480cb0057f5bd8004002400143
00040027035446e8060d7e28002902800143
fffc0026035e3f4c00eac6b2004000000143
fffd0022034ee514018184de004000400143
fffe00200344656c020ae3bc004000800143
ffff001f033d9850028c9340004000c00143
0000001f03396b340309f7e4004001000143
0000001f0337a00003853c8c004001400143
0001001f0338200004000130004001800143
00010020033adc20047c01f8004001c00143
00020021033fe93c04faea80004002000143
0003002303480cb0057f5bd8004002400143
00040027035446e8060d7e28002902800143
fffc0026035e3f4c00eac6b2004000000143
fffd0022034ee514018184de004000400143
fffe00200344656c020ae3bc004000800143
ffff001f033d9850028c9340004000c00143
0000001f03396b340309f7e4004001000143
0000001f0337a00003853c8c004001400143
0001001f0338200004000130004001800143
00010020033adc20047c01f8004001c00143
00020021033fe93c04faea80004002000143
0003002303480cb0057f5bd8004002400143
00040027035446e8060d7e28002902800143
fffc0026035e3f4c00eac6b2004000000143
fffd0022034ee514018184de004000400143
fffe00200344656c020ae3bc004000800143
ffff001f033d9850028c9340004000c00143
0000001f03396b340309f7e4004001000143
0000001f0337a00003853c8c004001400143
0001001f0338200004000130004001800143
00010020033adc20047c01f8004001c00143
00020021033fe93c04faea80004002000143
0003002303480cb0057f5bd8004002400143
00040027035446e8060d7e28002902800143
fffc0026035e3f4c00eac6b2004000000143
fffd0022034ee514018184de004000400143
fffe00200344656c020ae3bc004000800143
ffff001f033d9850028c9340004000c00143
0000001f03396b340309f7e4004001000143
0000001f0337a00003853c8c004001400143
0001001f0338200004000130004001800143
00010020033adc20047c01f8004001c00143
00020021033fe93c04faea80004002000143
0003002303480cb0057f5bd8004002400143
00040027035446e8060d7e28002902800143
fffc0026035e3f4c00eac6b2004000000143
fffd0022034ee514018184de004000400143
fffe00200344656c020ae3bc004000800143
ffff001f033d9850028c9340004000c00143
0000001f03396b340309f7e4004001000143
0000001f0337a00003853c8c004001400143
0001001f0338200004000130004001800143
00010020033adc20047c01f8004001c00143
00020021033fe93c04faea80004002000143
0003002303480cb0057f5bd8004002400143
00040027035446e8060d7e28002902800143
fffc002603607f4c00eac70c004000000144
fffd002203510514018184de004000400144
fffe002003466adc020ae3bc004000800144
ffff001f033f8000028c9340004000c00144
0000001f033b60000309f7e4004001000144
0000001f0339a00003853c8c004001400144
0001001f033a000004000130004001800144
00010020033cbc20047c01f8004001c00144
000200210341e93c04faea80004002000144
00030024034a2000057f3bd8004002400144
00040027035666e8060d7ab8002902800144
fffc002603607f4c00eac70c004000000144
fffd002203510514018184de004000400144
fffe002003466adc020ae3bc004000800144
ffff001f033f8000028c9340004000c00144
0000001f033b60000309f7e4004001000144
0000001f0339a00003853c8c004001400144
0001001f033a000004000130004001800144
00010020033cbc20047c01f8004001c00144
000200210341e93c04faea80004002000144
00030024034a2000057f3bd8004002400144
00040027035666e8060d7ab8002902800144
fffc002603607f4c00eac70c004000000144
fffd002203510514018184de004000400144
fffe002003466adc020ae3bc004000800144
ffff001f033f8000028c9340004000c00144
0000001f033b60000309f7e4004001000144
0000001f0339a00003853c8c004001400144
0001001f033a000004000130004001800144
00010020033cbc20047c01f8004001c00144
000200210341e93c04faea80004002000144
00030024034a2000057f3bd8004002400144
00040027035666e8060d7ab8002902800144
fffc002603607f4c00eac70c004000000144
fffd002203510514018184de004000400144
fffe002003466adc020ae3bc004000800144
ffff001f033f8000028c9340004000c00144
0000001f033b60000309f7e4004001000144
0000001f0339a00003853c8c004001400144
0001001f033a000004000130004001800144
00010020033cbc20047c01f8004001c00144
000200210341e93c04faea80004002000144
00030024034a2000057f3bd8004002400144
00040027035666e8060d7ab8002902800144
fffc002603607f4c00eac70c004000000144
fffd002203510514018184de004000400144
fffe002003466adc020ae3bc004000800144
ffff001f033f8000028c9340004000c00144
0000001f033b60000309f7e4004001000144
0000001f0339a00003853c8c004001400144
0001001f033a000004000130004001800144
00010020033cbc20047c01f8004001c00144
000200210341e93c04faea80004002000144
00030024034a2000057f3bd8004002400144
00040027035666e8060d7ab8002902800144
fffc002603607f4c00eac70c004000000144
fffd002203510514018184de004000400144
fffe002003466adc020ae3bc004000800144
ffff001f033f8000028c9340004000c00144
0000001f033b60000309f7e4004001000144
0000001f0339a00003853c8c004001400144
0001001f033a000004000130004001800144
00010020033cbc20047c01f8004001c00144
000200210341e93c04faea80004002000144
00030024034a2000057f3bd8004002400144
00040027035666e8060d7ab8002902800144
fffc00260362bf4c00eae6b2004000000145
fffd002203532514018184de004000400145
fffe00200348856c020ae3bc004000800145
ffff001f03419850028c9340004000c00145
0000001f033d60000309f7e4004001000145
0000001f033ba00003853c8c004001400145
0001001f033c000004000130004001800145
00010020033ec000047c01f8004001c00145
000200210344093c04faea80004002000145
00030024034c4cb0057f3bd8004002400145
000400270358a6e8060d5e28002902800145
fffc00260362bf4c00eae6b2004000000145
fffd002203532514018184de004000400145
fffe00200348856c020ae3bc004000800145
ffff001f03419850028c9340004000c00145
0000001f033d60000309f7e4004001000145
0000001f033ba00003853c8c004001400145
0001001f033c000004000130004001800145
00010020033ec000047c01f8004001c00145
000200210344093c04faea80004002000145
00030024034c4cb0057f3bd8004002400145
000400270358a6e8060d5e28002902800145
fffc00260362bf4c00eae6b2004000000145
fffd002203532514018184de004000400145
fffe00200348856c020ae3bc004000800145
ffff001f03419850028c9340004000c00145
0000001f033d60000309f7e4004001000145
0000001f033ba00003853c8c004001400145
0001001f033c000004000130004001800145
00010020033ec000047c01f8004001c00145
000200210344093c04faea80004002000145
00030024034c4cb0057f3bd8004002400145
000400270358a6e8060d5e28002902800145
fffc00260362bf4c00eae6b2004000000145
fffd002203532514018184de004000400145
fffe00200348856c020ae3bc004000800145
ffff001f03419850028c9340004000c00145
0000001f033d60000309f7e4004001000145
0000001f033ba00003853c8c004001400145
0001001f033c000004000130004001800145
00010020033ec000047c01f8004001c00145
000200210344093c04faea80004002000145
00030024034c4cb0057f3bd8004002400145
000400270358a6e8060d5e28002902800145
fffc00260362bf4c00eae6b2004000000145
fffd002203532514018184de004000400145
fffe00200348856c020ae3bc004000800145
ffff001f03419850028c9340004000c00145
0000001f033d60000309f7e4004001000145
0000001f033ba00003853c8c004001400145
0001001f033c000004000130004001800145
00010020033ec000047c01f8004001c00145
000200210344093c04faea80004002000145
00030024034c4cb0057f3bd8004002400145
000400270358a6e8060d5e28002902800145
fffc00260362bf4c00eae6b2004000000145
fffd002203532514018184de004000400145
fffe00200348856c020ae3bc004000800145
ffff001f03419850028c9340004000c00145
0000001f033d60000309f7e4004001000145
0000001f033ba00003853c8c004001400145
0001001f033c000004000130004001800145
00010020033ec000047c01f8004001c00145
000200210344093c04faea80004002000145
00030024034c4cb0057f3bd8004002400145
000400270358a6e8060d5e28002902800145
fffc00260364ff4c00eae6b2004000000146
fffd00220355528801819766004000400146
fffe0020034aa56c020b03bc004000800146
ffff001f03439850028c9aec004000c00146
0000001f033f6000030a0318004001000146
0000001f033da00003853c8c004001400146
0001001f033e0f0404000130004001800146
000100200340bc20047be5d8004001c00146
000200210346093c04faca80004002000146
00030023034e5658057f3bd8004002400146
00040027035ae6e8060d5e28002902800146
fffc00260364ff4c00eae6b2004000000146
fffd00220355528801819766004000400146
fffe0020034aa56c020b03bc004000800146
ffff001f03439850028c9aec004000c00146
0000001f033f6000030a0318004001000146
0000001f033da00003853c8c004001400146
0001001f033e0f0404000130004001800146
000100200340bc20047be5d8004001c00146
000200210346093c04faca80004002000146
00030023034e5658057f3bd8004002400146
00040027035ae6e8060d5e28002902800146
fffc00260364ff4c00eae6b2004000000146
fffd00220355528801819766004000400146
fffe0020034aa56c020b03bc004000800146
ffff001f03439850028c9aec004000c00146
0000001f033f6000030a0318004001000146
0000001f033da00003853c8c004001400146
0001001f033e0f0404000130004001800146
000100200340bc20047be5d8004001c00146
000200210346093c04faca80004002000146
00030023034e5658057f3bd8004002400146
00040027035ae6e8060d5e28002902800146
fffc00260364ff4c00eae6b2004000000146
fffd00220355528801819766004000400146
fffe0020034aa56c020b03bc004000800146
ffff001f03439850028c9aec004000c00146
0000001f033f6000030a0318004001000146
0000001f033da00003853c8c004001400146
0001001f033e0f0404000130004001800146
000100200340bc20047be5d8004001c00146
000200210346093c04faca80004002000146
00030023034e5658057f3bd8004002400146
00040027035ae6e8060d5e28002902800146
fffc00260364ff4c00eae6b2004000000146
fffd00220355528801819766004000400146
fffe0020034aa56c020b03bc004000800146
ffff001f03439850028c9aec004000c00146
0000001f033f6000030a0318004001000146
0000001f033da00003853c8c004001400146
0001001f033e0f0404000130004001800146
000100200340bc20047be5d8004001c00146
000200210346093c04faca80004002000146
00030023034e5658057f3bd8004002400146
00040027035ae6e8060d5e28002902800146
fffc00260364ff4c00eae6b2004000000146
fffd00220355528801819766004000400146
fffe0020034aa56c020b03bc004000800146
ffff001f03439850028c9aec004000c00146
0000001f033f6000030a0318004001000146
0000001f033da00003853c8c004001400146
0001001f033e0f0404000130004001800146
000100200340bc20047be5d8004001c00146
000200210346093c04faca80004002000146
00030023034e5658057f3bd8004002400146
00040027035ae6e8060d5e28002902800146
fffc002603675f4c00eae70c004000000147
fffd0022035772880181a4de004000400147
fffe0020034ca56c020b03bc004000800147
ffff001f03459850028cb340004000c00147
0000001f03414b34030a0318004001000147
0000001f033f800003853c8c004001400147
0001001f0340000004000130004001800147
000100200342bc20047be5d8004001c00147
000200210348093c04faca80004002000147
0003002403507658057f1bd8004002400147
00040027035d06e8060d5ab8002902800147
fffc002603675f4c00eae70c004000000147
fffd0022035772880181a4de004000400147
fffe0020034ca56c020b03bc004000800147
ffff001f03459850028cb340004000c00147
0000001f03414b34030a0318004001000147
0000001f033f800003853c8c004001400147
0001001f0340000004000130004001800147
000100200342bc20047be5d8004001c00147
000200210348093c04faca80004002000147
0003002403507658057f1bd8004002400147
00040027035d06e8060d5ab8002902800147
fffc002603675f4c00eae70c004000000147
fffd0022035772880181a4de004000400147
fffe0020034ca56c020b03bc004000800147
ffff001f03459850028cb340004000c00147
0000001f03414b34030a0318004001000147
0000001f033f800003853c8c004001400147
0001001f0340000004000130004001800147
000100200342bc20047be5d8004001c00147
000200210348093c04faca80004002000147
0003002403507658057f1bd8004002400147
00040027035d06e8060d5ab8002902800147
fffc002603675f4c00eae70c004000000147
fffd0022035772880181a4de004000400147
fffe0020034ca56c020b03bc004000800147
ffff001f03459850028cb340004000c00147
0000001f03414b34030a0318004001000147
0000001f033f800003853c8c004001400147
0001001f0340000004000130004001800147
000100200342bc20047be5d8004001c00147
000200210348093c04faca80004002000147
0003002403507658057f1bd8004002400147
00040027035d06e8060d5ab8002902800147
fffc002603675f4c00eae70c004000000147
fffd0022035772880181a4de004000400147
fffe0020034ca56c020b03bc004000800147
ffff001f03459850028cb340004000c00147
0000001f03414b34030a0318004001000147
0000001f033f800003853c8c004001400147
0001001f0340000004000130004001800147
000100200342bc20047be5d8004001c00147
000200210348093c04faca80004002000147
0003002403507658057f1bd8004002400147
00040027035d06e8060d5ab8002902800147
fffc002603675f4c00eae70c004000000147
fffd0022035772880181a4de004000400147
fffe0020034ca56c020b03bc004000800147
ffff001f03459850028cb340004000c00147
0000001f03414b34030a0318004001000147
0000001f033f800003853c8c004001400147
0001001f0340000004000130004001800147
000100200342bc20047be5d8004001c00147
000200210348093c04faca80004002000147
0003002403507658057f1bd8004002400147
00040027035d06e8060d5ab8002902800147
fffc002603697fa400eb06b2004000000148
fffd00220359a5140181a4de004000400148
fffe0020034ec56c020b03bc004000800148
ffff001f03479850028cb340004000c00148
0000001f03436000030a17e4004001000148
0000001f0341800003853c8c004001400148
0001001f0342000004000130004001800148
000100200344bc20047be1f8004001c00148
00020021034a200004fab3c0004002000148
0003002403529658057f1bd8004002400148
00040027035f26e8060d3e28002902800148
fffc002603697fa400eb06b2004000000148
fffd00220359a5140181a4de004000400148
fffe0020034ec56c020b03bc004000800148
ffff001f03479850028cb340004000c00148
0000001f03436000030a17e4004001000148
0000001f0341800003853c8c004001400148
0001001f0342000004000130004001800148
000100200344bc20047be1f8004001c00148
00020021034a200004fab3c0004002000148
0003002403529658057f1bd8004002400148
00040027035f26e8060d3e28002902800148
fffc002603697fa400eb06b2004000000148
fffd00220359a5140181a4de004000400148
fffe0020034ec56c020b03bc004000800148
ffff001f03479850028cb340004000c00148
0000001f03436000030a17e4004001000148
0000001f0341800003853c8c004001400148
0001001f0342000004000130004001800148
000100200344bc20047be1f8004001c00148
00020021034a200004fab3c0004002000148
0003002403529658057f1bd8004002400148
00040027035f26e8060d3e28002902800148
fffc002603697fa400eb06b2004000000148
fffd00220359a5140181a4de004000400148
fffe0020034ec56c020b03bc004000800148
ffff001f03479850028cb340004000c00148
0000001f03436000030a17e4004001000148
0000001f0341800003853c8c004001400148
0001001f0342000004000130004001800148
000100200344bc20047be1f8004001c00148
00020021034a200004fab3c0004002000148
0003002403529658057f1bd8004002400148
00040027035f26e8060d3e28002902800148
fffc002603697fa400eb06b2004000000148
fffd00220359a5140181a4de004000400148
fffe0020034ec56c020b03bc004000800148
ffff001f03479850028cb340004000c00148
0000001f03436000030a17e4004001000148
0000001f0341800003853c8c004001400148
0001001f0342000004000130004001800148
000100200344bc20047be1f8004001c00148
00020021034a200004fab3c0004002000148
0003002403529658057f1bd8004002400148
00040027035f26e8060d3e28002902800148
fffc002603697fa400eb06b2004000000148
fffd00220359a5140181a4de004000400148
fffe0020034ec56c020b03bc004000800148
ffff001f03479850028cb340004000c00148
0000001f03436000030a17e4004001000148
0000001f0341800003853c8c004001400148
0001001f0342000004000130004001800148
000100200344bc20047be1f8004001c00148
00020021034a200004fab3c0004002000148
0003002403529658057f1bd8004002400148
00040027035f26e8060d3e28002902800148
fffc0026036bdef000eb06b2004000000149
fffd0022035bc5140181b766004000400149
fffe00200350cadc020b23bc004000800149
ffff001f0349b850028cbaec004000c00149
0000001f03454b34030a17e4004001000149
0000001f0343600003853c8c004001400149
0001001f0343e00004000130004001800149
000100200346bc20047be1f8004001c00149
00020021034c127804fab3c0004002000149
0003002403549658057f0580004002400149
00040027036166e8060d3ab8002902800149
fffc0026036bdef000eb06b2004000000149
fffd0022035bc5140181b766004000400149
fffe00200350cadc020b23bc004000800149
ffff001f0349b850028cbaec004000c00149
0000001f03454b34030a17e4004001000149
0000001f0343600003853c8c004001400149
0001001f0343e00004000130004001800149
000100200346bc20047be1f8004001c00149
00020021034c127804fab3c0004002000149
0003002403549658057f0580004002400149
00040027036166e8060d3ab8002902800149
fffc0026036bdef000eb06b2004000000149
fffd0022035bc5140181b766004000400149
fffe00200350cadc020b23bc004000800149
ffff001f0349b850028cbaec004000c00149
0000001f03454b34030a17e4004001000149
0000001f0343600003853c8c004001400149
0001001f0343e00004000130004001800149
000100200346bc20047be1f8004001c00149
00020021034c127804fab3c0004002000149
0003002403549658057f0580004002400149
00040027036166e8060d3ab8002902800149
fffc0026036bdef000eb06b2004000000149
fffd0022035bc5140181b766004000400149
fffe00200350cadc020b23bc004000800149
ffff001f0349b850028cbaec004000c00149
0000001f03454b34030a17e4004001000149
0000001f0343600003853c8c004001400149
0001001f0343e00004000130004001800149
000100200346bc20047be1f8004001c00149
00020021034c127804fab3c0004002000149
0003002403549658057f0580004002400149
00040027036166e8060d3ab8002902800149
fffc0026036bdef000eb06b2004000000149
fffd0022035bc5140181b766004000400149
fffe00200350cadc020b23bc004000800149
ffff001f0349b850028cbaec004000c00149
0000001f03454b34030a17e4004001000149
0000001f0343600003853c8c004001400149
0001001f0343e00004000130004001800149
000100200346bc20047be1f8004001c00149
00020021034c127804fab3c0004002000149
0003002403549658057f0580004002400149
00040027036166e8060d3ab8002902800149
fffc0026036bdef000eb06b2004000000149
fffd0022035bc5140181b766004000400149
fffe00200350cadc020b23bc004000800149
ffff001f0349b850028cbaec004000c00149
0000001f03454b34030a17e4004001000149
0000001f0343600003853c8c004001400149
0001001f0343e00004000130004001800149
000100200346bc20047be1f8004001c00149
00020021034c127804fab3c0004002000149
0003002403549658057f0580004002400149
00040027036166e8060d3ab8002902800149
fffc0026036e1ef000eb070c00400000014a
fffd0022035de5140181c4de00400040014a
fffe00200352e56c020b23bc00400080014a
ffff001f034b9850028cbaec004000c0014a
0000001f03474b34030a17e400400100014a
0000001f0345600003853c8c00400140014a
0001001f0345e0000400013000400180014a
000100200348a000047be1f8004001c0014a
00020021034e093c04faaa8000400200014a
000300240356ccb0057efbd800400240014a
000400270363a374060d3ab800290280014a
fffc0026036e1ef000eb070c00400000014a
fffd0022035de5140181c4de00400040014a
fffe00200352e56c020b23bc00400080014a
ffff001f034b9850028cbaec004000c0014a
0000001f03474b34030a17e400400100014a
0000001f0345600003853c8c00400140014a
0001001f0345e0000400013000400180014a
000100200348a000047be1f8004001c0014a
00020021034e093c04faaa8000400200014a
000300240356ccb0057efbd800400240014a
000400270363a374060d3ab800290280014a
fffc0026036e1ef000eb070c00400000014a
fffd0022035de5140181c4de00400040014a
fffe00200352e56c020b23bc00400080014a
ffff001f034b9850028cbaec004000c0014a
0000001f03474b34030a17e400400100014a
0000001f0345600003853c8c00400140014a
0001001f0345e0000400013000400180014a
000100200348a000047be1f8004001c0014a
00020021034e093c04faaa8000400200014a
000300240356ccb0057efbd800400240014a
000400270363a374060d3ab800290280014a
fffc0026036e1ef000eb070c00400000014a
fffd0022035de5140181c4de00400040014a
fffe00200352e56c020b23bc00400080014a
ffff001f034b9850028cbaec004000c0014a
0000001f03474b34030a17e400400100014a
0000001f0345600003853c8c00400140014a
0001001f0345e0000400013000400180014a
000100200348a000047be1f8004001c0014a
00020021034e093c04faaa8000400200014a
000300240356ccb0057efbd800400240014a
000400270363a374060d3ab800290280014a
fffc0026036e1ef000eb070c00400000014a
fffd0022035de5140181c4de00400040014a
fffe00200352e56c020b23bc00400080014a
ffff001f034b9850028cbaec004000c0014a
0000001f03474b34030a17e400400100014a
0000001f0345600003853c8c00400140014a
0001001f0345e0000400013000400180014a
000100200348a000047be1f8004001c0014a
00020021034e093c04faaa8000400200014a
000300240356ccb0057efbd800400240014a
000400270363a374060d3ab800290280014a
fffc0026036e1ef000eb070c00400000014a
fffd0022035de5140181c4de00400040014a
fffe00200352e56c020b23bc00400080014a
ffff001f034b9850028cbaec004000c0014a
0000001f03474b34030a17e400400100014a
0000001f0345600003853c8c00400140014a
0001001f0345e0000400013000400180014a
000100200348a000047be1f8004001c0014a
00020021034e093c04faaa8000400200014a
000300240356ccb0057efbd800400240014a
000400270363a374060d3ab800290280014a
fffc002603707ef000eb070c00400000014b
fffd0022036012880181e4de00400040014b
fffe002003550000020b23bc00400080014b
ffff001f034da000028cd340004000c0014b
0000001f03494000030a17e400400100014b
0000001f03475e1803853c8c00400140014b
0001001f0347cf0403fff23000400180014b
00010020034abc20047bc5d8004001c0014b
000200210350293c04faaa8000400200014b
000300240358ccb0057efbd800400240014b
000400270365ca5c060d1e2800290280014b
fffc002603707ef000eb070c00400000014b
fffd0022036012880181e4de00400040014b
fffe002003550000020b23bc00400080014b
ffff001f034da000028cd340004000c0014b
0000001f03494000030a17e400400100014b
0000001f03475e1803853c8c00400140014b
0001001f0347cf0403fff23000400180014b
00010020034abc20047bc5d8004001c0014b
000200210350293c04faaa8000400200014b
000300240358ccb0057efbd800400240014b
000400270365ca5c060d1e2800290280014b
fffc002603707ef000eb070c00400000014b
fffd0022036012880181e4de00400040014b
fffe002003550000020b23bc00400080014b
ffff001f034da000028cd340004000c0014b
0000001f03494000030a17e400400100014b
0000001f03475e1803853c8c00400140014b
0001001f0347cf0403fff23000400180014b
00010020034abc20047bc5d8004001c0014b
000200210350293c04faaa8000400200014b
000300240358ccb0057efbd800400240014b
000400270365ca5c060d1e2800290280014b
fffc002603707ef000eb070c00400000014b
fffd0022036012880181e4de00400040014b
fffe002003550000020b23bc00400080014b
ffff001f034da000028cd340004000c0014b
0000001f03494000030a17e400400100014b
0000001f03475e1803853c8c00400140014b
0001001f0347cf0403fff23000400180014b
00010020034abc20047bc5d8004001c0014b
000200210350293c04faaa8000400200014b
000300240358ccb0057efbd800400240014b
000400270365ca5c060d1e2800290280014b
fffc002603707ef000eb070c00400000014b
fffd0022036012880181e4de00400040014b
fffe002003550000020b23bc00400080014b
ffff001f034da000028cd340004000c0014b
0000001f03494000030a17e400400100014b
0000001f03475e1803853c8c00400140014b
0001001f0347cf0403fff23000400180014b
00010020034abc20047bc5d8004001c0014b
000200210350293c04faaa8000400200014b
000300240358ccb0057efbd800400240014b
000400270365ca5c060d1e2800290280014b
fffc002603707ef000eb070c00400000014b
fffd0022036012880181e4de00400040014b
fffe002003550000020b23bc00400080014b
ffff001f034da000028cd340004000c0014b
0000001f03494000030a17e400400100014b
0000001f03475e1803853c8c00400140014b
0001001f0347cf0403fff23000400180014b
00010020034abc20047bc5d8004001c0014b
000200210350293c04faaa8000400200014b
000300240358ccb0057efbd800400240014b
000400270365ca5c060d1e2800290280014b
fffc00260372bef000eb26b200400000014c
fffd0022036245140181e4de00400040014c
fffe002003570adc020b43bc00400080014c
ffff001f034fb850028cd340004000c0014c
0000001f034b4b34030a231800400100014c
0000001f0349600003853c8c00400140014c
0001001f0349e00003fff23000400180014c
00010020034ca000047bc5d8004001c0014c
000200210352293c04fa93c000400200014c
00030024035aecb0057edbd800400240014c
00040027036806e8060d1ab800290280014c
fffc00260372bef000eb26b200400000014c
fffd0022036245140181e4de00400040014c
fffe002003570adc020b43bc00400080014c
ffff001f034fb850028cd340004000c0014c
0000001f034b4b34030a231800400100014c
0000001f0349600003853c8c00400140014c
0001001f0349e00003fff23000400180014c
00010020034ca000047bc5d8004001c0014c
000200210352293c04fa93c000400200014c
00030024035aecb0057edbd800400240014c
00040027036806e8060d1ab800290280014c
fffc00260372bef000eb26b200400000014c
fffd0022036245140181e4de00400040014c
fffe002003570adc020b43bc00400080014c
ffff001f034fb850028cd340004000c0014c
0000001f034b4b34030a231800400100014c
0000001f0349600003853c8c00400140014c
0001001f0349e00003fff23000400180014c
00010020034ca000047bc5d8004001c0014c
000200210352293c04fa93c000400200014c
00030024035aecb0057edbd800400240014c
00040027036806e8060d1ab800290280014c
fffc00260372bef000eb26b200400000014c
fffd0022036245140181e4de00400040014c
fffe002003570adc020b43bc00400080014c
ffff001f034fb850028cd340004000c0014c
0000001f034b4b34030a231800400100014c
0000001f0349600003853c8c00400140014c
0001001f0349e00003fff23000400180014c
00010020034ca000047bc5d8004001c0014c
000200210352293c04fa93c000400200014c
00030024035aecb0057edbd800400240014c
00040027036806e8060d1ab800290280014c
fffc00260372bef000eb26b200400000014c
fffd0022036245140181e4de00400040014c
fffe002003570adc020b43bc00400080014c
ffff001f034fb850028cd340004000c0014c
0000001f034b4b34030a231800400100014c
0000001f0349600003853c8c00400140014c
0001001f0349e00003fff23000400180014c
00010020034ca000047bc5d8004001c0014c
000200210352293c04fa93c000400200014c
00030024035aecb0057edbd800400240014c
00040027036806e8060d1ab800290280014c
fffc00260372bef000eb26b200400000014c
fffd0022036245140181e4de00400040014c
fffe002003570adc020b43bc00400080014c
ffff001f034fb850028cd340004000c0014c
0000001f034b4b34030a231800400100014c
0000001f0349600003853c8c00400140014c
0001001f0349e00003fff23000400180014c
00010020034ca000047bc5d8004001c0014c
000200210352293c04fa93c000400200014c
00030024035aecb0057edbd800400240014c
00040027036806e8060d1ab800290280014c
fffc00260374df4c00eb270c00400000014d
fffd0022036465140181e4de00400040014d
fffe00200359056c020b43bc00400080014d
ffff001f0351a000028cdaec004000c0014d
0000001f034d2b34030a231800400100014d
0000001f034b400003855aa400400140014d
0001001f034bc00003ffe13400400180014d
00010020034ebc20047bc1f8004001c0014d
000200210354400004fa8a8000400200014d
00030024035cf658057edbd800400240014d
00040027036a26e8060d1ab800290280014d
fffc00260374df4c00eb270c00400000014d
fffd0022036465140181e4de00400040014d
fffe00200359056c020b43bc00400080014d
ffff001f0351a000028cdaec004000c0014d
0000001f034d2b34030a231800400100014d
0000001f034b400003855aa400400140014d
0001001f034bc00003ffe13400400180014d
00010020034ebc20047bc1f8004001c0014d
000200210354400004fa8a8000400200014d
00030024035cf658057edbd800400240014d
00040027036a26e8060d1ab800290280014d
fffc00260374df4c00eb270c00400000014d
fffd0022036465140181e4de00400040014d
fffe00200359056c020b43bc00400080014d
ffff001f0351a000028cdaec004000c0014d
0000001f034d2b34030a231800400100014d
0000001f034b400003855aa400400140014d
0001001f034bc00003ffe13400400180014d
00010020034ebc20047bc1f8004001c0014d
000200210354400004fa8a8000400200014d
00030024035cf658057edbd800400240014d
00040027036a26e8060d1ab800290280014d
fffc00260374df4c00eb270c00400000014d
fffd0022036465140181e4de00400040014d
fffe00200359056c020b43bc00400080014d
ffff001f0351a000028cdaec004000c0014d
0000001f034d2b34030a231800400100014d
0000001f034b400003855aa400400140014d
0001001f034bc00003ffe13400400180014d
00010020034ebc20047bc1f8004001c0014d
000200210354400004fa8a8000400200014d
00030024035cf658057edbd800400240014d
00040027036a26e8060d1ab800290280014d
fffc00260374df4c00eb270c00400000014d
fffd0022036465140181e4de00400040014d
fffe00200359056c020b43bc00400080014d
ffff001f0351a000028cdaec004000c0014d
0000001f034d2b34030a231800400100014d
0000001f034b400003855aa400400140014d
0001001f034bc00003ffe13400400180014d
00010020034ebc20047bc1f8004001c0014d
000200210354400004fa8a8000400200014d
00030024035cf658057edbd800400240014d
00040027036a26e8060d1ab800290280014d
fffc00260374df4c00eb270c00400000014d
fffd0022036465140181e4de00400040014d
fffe00200359056c020b43bc00400080014d
ffff001f0351a000028cdaec004000c0014d
0000001f034d2b34030a231800400100014d
0000001f034b400003855aa400400140014d
0001001f034bc00003ffe13400400180014d
00010020034ebc20047bc1f8004001c0014d
000200210354400004fa8a8000400200014d
00030024035cf658057edbd800400240014d
00040027036a26e8060d1ab800290280014d
fffc002603771f4c00eb46b200400000014e
fffd002203668514018204de00400040014e
fffe0020035b256c020b5e5000400080014e
ffff001f0353b850028cdaec004000c0014e
ffff001f034f4000030a37e400400100014e
0000001f034d400003855aa400400140014e
0001001f034dc00003ffe13400400180014e
0001002003509c20047bc1f8004001c0014e
000200210356493c04fa8a8000400200014e
00030024035f2cb0057edbd800400240014e
00040027036c6374060cfe2800290280014e
fffc002603771f4c00eb46b200400000014e
fffd002203668514018204de00400040014e
fffe0020035b256c020b5e5000400080014e
ffff001f0353b850028cdaec004000c0014e
ffff001f034f4000030a37e400400100014e
0000001f034d400003855aa400400140014e
0001001f034dc00003ffe13400400180014e
0001002003509c20047bc1f8004001c0014e
000200210356493c04fa8a8000400200014e
00030024035f2cb0057edbd800400240014e
00040027036c6374060cfe2800290280014e
fffc002603771f4c00eb46b200400000014e
fffd002203668514018204de00400040014e
fffe0020035b256c020b5e5000400080014e
ffff001f0353b850028cdaec004000c0014e
ffff001f034f4000030a37e400400100014e
0000001f034d400003855aa400400140014e
0001001f034dc00003ffe13400400180014e
0001002003509c20047bc1f8004001c0014e
000200210356493c04fa8a8000400200014e
00030024035f2cb0057edbd800400240014e
00040027036c6374060cfe2800290280014e
fffc002603771f4c00eb46b200400000014e
fffd002203668514018204de00400040014e
fffe0020035b256c020b5e5000400080014e
ffff001f0353b850028cdaec004000c0014e
ffff001f034f4000030a37e400400100014e
0000001f034d400003855aa400400140014e
0001001f034dc00003ffe13400400180014e
0001002003509c20047bc1f8004001c0014e
000200210356493c04fa8a8000400200014e
00030024035f2cb0057edbd800400240014e
00040027036c6374060cfe2800290280014e
fffc002603771f4c00eb46b200400000014e
fffd002203668514018204de00400040014e
fffe0020035b256c020b5e5000400080014e
ffff001f0353b850028cdaec004000c0014e
ffff001f034f4000030a37e400400100014e
0000001f034d400003855aa400400140014e
0001001f034dc00003ffe13400400180014e
0001002003509c20047bc1f8004001c0014e
000200210356493c04fa8a8000400200014e
00030024035f2cb0057edbd800400240014e
00040027036c6374060cfe2800290280014e
fffc002603771f4c00eb46b200400000014e
fffd002203668514018204de00400040014e
fffe0020035b256c020b5e5000400080014e
ffff001f0353b850028cdaec004000c0014e
ffff001f034f4000030a37e400400100014e
0000001f034d400003855aa400400140014e
0001001f034dc00003ffe13400400180014e
0001002003509c20047bc1f8004001c0014e
000200210356493c04fa8a8000400200014e
00030024035f2cb0057edbd800400240014e
00040027036c6374060cfe2800290280014e
fffc002603797f4c00eb46b200400000014f
fffd00220368a514018204de00400040014f
fffe0020035d256c020b63bc00400080014f
ffff001f0355b850028cf340004000c0014f
ffff001f03512b34030a37e400400100014f
0000001f034f400003855aa400400140014f
0001001f034fb0fc03ffe13400400180014f
000100200352bc20047bc1f8004001c0014f
000200210358493c04fa73c000400200014f
0003002403612cb0057ebbd800400240014f
00050027036e86e8060cfab800290280014f
fffc002603797f4c00eb46b200400000014f
fffd00220368a514018204de00400040014f
fffe0020035d256c020b63bc00400080014f
ffff001f0355b850028cf340004000c0014f
ffff001f03512b34030a37e400400100014f
0000001f034f400003855aa400400140014f
0001001f034fb0fc03ffe13400400180014f
000100200352bc20047bc1f8004001c0014f
000200210358493c04fa73c000400200014f
0003002403612cb0057ebbd800400240014f
00050027036e86e8060cfab800290280014f
fffc002603797f4c00eb46b200400000014f
fffd00220368a514018204de00400040014f
fffe0020035d256c020b63bc00400080014f
ffff001f0355b850028cf340004000c0014f
ffff001f03512b34030a37e400400100014f
0000001f034f400003855aa400400140014f
0001001f034fb0fc03ffe13400400180014f
000100200352bc20047bc1f8004001c0014f
000200210358493c04fa73c000400200014f
0003002403612cb0057ebbd800400240014f
00050027036e86e8060cfab800290280014f
fffc002603797f4c00eb46b200400000014f
fffd00220368a514018204de00400040014f
fffe0020035d256c020b63bc00400080014f
ffff001f0355b850028cf340004000c0014f
ffff001f03512b34030a37e400400100014f
0000001f034f400003855aa400400140014f
0001001f034fb0fc03ffe13400400180014f
000100200352bc20047bc1f8004001c0014f
000200210358493c04fa73c000400200014f
0003002403612cb0057ebbd800400240014f
00050027036e86e8060cfab800290280014f
fffc002603797f4c00eb46b200400000014f
fffd00220368a514018204de00400040014f
fffe0020035d256c020b63bc00400080014f
ffff001f0355b850028cf340004000c0014f
ffff001f03512b34030a37e400400100014f
0000001f034f400003855aa400400140014f
0001001f034fb0fc03ffe13400400180014f
000100200352bc20047bc1f8004001c0014f
000200210358493c04fa73c000400200014f
0003002403612cb0057ebbd800400240014f
00050027036e86e8060cfab800290280014f
fffc002603797f4c00eb46b200400000014f
fffd00220368a514018204de00400040014f
fffe0020035d256c020b63bc00400080014f
ffff001f0355b850028cf340004000c0014f
ffff001f03512b34030a37e400400100014f
0000001f034f400003855aa400400140014f
0001001f034fb0fc03ffe13400400180014f
000100200352bc20047bc1f8004001c0014f
000200210358493c04fa73c000400200014f
0003002403612cb0057ebbd800400240014f
00050027036e86e8060cfab800290280014f
fffc0026037bbf4c00eb470c004000000150
fffd0022036ad28801821766004000400150
fffe0020035f456c020b63bc004000800150
ffff001f0357b850028cf340004000c00150
0000001f03532b34030a37e4004001000150
0000001f0351200003855aa4004001400150
0001001f0351af0403ffe134004001800150
0001002003549c20047bc1f8004001c00150
00020021035a527804fa73c0004002000150
0003002403635658057ebbd8004002400150
000500270370c6e8060cde28002902800150
fffc0026037bbf4c00eb470c004000000150
fffd0022036ad28801821766004000400150
fffe0020035f456c020b63bc004000800150
ffff001f0357b850028cf340004000c00150
0000001f03532b34030a37e4004001000150
0000001f0351200003855aa4004001400150
0001001f0351af0403ffe134004001800150
0001002003549c20047bc1f8004001c00150
00020021035a527804fa73c0004002000150
0003002403635658057ebbd8004002400150
000500270370c6e8060cde28002902800150
fffc0026037bbf4c00eb470c004000000150
fffd0022036ad28801821766004000400150
fffe0020035f456c020b63bc004000800150
ffff001f0357b850028cf340004000c00150
0000001f03532b34030a37e4004001000150
0000001f0351200003855aa4004001400150
0001001f0351af0403ffe134004001800150
0001002003549c20047bc1f8004001c00150
00020021035a527804fa73c0004002000150
0003002403635658057ebbd8004002400150
000500270370c6e8060cde28002902800150
fffc0026037bbf4c00eb470c004000000150
fffd0022036ad28801821766004000400150
fffe0020035f456c020b63bc004000800150
ffff001f0357b850028cf340004000c00150
0000001f03532b34030a37e4004001000150
0000001f0351200003855aa4004001400150
0001001f0351af0403ffe134004001800150
0001002003549c20047bc1f8004001c00150
00020021035a527804fa73c0004002000150
0003002403635658057ebbd8004002400150
000500270370c6e8060cde28002902800150
fffc0026037bbf4c00eb470c004000000150
fffd0022036ad28801821766004000400150
fffe0020035f456c020b63bc004000800150
ffff001f0357b850028cf340004000c00150
0000001f03532b34030a37e4004001000150
0000001f0351200003855aa4004001400150
0001001f0351af0403ffe134004001800150
0001002003549c20047bc1f8004001c00150
00020021035a527804fa73c0004002000150
0003002403635658057ebbd8004002400150
000500270370c6e8060cde28002902800150
fffc0026037bbf4c00eb470c004000000150
fffd0022036ad28801821766004000400150
fffe0020035f456c020b63bc004000800150
ffff001f0357b850028cf340004000c00150
0000001f03532b34030a37e4004001000150
0000001f0351200003855aa4004001400150
0001001f0351af0403ffe134004001800150
0001002003549c20047bc1f8004001c00150
00020021035a527804fa73c0004002000150
0003002403635658057ebbd8004002400150
000500270370c6e8060cde28002902800150
fffc0026037dff4c00eb470c004000000151
fffd0022036cf288018224de004000400151
fffe00200361456c020b83bc004000800151
ffff001f0359b850028cfaec004000c00151
0000001f03552000030a37e4004001000151
0000001f03533e1803855c8c004001400151
0001001f0353af0403ffe134004001800151
000100200356a000047ba5d8004001c00151
00020021035c493c04fa6a80004002000151
0003002303656cb0057ebbd8004002400151
000500270372ea5c060cde28002902800151
fffc0026037dff4c00eb470c004000000151
fffd0022036cf288018224de004000400151
fffe00200361456c020b83bc004000800151
ffff001f0359b850028cfaec004000c00151
0000001f03552000030a37e4004001000151
0000001f03533e1803855c8c004001400151
0001001f0353af0403ffe134004001800151
000100200356a000047ba5d8004001c00151
00020021035c493c04fa6a80004002000151
0003002303656cb0057ebbd8004002400151
000500270372ea5c060cde28002902800151
fffc0026037dff4c00eb470c004000000151
fffd0022036cf288018224de004000400151
fffe00200361456c020b83bc004000800151
ffff001f0359b850028cfaec004000c00151
0000001f03552000030a37e4004001000151
0000001f03533e1803855c8c004001400151
0001001f0353af0403ffe134004001800151
000100200356a000047ba5d8004001c00151
00020021035c493c04fa6a80004002000151
0003002303656cb0057ebbd8004002400151
000500270372ea5c060cde28002902800151
fffc0026037dff4c00eb470c004000000151
fffd0022036cf288018224de004000400151
fffe00200361456c020b83bc004000800151
ffff001f0359b850028cfaec004000c00151
0000001f03552000030a37e4004001000151
0000001f03533e1803855c8c004001400151
0001001f0353af0403ffe134004001800151
000100200356a000047ba5d8004001c00151
00020021035c493c04fa6a80004002000151
0003002303656cb0057ebbd8004002400151
000500270372ea5c060cde28002902800151
fffc0026037dff4c00eb470c004000000151
fffd0022036cf288018224de004000400151
fffe00200361456c020b83bc004000800151
ffff001f0359b850028cfaec004000c00151
0000001f03552000030a37e4004001000151
0000001f03533e1803855c8c004001400151
0001001f0353af0403ffe134004001800151
000100200356a000047ba5d8004001c00151
00020021035c493c04fa6a80004002000151
0003002303656cb0057ebbd8004002400151
000500270372ea5c060cde28002902800151
fffc0026037dff4c00eb470c004000000151
fffd0022036cf288018224de004000400151
fffe00200361456c020b83bc004000800151
ffff001f0359b850028cfaec004000c00151
0000001f03552000030a37e4004001000151
0000001f03533e1803855c8c004001400151
0001001f0353af0403ffe134004001800151
000100200356a000047ba5d8004001c00151
00020021035c493c04fa6a80004002000151
0003002303656cb0057ebbd8004002400151
000500270372ea5c060cde28002902800151
fffc002603801fa400eb66b2004000000152
fffd0022036f051401823766004000400152
fffe00200363656c020b83bc004000800152
ffff001f035bc000028d1340004000c00152
ffff001f03572000030a4318004001000152
0000001f0355200003855c8c004001400152
0001001f0355a00003ffe134004001800152
0001002003589c20047ba1f8004001c00152
00020021035e600004fa6a80004002000152
0003002403678cb0057e9bd8004002400152
00050027037526e8060cdab8002902800152
fffc002603801fa400eb66b2004000000152
fffd0022036f051401823766004000400152
fffe00200363656c020b83bc004000800152
ffff001f035bc000028d1340004000c00152
ffff001f03572000030a4318004001000152
0000001f0355200003855c8c004001400152
0001001f0355a00003ffe134004001800152
0001002003589c20047ba1f8004001c00152
00020021035e600004fa6a80004002000152
0003002403678cb0057e9bd8004002400152
00050027037526e8060cdab8002902800152
fffc002603801fa400eb66b2004000000152
fffd0022036f051401823766004000400152
fffe00200363656c020b83bc004000800152
ffff001f035bc000028d1340004000c00152
ffff001f03572000030a4318004001000152
0000001f0355200003855c8c004001400152
0001001f0355a00003ffe134004001800152
0001002003589c20047ba1f8004001c00152
00020021035e600004fa6a80004002000152
0003002403678cb0057e9bd8004002400152
00050027037526e8060cdab8002902800152
fffc002603801fa400eb66b2004000000152
fffd0022036f051401823766004000400152
fffe00200363656c020b83bc004000800152
ffff001f035bc000028d1340004000c00152
ffff001f03572000030a4318004001000152
0000001f0355200003855c8c004001400152
0001001f0355a00003ffe134004001800152
0001002003589c20047ba1f8004001c00152
00020021035e600004fa6a80004002000152
0003002403678cb0057e9bd8004002400152
00050027037526e8060cdab8002902800152
fffc002603801fa400eb66b2004000000152
fffd0022036f051401823766004000400152
fffe00200363656c020b83bc004000800152
ffff001f035bc000028d1340004000c00152
ffff001f03572000030a4318004001000152
0000001f0355200003855c8c004001400152
0001001f0355a00003ffe134004001800152
0001002003589c20047ba1f8004001c00152
00020021035e600004fa6a80004002000152
0003002403678cb0057e9bd8004002400152
00050027037526e8060cdab8002902800152
fffc002603801fa400eb66b2004000000152
fffd0022036f051401823766004000400152
fffe00200363656c020b83bc004000800152
ffff001f035bc000028d1340004000c00152
ffff001f03572000030a4318004001000152
0000001f0355200003855c8c004001400152
0001001f0355a00003ffe134004001800152
0001002003589c20047ba1f8004001c00152
00020021035e600004fa6a80004002000152
0003002403678cb0057e9bd8004002400152
00050027037526e8060cdab8002902800152
fffc002603827f4c00eb670c004000000153
fffd00220371379c018244de004000400153
fffe002003656adc020b83bc004000800153
ffff001f035db850028d1340004000c00153
0000001f03590b34030a4318004001000153
0000001f0357200003855c8c004001400153
0001001f0357a00003ffe134004001800153
00010020035a9c20047ba1f8004001c00153
000200210360693c04fa53c0004002000153
0003002403698cb0057e9bd8004002400153
00050027037746e8060cbe28002902800153
fffc002603827f4c00eb670c004000000153
fffd00220371379c018244de004000400153
fffe002003656adc020b83bc004000800153
ffff001f035db850028d1340004000c00153
0000001f03590b34030a4318004001000153
0000001f0357200003855c8c004001400153
0001001f0357a00003ffe134004001800153
00010020035a9c20047ba1f8004001c00153
000200210360693c04fa53c0004002000153
0003002403698cb0057e9bd8004002400153
00050027037746e8060cbe28002902800153
fffc002603827f4c00eb670c004000000153
fffd00220371379c018244de004000400153
fffe002003656adc020b83bc004000800153
ffff001f035db850028d1340004000c00153
0000001f03590b34030a4318004001000153
0000001f0357200003855c8c004001400153
0001001f0357a00003ffe134004001800153
00010020035a9c20047ba1f8004001c00153
000200210360693c04fa53c0004002000153
0003002403698cb0057e9bd8004002400153
00050027037746e8060cbe28002902800153
fffc002603827f4c00eb670c004000000153
fffd00220371379c018244de004000400153
fffe002003656adc020b83bc004000800153
ffff001f035db850028d1340004000c00153
0000001f03590b34030a4318004001000153
0000001f0357200003855c8c004001400153
0001001f0357a00003ffe134004001800153
00010020035a9c20047ba1f8004001c00153
000200210360693c04fa53c0004002000153
0003002403698cb0057e9bd8004002400153
00050027037746e8060cbe28002902800153
fffc002603827f4c00eb670c004000000153
fffd00220371379c018244de004000400153
fffe002003656adc020b83bc004000800153
ffff001f035db850028d1340004000c00153
0000001f03590b34030a4318004001000153
0000001f0357200003855c8c004001400153
0001001f0357a00003ffe134004001800153
00010020035a9c20047ba1f8004001c00153
000200210360693c04fa53c0004002000153
0003002403698cb0057e9bd8004002400153
00050027037746e8060cbe28002902800153
fffc002603827f4c00eb670c004000000153
fffd00220371379c018244de004000400153
fffe002003656adc020b83bc004000800153
ffff001f035db850028d1340004000c00153
0000001f03590b34030a4318004001000153
0000001f0357200003855c8c004001400153
0001001f0357a00003ffe134004001800153
00010020035a9c20047ba1f8004001c00153
000200210360693c04fa53c0004002000153
0003002403698cb0057e9bd8004002400153
00050027037746e8060cbe28002902800153
fffc00260384bf4c00eb86b2004000000154
fffd00220373579c018244de004000400154
fffe00200367856c020ba3bc004000800154
ffff001f035fb850028d1aec004000c00154
ffff001f035b14cc030a57e4004001000154
0000001f0359000003855c8c004001400154
0001001f0359800003ffe134004001800154
00010020035c9c20047ba1f8004001c00154
000200210362693c04fa4a80004002000154
00030024036bb658057e8580004002400154
0005002703798374060cbab8002902800154
fffc00260384bf4c00eb86b2004000000154
fffd00220373579c018244de004000400154
fffe00200367856c020ba3bc004000800154
ffff001f035fb850028d1aec004000c00154
ffff001f035b14cc030a57e4004001000154
0000001f0359000003855c8c004001400154
0001001f0359800003ffe134004001800154
00010020035c9c20047ba1f8004001c00154
000200210362693c04fa4a80004002000154
00030024036bb658057e8580004002400154
0005002703798374060cbab8002902800154
fffc00260384bf4c00eb86b2004000000154
fffd00220373579c018244de004000400154
fffe00200367856c020ba3bc004000800154
ffff001f035fb850028d1aec004000c00154
ffff001f035b14cc030a57e4004001000154
0000001f0359000003855c8c004001400154
0001001f0359800003ffe134004001800154
00010020035c9c20047ba1f8004001c00154
000200210362693c04fa4a80004002000154
00030024036bb658057e8580004002400154
0005002703798374060cbab8002902800154
fffc00260384bf4c00eb86b2004000000154
fffd00220373579c018244de004000400154
fffe00200367856c020ba3bc004000800154
ffff001f035fb850028d1aec004000c00154
ffff001f035b14cc030a57e4004001000154
0000001f0359000003855c8c004001400154
0001001f0359800003ffe134004001800154
00010020035c9c20047ba1f8004001c00154
000200210362693c04fa4a80004002000154
00030024036bb658057e8580004002400154
0005002703798374060cbab8002902800154
fffc00260384bf4c00eb86b2004000000154
fffd00220373579c018244de004000400154
fffe00200367856c020ba3bc004000800154
ffff001f035fb850028d1aec004000c00154
ffff001f035b14cc030a57e4004001000154
0000001f0359000003855c8c004001400154
0001001f0359800003ffe134004001800154
00010020035c9c20047ba1f8004001c00154
000200210362693c04fa4a80004002000154
00030024036bb658057e8580004002400154
0005002703798374060cbab8002902800154
fffc00260384bf4c00eb86b2004000000154
fffd00220373579c018244de004000400154
fffe00200367856c020ba3bc004000800154
ffff001f035fb850028d1aec004000c00154
ffff001f035b14cc030a57e4004001000154
0000001f0359000003855c8c004001400154
0001001f0359800003ffe134004001800154
00010020035c9c20047ba1f8004001c00154
000200210362693c04fa4a80004002000154
00030024036bb658057e8580004002400154
0005002703798374060cbab8002902800154
fffc002603871ef000eb86b2004000000155
fffd00220375851401825766004000400155
fffe002003698adc020ba3bc004000800155
ffff001f0361b850028d3340004000c00155
ffff001f035d0000030a57e4004001000155
0000001f035b000003855c8c004001400155
0001001f035b8f0403ffe134004001800155
00010020035e8000047ba1f8004001c00155
000200210364800004fa4a80004002000155
00030024036dacb0057e7bd8004002400155
00050027037baa5c060cbab8002902800155
fffc002603871ef000eb86b2004000000155
fffd00220375851401825766004000400155
fffe002003698adc020ba3bc004000800155
ffff001f0361b850028d3340004000c00155
ffff001f035d0000030a57e4004001000155
0000001f035b000003855c8c004001400155
0001001f035b8f0403ffe134004001800155
00010020035e8000047ba1f8004001c00155
000200210364800004fa4a80004002000155
00030024036dacb0057e7bd8004002400155
00050027037baa5c060cbab8002902800155
fffc002603871ef000eb86b2004000000155
fffd00220375851401825766004000400155
fffe002003698adc020ba3bc004000800155
ffff001f0361b850028d3340004000c00155
ffff001f035d0000030a57e4004001000155
0000001f035b000003855c8c004001400155
0001001f035b8f0403ffe134004001800155
00010020035e8000047ba1f8004001c00155
000200210364800004fa4a80004002000155
00030024036dacb0057e7bd8004002400155
00050027037baa5c060cbab8002902800155
fffc002603871ef000eb86b2004000000155
fffd00220375851401825766004000400155
fffe002003698adc020ba3bc004000800155
ffff001f0361b850028d3340004000c00155
ffff001f035d0000030a57e4004001000155
0000001f035b000003855c8c004001400155
0001001f035b8f0403ffe134004001800155
00010020035e8000047ba1f8004001c00155
000200210364800004fa4a80004002000155
00030024036dacb0057e7bd8004002400155
00050027037baa5c060cbab8002902800155
fffc002603871ef000eb86b2004000000155
fffd00220375851401825766004000400155
fffe002003698adc020ba3bc004000800155
ffff001f0361b850028d3340004000c00155
ffff001f035d0000030a57e4004001000155
0000001f035b000003855c8c004001400155
0001001f035b8f0403ffe134004001800155
00010020035e8000047ba1f8004001c00155
000200210364800004fa4a80004002000155
00030024036dacb0057e7bd8004002400155
00050027037baa5c060cbab8002902800155
fffc002603871ef000eb86b2004000000155
fffd00220375851401825766004000400155
fffe002003698adc020ba3bc004000800155
ffff001f0361b850028d3340004000c00155
ffff001f035d0000030a57e4004001000155
0000001f035b000003855c8c004001400155
0001001f035b8f0403ffe134004001800155
00010020035e8000047ba1f8004001c00155
000200210364800004fa4a80004002000155
00030024036dacb0057e7bd8004002400155
00050027037baa5c060cbab8002902800155
fffc002603895ef000eb870c004000000156
fffd00220377b288018264de004000400156
fffe0020036ba56c020ba3bc004000800156
ffff001f0363a000028d3340004000c00156
ffff001f035f0000030a57e4004001000156
0000001f035ce00003855c8c004001400156
0001001f035d6f0403ffe134004001800156
0001002003608000047b85d8004001c00156
000200210366727804fa33c0004002000156
00030023036fccb0057e7bd8004002400156
00050027037dca5c060c9e28002902800156
fffc002603895ef000eb870c004000000156
fffd00220377b288018264de004000400156
fffe0020036ba56c020ba3bc004000800156
ffff001f0363a000028d3340004000c00156
ffff001f035f0000030a57e4004001000156
0000001f035ce00003855c8c004001400156
0001001f035d6f0403ffe134004001800156
0001002003608000047b85d8004001c00156
000200210366727804fa33c0004002000156
00030023036fccb0057e7bd8004002400156
00050027037dca5c060c9e28002902800156
fffc002603895ef000eb870c004000000156
fffd00220377b288018264de004000400156
fffe0020036ba56c020ba3bc004000800156
ffff001f0363a000028d3340004000c00156
ffff001f035f0000030a57e4004001000156
0000001f035ce00003855c8c004001400156
0001001f035d6f0403ffe134004001800156
0001002003608000047b85d8004001c00156
000200210366727804fa33c0004002000156
00030023036fccb0057e7bd8004002400156
00050027037dca5c060c9e28002902800156
fffc002603895ef000eb870c004000000156
fffd00220377b288018264de004000400156
fffe0020036ba56c020ba3bc004000800156
ffff001f0363a000028d3340004000c00156
ffff001f035f0000030a57e4004001000156
0000001f035ce00003855c8c004001400156
0001001f035d6f0403ffe134004001800156
0001002003608000047b85d8004001c00156
000200210366727804fa33c0004002000156
00030023036fccb0057e7bd8004002400156
00050027037dca5c060c9e28002902800156
fffc002603895ef000eb870c004000000156
fffd00220377b288018264de004000400156
fffe0020036ba56c020ba3bc004000800156
ffff001f0363a000028d3340004000c00156
ffff001f035f0000030a57e4004001000156
0000001f035ce00003855c8c004001400156
0001001f035d6f0403ffe134004001800156
0001002003608000047b85d8004001c00156
000200210366727804fa33c0004002000156
00030023036fccb0057e7bd8004002400156
00050027037dca5c060c9e28002902800156
fffc002603895ef000eb870c004000000156
fffd00220377b288018264de004000400156
fffe0020036ba56c020ba3bc004000800156
ffff001f0363a000028d3340004000c00156
ffff001f035f0000030a57e4004001000156
0000001f035ce00003855c8c004001400156
0001001f035d6f0403ffe134004001800156
0001002003608000047b85d8004001c00156
000200210366727804fa33c0004002000156
00030023036fccb0057e7bd8004002400156
00050027037dca5c060c9e28002902800156
fffc0026038b9ef000eba6b2004000000157
fffd00220379e514018264de004000400157
fffe0020036daadc020bc3bc004000800157
ffff001f0365b850028d3aec004000c00157
0000001f0360eb34030a57e4004001000157
0000001f035ee00003855c8c004001400157
0001001f035f800003ffd230004001800157
0001002003628000047b81f8004001c00157
000200210368727804fa2a80004002000157
000400240371d658057e5bd8004002400157
0005002703800a5c060c9ab8002902800157
fffc0026038b9ef000eba6b2004000000157
fffd00220379e514018264de004000400157
fffe0020036daadc020bc3bc004000800157
ffff001f0365b850028d3aec004000c00157
0000001f0360eb34030a57e4004001000157
0000001f035ee00003855c8c004001400157
0001001f035f800003ffd230004001800157
0001002003628000047b81f8004001c00157
000200210368727804fa2a80004002000157
000400240371d658057e5bd8004002400157
0005002703800a5c060c9ab8002902800157
fffc0026038b9ef000eba6b2004000000157
fffd00220379e514018264de004000400157
fffe0020036daadc020bc3bc004000800157
ffff001f0365b850028d3aec004000c00157
0000001f0360eb34030a57e4004001000157
0000001f035ee00003855c8c004001400157
0001001f035f800003ffd230004001800157
0001002003628000047b81f8004001c00157
000200210368727804fa2a80004002000157
000400240371d658057e5bd8004002400157
0005002703800a5c060c9ab8002902800157
fffc0026038b9ef000eba6b2004000000157
fffd00220379e514018264de004000400157
fffe0020036daadc020bc3bc004000800157
ffff001f0365b850028d3aec004000c00157
0000001f0360eb34030a57e4004001000157
0000001f035ee00003855c8c004001400157
0001001f035f800003ffd230004001800157
0001002003628000047b81f8004001c00157
000200210368727804fa2a80004002000157
000400240371d658057e5bd8004002400157
0005002703800a5c060c9ab8002902800157
fffc0026038b9ef000eba6b2004000000157
fffd00220379e514018264de004000400157
fffe0020036daadc020bc3bc004000800157
ffff001f0365b850028d3aec004000c00157
0000001f0360eb34030a57e4004001000157
0000001f035ee00003855c8c004001400157
0001001f035f800003ffd230004001800157
0001002003628000047b81f8004001c00157
000200210368727804fa2a80004002000157
000400240371d658057e5bd8004002400157
0005002703800a5c060c9ab8002902800157
fffc0026038b9ef000eba6b2004000000157
fffd00220379e514018264de004000400157
fffe0020036daadc020bc3bc004000800157
ffff001f0365b850028d3aec004000c00157
0000001f0360eb34030a57e4004001000157
0000001f035ee00003855c8c004001400157
0001001f035f800003ffd230004001800157
0001002003628000047b81f8004001c00157
000200210368727804fa2a80004002000157
000400240371d658057e5bd8004002400157
0005002703800a5c060c9ab8002902800157
fffb0026038ddef000eba70c004000000158
fffd0022037bf28801827766004000400158
fffe0020036fc56c020bc3bc004000800158
ffff001f0367b850028d3aec004000c00158
ffff001f0362e000030a6318004001000158
0000001f0360de1803855c8c004001400158
0001001f0361600003ffd230004001800158
0002002003648000047b81f8004001c00158
00020021036a800004fa2a80004002000158
0004002403740cb0057e5bd8004002400158
0005002703822a5c060c9ab8002902800158
fffb0026038ddef000eba70c004000000158
fffd0022037bf28801827766004000400158
fffe0020036fc56c020bc3bc004000800158
ffff001f0367b850028d3aec004000c00158
ffff001f0362e000030a6318004001000158
0000001f0360de1803855c8c004001400158
0001001f0361600003ffd230004001800158
0002002003648000047b81f8004001c00158
00020021036a800004fa2a80004002000158
0004002403740cb0057e5bd8004002400158
0005002703822a5c060c9ab8002902800158
fffb0026038ddef000eba70c004000000158
fffd0022037bf28801827766004000400158
fffe0020036fc56c020bc3bc004000800158
ffff001f0367b850028d3aec004000c00158
ffff001f0362e000030a6318004001000158
0000001f0360de1803855c8c004001400158
0001001f0361600003ffd230004001800158
0002002003648000047b81f8004001c00158
00020021036a800004fa2a80004002000158
0004002403740cb0057e5bd8004002400158
0005002703822a5c060c9ab8002902800158
fffb0026038ddef000eba70c004000000158
fffd0022037bf28801827766004000400158
fffe0020036fc56c020bc3bc004000800158
ffff001f0367b850028d3aec004000c00158
ffff001f0362e000030a6318004001000158
0000001f0360de1803855c8c004001400158
0001001f0361600003ffd230004001800158
0002002003648000047b81f8004001c00158
00020021036a800004fa2a80004002000158
0004002403740cb0057e5bd8004002400158
0005002703822a5c060c9ab8002902800158
fffb0026038ddef000eba70c004000000158
fffd0022037bf28801827766004000400158
fffe0020036fc56c020bc3bc004000800158
ffff001f0367b850028d3aec004000c00158
ffff001f0362e000030a6318004001000158
0000001f0360de1803855c8c004001400158
0001001f0361600003ffd230004001800158
0002002003648000047b81f8004001c00158
00020021036a800004fa2a80004002000158
0004002403740cb0057e5bd8004002400158
0005002703822a5c060c9ab8002902800158
fffb0026038ddef000eba70c004000000158
fffd0022037bf28801827766004000400158
fffe0020036fc56c020bc3bc004000800158
ffff001f0367b850028d3aec004000c00158
ffff001f0362e000030a6318004001000158
0000001f0360de1803855c8c004001400158
0001001f0361600003ffd230004001800158
0002002003648000047b81f8004001c00158
00020021036a800004fa2a80004002000158
0004002403740cb0057e5bd8004002400158
0005002703822a5c060c9ab8002902800158
fffb002603901ef000eba70c004000000159
fffd0022037e0514018284de004000400159
fffe00200371cadc020bc928004000800159
ffff001f0369a000028d5340004000c00159
ffff001f0364eb34030a6318004001000159
0000001f0362e00003855c8c004001400159
0001001f036350fc03ffc134004001800159
0002002003667c20047b81f8004001c00159
00020021036c800004fa2a80004002000159
0004002303760cb0057e5bd8004002400159
0005002703846a5c060c7e28002902800159
fffb002603901ef000eba70c004000000159
fffd0022037e0514018284de004000400159
fffe00200371cadc020bc928004000800159
ffff001f0369a000028d5340004000c00159
ffff001f0364eb34030a6318004001000159
0000001f0362e00003855c8c004001400159
0001001f036350fc03ffc134004001800159
0002002003667c20047b81f8004001c00159
00020021036c800004fa2a80004002000159
0004002303760cb0057e5bd8004002400159
0005002703846a5c060c7e28002902800159
fffb002603901ef000eba70c004000000159
fffd0022037e0514018284de004000400159
fffe00200371cadc020bc928004000800159
ffff001f0369a000028d5340004000c00159
ffff001f0364eb34030a6318004001000159
0000001f0362e00003855c8c004001400159
0001001f036350fc03ffc134004001800159
0002002003667c20047b81f8004001c00159
00020021036c800004fa2a80004002000159
0004002303760cb0057e5bd8004002400159
0005002703846a5c060c7e28002902800159
fffb002603901ef000eba70c004000000159
fffd0022037e0514018284de004000400159
fffe00200371cadc020bc928004000800159
ffff001f0369a000028d5340004000c00159
ffff001f0364eb34030a6318004001000159
0000001f0362e00003855c8c004001400159
0001001f036350fc03ffc134004001800159
0002002003667c20047b81f8004001c00159
00020021036c800004fa2a80004002000159
0004002303760cb0057e5bd8004002400159
0005002703846a5c060c7e28002902800159
fffb002603901ef000eba70c004000000159
fffd0022037e0514018284de004000400159
fffe00200371cadc020bc928004000800159
ffff001f0369a000028d5340004000c00159
ffff001f0364eb34030a6318004001000159
0000001f0362e00003855c8c004001400159
0001001f036350fc03ffc134004001800159
0002002003667c20047b81f8004001c00159
00020021036c800004fa2a80004002000159
0004002303760cb0057e5bd8004002400159
0005002703846a5c060c7e28002902800159
fffb002603901ef000eba70c004000000159
fffd0022037e0514018284de004000400159
fffe00200371cadc020bc928004000800159
ffff001f0369a000028d5340004000c00159
ffff001f0364eb34030a6318004001000159
0000001f0362e00003855c8c004001400159
0001001f036350fc03ffc134004001800159
0002002003667c20047b81f8004001c00159
00020021036c800004fa2a80004002000159
0004002303760cb0057e5bd8004002400159
0005002703846a5c060c7e28002902800159
fffb002603925ef000ebc6b200400000015a
fffd0022038032880182976600400040015a
fffe00200373e000020be3bc00400080015a
ffff001f036bb850028d5340004000c0015a
ffff001f0366cb34030a77e400400100015a
0000001f0364c00003855c8c00400140015a
0001001f0365400003ffc13400400180015a
0002002003687c20047b65d8004001c0015a
00020021036e800004fa0a8000400200015a
0004002403782cb0057e3bd800400240015a
000500270386a374060c7ab800290280015a
fffb002603925ef000ebc6b200400000015a
fffd0022038032880182976600400040015a
fffe00200373e000020be3bc00400080015a
ffff001f036bb850028d5340004000c0015a
ffff001f0366cb34030a77e400400100015a
0000001f0364c00003855c8c00400140015a
0001001f0365400003ffc13400400180015a
0002002003687c20047b65d8004001c0015a
00020021036e800004fa0a8000400200015a
0004002403782cb0057e3bd800400240015a
000500270386a374060c7ab800290280015a
fffb002603925ef000ebc6b200400000015a
fffd0022038032880182976600400040015a
fffe00200373e000020be3bc00400080015a
ffff001f036bb850028d5340004000c0015a
ffff001f0366cb34030a77e400400100015a
0000001f0364c00003855c8c00400140015a
0001001f0365400003ffc13400400180015a
0002002003687c20047b65d8004001c0015a
00020021036e800004fa0a8000400200015a
0004002403782cb0057e3bd800400240015a
000500270386a374060c7ab800290280015a
fffb002603925ef000ebc6b200400000015a
fffd0022038032880182976600400040015a
fffe00200373e000020be3bc00400080015a
ffff001f036bb850028d5340004000c0015a
ffff001f0366cb34030a77e400400100015a
0000001f0364c00003855c8c00400140015a
0001001f0365400003ffc13400400180015a
0002002003687c20047b65d8004001c0015a
00020021036e800004fa0a8000400200015a
0004002403782cb0057e3bd800400240015a
000500270386a374060c7ab800290280015a
fffb002603925ef000ebc6b200400000015a
fffd0022038032880182976600400040015a
fffe00200373e000020be3bc00400080015a
ffff001f036bb850028d5340004000c0015a
ffff001f0366cb34030a77e400400100015a
0000001f0364c00003855c8c00400140015a
0001001f0365400003ffc13400400180015a
0002002003687c20047b65d8004001c0015a
00020021036e800004fa0a8000400200015a
0004002403782cb0057e3bd800400240015a
000500270386a374060c7ab800290280015a
fffb002603925ef000ebc6b200400000015a
fffd0022038032880182976600400040015a
fffe00200373e000020be3bc00400080015a
ffff001f036bb850028d5340004000c0015a
ffff001f0366cb34030a77e400400100015a
0000001f0364c00003855c8c00400140015a
0001001f0365400003ffc13400400180015a
0002002003687c20047b65d8004001c0015a
00020021036e800004fa0a8000400200015a
0004002403782cb0057e3bd800400240015a
000500270386a374060c7ab800290280015a
fffb00260394be9800ebc6b200400000015b
fffd0022038252880182a4de00400040015b
fffe00200375e56c020be3bc00400080015b
ffff001f036db850028d5aec004000c0015b
ffff001f0368e000030a77e400400100015b
0000001f0366c00003855c8c00400140015b
0001001f0367400003ffc13400400180015b
00020020036a7c20047b65d8004001c0015b
000200210370893c04fa0a8000400200015b
00040024037a4000057e3bd800400240015b
000500270388c374060c5e2800290280015b
fffb00260394be9800ebc6b200400000015b
fffd0022038252880182a4de00400040015b
fffe00200375e56c020be3bc00400080015b
ffff001f036db850028d5aec004000c0015b
ffff001f0368e000030a77e400400100015b
0000001f0366c00003855c8c00400140015b
0001001f0367400003ffc13400400180015b
00020020036a7c20047b65d8004001c0015b
000200210370893c04fa0a8000400200015b
00040024037a4000057e3bd800400240015b
000500270388c374060c5e2800290280015b
fffb00260394be9800ebc6b200400000015b
fffd0022038252880182a4de00400040015b
fffe00200375e56c020be3bc00400080015b
ffff001f036db850028d5aec004000c0015b
ffff001f0368e000030a77e400400100015b
0000001f0366c00003855c8c00400140015b
0001001f0367400003ffc13400400180015b
00020020036a7c20047b65d8004001c0015b
000200210370893c04fa0a8000400200015b
00040024037a4000057e3bd800400240015b
000500270388c374060c5e2800290280015b
fffb00260394be9800ebc6b200400000015b
fffd0022038252880182a4de00400040015b
fffe00200375e56c020be3bc00400080015b
ffff001f036db850028d5aec004000c0015b
ffff001f0368e000030a77e400400100015b
0000001f0366c00003855c8c00400140015b
0001001f0367400003ffc13400400180015b
00020020036a7c20047b65d8004001c0015b
000200210370893c04fa0a8000400200015b
00040024037a4000057e3bd800400240015b
000500270388c374060c5e2800290280015b
fffb00260394be9800ebc6b200400000015b
fffd0022038252880182a4de00400040015b
fffe00200375e56c020be3bc00400080015b
ffff001f036db850028d5aec004000c0015b
ffff001f0368e000030a77e400400100015b
0000001f0366c00003855c8c00400140015b
0001001f0367400003ffc13400400180015b
00020020036a7c20047b65d8004001c0015b
000200210370893c04fa0a8000400200015b
00040024037a4000057e3bd800400240015b
000500270388c374060c5e2800290280015b
fffb00260394be9800ebc6b200400000015b
fffd0022038252880182a4de00400040015b
fffe00200375e56c020be3bc00400080015b
ffff001f036db850028d5aec004000c0015b
ffff001f0368e000030a77e400400100015b
0000001f0366c00003855c8c00400140015b
0001001f0367400003ffc13400400180015b
00020020036a7c20047b65d8004001c0015b
000200210370893c04fa0a8000400200015b
00040024037a4000057e3bd800400240015b
000500270388c374060c5e2800290280015b
fffb00260396dfa400ebc70c00400000015c
fffd0022038472880182a4de00400040015c
fffe00200377eadc020c03bc00400080015c
ffff001f036fa000028d7340004000c0015c
ffff001f036acb34030a77e400400100015c
0000001f0368a00003855c8c00400140015c
0001001f0369400003ffc13400400180015c
00020020036c6000047b61f8004001c0015c
000200210372893c04f9f3c000400200015c
00040023037c5658057e3bd800400240015c
00050027038aea5c060c5ab800290280015c
fffb00260396dfa400ebc70c00400000015c
fffd0022038472880182a4de00400040015c
fffe00200377eadc020c03bc00400080015c
ffff001f036fa000028d7340004000c0015c
ffff001f036acb34030a77e400400100015c
0000001f0368a00003855c8c00400140015c
0001001f0369400003ffc13400400180015c
00020020036c6000047b61f8004001c0015c
000200210372893c04f9f3c000400200015c
00040023037c5658057e3bd800400240015c
00050027038aea5c060c5ab800290280015c
fffb00260396dfa400ebc70c00400000015c
fffd0022038472880182a4de00400040015c
fffe00200377eadc020c03bc00400080015c
ffff001f036fa000028d7340004000c0015c
ffff001f036acb34030a77e400400100015c
0000001f0368a00003855c8c00400140015c
0001001f0369400003ffc13400400180015c
00020020036c6000047b61f8004001c0015c
000200210372893c04f9f3c000400200015c
00040023037c5658057e3bd800400240015c
00050027038aea5c060c5ab800290280015c
fffb00260396dfa400ebc70c00400000015c
fffd0022038472880182a4de00400040015c
fffe00200377eadc020c03bc00400080015c
ffff001f036fa000028d7340004000c0015c
ffff001f036acb34030a77e400400100015c
0000001f0368a00003855c8c00400140015c
0001001f0369400003ffc13400400180015c
00020020036c6000047b61f8004001c0015c
000200210372893c04f9f3c000400200015c
00040023037c5658057e3bd800400240015c
00050027038aea5c060c5ab800290280015c
fffb00260396dfa400ebc70c00400000015c
fffd0022038472880182a4de00400040015c
fffe00200377eadc020c03bc00400080015c
ffff001f036fa000028d7340004000c0015c
ffff001f036acb34030a77e400400100015c
0000001f0368a00003855c8c00400140015c
0001001f0369400003ffc13400400180015c
00020020036c6000047b61f8004001c0015c
000200210372893c04f9f3c000400200015c
00040023037c5658057e3bd800400240015c
00050027038aea5c060c5ab800290280015c
fffb00260396dfa400ebc70c00400000015c
fffd0022038472880182a4de00400040015c
fffe00200377eadc020c03bc00400080015c
ffff001f036fa000028d7340004000c0015c
ffff001f036acb34030a77e400400100015c
0000001f0368a00003855c8c00400140015c
0001001f0369400003ffc13400400180015c
00020020036c6000047b61f8004001c0015c
000200210372893c04f9f3c000400200015c
00040023037c5658057e3bd800400240015c
00050027038aea5c060c5ab800290280015c
fffb002603991f4c00ebe6b200400000015d
fffd00220386b79c0182c4de00400040015d
fffe00200379eadc020c03bc00400080015d
ffff001f0371b850028d7340004000c0015d
ffff001f036cc000030a77e400400100015d
0000001f036a800003855c8c00400140015d
0001001f036b200003ffc13400400180015d
00020020036e6000047b61f8004001c0015d
000200210374893c04f9ea8000400200015d
00040024037e8cb0057e1bd800400240015d
00050027038d26e8060c5ab800290280015d
fffb002603991f4c00ebe6b200400000015d
fffd00220386b79c0182c4de00400040015d
fffe00200379eadc020c03bc00400080015d
ffff001f0371b850028d7340004000c0015d
ffff001f036cc000030a77e400400100015d
0000001f036a800003855c8c00400140015d
0001001f036b200003ffc13400400180015d
00020020036e6000047b61f8004001c0015d
000200210374893c04f9ea8000400200015d
00040024037e8cb0057e1bd800400240015d
00050027038d26e8060c5ab800290280015d
fffb002603991f4c00ebe6b200400000015d
fffd00220386b79c0182c4de00400040015d
fffe00200379eadc020c03bc00400080015d
ffff001f0371b850028d7340004000c0015d
ffff001f036cc000030a77e400400100015d
0000001f036a800003855c8c00400140015d
0001001f036b200003ffc13400400180015d
00020020036e6000047b61f8004001c0015d
000200210374893c04f9ea8000400200015d
00040024037e8cb0057e1bd800400240015d
00050027038d26e8060c5ab800290280015d
fffb002603991f4c00ebe6b200400000015d
fffd00220386b79c0182c4de00400040015d
fffe00200379eadc020c03bc00400080015d
ffff001f0371b850028d7340004000c0015d
ffff001f036cc000030a77e400400100015d
0000001f036a800003855c8c00400140015d
0001001f036b200003ffc13400400180015d
00020020036e6000047b61f8004001c0015d
000200210374893c04f9ea8000400200015d
00040024037e8cb0057e1bd800400240015d
00050027038d26e8060c5ab800290280015d
fffb002603991f4c00ebe6b200400000015d
fffd00220386b79c0182c4de00400040015d
fffe00200379eadc020c03bc00400080015d
ffff001f0371b850028d7340004000c0015d
ffff001f036cc000030a77e400400100015d
0000001f036a800003855c8c00400140015d
0001001f036b200003ffc13400400180015d
00020020036e6000047b61f8004001c0015d
000200210374893c04f9ea8000400200015d
00040024037e8cb0057e1bd800400240015d
00050027038d26e8060c5ab800290280015d
fffb002603991f4c00ebe6b200400000015d
fffd00220386b79c0182c4de00400040015d
fffe00200379eadc020c03bc00400080015d
ffff001f0371b850028d7340004000c0015d
ffff001f036cc000030a77e400400100015d
0000001f036a800003855c8c00400140015d
0001001f036b200003ffc13400400180015d
00020020036e6000047b61f8004001c0015d
000200210374893c04f9ea8000400200015d
00040024037e8cb0057e1bd800400240015d
00050027038d26e8060c5ab800290280015d
fffb0026039b7ef000ebe70c00400000015e
fffd00220388d79c0182c4de00400040015e
fffe0020037c056c020c03bc00400080015e
ffff001f0373b850028d7aec004000c0015e
ffff001f036ec000030a831800400100015e
0000001f036c9e1803855c8c00400140015e
0001001f036d200003ffc13400400180015e
0002002003705c20047b61f8004001c0015e
000200210376927804f9ea8000400200015e
0004002403807658057e058000400240015e
00050027038f4a5c060c3e2800290280015e
fffb0026039b7ef000ebe70c00400000015e
fffd00220388d79c0182c4de00400040015e
fffe0020037c056c020c03bc00400080015e
ffff001f0373b850028d7aec004000c0015e
ffff001f036ec000030a831800400100015e
0000001f036c9e1803855c8c00400140015e
0001001f036d200003ffc13400400180015e
0002002003705c20047b61f8004001c0015e
000200210376927804f9ea8000400200015e
0004002403807658057e058000400240015e
00050027038f4a5c060c3e2800290280015e
fffb0026039b7ef000ebe70c00400000015e
fffd00220388d79c0182c4de00400040015e
fffe0020037c056c020c03bc00400080015e
ffff001f0373b850028d7aec004000c0015e
ffff001f036ec000030a831800400100015e
0000001f036c9e1803855c8c00400140015e
0001001f036d200003ffc13400400180015e
0002002003705c20047b61f8004001c0015e
000200210376927804f9ea8000400200015e
0004002403807658057e058000400240015e
00050027038f4a5c060c3e2800290280015e
fffb0026039b7ef000ebe70c00400000015e
fffd00220388d79c0182c4de00400040015e
fffe0020037c056c020c03bc00400080015e
ffff001f0373b850028d7aec004000c0015e
ffff001f036ec000030a831800400100015e
0000001f036c9e1803855c8c00400140015e
0001001f036d200003ffc13400400180015e
0002002003705c20047b61f8004001c0015e
000200210376927804f9ea8000400200015e
0004002403807658057e058000400240015e
00050027038f4a5c060c3e2800290280015e
fffb0026039b7ef000ebe70c00400000015e
fffd00220388d79c0182c4de00400040015e
fffe0020037c056c020c03bc00400080015e
ffff001f0373b850028d7aec004000c0015e
ffff001f036ec000030a831800400100015e
0000001f036c9e1803855c8c00400140015e
0001001f036d200003ffc13400400180015e
0002002003705c20047b61f8004001c0015e
000200210376927804f9ea8000400200015e
0004002403807658057e058000400240015e
00050027038f4a5c060c3e2800290280015e
fffb0026039b7ef000ebe70c00400000015e
fffd00220388d79c0182c4de00400040015e
fffe0020037c056c020c03bc00400080015e
ffff001f0373b850028d7aec004000c0015e
ffff001f036ec000030a831800400100015e
0000001f036c9e1803855c8c00400140015e
0001001f036d200003ffc13400400180015e
0002002003705c20047b61f8004001c0015e
000200210376927804f9ea8000400200015e
0004002403807658057e058000400240015e
00050027038f4a5c060c3e2800290280015e
fffb0026039dbef000ebe70c00400000015f
fffd0022038af79c0182d76600400040015f
fffe0020037e256c020c23bc00400080015f
ffff001f0375a000028d7aec004000c0015f
ffff001f0370ab34030a831800400100015f
0000001f036e800003855c8c00400140015f
0001001f036f000003ffc13400400180015f
0002002003725c20047b45d8004001c0015f
000300210378893c04f9d3c000400200015f
0004002403829658057dfbd800400240015f
00050027039186e8060c3ab800290280015f
fffb0026039dbef000ebe70c00400000015f
fffd0022038af79c0182d76600400040015f
fffe0020037e256c020c23bc00400080015f
ffff001f0375a000028d7aec004000c0015f
ffff001f0370ab34030a831800400100015f
0000001f036e800003855c8c00400140015f
0001001f036f000003ffc13400400180015f
0002002003725c20047b45d8004001c0015f
000300210378893c04f9d3c000400200015f
0004002403829658057dfbd800400240015f
00050027039186e8060c3ab800290280015f
fffb0026039dbef000ebe70c00400000015f
fffd0022038af79c0182d76600400040015f
fffe0020037e256c020c23bc00400080015f
ffff001f0375a000028d7aec004000c0015f
ffff001f0370ab34030a831800400100015f
0000001f036e800003855c8c00400140015f
0001001f036f000003ffc13400400180015f
0002002003725c20047b45d8004001c0015f
000300210378893c04f9d3c000400200015f
0004002403829658057dfbd800400240015f
00050027039186e8060c3ab800290280015f
fffb0026039dbef000ebe70c00400000015f
fffd0022038af79c0182d76600400040015f
fffe0020037e256c020c23bc00400080015f
ffff001f0375a000028d7aec004000c0015f
ffff001f0370ab34030a831800400100015f
0000001f036e800003855c8c00400140015f
0001001f036f000003ffc13400400180015f
0002002003725c20047b45d8004001c0015f
000300210378893c04f9d3c000400200015f
0004002403829658057dfbd800400240015f
00050027039186e8060c3ab800290280015f
fffb0026039dbef000ebe70c00400000015f
fffd0022038af79c0182d76600400040015f
fffe0020037e256c020c23bc00400080015f
ffff001f0375a000028d7aec004000c0015f
ffff001f0370ab34030a831800400100015f
0000001f036e800003855c8c00400140015f
0001001f036f000003ffc13400400180015f
0002002003725c20047b45d8004001c0015f
000300210378893c04f9d3c000400200015f
0004002403829658057dfbd800400240015f
00050027039186e8060c3ab800290280015f
fffb0026039dbef000ebe70c00400000015f
fffd0022038af79c0182d76600400040015f
fffe0020037e256c020c23bc00400080015f
ffff001f0375a000028d7aec004000c0015f
ffff001f0370ab34030a831800400100015f
0000001f036e800003855c8c00400140015f
0001001f036f000003ffc13400400180015f
0002002003725c20047b45d8004001c0015f
000300210378893c04f9d3c000400200015f
0004002403829658057dfbd800400240015f
00050027039186e8060c3ab800290280015f
fffb0026039fff4c00ec06b2004000000160
fffd0022038d05140182e4de004000400160
fffe002003802adc020c23bc004000800160
ffff001f0377b850028d9340004000c00160
ffff001f0372ab34030a97e4004001000160
0000001f0370800003855c8c004001400160
0001001f03710f0403ffc134004001800160
0002002003745c20047b45d8004001c00160
00020021037aa00004f9ca80004002000160
000400240384acb0057dfbd8004002400160
000500270393a6e8060c3ab8002902800160
fffb0026039fff4c00ec06b2004000000160
fffd0022038d05140182e4de004000400160
fffe002003802adc020c23bc004000800160
ffff001f0377b850028d9340004000c00160
ffff001f0372ab34030a97e4004001000160
0000001f0370800003855c8c004001400160
0001001f03710f0403ffc134004001800160
0002002003745c20047b45d8004001c00160
00020021037aa00004f9ca80004002000160
000400240384acb0057dfbd8004002400160
000500270393a6e8060c3ab8002902800160
fffb0026039fff4c00ec06b2004000000160
fffd0022038d05140182e4de004000400160
fffe002003802adc020c23bc004000800160
ffff001f0377b850028d9340004000c00160
ffff001f0372ab34030a97e4004001000160
0000001f0370800003855c8c004001400160
0001001f03710f0403ffc134004001800160
0002002003745c20047b45d8004001c00160
00020021037aa00004f9ca80004002000160
000400240384acb0057dfbd8004002400160
000500270393a6e8060c3ab8002902800160
fffb0026039fff4c00ec06b2004000000160
fffd0022038d05140182e4de004000400160
fffe002003802adc020c23bc004000800160
ffff001f0377b850028d9340004000c00160
ffff001f0372ab34030a97e4004001000160
0000001f0370800003855c8c004001400160
0001001f03710f0403ffc134004001800160
0002002003745c20047b45d8004001c00160
00020021037aa00004f9ca80004002000160
000400240384acb0057dfbd8004002400160
000500270393a6e8060c3ab8002902800160
fffb0026039fff4c00ec06b2004000000160
fffd0022038d05140182e4de004000400160
fffe002003802adc020c23bc004000800160
ffff001f0377b850028d9340004000c00160
ffff001f0372ab34030a97e4004001000160
0000001f0370800003855c8c004001400160
0001001f03710f0403ffc134004001800160
0002002003745c20047b45d8004001c00160
00020021037aa00004f9ca80004002000160
000400240384acb0057dfbd8004002400160
000500270393a6e8060c3ab8002902800160
fffb0026039fff4c00ec06b2004000000160
fffd0022038d05140182e4de004000400160
fffe002003802adc020c23bc004000800160
ffff001f0377b850028d9340004000c00160
ffff001f0372ab34030a97e4004001000160
0000001f0370800003855c8c004001400160
0001001f03710f0403ffc134004001800160
0002002003745c20047b45d8004001c00160
00020021037aa00004f9ca80004002000160
000400240384acb0057dfbd8004002400160
000500270393a6e8060c3ab8002902800160
fffb002603a21fa400ec06b2004000000161
fffd0022038f25140182f766004000400161
fffe002003822adc020c3e50004000800161
ffff001f0379b850028d9340004000c00161
ffff001f0374a000030a97e4004001000161
0000001f0372600003855c8c004001400161
0001001f0372ef0403ffc134004001800161
0002002003764000047b41f8004001c00161
00030021037ca93c04f9ca80004002000161
000400240386ccb0057ddbd8004002400161
000500270395e374060c1ab8002902800161
fffb002603a21fa400ec06b2004000000161
fffd0022038f25140182f766004000400161
fffe002003822adc020c3e50004000800161
ffff001f0379b850028d9340004000c00161
ffff001f0374a000030a97e4004001000161
0000001f0372600003855c8c004001400161
0001001f0372ef0403ffc134004001800161
0002002003764000047b41f8004001c00161
00030021037ca93c04f9ca80004002000161
000400240386ccb0057ddbd8004002400161
000500270395e374060c1ab8002902800161
fffb002603a21fa400ec06b2004000000161
fffd0022038f25140182f766004000400161
fffe002003822adc020c3e50004000800161
ffff001f0379b850028d9340004000c00161
ffff001f0374a000030a97e4004001000161
0000001f0372600003855c8c004001400161
0001001f0372ef0403ffc134004001800161
0002002003764000047b41f8004001c00161
00030021037ca93c04f9ca80004002000161
000400240386ccb0057ddbd8004002400161
000500270395e374060c1ab8002902800161
fffb002603a21fa400ec06b2004000000161
fffd0022038f25140182f766004000400161
fffe002003822adc020c3e50004000800161
ffff001f0379b850028d9340004000c00161
ffff001f0374a000030a97e4004001000161
0000001f0372600003855c8c004001400161
0001001f0372ef0403ffc134004001800161
0002002003764000047b41f8004001c00161
00030021037ca93c04f9ca80004002000161
000400240386ccb0057ddbd8004002400161
000500270395e374060c1ab8002902800161
fffb002603a21fa400ec06b2004000000161
fffd0022038f25140182f766004000400161
fffe002003822adc020c3e50004000800161
ffff001f0379b850028d9340004000c00161
ffff001f0374a000030a97e4004001000161
0000001f0372600003855c8c004001400161
0001001f0372ef0403ffc134004001800161
0002002003764000047b41f8004001c00161
00030021037ca93c04f9ca80004002000161
000400240386ccb0057ddbd8004002400161
000500270395e374060c1ab8002902800161
fffb002603a21fa400ec06b2004000000161
fffd0022038f25140182f766004000400161
fffe002003822adc020c3e50004000800161
ffff001f0379b850028d9340004000c00161
ffff001f0374a000030a97e4004001000161
0000001f0372600003855c8c004001400161
0001001f0372ef0403ffc134004001800161
0002002003764000047b41f8004001c00161
00030021037ca93c04f9ca80004002000161
000400240386ccb0057ddbd8004002400161
000500270395e374060c1ab8002902800161
fffb002603a47ef000ec070c004000000162
fffd002203915288018304de004000400162
fffe00200384456c020c43bc004000800162
ffff001f037ba000028d9aec004000c00162
ffff001f0376a000030aa318004001000162
0000001f0374600003857aa4004001400162
0001001f0375000003ffc134004001800162
0002002003784000047b41f8004001c00162
00030021037ea93c04f9ca80004002000162
000400240388ccb0057ddbd8004002400162
00050027039806e8060c1ab8002902800162
fffb002603a47ef000ec070c004000000162
fffd002203915288018304de004000400162
fffe00200384456c020c43bc004000800162
ffff001f037ba000028d9aec004000c00162
ffff001f0376a000030aa318004001000162
0000001f0374600003857aa4004001400162
0001001f0375000003ffc134004001800162
0002002003784000047b41f8004001c00162
00030021037ea93c04f9ca80004002000162
000400240388ccb0057ddbd8004002400162
00050027039806e8060c1ab8002902800162
fffb002603a47ef000ec070c004000000162
fffd002203915288018304de004000400162
fffe00200384456c020c43bc004000800162
ffff001f037ba000028d9aec004000c00162
ffff001f0376a000030aa318004001000162
0000001f0374600003857aa4004001400162
0001001f0375000003ffc134004001800162
0002002003784000047b41f8004001c00162
00030021037ea93c04f9ca80004002000162
000400240388ccb0057ddbd8004002400162
00050027039806e8060c1ab8002902800162
fffb002603a47ef000ec070c004000000162
fffd002203915288018304de004000400162
fffe00200384456c020c43bc004000800162
ffff001f037ba000028d9aec004000c00162
ffff001f0376a000030aa318004001000162
0000001f0374600003857aa4004001400162
0001001f0375000003ffc134004001800162
0002002003784000047b41f8004001c00162
00030021037ea93c04f9ca80004002000162
000400240388ccb0057ddbd8004002400162
00050027039806e8060c1ab8002902800162
fffb002603a47ef000ec070c004000000162
fffd002203915288018304de004000400162
fffe00200384456c020c43bc004000800162
ffff001f037ba000028d9aec004000c00162
ffff001f0376a000030aa318004001000162
0000001f0374600003857aa4004001400162
0001001f0375000003ffc134004001800162
0002002003784000047b41f8004001c00162
00030021037ea93c04f9ca80004002000162
000400240388ccb0057ddbd8004002400162
00050027039806e8060c1ab8002902800162
fffb002603a47ef000ec070c004000000162
fffd002203915288018304de004000400162
fffe00200384456c020c43bc004000800162
ffff001f037ba000028d9aec004000c00162
ffff001f0376a000030aa318004001000162
0000001f0374600003857aa4004001400162
0001001f0375000003ffc134004001800162
0002002003784000047b41f8004001c00162
00030021037ea93c04f9ca80004002000162
000400240388ccb0057ddbd8004002400162
00050027039806e8060c1ab8002902800162
fffb002603a6bef000ec26b2004000000163
fffd002203937288018304de004000400163
fffe00200386656c020c43bc004000800163
ffff001f037db850028db340004000c00163
ffff001f03788b34030aa318004001000163
0000001f0376400003857aa4004001400163
0001001f0376e00003ffb230004001800163
00020020037a3c20047b25d8004001c00163
000300210380c00004f9b3c0004002000163
00040023038aecb0057ddbd8004002400163
00050027039a4374060bfe28002902800163
fffb002603a6bef000ec26b2004000000163
fffd002203937288018304de004000400163
fffe00200386656c020c43bc004000800163
ffff001f037db850028db340004000c00163
ffff001f03788b34030aa318004001000163
0000001f0376400003857aa4004001400163
0001001f0376e00003ffb230004001800163
00020020037a3c20047b25d8004001c00163
000300210380c00004f9b3c0004002000163
00040023038aecb0057ddbd8004002400163
00050027039a4374060bfe28002902800163
fffb002603a6bef000ec26b2004000000163
fffd002203937288018304de004000400163
fffe00200386656c020c43bc004000800163
ffff001f037db850028db340004000c00163
ffff001f03788b34030aa318004001000163
0000001f0376400003857aa4004001400163
0001001f0376e00003ffb230004001800163
00020020037a3c20047b25d8004001c00163
000300210380c00004f9b3c0004002000163
00040023038aecb0057ddbd8004002400163
00050027039a4374060bfe28002902800163
fffb002603a6bef000ec26b2004000000163
fffd002203937288018304de004000400163
fffe00200386656c020c43bc004000800163
ffff001f037db850028db340004000c00163
ffff001f03788b34030aa318004001000163
0000001f0376400003857aa4004001400163
0001001f0376e00003ffb230004001800163
00020020037a3c20047b25d8004001c00163
000300210380c00004f9b3c0004002000163
00040023038aecb0057ddbd8004002400163
00050027039a4374060bfe28002902800163
fffb002603a6bef000ec26b2004000000163
fffd002203937288018304de004000400163
fffe00200386656c020c43bc004000800163
ffff001f037db850028db340004000c00163
ffff001f03788b34030aa318004001000163
0000001f0376400003857aa4004001400163
0001001f0376e00003ffb230004001800163
00020020037a3c20047b25d8004001c00163
000300210380c00004f9b3c0004002000163
00040023038aecb0057ddbd8004002400163
00050027039a4374060bfe28002902800163
fffb002603a6bef000ec26b2004000000163
fffd002203937288018304de004000400163
fffe00200386656c020c43bc004000800163
ffff001f037db850028db340004000c00163
ffff001f03788b34030aa318004001000163
0000001f0376400003857aa4004001400163
0001001f0376e00003ffb230004001800163
00020020037a3c20047b25d8004001c00163
000300210380c00004f9b3c0004002000163
00040023038aecb0057ddbd8004002400163
00050027039a4374060bfe28002902800163
fffb002603a8ff4c00ec270c004000000164
fffd00220395a51401831766004000400164
fffe00200388656c020c63bc004000800164
ffff001f037fb850028db340004000c00164
ffff001f037a6b34030aa318004001000164
0000001f037821e803857aa4004001400164
0001001f0378c00003ffb230004001800164
00020020037c2000047b25d8004001c00164
000300210382b27804f9aa80004002000164
00040024038cf658057dbbd8004002400164
00050027039c6a5c060bfab8002902800164
fffb002603a8ff4c00ec270c004000000164
fffd00220395a51401831766004000400164
fffe00200388656c020c63bc004000800164
ffff001f037fb850028db340004000c00164
ffff001f037a6b34030aa318004001000164
0000001f037821e803857aa4004001400164
0001001f0378c00003ffb230004001800164
00020020037c2000047b25d8004001c00164
000300210382b27804f9aa80004002000164
00040024038cf658057dbbd8004002400164
00050027039c6a5c060bfab8002902800164
fffb002603a8ff4c00ec270c004000000164
fffd00220395a51401831766004000400164
fffe00200388656c020c63bc004000800164
ffff001f037fb850028db340004000c00164
ffff001f037a6b34030aa318004001000164
0000001f037821e803857aa4004001400164
0001001f0378c00003ffb230004001800164
00020020037c2000047b25d8004001c00164
000300210382b27804f9aa80004002000164
00040024038cf658057dbbd8004002400164
00050027039c6a5c060bfab8002902800164
fffb002603a8ff4c00ec270c004000000164
fffd00220395a51401831766004000400164
fffe00200388656c020c63bc004000800164
ffff001f037fb850028db340004000c00164
ffff001f037a6b34030aa318004001000164
0000001f037821e803857aa4004001400164
0001001f0378c00003ffb230004001800164
00020020037c2000047b25d8004001c00164
000300210382b27804f9aa80004002000164
00040024038cf658057dbbd8004002400164
00050027039c6a5c060bfab8002902800164
fffb002603a8ff4c00ec270c004000000164
fffd00220395a51401831766004000400164
fffe00200388656c020c63bc004000800164
ffff001f037fb850028db340004000c00164
ffff001f037a6b34030aa318004001000164
0000001f037821e803857aa4004001400164
0001001f0378c00003ffb230004001800164
00020020037c2000047b25d8004001c00164
000300210382b27804f9aa80004002000164
00040024038cf658057dbbd8004002400164
00050027039c6a5c060bfab8002902800164
fffb002603a8ff4c00ec270c004000000164
fffd00220395a51401831766004000400164
fffe00200388656c020c63bc004000800164
ffff001f037fb850028db340004000c00164
ffff001f037a6b34030aa318004001000164
0000001f037821e803857aa4004001400164
0001001f0378c00003ffb230004001800164
00020020037c2000047b25d8004001c00164
000300210382b27804f9aa80004002000164
00040024038cf658057dbbd8004002400164
00050027039c6a5c060bfab8002902800164
fffb002603ab3f4c00ec270c004000000165
fffd00220397c514018324de004000400165
fffe0020038a6adc020c63bc004000800165
ffff001f0381a000028dbaec004000c00165
ffff001f037c8000030ab7e4004001000165
0000001f037a400003857aa4004001400165
0001001f037acf0403ffa134004001800165
00020020037e1c20047b21f8004001c00165
000300210384b27804f9aa80004002000165
00040024038f1658057dbbd8004002400165
00050027039e8a5c060bfab8002902800165
fffb002603ab3f4c00ec270c004000000165
fffd00220397c514018324de004000400165
fffe0020038a6adc020c63bc004000800165
ffff001f0381a000028dbaec004000c00165
ffff001f037c8000030ab7e4004001000165
0000001f037a400003857aa4004001400165
0001001f037acf0403ffa134004001800165
00020020037e1c20047b21f8004001c00165
000300210384b27804f9aa80004002000165
00040024038f1658057dbbd8004002400165
00050027039e8a5c060bfab8002902800165
fffb002603ab3f4c00ec270c004000000165
fffd00220397c514018324de004000400165
fffe0020038a6adc020c63bc004000800165
ffff001f0381a000028dbaec004000c00165
ffff001f037c8000030ab7e4004001000165
0000001f037a400003857aa4004001400165
0001001f037acf0403ffa134004001800165
00020020037e1c20047b21f8004001c00165
000300210384b27804f9aa80004002000165
00040024038f1658057dbbd8004002400165
00050027039e8a5c060bfab8002902800165
fffb002603ab3f4c00ec270c004000000165
fffd00220397c514018324de004000400165
fffe0020038a6adc020c63bc004000800165
ffff001f0381a000028dbaec004000c00165
ffff001f037c8000030ab7e4004001000165
0000001f037a400003857aa4004001400165
0001001f037acf0403ffa134004001800165
00020020037e1c20047b21f8004001c00165
000300210384b27804f9aa80004002000165
00040024038f1658057dbbd8004002400165
00050027039e8a5c060bfab8002902800165
fffb002603ab3f4c00ec270c004000000165
fffd00220397c514018324de004000400165
fffe0020038a6adc020c63bc004000800165
ffff001f0381a000028dbaec004000c00165
ffff001f037c8000030ab7e4004001000165
0000001f037a400003857aa4004001400165
0001001f037acf0403ffa134004001800165
00020020037e1c20047b21f8004001c00165
000300210384b27804f9aa80004002000165
00040024038f1658057dbbd8004002400165
00050027039e8a5c060bfab8002902800165
fffb002603ab3f4c00ec270c004000000165
fffd00220397c514018324de004000400165
fffe0020038a6adc020c63bc004000800165
ffff001f0381a000028dbaec004000c00165
ffff001f037c8000030ab7e4004001000165
0000001f037a400003857aa4004001400165
0001001f037acf0403ffa134004001800165
00020020037e1c20047b21f8004001c00165
000300210384b27804f9aa80004002000165
00040024038f1658057dbbd8004002400165
00050027039e8a5c060bfab8002902800165
fffb002603ad7f4c00ec46b2004000000166
fffd00220399e514018324de004000400166
fffe0020038c856c020c6928004000800166
ffff001f0383b850028dbaec004000c00166
ffff001f037e6000030ab7e4004001000166
0000001f037c200003857c8c004001400166
0001001f037caf0403ffa134004001800166
0002002003801c20047b21f8004001c00166
000300210386a93c04f993c0004002000166
0004002303912cb0057dbbd8004002400166
0005002703a0ca5c060bde28002902800166
fffb002603ad7f4c00ec46b2004000000166
fffd00220399e514018324de004000400166
fffe0020038c856c020c6928004000800166
ffff001f0383b850028dbaec004000c00166
ffff001f037e6000030ab7e4004001000166
0000001f037c200003857c8c004001400166
0001001f037caf0403ffa134004001800166
0002002003801c20047b21f8004001c00166
000300210386a93c04f993c0004002000166
0004002303912cb0057dbbd8004002400166
0005002703a0ca5c060bde28002902800166
fffb002603ad7f4c00ec46b2004000000166
fffd00220399e514018324de004000400166
fffe0020038c856c020c6928004000800166
ffff001f0383b850028dbaec004000c00166
ffff001f037e6000030ab7e4004001000166
0000001f037c200003857c8c004001400166
0001001f037caf0403ffa134004001800166
0002002003801c20047b21f8004001c00166
000300210386a93c04f993c0004002000166
0004002303912cb0057dbbd8004002400166
0005002703a0ca5c060bde28002902800166
fffb002603ad7f4c00ec46b2004000000166
fffd00220399e514018324de004000400166
fffe0020038c856c020c6928004000800166
ffff001f0383b850028dbaec004000c00166
ffff001f037e6000030ab7e4004001000166
0000001f037c200003857c8c004001400166
0001001f037caf0403ffa134004001800166
0002002003801c20047b21f8004001c00166
000300210386a93c04f993c0004002000166
0004002303912cb0057dbbd8004002400166
0005002703a0ca5c060bde28002902800166
fffb002603ad7f4c00ec46b2004000000166
fffd00220399e514018324de004000400166
fffe0020038c856c020c6928004000800166
ffff001f0383b850028dbaec004000c00166
ffff001f037e6000030ab7e4004001000166
0000001f037c200003857c8c004001400166
0001001f037caf0403ffa134004001800166
0002002003801c20047b21f8004001c00166
000300210386a93c04f993c0004002000166
0004002303912cb0057dbbd8004002400166
0005002703a0ca5c060bde28002902800166
fffb002603ad7f4c00ec46b2004000000166
fffd00220399e514018324de004000400166
fffe0020038c856c020c6928004000800166
ffff001f0383b850028dbaec004000c00166
ffff001f037e6000030ab7e4004001000166
0000001f037c200003857c8c004001400166
0001001f037caf0403ffa134004001800166
0002002003801c20047b21f8004001c00166
000300210386a93c04f993c0004002000166
0004002303912cb0057dbbd8004002400166
0005002703a0ca5c060bde28002902800166
fffb002603afbef000ec470c004000000167
fffd0022039c0514018344de004000400167
fffe0020038e856c020c83bc004000800167
ffff001f0385b850028dd340004000c00167
ffff001f03806000030ab7e4004001000167
0000001f037e200003857c8c004001400167
0001001f037ec00003ffa134004001800167
0002002003821c20047b21f8004001c00167
000300210388c00004f98a80004002000167
0004002403934cb0057d9bd8004002400167
0005002703a2e6e8060bdab8002902800167
fffb002603afbef000ec470c004000000167
fffd0022039c0514018344de004000400167
fffe0020038e856c020c83bc004000800167
ffff001f0385b850028dd340004000c00167
ffff001f03806000030ab7e4004001000167
0000001f037e200003857c8c004001400167
0001001f037ec00003ffa134004001800167
0002002003821c20047b21f8004001c00167
000300210388c00004f98a80004002000167
0004002403934cb0057d9bd8004002400167
0005002703a2e6e8060bdab8002902800167
fffb002603afbef000ec470c004000000167
fffd0022039c0514018344de004000400167
fffe0020038e856c020c83bc004000800167
ffff001f0385b850028dd340004000c00167
ffff001f03806000030ab7e4004001000167
0000001f037e200003857c8c004001400167
0001001f037ec00003ffa134004001800167
0002002003821c20047b21f8004001c00167
000300210388c00004f98a80004002000167
0004002403934cb0057d9bd8004002400167
0005002703a2e6e8060bdab8002902800167
fffb002603afbef000ec470c004000000167
fffd0022039c0514018344de004000400167
fffe0020038e856c020c83bc004000800167
ffff001f0385b850028dd340004000c00167
ffff001f03806000030ab7e4004001000167
0000001f037e200003857c8c004001400167
0001001f037ec00003ffa134004001800167
0002002003821c20047b21f8004001c00167
000300210388c00004f98a80004002000167
0004002403934cb0057d9bd8004002400167
0005002703a2e6e8060bdab8002902800167
fffb002603afbef000ec470c004000000167
fffd0022039c0514018344de004000400167
fffe0020038e856c020c83bc004000800167
ffff001f0385b850028dd340004000c00167
ffff001f03806000030ab7e4004001000167
0000001f037e200003857c8c004001400167
0001001f037ec00003ffa134004001800167
0002002003821c20047b21f8004001c00167
000300210388c00004f98a80004002000167
0004002403934cb0057d9bd8004002400167
0005002703a2e6e8060bdab8002902800167
fffb002603afbef000ec470c004000000167
fffd0022039c0514018344de004000400167
fffe0020038e856c020c83bc004000800167
ffff001f0385b850028dd340004000c00167
ffff001f03806000030ab7e4004001000167
0000001f037e200003857c8c004001400167
0001001f037ec00003ffa134004001800167
0002002003821c20047b21f8004001c00167
000300210388c00004f98a80004002000167
0004002403934cb0057d9bd8004002400167
0005002703a2e6e8060bdab8002902800167
fffb002603b1ff4c00ec66b2004000000168
fffd0022039e251401835766004000400168
fffe00200390856c020c83bc004000800168
ffff001f03879850028dd340004000c00168
ffff001f03824000030ac318004001000168
0000001f0380000003857c8c004001400168
0001001f0380a00003ffa134004001800168
000200200383fc20047b05d8004001c00168
00030021038ac93c04f98a80004002000168
0004002403954cb0057d9bd8004002400168
0005002703a50a5c060bbe28002902800168
fffb002603b1ff4c00ec66b2004000000168
fffd0022039e251401835766004000400168
fffe00200390856c020c83bc004000800168
ffff001f03879850028dd340004000c00168
ffff001f03824000030ac318004001000168
0000001f0380000003857c8c004001400168
0001001f0380a00003ffa134004001800168
000200200383fc20047b05d8004001c00168
00030021038ac93c04f98a80004002000168
0004002403954cb0057d9bd8004002400168
0005002703a50a5c060bbe28002902800168
fffb002603b1ff4c00ec66b2004000000168
fffd0022039e251401835766004000400168
fffe00200390856c020c83bc004000800168
ffff001f03879850028dd340004000c00168
ffff001f03824000030ac318004001000168
0000001f0380000003857c8c004001400168
0001001f0380a00003ffa134004001800168
000200200383fc20047b05d8004001c00168
00030021038ac93c04f98a80004002000168
0004002403954cb0057d9bd8004002400168
0005002703a50a5c060bbe28002902800168
fffb002603b1ff4c00ec66b2004000000168
fffd0022039e251401835766004000400168
fffe00200390856c020c83bc004000800168
ffff001f03879850028dd340004000c00168
ffff001f03824000030ac318004001000168
0000001f0380000003857c8c004001400168
0001001f0380a00003ffa134004001800168
000200200383fc20047b05d8004001c00168
00030021038ac93c04f98a80004002000168
0004002403954cb0057d9bd8004002400168
0005002703a50a5c060bbe28002902800168
fffb002603b1ff4c00ec66b2004000000168
fffd0022039e251401835766004000400168
fffe00200390856c020c83bc004000800168
ffff001f03879850028dd340004000c00168
ffff001f03824000030ac318004001000168
0000001f0380000003857c8c004001400168
0001001f0380a00003ffa134004001800168
000200200383fc20047b05d8004001c00168
00030021038ac93c04f98a80004002000168
0004002403954cb0057d9bd8004002400168
0005002703a50a5c060bbe28002902800168
fffb002603b1ff4c00ec66b2004000000168
fffd0022039e251401835766004000400168
fffe00200390856c020c83bc004000800168
ffff001f03879850028dd340004000c00168
ffff001f03824000030ac318004001000168
0000001f0380000003857c8c004001400168
0001001f0380a00003ffa134004001800168
000200200383fc20047b05d8004001c00168
00030021038ac93c04f98a80004002000168
0004002403954cb0057d9bd8004002400168
0005002703a50a5c060bbe28002902800168
fffb002603b43f4c00ec66b2004000000169
fffd002203a0379c018364de004000400169
fffe002003928adc020ca3bc004000800169
ffff001f0389a000028ddaec004000c00169
ffff001f03844000030ac318004001000169
0000001f0381e1e803857c8c004001400169
0001001f0382800003ffa134004001800169
0002002003860000047b05d8004001c00169
00030021038cc93c04f973c0004002000169
0004002403976000057d8580004002400169
0005002703a72a5c060bbab8002902800169
fffb002603b43f4c00ec66b2004000000169
fffd002203a0379c018364de004000400169
fffe002003928adc020ca3bc004000800169
ffff001f0389a000028ddaec004000c00169
ffff001f03844000030ac318004001000169
0000001f0381e1e803857c8c004001400169
0001001f0382800003ffa134004001800169
0002002003860000047b05d8004001c00169
00030021038cc93c04f973c0004002000169
0004002403976000057d8580004002400169
0005002703a72a5c060bbab8002902800169
fffb002603b43f4c00ec66b2004000000169
fffd002203a0379c018364de004000400169
fffe002003928adc020ca3bc004000800169
ffff001f0389a000028ddaec004000c00169
ffff001f03844000030ac318004001000169
0000001f0381e1e803857c8c004001400169
0001001f0382800003ffa134004001800169
0002002003860000047b05d8004001c00169
00030021038cc93c04f973c0004002000169
0004002403976000057d8580004002400169
0005002703a72a5c060bbab8002902800169
fffb002603b43f4c00ec66b2004000000169
fffd002203a0379c018364de004000400169
fffe002003928adc020ca3bc004000800169
ffff001f0389a000028ddaec004000c00169
ffff001f03844000030ac318004001000169
0000001f0381e1e803857c8c004001400169
0001001f0382800003ffa134004001800169
0002002003860000047b05d8004001c00169
00030021038cc93c04f973c0004002000169
0004002403976000057d8580004002400169
0005002703a72a5c060bbab8002902800169
fffb002603b43f4c00ec66b2004000000169
fffd002203a0379c018364de004000400169
fffe002003928adc020ca3bc004000800169
ffff001f0389a000028ddaec004000c00169
ffff001f03844000030ac318004001000169
0000001f0381e1e803857c8c004001400169
0001001f0382800003ffa134004001800169
0002002003860000047b05d8004001c00169
00030021038cc93c04f973c0004002000169
0004002403976000057d8580004002400169
0005002703a72a5c060bbab8002902800169
fffb002603b43f4c00ec66b2004000000169
fffd002203a0379c018364de004000400169
fffe002003928adc020ca3bc004000800169
ffff001f0389a000028ddaec004000c00169
ffff001f03844000030ac318004001000169
0000001f0381e1e803857c8c004001400169
0001001f0382800003ffa134004001800169
0002002003860000047b05d8004001c00169
00030021038cc93c04f973c0004002000169
0004002403976000057d8580004002400169
0005002703a72a5c060bbab8002902800169
fffb002603b6be9800ec670c00400000016a
fffd002203a26514018364de00400040016a
fffe00200394a56c020ca3bc00400080016a
ffff001f038bb850028df340004000c0016a
ffff001f03862b34030ad7e400400100016a
0000001f0383e00003857c8c00400140016a
0001001f03848f0403ffa13400400180016a
000200200387fc20047b01f8004001c0016a
00030021038eb27804f96a8000400200016a
0004002403996cb0057d7bd800400240016a
0005002703a986e8060bbab800290280016a
fffb002603b6be9800ec670c00400000016a
fffd002203a26514018364de00400040016a
fffe00200394a56c020ca3bc00400080016a
ffff001f038bb850028df340004000c0016a
ffff001f03862b34030ad7e400400100016a
0000001f0383e00003857c8c00400140016a
0001001f03848f0403ffa13400400180016a
000200200387fc20047b01f8004001c0016a
00030021038eb27804f96a8000400200016a
0004002403996cb0057d7bd800400240016a
0005002703a986e8060bbab800290280016a
fffb002603b6be9800ec670c00400000016a
fffd002203a26514018364de00400040016a
fffe00200394a56c020ca3bc00400080016a
ffff001f038bb850028df340004000c0016a
ffff001f03862b34030ad7e400400100016a
0000001f0383e00003857c8c00400140016a
0001001f03848f0403ffa13400400180016a
000200200387fc20047b01f8004001c0016a
00030021038eb27804f96a8000400200016a
0004002403996cb0057d7bd800400240016a
0005002703a986e8060bbab800290280016a
fffb002603b6be9800ec670c00400000016a
fffd002203a26514018364de00400040016a
fffe00200394a56c020ca3bc00400080016a
ffff001f038bb850028df340004000c0016a
ffff001f03862b34030ad7e400400100016a
0000001f0383e00003857c8c00400140016a
0001001f03848f0403ffa13400400180016a
000200200387fc20047b01f8004001c0016a
00030021038eb27804f96a8000400200016a
0004002403996cb0057d7bd800400240016a
0005002703a986e8060bbab800290280016a
fffb002603b6be9800ec670c00400000016a
fffd002203a26514018364de00400040016a
fffe00200394a56c020ca3bc00400080016a
ffff001f038bb850028df340004000c0016a
ffff001f03862b34030ad7e400400100016a
0000001f0383e00003857c8c00400140016a
0001001f03848f0403ffa13400400180016a
000200200387fc20047b01f8004001c0016a
00030021038eb27804f96a8000400200016a
0004002403996cb0057d7bd800400240016a
0005002703a986e8060bbab800290280016a
fffb002603b6be9800ec670c00400000016a
fffd002203a26514018364de00400040016a
fffe00200394a56c020ca3bc00400080016a
ffff001f038bb850028df340004000c0016a
ffff001f03862b34030ad7e400400100016a
0000001f0383e00003857c8c00400140016a
0001001f03848f0403ffa13400400180016a
000200200387fc20047b01f8004001c0016a
00030021038eb27804f96a8000400200016a
0004002403996cb0057d7bd800400240016a
0005002703a986e8060bbab800290280016a
fffb002603b8def000ec86b200400000016b
fffd002203a485140183776600400040016b
fffe00200396aadc020cbe5000400080016b
ffff001f038d9850028df340004000c0016b
ffff001f03882000030ad7e400400100016b
0000001f0385de1803857c8c00400140016b
0001001f03866f0403ffa13400400180016b
000200200389dc20047b01f8004001c0016b
000300210390c93c04f96a8000400200016b
00040024039b8cb0057d5bd800400240016b
0005002703aba6e8060b9e2800290280016b
fffb002603b8def000ec86b200400000016b
fffd002203a485140183776600400040016b
fffe00200396aadc020cbe5000400080016b
ffff001f038d9850028df340004000c0016b
ffff001f03882000030ad7e400400100016b
0000001f0385de1803857c8c00400140016b
0001001f03866f0403ffa13400400180016b
000200200389dc20047b01f8004001c0016b
000300210390c93c04f96a8000400200016b
00040024039b8cb0057d5bd800400240016b
0005002703aba6e8060b9e2800290280016b
fffb002603b8def000ec86b200400000016b
fffd002203a485140183776600400040016b
fffe00200396aadc020cbe5000400080016b
ffff001f038d9850028df340004000c0016b
ffff001f03882000030ad7e400400100016b
0000001f0385de1803857c8c00400140016b
0001001f03866f0403ffa13400400180016b
000200200389dc20047b01f8004001c0016b
000300210390c93c04f96a8000400200016b
00040024039b8cb0057d5bd800400240016b
0005002703aba6e8060b9e2800290280016b
fffb002603b8def000ec86b200400000016b
fffd002203a485140183776600400040016b
fffe00200396aadc020cbe5000400080016b
ffff001f038d9850028df340004000c0016b
ffff001f03882000030ad7e400400100016b
0000001f0385de1803857c8c00400140016b
0001001f03866f0403ffa13400400180016b
000200200389dc20047b01f8004001c0016b
000300210390c93c04f96a8000400200016b
00040024039b8cb0057d5bd800400240016b
0005002703aba6e8060b9e2800290280016b
fffb002603b8def000ec86b200400000016b
fffd002203a485140183776600400040016b
fffe00200396aadc020cbe5000400080016b
ffff001f038d9850028df340004000c0016b
ffff001f03882000030ad7e400400100016b
0000001f0385de1803857c8c00400140016b
0001001f03866f0403ffa13400400180016b
000200200389dc20047b01f8004001c0016b
000300210390c93c04f96a8000400200016b
00040024039b8cb0057d5bd800400240016b
0005002703aba6e8060b9e2800290280016b
fffb002603b8def000ec86b200400000016b
fffd002203a485140183776600400040016b
fffe00200396aadc020cbe5000400080016b
ffff001f038d9850028df340004000c0016b
ffff001f03882000030ad7e400400100016b
0000001f0385de1803857c8c00400140016b
0001001f03866f0403ffa13400400180016b
000200200389dc20047b01f8004001c0016b
000300210390c93c04f96a8000400200016b
00040024039b8cb0057d5bd800400240016b
0005002703aba6e8060b9e2800290280016b
fffb002603bb1ef000ec870c00400000016c
fffd002203a6a514018384de00400040016c
fffe00200398aadc020cc3bc00400080016c
ffff001f038fa000028e1340004000c0016c
ffff001f038a2000030ad7e400400100016c
0000001f0387e00003857c8c00400140016c
0001001f038870fc03ffa13400400180016c
00020020038bfc20047ae5d8004001c0016c
000300210392c93c04f94a8000400200016c
00040024039d8cb0057d5bd800400240016c
0005002703ade6e8060b9ab800290280016c
fffb002603bb1ef000ec870c00400000016c
fffd002203a6a514018384de00400040016c
fffe00200398aadc020cc3bc00400080016c
ffff001f038fa000028e1340004000c0016c
ffff001f038a2000030ad7e400400100016c
0000001f0387e00003857c8c00400140016c
0001001f038870fc03ffa13400400180016c
00020020038bfc20047ae5d8004001c0016c
000300210392c93c04f94a8000400200016c
00040024039d8cb0057d5bd800400240016c
0005002703ade6e8060b9ab800290280016c
fffb002603bb1ef000ec870c00400000016c
fffd002203a6a514018384de00400040016c
fffe00200398aadc020cc3bc00400080016c
ffff001f038fa000028e1340004000c0016c
ffff001f038a2000030ad7e400400100016c
0000001f0387e00003857c8c00400140016c
0001001f038870fc03ffa13400400180016c
00020020038bfc20047ae5d8004001c0016c
000300210392c93c04f94a8000400200016c
00040024039d8cb0057d5bd800400240016c
0005002703ade6e8060b9ab800290280016c
fffb002603bb1ef000ec870c00400000016c
fffd002203a6a514018384de00400040016c
fffe00200398aadc020cc3bc00400080016c
ffff001f038fa000028e1340004000c0016c
ffff001f038a2000030ad7e400400100016c
0000001f0387e00003857c8c00400140016c
0001001f038870fc03ffa13400400180016c
00020020038bfc20047ae5d8004001c0016c
000300210392c93c04f94a8000400200016c
00040024039d8cb0057d5bd800400240016c
0005002703ade6e8060b9ab800290280016c
fffb002603bb1ef000ec870c00400000016c
fffd002203a6a514018384de00400040016c
fffe00200398aadc020cc3bc00400080016c
ffff001f038fa000028e1340004000c0016c
ffff001f038a2000030ad7e400400100016c
0000001f0387e00003857c8c00400140016c
0001001f038870fc03ffa13400400180016c
00020020038bfc20047ae5d8004001c0016c
000300210392c93c04f94a8000400200016c
00040024039d8cb0057d5bd800400240016c
0005002703ade6e8060b9ab800290280016c
fffb002603bb1ef000ec870c00400000016c
fffd002203a6a514018384de00400040016c
fffe00200398aadc020cc3bc00400080016c
ffff001f038fa000028e1340004000c0016c
ffff001f038a2000030ad7e400400100016c
0000001f0387e00003857c8c00400140016c
0001001f038870fc03ffa13400400180016c
00020020038bfc20047ae5d8004001c0016c
000300210392c93c04f94a8000400200016c
00040024039d8cb0057d5bd800400240016c
0005002703ade6e8060b9ab800290280016c
fffb002603bd5ef000ec870c00400000016d
fffc002203a8c514018384de00400040016d
fffe0020039ac56c020cc3bc00400080016d
ffff001f03919850028e1340004000c0016d
ffff001f038c0b34030ae31800400100016d
0000001f0389c00003857c8c00400140016d
0001001f038a600003ffa13400400180016d
00020020038ddc20047ae5d8004001c0016d
000300210394a93c04f94a8000400200016d
00040024039facb0057d5bd800400240016d
0006002703b006e8060b9ab800290280016d
fffb002603bd5ef000ec870c00400000016d
fffc002203a8c514018384de00400040016d
fffe0020039ac56c020cc3bc00400080016d
ffff001f03919850028e1340004000c0016d
ffff001f038c0b34030ae31800400100016d
0000001f0389c00003857c8c00400140016d
0001001f038a600003ffa13400400180016d
00020020038ddc20047ae5d8004001c0016d
000300210394a93c04f94a8000400200016d
00040024039facb0057d5bd800400240016d
0006002703b006e8060b9ab800290280016d
fffb002603bd5ef000ec870c00400000016d
fffc002203a8c514018384de00400040016d
fffe0020039ac56c020cc3bc00400080016d
ffff001f03919850028e1340004000c0016d
ffff001f038c0b34030ae31800400100016d
0000001f0389c00003857c8c00400140016d
0001001f038a600003ffa13400400180016d
00020020038ddc20047ae5d8004001c0016d
000300210394a93c04f94a8000400200016d
00040024039facb0057d5bd800400240016d
0006002703b006e8060b9ab800290280016d
fffb002603bd5ef000ec870c00400000016d
fffc002203a8c514018384de00400040016d
fffe0020039ac56c020cc3bc00400080016d
ffff001f03919850028e1340004000c0016d
ffff001f038c0b34030ae31800400100016d
0000001f0389c00003857c8c00400140016d
0001001f038a600003ffa13400400180016d
00020020038ddc20047ae5d8004001c0016d
000300210394a93c04f94a8000400200016d
00040024039facb0057d5bd800400240016d
0006002703b006e8060b9ab800290280016d
fffb002603bd5ef000ec870c00400000016d
fffc002203a8c514018384de00400040016d
fffe0020039ac56c020cc3bc00400080016d
ffff001f03919850028e1340004000c0016d
ffff001f038c0b34030ae31800400100016d
0000001f0389c00003857c8c00400140016d
0001001f038a600003ffa13400400180016d
00020020038ddc20047ae5d8004001c0016d
000300210394a93c04f94a8000400200016d
00040024039facb0057d5bd800400240016d
0006002703b006e8060b9ab800290280016d
fffb002603bd5ef000ec870c00400000016d
fffc002203a8c514018384de00400040016d
fffe0020039ac56c020cc3bc00400080016d
ffff001f03919850028e1340004000c0016d
ffff001f038c0b34030ae31800400100016d
0000001f0389c00003857c8c00400140016d
0001001f038a600003ffa13400400180016d
00020020038ddc20047ae5d8004001c0016d
000300210394a93c04f94a8000400200016d
00040024039facb0057d5bd800400240016d
0006002703b006e8060b9ab800290280016d
fffb002603bfbe9800eca6b200400000016e
fffc002203aaf2880183a4de00400040016e
fffe0020039ce56c020ce3bc00400080016e
ffff001f03937850028e1aec004000c0016e
ffff001f038e0000030ae31800400100016e
0000001f038ba00003857c8c00400140016e
0001001f038c400003ff923000400180016e
00020020038fc000047ae1f8004001c0016e
000300210396c00004f933c000400200016e
0004002403a1b658057d3bd800400240016e
0006002703b22a5c060b7ab800290280016e
fffb002603bfbe9800eca6b200400000016e
fffc002203aaf2880183a4de00400040016e
fffe0020039ce56c020ce3bc00400080016e
ffff001f03937850028e1aec004000c0016e
ffff001f038e0000030ae31800400100016e
0000001f038ba00003857c8c00400140016e
0001001f038c400003ff923000400180016e
00020020038fc000047ae1f8004001c0016e
000300210396c00004f933c000400200016e
0004002403a1b658057d3bd800400240016e
0006002703b22a5c060b7ab800290280016e
fffb002603bfbe9800eca6b200400000016e
fffc002203aaf2880183a4de00400040016e
fffe0020039ce56c020ce3bc00400080016e
ffff001f03937850028e1aec004000c0016e
ffff001f038e0000030ae31800400100016e
0000001f038ba00003857c8c00400140016e
0001001f038c400003ff923000400180016e
00020020038fc000047ae1f8004001c0016e
000300210396c00004f933c000400200016e
0004002403a1b658057d3bd800400240016e
0006002703b22a5c060b7ab800290280016e
fffb002603bfbe9800eca6b200400000016e
fffc002203aaf2880183a4de00400040016e
fffe0020039ce56c020ce3bc00400080016e
ffff001f03937850028e1aec004000c0016e
ffff001f038e0000030ae31800400100016e
0000001f038ba00003857c8c00400140016e
0001001f038c400003ff923000400180016e
00020020038fc000047ae1f8004001c0016e
000300210396c00004f933c000400200016e
0004002403a1b658057d3bd800400240016e
0006002703b22a5c060b7ab800290280016e
fffb002603bfbe9800eca6b200400000016e
fffc002203aaf2880183a4de00400040016e
fffe0020039ce56c020ce3bc00400080016e
ffff001f03937850028e1aec004000c0016e
ffff001f038e0000030ae31800400100016e
0000001f038ba00003857c8c00400140016e
0001001f038c400003ff923000400180016e
00020020038fc000047ae1f8004001c0016e
000300210396c00004f933c000400200016e
0004002403a1b658057d3bd800400240016e
0006002703b22a5c060b7ab800290280016e
fffb002603bfbe9800eca6b200400000016e
fffc002203aaf2880183a4de00400040016e
fffe0020039ce56c020ce3bc00400080016e
ffff001f03937850028e1aec004000c0016e
ffff001f038e0000030ae31800400100016e
0000001f038ba00003857c8c00400140016e
0001001f038c400003ff923000400180016e
00020020038fc000047ae1f8004001c0016e
000300210396c00004f933c000400200016e
0004002403a1b658057d3bd800400240016e
0006002703b22a5c060b7ab800290280016e
fffb002603c1fe9800eca70c00400000016f
fffc002203ad12880183b76600400040016f
fffe0020039eeadc020ce3bc00400080016f
ffff001f03958000028e1aec004000c0016f
ffff001f03900000030af7e400400100016f
0000001f038da00003857c8c00400140016f
0001001f038e400003ff923000400180016f
000200200391dc20047ae1f8004001c0016f
000300210398c93c04f92a8000400200016f
0004002403a3d658057d3bd800400240016f
0006002703b44a5c060b7ab800290280016f
fffb002603c1fe9800eca70c00400000016f
fffc002203ad12880183b76600400040016f
fffe0020039eeadc020ce3bc00400080016f
ffff001f03958000028e1aec004000c0016f
ffff001f03900000030af7e400400100016f
0000001f038da00003857c8c00400140016f
0001001f038e400003ff923000400180016f
000200200391dc20047ae1f8004001c0016f
000300210398c93c04f92a8000400200016f
0004002403a3d658057d3bd800400240016f
0006002703b44a5c060b7ab800290280016f
fffb002603c1fe9800eca70c00400000016f
fffc002203ad12880183b76600400040016f
fffe0020039eeadc020ce3bc00400080016f
ffff001f03958000028e1aec004000c0016f
ffff001f03900000030af7e400400100016f
0000001f038da00003857c8c00400140016f
0001001f038e400003ff923000400180016f
000200200391dc20047ae1f8004001c0016f
000300210398c93c04f92a8000400200016f
0004002403a3d658057d3bd800400240016f
0006002703b44a5c060b7ab800290280016f
fffb002603c1fe9800eca70c00400000016f
fffc002203ad12880183b76600400040016f
fffe0020039eeadc020ce3bc00400080016f
ffff001f03958000028e1aec004000c0016f
ffff001f03900000030af7e400400100016f
0000001f038da00003857c8c00400140016f
0001001f038e400003ff923000400180016f
000200200391dc20047ae1f8004001c0016f
000300210398c93c04f92a8000400200016f
0004002403a3d658057d3bd800400240016f
0006002703b44a5c060b7ab800290280016f
fffb002603c1fe9800eca70c00400000016f
fffc002203ad12880183b76600400040016f
fffe0020039eeadc020ce3bc00400080016f
ffff001f03958000028e1aec004000c0016f
ffff001f03900000030af7e400400100016f
0000001f038da00003857c8c00400140016f
0001001f038e400003ff923000400180016f
000200200391dc20047ae1f8004001c0016f
000300210398c93c04f92a8000400200016f
0004002403a3d658057d3bd800400240016f
0006002703b44a5c060b7ab800290280016f
fffb002603c1fe9800eca70c00400000016f
fffc002203ad12880183b76600400040016f
fffe0020039eeadc020ce3bc00400080016f
ffff001f03958000028e1aec004000c0016f
ffff001f03900000030af7e400400100016f
0000001f038da00003857c8c00400140016f
0001001f038e400003ff923000400180016f
000200200391dc20047ae1f8004001c0016f
000300210398c93c04f92a8000400200016f
0004002403a3d658057d3bd800400240016f
0006002703b44a5c060b7ab800290280016f
fffb002603c41ef000ecc6b2004000000170
fffc002203af25140183c4de004000400170
fffe002003a0eadc020ce3bc004000800170
ffff001f03979850028e3340004000c00170
ffff001f0391eb34030af7e4004001000170
0000001f038f800003857c8c004001400170
0001001f03902f0403ff9230004001800170
000200200393bc20047ae1f8004001c00170
00030021039ac93c04f92a80004002000170
0004002303a5d658057d3bd8004002400170
0006002703b68a5c060b5e28002902800170
fffb002603c41ef000ecc6b2004000000170
fffc002203af25140183c4de004000400170
fffe002003a0eadc020ce3bc004000800170
ffff001f03979850028e3340004000c00170
ffff001f0391eb34030af7e4004001000170
0000001f038f800003857c8c004001400170
0001001f03902f0403ff9230004001800170
000200200393bc20047ae1f8004001c00170
00030021039ac93c04f92a80004002000170
0004002303a5d658057d3bd8004002400170
0006002703b68a5c060b5e28002902800170
fffb002603c41ef000ecc6b2004000000170
fffc002203af25140183c4de004000400170
fffe002003a0eadc020ce3bc004000800170
ffff001f03979850028e3340004000c00170
ffff001f0391eb34030af7e4004001000170
0000001f038f800003857c8c004001400170
0001001f03902f0403ff9230004001800170
000200200393bc20047ae1f8004001c00170
00030021039ac93c04f92a80004002000170
0004002303a5d658057d3bd8004002400170
0006002703b68a5c060b5e28002902800170
fffb002603c41ef000ecc6b2004000000170
fffc002203af25140183c4de004000400170
fffe002003a0eadc020ce3bc004000800170
ffff001f03979850028e3340004000c00170
ffff001f0391eb34030af7e4004001000170
0000001f038f800003857c8c004001400170
0001001f03902f0403ff9230004001800170
000200200393bc20047ae1f8004001c00170
00030021039ac93c04f92a80004002000170
0004002303a5d658057d3bd8004002400170
0006002703b68a5c060b5e28002902800170
fffb002603c41ef000ecc6b2004000000170
fffc002203af25140183c4de004000400170
fffe002003a0eadc020ce3bc004000800170
ffff001f03979850028e3340004000c00170
ffff001f0391eb34030af7e4004001000170
0000001f038f800003857c8c004001400170
0001001f03902f0403ff9230004001800170
000200200393bc20047ae1f8004001c00170
00030021039ac93c04f92a80004002000170
0004002303a5d658057d3bd8004002400170
0006002703b68a5c060b5e28002902800170
fffb002603c41ef000ecc6b2004000000170
fffc002203af25140183c4de004000400170
fffe002003a0eadc020ce3bc004000800170
ffff001f03979850028e3340004000c00170
ffff001f0391eb34030af7e4004001000170
0000001f038f800003857c8c004001400170
0001001f03902f0403ff9230004001800170
000200200393bc20047ae1f8004001c00170
00030021039ac93c04f92a80004002000170
0004002303a5d658057d3bd8004002400170
0006002703b68a5c060b5e28002902800170
fffb002603c65ef000ecc6b2004000000171
fffc002203b1579c0183c4de004000400171
fffe002003a2eadc020d03bc004000800171
ffff001f03997850028e3340004000c00171
ffff001f0393e000030af7e4004001000171
0000001f03917e1803857c8c004001400171
0001001f0392200003ff8134004001800171
000200200395bc20047ac5d8004001c00171
00030021039cb27804f913c0004002000171
0004002403a80cb0057d1bd8004002400171
0006002703b8aa5c060b5ab8002902800171
fffb002603c65ef000ecc6b2004000000171
fffc002203b1579c0183c4de004000400171
fffe002003a2eadc020d03bc004000800171
ffff001f03997850028e3340004000c00171
ffff001f0393e000030af7e4004001000171
0000001f03917e1803857c8c004001400171
0001001f0392200003ff8134004001800171
000200200395bc20047ac5d8004001c00171
00030021039cb27804f913c0004002000171
0004002403a80cb0057d1bd8004002400171
0006002703b8aa5c060b5ab8002902800171
fffb002603c65ef000ecc6b2004000000171
fffc002203b1579c0183c4de004000400171
fffe002003a2eadc020d03bc004000800171
ffff001f03997850028e3340004000c00171
ffff001f0393e000030af7e4004001000171
0000001f03917e1803857c8c004001400171
0001001f0392200003ff8134004001800171
000200200395bc20047ac5d8004001c00171
00030021039cb27804f913c0004002000171
0004002403a80cb0057d1bd8004002400171
0006002703b8aa5c060b5ab8002902800171
fffb002603c65ef000ecc6b2004000000171
fffc002203b1579c0183c4de004000400171
fffe002003a2eadc020d03bc004000800171
ffff001f03997850028e3340004000c00171
ffff001f0393e000030af7e4004001000171
0000001f03917e1803857c8c004001400171
0001001f0392200003ff8134004001800171
000200200395bc20047ac5d8004001c00171
00030021039cb27804f913c0004002000171
0004002403a80cb0057d1bd8004002400171
0006002703b8aa5c060b5ab8002902800171
fffb002603c65ef000ecc6b2004000000171
fffc002203b1579c0183c4de004000400171
fffe002003a2eadc020d03bc004000800171
ffff001f03997850028e3340004000c00171
ffff001f0393e000030af7e4004001000171
0000001f03917e1803857c8c004001400171
0001001f0392200003ff8134004001800171
000200200395bc20047ac5d8004001c00171
00030021039cb27804f913c0004002000171
0004002403a80cb0057d1bd8004002400171
0006002703b8aa5c060b5ab8002902800171
fffb002603c65ef000ecc6b2004000000171
fffc002203b1579c0183c4de004000400171
fffe002003a2eadc020d03bc004000800171
ffff001f03997850028e3340004000c00171
ffff001f0393e000030af7e4004001000171
0000001f03917e1803857c8c004001400171
0001001f0392200003ff8134004001800171
000200200395bc20047ac5d8004001c00171
00030021039cb27804f913c0004002000171
0004002403a80cb0057d1bd8004002400171
0006002703b8aa5c060b5ab8002902800171
fffb002603c8be9800ecc70c004000000172
fffc002203b3779c0183d766004000400172
fffe002003a50adc020d03bc004000800172
ffff001f039b7850028e3aec004000c00172
ffff001f0395e000030b0318004001000172
0000001f0393800003857c8c004001400172
0001001f0394200003ff8134004001800172
000200200397a000047ac5d8004001c00172
00030021039ec93c04f90a80004002000172
0004002403aa2308057d1bd8004002400172
0006002703baea5c060b5ab8002902800172
fffb002603c8be9800ecc70c004000000172
fffc002203b3779c0183d766004000400172
fffe002003a50adc020d03bc004000800172
ffff001f039b7850028e3aec004000c00172
ffff001f0395e000030b0318004001000172
0000001f0393800003857c8c004001400172
0001001f0394200003ff8134004001800172
000200200397a000047ac5d8004001c00172
00030021039ec93c04f90a80004002000172
0004002403aa2308057d1bd8004002400172
0006002703baea5c060b5ab8002902800172
fffb002603c8be9800ecc70c004000000172
fffc002203b3779c0183d766004000400172
fffe002003a50adc020d03bc004000800172
ffff001f039b7850028e3aec004000c00172
ffff001f0395e000030b0318004001000172
0000001f0393800003857c8c004001400172
0001001f0394200003ff8134004001800172
000200200397a000047ac5d8004001c00172
00030021039ec93c04f90a80004002000172
0004002403aa2308057d1bd8004002400172
0006002703baea5c060b5ab8002902800172
fffb002603c8be9800ecc70c004000000172
fffc002203b3779c0183d766004000400172
fffe002003a50adc020d03bc004000800172
ffff001f039b7850028e3aec004000c00172
ffff001f0395e000030b0318004001000172
0000001f0393800003857c8c004001400172
0001001f0394200003ff8134004001800172
000200200397a000047ac5d8004001c00172
00030021039ec93c04f90a80004002000172
0004002403aa2308057d1bd8004002400172
0006002703baea5c060b5ab8002902800172
fffb002603c8be9800ecc70c004000000172
fffc002203b3779c0183d766004000400172
fffe002003a50adc020d03bc004000800172
ffff001f039b7850028e3aec004000c00172
ffff001f0395e000030b0318004001000172
0000001f0393800003857c8c004001400172
0001001f0394200003ff8134004001800172
000200200397a000047ac5d8004001c00172
00030021039ec93c04f90a80004002000172
0004002403aa2308057d1bd8004002400172
0006002703baea5c060b5ab8002902800172
fffb002603c8be9800ecc70c004000000172
fffc002203b3779c0183d766004000400172
fffe002003a50adc020d03bc004000800172
ffff001f039b7850028e3aec004000c00172
ffff001f0395e000030b0318004001000172
0000001f0393800003857c8c004001400172
0001001f0394200003ff8134004001800172
000200200397a000047ac5d8004001c00172
00030021039ec93c04f90a80004002000172
0004002403aa2308057d1bd8004002400172
0006002703baea5c060b5ab8002902800172
fffb002603cafe9800ecc70c004000000173
fffc002203b5979c0183e4de004000400173
fffe002003a7056c020d23bc004000800173
ffff001f039d8000028e5340004000c00173
ffff001f0397cb34030b0318004001000173
0000001f0395600003857c8c004001400173
0001001f0396000003ff8134004001800173
000200200399bc20047ac1f8004001c00173
0003002103a0c93c04f90a80004002000173
0004002403ac1658057cfbd8004002400173
0006002703bd0a5c060b3e28002902800173
fffb002603cafe9800ecc70c004000000173
fffc002203b5979c0183e4de004000400173
fffe002003a7056c020d23bc004000800173
ffff001f039d8000028e5340004000c00173
ffff001f0397cb34030b0318004001000173
0000001f0395600003857c8c004001400173
0001001f0396000003ff8134004001800173
000200200399bc20047ac1f8004001c00173
0003002103a0c93c04f90a80004002000173
0004002403ac1658057cfbd8004002400173
0006002703bd0a5c060b3e28002902800173
fffb002603cafe9800ecc70c004000000173
fffc002203b5979c0183e4de004000400173
fffe002003a7056c020d23bc004000800173
ffff001f039d8000028e5340004000c00173
ffff001f0397cb34030b0318004001000173
0000001f0395600003857c8c004001400173
0001001f0396000003ff8134004001800173
000200200399bc20047ac1f8004001c00173
0003002103a0c93c04f90a80004002000173
0004002403ac1658057cfbd8004002400173
0006002703bd0a5c060b3e28002902800173
fffb002603cafe9800ecc70c004000000173
fffc002203b5979c0183e4de004000400173
fffe002003a7056c020d23bc004000800173
ffff001f039d8000028e5340004000c00173
ffff001f0397cb34030b0318004001000173
0000001f0395600003857c8c004001400173
0001001f0396000003ff8134004001800173
000200200399bc20047ac1f8004001c00173
0003002103a0c93c04f90a80004002000173
0004002403ac1658057cfbd8004002400173
0006002703bd0a5c060b3e28002902800173
fffb002603cafe9800ecc70c004000000173
fffc002203b5979c0183e4de004000400173
fffe002003a7056c020d23bc004000800173
ffff001f039d8000028e5340004000c00173
ffff001f0397cb34030b0318004001000173
0000001f0395600003857c8c004001400173
0001001f0396000003ff8134004001800173
000200200399bc20047ac1f8004001c00173
0003002103a0c93c04f90a80004002000173
0004002403ac1658057cfbd8004002400173
0006002703bd0a5c060b3e28002902800173
fffb002603cafe9800ecc70c004000000173
fffc002203b5979c0183e4de004000400173
fffe002003a7056c020d23bc004000800173
ffff001f039d8000028e5340004000c00173
ffff001f0397cb34030b0318004001000173
0000001f0395600003857c8c004001400173
0001001f0396000003ff8134004001800173
000200200399bc20047ac1f8004001c00173
0003002103a0c93c04f90a80004002000173
0004002403ac1658057cfbd8004002400173
0006002703bd0a5c060b3e28002902800173
fffb002603cd3e9800ece6b2004000000174
fffc002203b7b79c0183e4de004000400174
fffe002003a92000020d23bc004000800174
ffff001f039f6000028e5340004000c00174
ffff001f0399ab34030b17e4004001000174
0000001f0397400003857c8c004001400174
0001001f0397e00003ff8134004001800174
00020020039b9c20047ac1f8004001c00174
0003002103a2c93c04f8f3c0004002000174
0004002403ae2cb0057cfbd8004002400174
0006002703bf46e8060b3ab8002902800174
fffb002603cd3e9800ece6b2004000000174
fffc002203b7b79c0183e4de004000400174
fffe002003a92000020d23bc004000800174
ffff001f039f6000028e5340004000c00174
ffff001f0399ab34030b17e4004001000174
0000001f0397400003857c8c004001400174
0001001f0397e00003ff8134004001800174
00020020039b9c20047ac1f8004001c00174
0003002103a2c93c04f8f3c0004002000174
0004002403ae2cb0057cfbd8004002400174
0006002703bf46e8060b3ab8002902800174
fffb002603cd3e9800ece6b2004000000174
fffc002203b7b79c0183e4de004000400174
fffe002003a92000020d23bc004000800174
ffff001f039f6000028e5340004000c00174
ffff001f0399ab34030b17e4004001000174
0000001f0397400003857c8c004001400174
0001001f0397e00003ff8134004001800174
00020020039b9c20047ac1f8004001c00174
0003002103a2c93c04f8f3c0004002000174
0004002403ae2cb0057cfbd8004002400174
0006002703bf46e8060b3ab8002902800174
fffb002603cd3e9800ece6b2004000000174
fffc002203b7b79c0183e4de004000400174
fffe002003a92000020d23bc004000800174
ffff001f039f6000028e5340004000c00174
ffff001f0399ab34030b17e4004001000174
0000001f0397400003857c8c004001400174
0001001f0397e00003ff8134004001800174
00020020039b9c20047ac1f8004001c00174
0003002103a2c93c04f8f3c0004002000174
0004002403ae2cb0057cfbd8004002400174
0006002703bf46e8060b3ab8002902800174
fffb002603cd3e9800ece6b2004000000174
fffc002203b7b79c0183e4de004000400174
fffe002003a92000020d23bc004000800174
ffff001f039f6000028e5340004000c00174
ffff001f0399ab34030b17e4004001000174
0000001f0397400003857c8c004001400174
0001001f0397e00003ff8134004001800174
00020020039b9c20047ac1f8004001c00174
0003002103a2c93c04f8f3c0004002000174
0004002403ae2cb0057cfbd8004002400174
0006002703bf46e8060b3ab8002902800174
fffb002603cd3e9800ece6b2004000000174
fffc002203b7b79c0183e4de004000400174
fffe002003a92000020d23bc004000800174
ffff001f039f6000028e5340004000c00174
ffff001f0399ab34030b17e4004001000174
0000001f0397400003857c8c004001400174
0001001f0397e00003ff8134004001800174
00020020039b9c20047ac1f8004001c00174
0003002103a2c93c04f8f3c0004002000174
0004002403ae2cb0057cfbd8004002400174
0006002703bf46e8060b3ab8002902800174
fffb002603cf5f4c00ece70c004000000175
fffc002203b9d79c018404de004000400175
fffe002003ab0adc020d43bc004000800175
ffff001f03a17850028e5aec004000c00175
ffff001f039ba000030b17e4004001000175
0000001e0399400003859aa4004001400175
0001001f0399e00003ff8134004001800175
00020020039d7c20047aa5d8004001c00175
0003002103a4c93c04f8ea80004002000175
0004002403b03658057cdbd8004002400175
0006002703c14a5c060b1e28002902800175
fffb002603cf5f4c00ece70c004000000175
fffc002203b9d79c018404de004000400175
fffe002003ab0adc020d43bc004000800175
ffff001f03a17850028e5aec004000c00175
ffff001f039ba000030b17e4004001000175
0000001e0399400003859aa4004001400175
0001001f0399e00003ff8134004001800175
00020020039d7c20047aa5d8004001c00175
0003002103a4c93c04f8ea80004002000175
0004002403b03658057cdbd8004002400175
0006002703c14a5c060b1e28002902800175
fffb002603cf5f4c00ece70c004000000175
fffc002203b9d79c018404de004000400175
fffe002003ab0adc020d43bc004000800175
ffff001f03a17850028e5aec004000c00175
ffff001f039ba000030b17e4004001000175
0000001e0399400003859aa4004001400175
0001001f0399e00003ff8134004001800175
00020020039d7c20047aa5d8004001c00175
0003002103a4c93c04f8ea80004002000175
0004002403b03658057cdbd8004002400175
0006002703c14a5c060b1e28002902800175
fffb002603cf5f4c00ece70c004000000175
fffc002203b9d79c018404de004000400175
fffe002003ab0adc020d43bc004000800175
ffff001f03a17850028e5aec004000c00175
ffff001f039ba000030b17e4004001000175
0000001e0399400003859aa4004001400175
0001001f0399e00003ff8134004001800175
00020020039d7c20047aa5d8004001c00175
0003002103a4c93c04f8ea80004002000175
0004002403b03658057cdbd8004002400175
0006002703c14a5c060b1e28002902800175
fffb002603cf5f4c00ece70c004000000175
fffc002203b9d79c018404de004000400175
fffe002003ab0adc020d43bc004000800175
ffff001f03a17850028e5aec004000c00175
ffff001f039ba000030b17e4004001000175
0000001e0399400003859aa4004001400175
0001001f0399e00003ff8134004001800175
00020020039d7c20047aa5d8004001c00175
0003002103a4c93c04f8ea80004002000175
0004002403b03658057cdbd8004002400175
0006002703c14a5c060b1e28002902800175
fffb002603cf5f4c00ece70c004000000175
fffc002203b9d79c018404de004000400175
fffe002003ab0adc020d43bc004000800175
ffff001f03a17850028e5aec004000c00175
ffff001f039ba000030b17e4004001000175
0000001e0399400003859aa4004001400175
0001001f0399e00003ff8134004001800175
00020020039d7c20047aa5d8004001c00175
0003002103a4c93c04f8ea80004002000175
0004002403b03658057cdbd8004002400175
0006002703c14a5c060b1e28002902800175
fffb002603d1be9800ed06b2004000000176
fffc002203bbf79c01841766004000400176
fffe002003ad2adc020d43bc004000800176
ffff001f03a37850028e7340004000c00176
ffff001f039da000030b17e4004001000176
0000001e039b200003859aa4004001400176
0001001f039bcf0403ff8134004001800176
00020020039f8000047aa5d8004001c00176
0003002103a6c93c04f8ea80004002000176
0004002403b24cb0057cdbd8004002400176
0006002703c38a5c060b1ab8002902800176
fffb002603d1be9800ed06b2004000000176
fffc002203bbf79c01841766004000400176
fffe002003ad2adc020d43bc004000800176
ffff001f03a37850028e7340004000c00176
ffff001f039da000030b17e4004001000176
0000001e039b200003859aa4004001400176
0001001f039bcf0403ff8134004001800176
00020020039f8000047aa5d8004001c00176
0003002103a6c93c04f8ea80004002000176
0004002403b24cb0057cdbd8004002400176
0006002703c38a5c060b1ab8002902800176
fffb002603d1be9800ed06b2004000000176
fffc002203bbf79c01841766004000400176
fffe002003ad2adc020d43bc004000800176
ffff001f03a37850028e7340004000c00176
ffff001f039da000030b17e4004001000176
0000001e039b200003859aa4004001400176
0001001f039bcf0403ff8134004001800176
00020020039f8000047aa5d8004001c00176
0003002103a6c93c04f8ea80004002000176
0004002403b24cb0057cdbd8004002400176
0006002703c38a5c060b1ab8002902800176
fffb002603d1be9800ed06b2004000000176
fffc002203bbf79c01841766004000400176
fffe002003ad2adc020d43bc004000800176
ffff001f03a37850028e7340004000c00176
ffff001f039da000030b17e4004001000176
0000001e039b200003859aa4004001400176
0001001f039bcf0403ff8134004001800176
00020020039f8000047aa5d8004001c00176
0003002103a6c93c04f8ea80004002000176
0004002403b24cb0057cdbd8004002400176
0006002703c38a5c060b1ab8002902800176
fffb002603d1be9800ed06b2004000000176
fffc002203bbf79c01841766004000400176
fffe002003ad2adc020d43bc004000800176
ffff001f03a37850028e7340004000c00176
ffff001f039da000030b17e4004001000176
0000001e039b200003859aa4004001400176
0001001f039bcf0403ff8134004001800176
00020020039f8000047aa5d8004001c00176
0003002103a6c93c04f8ea80004002000176
0004002403b24cb0057cdbd8004002400176
0006002703c38a5c060b1ab8002902800176
fffb002603d1be9800ed06b2004000000176
fffc002203bbf79c01841766004000400176
fffe002003ad2adc020d43bc004000800176
ffff001f03a37850028e7340004000c00176
ffff001f039da000030b17e4004001000176
0000001e039b200003859aa4004001400176
0001001f039bcf0403ff8134004001800176
00020020039f8000047aa5d8004001c00176
0003002103a6c93c04f8ea80004002000176
0004002403b24cb0057cdbd8004002400176
0006002703c38a5c060b1ab8002902800176
fffa002603d3fe9800ed070c004000000177
fffc002203be051401841766004000400177
fffe002003af2adc020d43bc004000800177
ffff001f03a55850028e7340004000c00177
ffff001f039f8b34030b2318004001000177
0000001e039d000003859aa4004001400177
0001001f039dc00003ff8134004001800177
0002002003a17c20047aa1f8004001c00177
0003002103a8c93c04f8ea80004002000177
0004002403b45658057cdbd8004002400177
0006002703c5c6e8060afe28002902800177
fffa002603d3fe9800ed070c004000000177
fffc002203be051401841766004000400177
fffe002003af2adc020d43bc004000800177
ffff001f03a55850028e7340004000c00177
ffff001f039f8b34030b2318004001000177
0000001e039d000003859aa4004001400177
0001001f039dc00003ff8134004001800177
0002002003a17c20047aa1f8004001c00177
0003002103a8c93c04f8ea80004002000177
0004002403b45658057cdbd8004002400177
0006002703c5c6e8060afe28002902800177
fffa002603d3fe9800ed070c004000000177
fffc002203be051401841766004000400177
fffe002003af2adc020d43bc004000800177
ffff001f03a55850028e7340004000c00177
ffff001f039f8b34030b2318004001000177
0000001e039d000003859aa4004001400177
0001001f039dc00003ff8134004001800177
0002002003a17c20047aa1f8004001c00177
0003002103a8c93c04f8ea80004002000177
0004002403b45658057cdbd8004002400177
0006002703c5c6e8060afe28002902800177
fffa002603d3fe9800ed070c004000000177
fffc002203be051401841766004000400177
fffe002003af2adc020d43bc004000800177
ffff001f03a55850028e7340004000c00177
ffff001f039f8b34030b2318004001000177
0000001e039d000003859aa4004001400177
0001001f039dc00003ff8134004001800177
0002002003a17c20047aa1f8004001c00177
0003002103a8c93c04f8ea80004002000177
0004002403b45658057cdbd8004002400177
0006002703c5c6e8060afe28002902800177
fffa002603d3fe9800ed070c004000000177
fffc002203be051401841766004000400177
fffe002003af2adc020d43bc004000800177
ffff001f03a55850028e7340004000c00177
ffff001f039f8b34030b2318004001000177
0000001e039d000003859aa4004001400177
0001001f039dc00003ff8134004001800177
0002002003a17c20047aa1f8004001c00177
0003002103a8c93c04f8ea80004002000177
0004002403b45658057cdbd8004002400177
0006002703c5c6e8060afe28002902800177
fffa002603d3fe9800ed070c004000000177
fffc002203be051401841766004000400177
fffe002003af2adc020d43bc004000800177
ffff001f03a55850028e7340004000c00177
ffff001f039f8b34030b2318004001000177
0000001e039d000003859aa4004001400177
0001001f039dc00003ff8134004001800177
0002002003a17c20047aa1f8004001c00177
0003002103a8c93c04f8ea80004002000177
0004002403b45658057cdbd8004002400177
0006002703c5c6e8060afe28002902800177
fffa002603d63e9800ed070c004000000178
fffc002203c02514018424de004000400178
fffe002003b12adc020d63bc004000800178
ffff001f03a76000028e7aec004000c00178
ffff001f03a18000030b2318004001000178
0000001e039f1e1803859aa4004001400178
0001001f039fa00003ff8134004001800178
0002002003a37c20047aa1f8004001c00178
0003002103aac93c04f8ca80004002000178
0004002403b68308057cbbd8004002400178
0006002703c7ea5c060afe28002902800178
fffa002603d63e9800ed070c004000000178
fffc002203c02514018424de004000400178
fffe002003b12adc020d63bc004000800178
ffff001f03a76000028e7aec004000c00178
ffff001f03a18000030b2318004001000178
0000001e039f1e1803859aa4004001400178
0001001f039fa00003ff8134004001800178
0002002003a37c20047aa1f8004001c00178
0003002103aac93c04f8ca80004002000178
0004002403b68308057cbbd8004002400178
0006002703c7ea5c060afe28002902800178
fffa002603d63e9800ed070c004000000178
fffc002203c02514018424de004000400178
fffe002003b12adc020d63bc004000800178
ffff001f03a76000028e7aec004000c00178
ffff001f03a18000030b2318004001000178
0000001e039f1e1803859aa4004001400178
0001001f039fa00003ff8134004001800178
0002002003a37c20047aa1f8004001c00178
0003002103aac93c04f8ca80004002000178
0004002403b68308057cbbd8004002400178
0006002703c7ea5c060afe28002902800178
fffa002603d63e9800ed070c004000000178
fffc002203c02514018424de004000400178
fffe002003b12adc020d63bc004000800178
ffff001f03a76000028e7aec004000c00178
ffff001f03a18000030b2318004001000178
0000001e039f1e1803859aa4004001400178
0001001f039fa00003ff8134004001800178
0002002003a37c20047aa1f8004001c00178
0003002103aac93c04f8ca80004002000178
0004002403b68308057cbbd8004002400178
0006002703c7ea5c060afe28002902800178
fffa002603d63e9800ed070c004000000178
fffc002203c02514018424de004000400178
fffe002003b12adc020d63bc004000800178
ffff001f03a76000028e7aec004000c00178
ffff001f03a18000030b2318004001000178
0000001e039f1e1803859aa4004001400178
0001001f039fa00003ff8134004001800178
0002002003a37c20047aa1f8004001c00178
0003002103aac93c04f8ca80004002000178
0004002403b68308057cbbd8004002400178
0006002703c7ea5c060afe28002902800178
fffa002603d63e9800ed070c004000000178
fffc002203c02514018424de004000400178
fffe002003b12adc020d63bc004000800178
ffff001f03a76000028e7aec004000c00178
ffff001f03a18000030b2318004001000178
0000001e039f1e1803859aa4004001400178
0001001f039fa00003ff8134004001800178
0002002003a37c20047aa1f8004001c00178
0003002103aac93c04f8ca80004002000178
0004002403b68308057cbbd8004002400178
0006002703c7ea5c060afe28002902800178
fffa002603d87ef000ed26b2004000000179
fffc002203c2451401843766004000400179
fffe002003b32adc020d63bc004000800179
ffff001f03a95850028e9340004000c00179
ffff001f03a36b34030b37e4004001000179
0000001e03a1000003859aa4004001400179
0001001f03a1a00003ff7230004001800179
0002002003a55c20047aa1f8004001c00179
0003002103acd27804f8ca80004002000179
0004002403b88cb0057cbbd8004002400179
0006002703ca26e8060afab8002902800179
fffa002603d87ef000ed26b2004000000179
fffc002203c2451401843766004000400179
fffe002003b32adc020d63bc004000800179
ffff001f03a95850028e9340004000c00179
ffff001f03a36b34030b37e4004001000179
0000001e03a1000003859aa4004001400179
0001001f03a1a00003ff7230004001800179
0002002003a55c20047aa1f8004001c00179
0003002103acd27804f8ca80004002000179
0004002403b88cb0057cbbd8004002400179
0006002703ca26e8060afab8002902800179
fffa002603d87ef000ed26b2004000000179
fffc002203c2451401843766004000400179
fffe002003b32adc020d63bc004000800179
ffff001f03a95850028e9340004000c00179
ffff001f03a36b34030b37e4004001000179
0000001e03a1000003859aa4004001400179
0001001f03a1a00003ff7230004001800179
0002002003a55c20047aa1f8004001c00179
0003002103acd27804f8ca80004002000179
0004002403b88cb0057cbbd8004002400179
0006002703ca26e8060afab8002902800179
fffa002603d87ef000ed26b2004000000179
fffc002203c2451401843766004000400179
fffe002003b32adc020d63bc004000800179
ffff001f03a95850028e9340004000c00179
ffff001f03a36b34030b37e4004001000179
0000001e03a1000003859aa4004001400179
0001001f03a1a00003ff7230004001800179
0002002003a55c20047aa1f8004001c00179
0003002103acd27804f8ca80004002000179
0004002403b88cb0057cbbd8004002400179
0006002703ca26e8060afab8002902800179
fffa002603d87ef000ed26b2004000000179
fffc002203c2451401843766004000400179
fffe002003b32adc020d63bc004000800179
ffff001f03a95850028e9340004000c00179
ffff001f03a36b34030b37e4004001000179
0000001e03a1000003859aa4004001400179
0001001f03a1a00003ff7230004001800179
0002002003a55c20047aa1f8004001c00179
0003002103acd27804f8ca80004002000179
0004002403b88cb0057cbbd8004002400179
0006002703ca26e8060afab8002902800179
fffa002603d87ef000ed26b2004000000179
fffc002203c2451401843766004000400179
fffe002003b32adc020d63bc004000800179
ffff001f03a95850028e9340004000c00179
ffff001f03a36b34030b37e4004001000179
0000001e03a1000003859aa4004001400179
0001001f03a1a00003ff7230004001800179
0002002003a55c20047aa1f8004001c00179
0003002103acd27804f8ca80004002000179
0004002403b88cb0057cbbd8004002400179
0006002703ca26e8060afab8002902800179
