0002000f0019bc3c0023e0e9
0001000f0020445900614034
0001000e00243c0a009bf8fd
0000000e0026af8d00d5c466
0000000e00280612010f3a5e
0000000e002865bb0148946a
0000000e0027d71b0181f12e
ffff000e00264d1601bb71c4
ffff000f002398d801f55aa6
fffe000f001f3df402306660
0002000f0019bc3c0023e0e9
0001000f0020445900614034
0001000e00243c0a009bf8fd
0000000e0026af8d00d5c466
0000000e00280612010f3a5e
0000000e002865bb0148946a
0000000e0027d71b0181f12e
ffff000e00264d1601bb71c4
ffff000f002398d801f55aa6
fffe000f001f3df402306660
0002000f0019bc3c0023e0e9
0001000f0020445900614034
0001000e00243c0a009bf8fd
0000000e0026af8d00d5c466
0000000e00280612010f3a5e
0000000e002865bb0148946a
0000000e0027d71b0181f12e
ffff000e00264d1601bb71c4
ffff000f002398d801f55aa6
fffe000f001f3df402306660
0002000f0019bc3c0023e0e9
0001000f0020445900614034
0001000e00243c0a009bf8fd
0000000e0026af8d00d5c466
0000000e00280612010f3a5e
0000000e002865bb0148946a
0000000e0027d71b0181f12e
ffff000e00264d1601bb71c4
ffff000f002398d801f55aa6
fffe000f001f3df402306660
0002000f0019bc3c0023e0e9
0001000f0020445900614034
0001000e00243c0a009bf8fd
0000000e0026af8d00d5c466
0000000e00280612010f3a5e
0000000e002865bb0148946a
0000000e0027d71b0181f12e
ffff000e00264d1601bb71c4
ffff000f002398d801f55aa6
fffe000f001f3df402306660
0002000f0019bc3c0023e0e9
0001000f0020445900614034
0001000e00243c0a009bf8fd
0000000e0026af8d00d5c466
0000000e00280612010f3a5e
0000000e002865bb0148946a
0000000e0027d71b0181f12e
ffff000e00264d1601bb71c4
ffff000f002398d801f55aa6
fffe000f001f3df402306660
0002000f001aa4810023d0e4
0001000f002121cd00612f5b
0001000e002513ab009beb17
0000000e002783f100d5bae7
0000000e0028d8d2010f35cb
0000000e0029380a014894ea
0000000e0028aa130181f6bd
ffff000e002721f701bb7c2f
ffff000f0024715c01f56949
fffe000f00201d0402307779
0002000f001aa4810023d0e4
0001000f002121cd00612f5b
0001000e002513ab009beb17
0000000e002783f100d5bae7
0000000e0028d8d2010f35cb
0000000e0029380a014894ea
0000000e0028aa130181f6bd
ffff000e002721f701bb7c2f
ffff000f0024715c01f56949
fffe000f00201d0402307779
0002000f001aa4810023d0e4
0001000f002121cd00612f5b
0001000e002513ab009beb17
0000000e002783f100d5bae7
0000000e0028d8d2010f35cb
0000000e0029380a014894ea
0000000e0028aa130181f6bd
ffff000e002721f701bb7c2f
ffff000f0024715c01f56949
fffe000f00201d0402307779
0002000f001aa4810023d0e4
0001000f002121cd00612f5b
0001000e002513ab009beb17
0000000e002783f100d5bae7
0000000e0028d8d2010f35cb
0000000e0029380a014894ea
0000000e0028aa130181f6bd
ffff000e002721f701bb7c2f
ffff000f0024715c01f56949
fffe000f00201d0402307779
0002000f001aa4810023d0e4
0001000f002121cd00612f5b
0001000e002513ab009beb17
0000000e002783f100d5bae7
0000000e0028d8d2010f35cb
0000000e0029380a014894ea
0000000e0028aa130181f6bd
ffff000e002721f701bb7c2f
ffff000f0024715c01f56949
fffe000f00201d0402307779
0002000f001aa4810023d0e4
0001000f002121cd00612f5b
0001000e002513ab009beb17
0000000e002783f100d5bae7
0000000e0028d8d2010f35cb
0000000e0029380a014894ea
0000000e0028aa130181f6bd
ffff000e002721f701bb7c2f
ffff000f0024715c01f56949
fffe000f00201d0402307779
0002000f001b8cdc0023c0d8
0001000f0021ff6800611e85
0001000e0025eb79009bdd38
0000000e0028588600d5b16c
0000000e0029abc6010f313a
0000000e002a0a8d01489569
0000000e00297d3e0181fc49
ffff000e0027f70901bb8694
ffff000f00254a0d01f577e6
fffe000f0020fc390230888f
0002000f001b8cdc0023c0d8
0001000f0021ff6800611e85
0001000e0025eb79009bdd38
0000000e0028588600d5b16c
0000000e0029abc6010f313a
0000000e002a0a8d01489569
0000000e00297d3e0181fc49
ffff000e0027f70901bb8694
ffff000f00254a0d01f577e6
fffe000f0020fc390230888f
0002000f001b8cdc0023c0d8
0001000f0021ff6800611e85
0001000e0025eb79009bdd38
0000000e0028588600d5b16c
0000000e0029abc6010f313a
0000000e002a0a8d01489569
0000000e00297d3e0181fc49
ffff000e0027f70901bb8694
ffff000f00254a0d01f577e6
fffe000f0020fc390230888f
0002000f001b8cdc0023c0d8
0001000f0021ff6800611e85
0001000e0025eb79009bdd38
0000000e0028588600d5b16c
0000000e0029abc6010f313a
0000000e002a0a8d01489569
0000000e00297d3e0181fc49
ffff000e0027f70901bb8694
ffff000f00254a0d01f577e6
fffe000f0020fc390230888f
0002000f001b8cdc0023c0d8
0001000f0021ff6800611e85
0001000e0025eb79009bdd38
0000000e0028588600d5b16c
0000000e0029abc6010f313a
0000000e002a0a8d01489569
0000000e00297d3e0181fc49
ffff000e0027f70901bb8694
ffff000f00254a0d01f577e6
fffe000f0020fc390230888f
0002000f001b8cdc0023c0d8
0001000f0021ff6800611e85
0001000e0025eb79009bdd38
0000000e0028588600d5b16c
0000000e0029abc6010f313a
0000000e002a0a8d01489569
0000000e00297d3e0181fc49
ffff000e0027f70901bb8694
ffff000f00254a0d01f577e6
fffe000f0020fc390230888f
0002000f001c754d0023b0c6
0001000f0022dd2b00610db3
0001000e0026c376009bcf5e
0000000e00292d4e00d5a7f7
0000000e002a7eec010f2cab
0000000e002add43014895e8
0000000e002a509d018201d2
ffff000e0028cc4c01bb90f4
ffff000f002622ec01f5867c
fffe000f0021db93023099a3
0002000f001c754d0023b0c6
0001000f0022dd2b00610db3
0001000e0026c376009bcf5e
0000000e00292d4e00d5a7f7
0000000e002a7eec010f2cab
0000000e002add43014895e8
0000000e002a509d018201d2
ffff000e0028cc4c01bb90f4
ffff000f002622ec01f5867c
fffe000f0021db93023099a3
0002000f001c754d0023b0c6
0001000f0022dd2b00610db3
0001000e0026c376009bcf5e
0000000e00292d4e00d5a7f7
0000000e002a7eec010f2cab
0000000e002add43014895e8
0000000e002a509d018201d2
ffff000e0028cc4c01bb90f4
ffff000f002622ec01f5867c
fffe000f0021db93023099a3
0002000f001c754d0023b0c6
0001000f0022dd2b00610db3
0001000e0026c376009bcf5e
0000000e00292d4e00d5a7f7
0000000e002a7eec010f2cab
0000000e002add43014895e8
0000000e002a509d018201d2
ffff000e0028cc4c01bb90f4
ffff000f002622ec01f5867c
fffe000f0021db93023099a3
0002000f001c754d0023b0c6
0001000f0022dd2b00610db3
0001000e0026c376009bcf5e
0000000e00292d4e00d5a7f7
0000000e002a7eec010f2cab
0000000e002add43014895e8
0000000e002a509d018201d2
ffff000e0028cc4c01bb90f4
ffff000f002622ec01f5867c
fffe000f0021db93023099a3
0002000f001c754d0023b0c6
0001000f0022dd2b00610db3
0001000e0026c376009bcf5e
0000000e00292d4e00d5a7f7
0000000e002a7eec010f2cab
0000000e002add43014895e8
0000000e002a509d018201d2
ffff000e0028cc4c01bb90f4
ffff000f002622ec01f5867c
fffe000f0021db93023099a3
0002000f001d5dd50023a0ae
0001000f0023bb140060fce5
0001000e00279ba2009bc18a
0000000e002a024700d59e87
0000000e002b5246010f2820
0000000e002bb02d01489667
0000000e002b242f01820758
ffff000e0029a1c101bb9b4f
ffff000f0026fbf801f5950d
fffe000f0022bb120230aab5
0002000f001d5dd50023a0ae
0001000f0023bb140060fce5
0001000e00279ba2009bc18a
0000000e002a024700d59e87
0000000e002b5246010f2820
0000000e002bb02d01489667
0000000e002b242f01820758
ffff000e0029a1c101bb9b4f
ffff000f0026fbf801f5950d
fffe000f0022bb120230aab5
0002000f001d5dd50023a0ae
0001000f0023bb140060fce5
0001000e00279ba2009bc18a
0000000e002a024700d59e87
0000000e002b5246010f2820
0000000e002bb02d01489667
0000000e002b242f01820758
ffff000e0029a1c101bb9b4f
ffff000f0026fbf801f5950d
fffe000f0022bb120230aab5
0002000f001d5dd50023a0ae
0001000f0023bb140060fce5
0001000e00279ba2009bc18a
0000000e002a024700d59e87
0000000e002b5246010f2820
0000000e002bb02d01489667
0000000e002b242f01820758
ffff000e0029a1c101bb9b4f
ffff000f0026fbf801f5950d
fffe000f0022bb120230aab5
0002000f001d5dd50023a0ae
0001000f0023bb140060fce5
0001000e00279ba2009bc18a
0000000e002a024700d59e87
0000000e002b5246010f2820
0000000e002bb02d01489667
0000000e002b242f01820758
ffff000e0029a1c101bb9b4f
ffff000f0026fbf801f5950d
fffe000f0022bb120230aab5
0002000f001d5dd50023a0ae
0001000f0023bb140060fce5
0001000e00279ba2009bc18a
0000000e002a024700d59e87
0000000e002b5246010f2820
0000000e002bb02d01489667
0000000e002b242f01820758
ffff000e0029a1c101bb9b4f
ffff000f0026fbf801f5950d
fffe000f0022bb120230aab5
0002000f001e467400239091
0001000f002499250060ec1b
0001000e002873fc009bb3bc
0000000e002ad77300d5951c
0000000e002c25d4010f2397
0000000e002c834a014896e5
0000000e002bf7f301820cda
ffff000e002a776801bba5a4
ffff000f0027d53201f5a398
fffe000f00239ab50230bbc3
0002000f001e467400239091
0001000f002499250060ec1b
0001000e002873fc009bb3bc
0000000e002ad77300d5951c
0000000e002c25d4010f2397
0000000e002c834a014896e5
0000000e002bf7f301820cda
ffff000e002a776801bba5a4
ffff000f0027d53201f5a398
fffe000f00239ab50230bbc3
0002000f001e467400239091
0001000f002499250060ec1b
0001000e002873fc009bb3bc
0000000e002ad77300d5951c
0000000e002c25d4010f2397
0000000e002c834a014896e5
0000000e002bf7f301820cda
ffff000e002a776801bba5a4
ffff000f0027d53201f5a398
fffe000f00239ab50230bbc3
0002000f001e467400239091
0001000f002499250060ec1b
0001000e002873fc009bb3bc
0000000e002ad77300d5951c
0000000e002c25d4010f2397
0000000e002c834a014896e5
0000000e002bf7f301820cda
ffff000e002a776801bba5a4
ffff000f0027d53201f5a398
fffe000f00239ab50230bbc3
0002000f001e467400239091
0001000f002499250060ec1b
0001000e002873fc009bb3bc
0000000e002ad77300d5951c
0000000e002c25d4010f2397
0000000e002c834a014896e5
0000000e002bf7f301820cda
ffff000e002a776801bba5a4
ffff000f0027d53201f5a398
fffe000f00239ab50230bbc3
0002000f001e467400239091
0001000f002499250060ec1b
0001000e002873fc009bb3bc
0000000e002ad77300d5951c
0000000e002c25d4010f2397
0000000e002c834a014896e5
0000000e002bf7f301820cda
ffff000e002a776801bba5a4
ffff000f0027d53201f5a398
fffe000f00239ab50230bbc3
0002000f001f2f2b0023806e
0001000f0025775d0060db55
0001000e00294c85009ba5f5
0000000e002bacd000d58bb7
0000000e002cf994010f1f11
0000000e002d569b01489763
0000000e002ccbeb01821259
ffff000f002b4d4001bbaff4
ffff000f0028ae9a01f5b21c
fffe000f00247a7e0230ccce
0002000f001f2f2b0023806e
0001000f0025775d0060db55
0001000e00294c85009ba5f5
0000000e002bacd000d58bb7
0000000e002cf994010f1f11
0000000e002d569b01489763
0000000e002ccbeb01821259
ffff000f002b4d4001bbaff4
ffff000f0028ae9a01f5b21c
fffe000f00247a7e0230ccce
0002000f001f2f2b0023806e
0001000f0025775d0060db55
0001000e00294c85009ba5f5
0000000e002bacd000d58bb7
0000000e002cf994010f1f11
0000000e002d569b01489763
0000000e002ccbeb01821259
ffff000f002b4d4001bbaff4
ffff000f0028ae9a01f5b21c
fffe000f00247a7e0230ccce
0002000f001f2f2b0023806e
0001000f0025775d0060db55
0001000e00294c85009ba5f5
0000000e002bacd000d58bb7
0000000e002cf994010f1f11
0000000e002d569b01489763
0000000e002ccbeb01821259
ffff000f002b4d4001bbaff4
ffff000f0028ae9a01f5b21c
fffe000f00247a7e0230ccce
0002000f001f2f2b0023806e
0001000f0025775d0060db55
0001000e00294c85009ba5f5
0000000e002bacd000d58bb7
0000000e002cf994010f1f11
0000000e002d569b01489763
0000000e002ccbeb01821259
ffff000f002b4d4001bbaff4
ffff000f0028ae9a01f5b21c
fffe000f00247a7e0230ccce
0002000f001f2f2b0023806e
0001000f0025775d0060db55
0001000e00294c85009ba5f5
0000000e002bacd000d58bb7
0000000e002cf994010f1f11
0000000e002d569b01489763
0000000e002ccbeb01821259
ffff000f002b4d4001bbaff4
ffff000f0028ae9a01f5b21c
fffe000f00247a7e0230ccce
0002000f002017f900237046
0001000f002655bc0060ca93
0001000e002a253d009b9835
0000000e002c825f00d58256
0000000e002dcd88010f1a8d
0000000e002e2a20014897e1
0000000e002da016018217d5
ffff000f002c234901bbba3e
ffff000f0029882f01f5c09b
fffe000f00255a6c0230ddd7
0002000f002017f900237046
0001000f002655bc0060ca93
0001000e002a253d009b9835
0000000e002c825f00d58256
0000000e002dcd88010f1a8d
0000000e002e2a20014897e1
0000000e002da016018217d5
ffff000f002c234901bbba3e
ffff000f0029882f01f5c09b
fffe000f00255a6c0230ddd7
0002000f002017f900237046
0001000f002655bc0060ca93
0001000e002a253d009b9835
0000000e002c825f00d58256
0000000e002dcd88010f1a8d
0000000e002e2a20014897e1
0000000e002da016018217d5
ffff000f002c234901bbba3e
ffff000f0029882f01f5c09b
fffe000f00255a6c0230ddd7
0002000f002017f900237046
0001000f002655bc0060ca93
0001000e002a253d009b9835
0000000e002c825f00d58256
0000000e002dcd88010f1a8d
0000000e002e2a20014897e1
0000000e002da016018217d5
ffff000f002c234901bbba3e
ffff000f0029882f01f5c09b
fffe000f00255a6c0230ddd7
0002000f002017f900237046
0001000f002655bc0060ca93
0001000e002a253d009b9835
0000000e002c825f00d58256
0000000e002dcd88010f1a8d
0000000e002e2a20014897e1
0000000e002da016018217d5
ffff000f002c234901bbba3e
ffff000f0029882f01f5c09b
fffe000f00255a6c0230ddd7
0002000f002017f900237046
0001000f002655bc0060ca93
0001000e002a253d009b9835
0000000e002c825f00d58256
0000000e002dcd88010f1a8d
0000000e002e2a20014897e1
0000000e002da016018217d5
ffff000f002c234901bbba3e
ffff000f0029882f01f5c09b
fffe000f00255a6c0230ddd7
0002000f002100df0023601a
0001000f002734430060b9d6
0001000e002afe23009b8a7a
0000000e002d582100d578fc
0000000e002ea1af010f160d
0000000e002efdd80148985e
0000000e002e747401821d4d
ffff000f002cf98401bbc482
ffff000f002a61f201f5cf12
fffe000f00263a7f0230eedb
0002000f002100df0023601a
0001000f002734430060b9d6
0001000e002afe23009b8a7a
0000000e002d582100d578fc
0000000e002ea1af010f160d
0000000e002efdd80148985e
0000000e002e747401821d4d
ffff000f002cf98401bbc482
ffff000f002a61f201f5cf12
fffe000f00263a7f0230eedb
0002000f002100df0023601a
0001000f002734430060b9d6
0001000e002afe23009b8a7a
0000000e002d582100d578fc
0000000e002ea1af010f160d
0000000e002efdd80148985e
0000000e002e747401821d4d
ffff000f002cf98401bbc482
ffff000f002a61f201f5cf12
fffe000f00263a7f0230eedb
0002000f002100df0023601a
0001000f002734430060b9d6
0001000e002afe23009b8a7a
0000000e002d582100d578fc
0000000e002ea1af010f160d
0000000e002efdd80148985e
0000000e002e747401821d4d
ffff000f002cf98401bbc482
ffff000f002a61f201f5cf12
fffe000f00263a7f0230eedb
0002000f002100df0023601a
0001000f002734430060b9d6
0001000e002afe23009b8a7a
0000000e002d582100d578fc
0000000e002ea1af010f160d
0000000e002efdd80148985e
0000000e002e747401821d4d
ffff000f002cf98401bbc482
ffff000f002a61f201f5cf12
fffe000f00263a7f0230eedb
0002000f002100df0023601a
0001000f002734430060b9d6
0001000e002afe23009b8a7a
0000000e002d582100d578fc
0000000e002ea1af010f160d
0000000e002efdd80148985e
0000000e002e747401821d4d
ffff000f002cf98401bbc482
ffff000f002a61f201f5cf12
fffe000f00263a7f0230eedb
0002000f0021e9de00234fe9
0001000f002812f20060a91d
0001000e002bd739009b7cc7
0000000e002e2e1400d56fa6
0000000e002f7609010f118f
0000000e002fd1c4014898dc
0000000e002f4905018222c2
ffff000f002dcff101bbcec0
ffff000f002b3be201f5dd83
fffe000f00271ab80230ffdc
0002000f0021e9de00234fe9
0001000f002812f20060a91d
0001000e002bd739009b7cc7
0000000e002e2e1400d56fa6
0000000e002f7609010f118f
0000000e002fd1c4014898dc
0000000e002f4905018222c2
ffff000f002dcff101bbcec0
ffff000f002b3be201f5dd83
fffe000f00271ab80230ffdc
0002000f0021e9de00234fe9
0001000f002812f20060a91d
0001000e002bd739009b7cc7
0000000e002e2e1400d56fa6
0000000e002f7609010f118f
0000000e002fd1c4014898dc
0000000e002f4905018222c2
ffff000f002dcff101bbcec0
ffff000f002b3be201f5dd83
fffe000f00271ab80230ffdc
0002000f0021e9de00234fe9
0001000f002812f20060a91d
0001000e002bd739009b7cc7
0000000e002e2e1400d56fa6
0000000e002f7609010f118f
0000000e002fd1c4014898dc
0000000e002f4905018222c2
ffff000f002dcff101bbcec0
ffff000f002b3be201f5dd83
fffe000f00271ab80230ffdc
0002000f0021e9de00234fe9
0001000f002812f20060a91d
0001000e002bd739009b7cc7
0000000e002e2e1400d56fa6
0000000e002f7609010f118f
0000000e002fd1c4014898dc
0000000e002f4905018222c2
ffff000f002dcff101bbcec0
ffff000f002b3be201f5dd83
fffe000f00271ab80230ffdc
0002000f0021e9de00234fe9
0001000f002812f20060a91d
0001000e002bd739009b7cc7
0000000e002e2e1400d56fa6
0000000e002f7609010f118f
0000000e002fd1c4014898dc
0000000e002f4905018222c2
ffff000f002dcff101bbcec0
ffff000f002b3be201f5dd83
fffe000f00271ab80230ffdc
0002000f0022d2f400233fb4
0001000f0028f1c80060986a
0001000e002cb07d009b6f1a
0000000e002f043900d56656
0000000e00304a97010f0d14
0000000e0030a5e301489959
0000000e00301dc901822833
ffff000f002ea68f01bbd8f8
ffff000f002c160101f5ebed
fffe000f0027fb17023110d9
0002000f0022d2f400233fb4
0001000f0028f1c80060986a
0001000e002cb07d009b6f1a
0000000e002f043900d56656
0000000e00304a97010f0d14
0000000e0030a5e301489959
0000000e00301dc901822833
ffff000f002ea68f01bbd8f8
ffff000f002c160101f5ebed
fffe000f0027fb17023110d9
0002000f0022d2f400233fb4
0001000f0028f1c80060986a
0001000e002cb07d009b6f1a
0000000e002f043900d56656
0000000e00304a97010f0d14
0000000e0030a5e301489959
0000000e00301dc901822833
ffff000f002ea68f01bbd8f8
ffff000f002c160101f5ebed
fffe000f0027fb17023110d9
0002000f0022d2f400233fb4
0001000f0028f1c80060986a
0001000e002cb07d009b6f1a
0000000e002f043900d56656
0000000e00304a97010f0d14
0000000e0030a5e301489959
0000000e00301dc901822833
ffff000f002ea68f01bbd8f8
ffff000f002c160101f5ebed
fffe000f0027fb17023110d9
0002000f0022d2f400233fb4
0001000f0028f1c80060986a
0001000e002cb07d009b6f1a
0000000e002f043900d56656
0000000e00304a97010f0d14
0000000e0030a5e301489959
0000000e00301dc901822833
ffff000f002ea68f01bbd8f8
ffff000f002c160101f5ebed
fffe000f0027fb17023110d9
0002000f0022d2f400233fb4
0001000f0028f1c80060986a
0001000e002cb07d009b6f1a
0000000e002f043900d56656
0000000e00304a97010f0d14
0000000e0030a5e301489959
0000000e00301dc901822833
ffff000f002ea68f01bbd8f8
ffff000f002c160101f5ebed
fffe000f0027fb17023110d9
0002000f0023bc2400232f7a
0001000f0029d0c7006087bb
0001000e002d89ef009b6175
0000000e002fda9000d55d0c
0000000e00311f57010f089c
0000000e00317a35014899d5
0000000e0030f2c001822da1
ffff000f002f7d5e01bbe32a
ffff000f002cf04d01f5fa51
fffe000f0028db9b023121d3
0002000f0023bc2400232f7a
0001000f0029d0c7006087bb
0001000e002d89ef009b6175
0000000e002fda9000d55d0c
0000000e00311f57010f089c
0000000e00317a35014899d5
0000000e0030f2c001822da1
ffff000f002f7d5e01bbe32a
ffff000f002cf04d01f5fa51
fffe000f0028db9b023121d3
0002000f0023bc2400232f7a
0001000f0029d0c7006087bb
0001000e002d89ef009b6175
0000000e002fda9000d55d0c
0000000e00311f57010f089c
0000000e00317a35014899d5
0000000e0030f2c001822da1
ffff000f002f7d5e01bbe32a
ffff000f002cf04d01f5fa51
fffe000f0028db9b023121d3
0002000f0023bc2400232f7a
0001000f0029d0c7006087bb
0001000e002d89ef009b6175
0000000e002fda9000d55d0c
0000000e00311f57010f089c
0000000e00317a35014899d5
0000000e0030f2c001822da1
ffff000f002f7d5e01bbe32a
ffff000f002cf04d01f5fa51
fffe000f0028db9b023121d3
0002000f0023bc2400232f7a
0001000f0029d0c7006087bb
0001000e002d89ef009b6175
0000000e002fda9000d55d0c
0000000e00311f57010f089c
0000000e00317a35014899d5
0000000e0030f2c001822da1
ffff000f002f7d5e01bbe32a
ffff000f002cf04d01f5fa51
fffe000f0028db9b023121d3
0002000f0023bc2400232f7a
0001000f0029d0c7006087bb
0001000e002d89ef009b6175
0000000e002fda9000d55d0c
0000000e00311f57010f089c
0000000e00317a35014899d5
0000000e0030f2c001822da1
ffff000f002f7d5e01bbe32a
ffff000f002cf04d01f5fa51
fffe000f0028db9b023121d3
0002000f0024a56c00231f3e
0001000f002aafee00607712
0001000f002e6391009b53d6
0000000e0030b11800d553c7
0000000e0031f44a010f0427
0000000e00324ebb01489a51
0000000e0031c7ea0182330c
ffff000f0030545f01bbed56
ffff000f002dcac801f608ad
fffe000f0029bc46023132c7
0002000f0024a56c00231f3e
0001000f002aafee00607712
0001000f002e6391009b53d6
0000000e0030b11800d553c7
0000000e0031f44a010f0427
0000000e00324ebb01489a51
0000000e0031c7ea0182330c
ffff000f0030545f01bbed56
ffff000f002dcac801f608ad
fffe000f0029bc46023132c7
0002000f0024a56c00231f3e
0001000f002aafee00607712
0001000f002e6391009b53d6
0000000e0030b11800d553c7
0000000e0031f44a010f0427
0000000e00324ebb01489a51
0000000e0031c7ea0182330c
ffff000f0030545f01bbed56
ffff000f002dcac801f608ad
fffe000f0029bc46023132c7
0002000f0024a56c00231f3e
0001000f002aafee00607712
0001000f002e6391009b53d6
0000000e0030b11800d553c7
0000000e0031f44a010f0427
0000000e00324ebb01489a51
0000000e0031c7ea0182330c
ffff000f0030545f01bbed56
ffff000f002dcac801f608ad
fffe000f0029bc46023132c7
0002000f0024a56c00231f3e
0001000f002aafee00607712
0001000f002e6391009b53d6
0000000e0030b11800d553c7
0000000e0031f44a010f0427
0000000e00324ebb01489a51
0000000e0031c7ea0182330c
ffff000f0030545f01bbed56
ffff000f002dcac801f608ad
fffe000f0029bc46023132c7
0002000f0024a56c00231f3e
0001000f002aafee00607712
0001000f002e6391009b53d6
0000000e0030b11800d553c7
0000000e0031f44a010f0427
0000000e00324ebb01489a51
0000000e0031c7ea0182330c
ffff000f0030545f01bbed56
ffff000f002dcac801f608ad
fffe000f0029bc46023132c7
0002000f00258ece00230efe
0001000f002b8f3c0060666e
0001000f002f3d62009b463e
0000000e003187d300d54a88
0000000e0032c971010effb5
0000000e0033237401489acd
0000000e00329d4701823873
ffff000f00312b9101bbf77d
ffff000f002ea57001f61702
fffe000f002a9d16023143b8
0002000f00258ece00230efe
0001000f002b8f3c0060666e
0001000f002f3d62009b463e
0000000e003187d300d54a88
0000000e0032c971010effb5
0000000e0033237401489acd
0000000e00329d4701823873
ffff000f00312b9101bbf77d
ffff000f002ea57001f61702
fffe000f002a9d16023143b8
0002000f00258ece00230efe
0001000f002b8f3c0060666e
0001000f002f3d62009b463e
0000000e003187d300d54a88
0000000e0032c971010effb5
0000000e0033237401489acd
0000000e00329d4701823873
ffff000f00312b9101bbf77d
ffff000f002ea57001f61702
fffe000f002a9d16023143b8
0002000f00258ece00230efe
0001000f002b8f3c0060666e
0001000f002f3d62009b463e
0000000e003187d300d54a88
0000000e0032c971010effb5
0000000e0033237401489acd
0000000e00329d4701823873
ffff000f00312b9101bbf77d
ffff000f002ea57001f61702
fffe000f002a9d16023143b8
0002000f00258ece00230efe
0001000f002b8f3c0060666e
0001000f002f3d62009b463e
0000000e003187d300d54a88
0000000e0032c971010effb5
0000000e0033237401489acd
0000000e00329d4701823873
ffff000f00312b9101bbf77d
ffff000f002ea57001f61702
fffe000f002a9d16023143b8
0002000f00258ece00230efe
0001000f002b8f3c0060666e
0001000f002f3d62009b463e
0000000e003187d300d54a88
0000000e0032c971010effb5
0000000e0033237401489acd
0000000e00329d4701823873
ffff000f00312b9101bbf77d
ffff000f002ea57001f61702
fffe000f002a9d16023143b8
0001000f002678490022febb
0001000f002c6eb3006055cf
0001000f00301761009b38ae
0000000e00325ebf00d5414f
0000000e00339eca010efb45
0000000e0033f86001489b49
0000000e003372d701823dd6
ffff000f003202f501bc019c
ffff000f002f804601f62550
fffe000f002b7e0d023154a3
0001000f002678490022febb
0001000f002c6eb3006055cf
0001000f00301761009b38ae
0000000e00325ebf00d5414f
0000000e00339eca010efb45
0000000e0033f86001489b49
0000000e003372d701823dd6
ffff000f003202f501bc019c
ffff000f002f804601f62550
fffe000f002b7e0d023154a3
0001000f002678490022febb
0001000f002c6eb3006055cf
0001000f00301761009b38ae
0000000e00325ebf00d5414f
0000000e00339eca010efb45
0000000e0033f86001489b49
0000000e003372d701823dd6
ffff000f003202f501bc019c
ffff000f002f804601f62550
fffe000f002b7e0d023154a3
0001000f002678490022febb
0001000f002c6eb3006055cf
0001000f00301761009b38ae
0000000e00325ebf00d5414f
0000000e00339eca010efb45
0000000e0033f86001489b49
0000000e003372d701823dd6
ffff000f003202f501bc019c
ffff000f002f804601f62550
fffe000f002b7e0d023154a3
0001000f002678490022febb
0001000f002c6eb3006055cf
0001000f00301761009b38ae
0000000e00325ebf00d5414f
0000000e00339eca010efb45
0000000e0033f86001489b49
0000000e003372d701823dd6
ffff000f003202f501bc019c
ffff000f002f804601f62550
fffe000f002b7e0d023154a3
0001000f002678490022febb
0001000f002c6eb3006055cf
0001000f00301761009b38ae
0000000e00325ebf00d5414f
0000000e00339eca010efb45
0000000e0033f86001489b49
0000000e003372d701823dd6
ffff000f003202f501bc019c
ffff000f002f804601f62550
fffe000f002b7e0d023154a3
0001000f002761de0022ee75
0001000f002d4e5200604537
0001000f0030f18f009b2b25
0000000e003335dd00d5381c
0000000e00347457010ef6d9
0000000e0034cd8001489bc4
0000000e0034489901824336
ffff000f0032da8a01bc0bb6
ffff000f00305b4b01f63397
ffff000f002c5f2a0231658a
0001000f002761de0022ee75
0001000f002d4e5200604537
0001000f0030f18f009b2b25
0000000e003335dd00d5381c
0000000e00347457010ef6d9
0000000e0034cd8001489bc4
0000000e0034489901824336
ffff000f0032da8a01bc0bb6
ffff000f00305b4b01f63397
ffff000f002c5f2a0231658a
0001000f002761de0022ee75
0001000f002d4e5200604537
0001000f0030f18f009b2b25
0000000e003335dd00d5381c
0000000e00347457010ef6d9
0000000e0034cd8001489bc4
0000000e0034489901824336
ffff000f0032da8a01bc0bb6
ffff000f00305b4b01f63397
ffff000f002c5f2a0231658a
0001000f002761de0022ee75
0001000f002d4e5200604537
0001000f0030f18f009b2b25
0000000e003335dd00d5381c
0000000e00347457010ef6d9
0000000e0034cd8001489bc4
0000000e0034489901824336
ffff000f0032da8a01bc0bb6
ffff000f00305b4b01f63397
ffff000f002c5f2a0231658a
0001000f002761de0022ee75
0001000f002d4e5200604537
0001000f0030f18f009b2b25
0000000e003335dd00d5381c
0000000e00347457010ef6d9
0000000e0034cd8001489bc4
0000000e0034489901824336
ffff000f0032da8a01bc0bb6
ffff000f00305b4b01f63397
ffff000f002c5f2a0231658a
0001000f002761de0022ee75
0001000f002d4e5200604537
0001000f0030f18f009b2b25
0000000e003335dd00d5381c
0000000e00347457010ef6d9
0000000e0034cd8001489bc4
0000000e0034489901824336
ffff000f0032da8a01bc0bb6
ffff000f00305b4b01f63397
ffff000f002c5f2a0231658a
0001000f00284b8d0022de2d
0001000f002e2e1a006034a4
0001000f0031cbed009b1da3
0000000e00340d2d00d52eee
0000000e00354a16010ef270
0000000e0035a2d301489c3f
0000000e00351e8e01824892
ffff000f0033b25001bc15c9
ffff000f0031367d01f641d6
ffff000f002d406d0231766c
0001000f00284b8d0022de2d
0001000f002e2e1a006034a4
0001000f0031cbed009b1da3
0000000e00340d2d00d52eee
0000000e00354a16010ef270
0000000e0035a2d301489c3f
0000000e00351e8e01824892
ffff000f0033b25001bc15c9
ffff000f0031367d01f641d6
ffff000f002d406d0231766c
0001000f00284b8d0022de2d
0001000f002e2e1a006034a4
0001000f0031cbed009b1da3
0000000e00340d2d00d52eee
0000000e00354a16010ef270
0000000e0035a2d301489c3f
0000000e00351e8e01824892
ffff000f0033b25001bc15c9
ffff000f0031367d01f641d6
ffff000f002d406d0231766c
0001000f00284b8d0022de2d
0001000f002e2e1a006034a4
0001000f0031cbed009b1da3
0000000e00340d2d00d52eee
0000000e00354a16010ef270
0000000e0035a2d301489c3f
0000000e00351e8e01824892
ffff000f0033b25001bc15c9
ffff000f0031367d01f641d6
ffff000f002d406d0231766c
0001000f00284b8d0022de2d
0001000f002e2e1a006034a4
0001000f0031cbed009b1da3
0000000e00340d2d00d52eee
0000000e00354a16010ef270
0000000e0035a2d301489c3f
0000000e00351e8e01824892
ffff000f0033b25001bc15c9
ffff000f0031367d01f641d6
ffff000f002d406d0231766c
0001000f00284b8d0022de2d
0001000f002e2e1a006034a4
0001000f0031cbed009b1da3
0000000e00340d2d00d52eee
0000000e00354a16010ef270
0000000e0035a2d301489c3f
0000000e00351e8e01824892
ffff000f0033b25001bc15c9
ffff000f0031367d01f641d6
ffff000f002d406d0231766c
0001000f002935560022cde3
0001000f002f0e0a00602418
0001000f0032a679009b1029
0000000e0034e4af00d525c7
0000000e00362008010eee0a
0000000e0036785801489cb9
0000000e0035f4b601824deb
ffff000f00348a4801bc1fd6
ffff000f003211dd01f6500d
ffff000f002e21d702318749
0001000f002935560022cde3
0001000f002f0e0a00602418
0001000f0032a679009b1029
0000000e0034e4af00d525c7
0000000e00362008010eee0a
0000000e0036785801489cb9
0000000e0035f4b601824deb
ffff000f00348a4801bc1fd6
ffff000f003211dd01f6500d
ffff000f002e21d702318749
0001000f002935560022cde3
0001000f002f0e0a00602418
0001000f0032a679009b1029
0000000e0034e4af00d525c7
0000000e00362008010eee0a
0000000e0036785801489cb9
0000000e0035f4b601824deb
ffff000f00348a4801bc1fd6
ffff000f003211dd01f6500d
ffff000f002e21d702318749
0001000f002935560022cde3
0001000f002f0e0a00602418
0001000f0032a679009b1029
0000000e0034e4af00d525c7
0000000e00362008010eee0a
0000000e0036785801489cb9
0000000e0035f4b601824deb
ffff000f00348a4801bc1fd6
ffff000f003211dd01f6500d
ffff000f002e21d702318749
0001000f002935560022cde3
0001000f002f0e0a00602418
0001000f0032a679009b1029
0000000e0034e4af00d525c7
0000000e00362008010eee0a
0000000e0036785801489cb9
0000000e0035f4b601824deb
ffff000f00348a4801bc1fd6
ffff000f003211dd01f6500d
ffff000f002e21d702318749
0001000f002935560022cde3
0001000f002f0e0a00602418
0001000f0032a679009b1029
0000000e0034e4af00d525c7
0000000e00362008010eee0a
0000000e0036785801489cb9
0000000e0035f4b601824deb
ffff000f00348a4801bc1fd6
ffff000f003211dd01f6500d
ffff000f002e21d702318749
0001000f002a1f390022bd96
0001000f002fee2300601392
0001000f00338134009b02b7
0000000e0035bc6200d51ca6
0000000e0036f62d010ee9a7
0000000e00374e1101489d34
0000000e0036cb100182533f
ffff000f0035627101bc29dc
ffff000f0032ed6c01f65e3d
ffff000f002f036702319820
0001000f002a1f390022bd96
0001000f002fee2300601392
0001000f00338134009b02b7
0000000e0035bc6200d51ca6
0000000e0036f62d010ee9a7
0000000e00374e1101489d34
0000000e0036cb100182533f
ffff000f0035627101bc29dc
ffff000f0032ed6c01f65e3d
ffff000f002f036702319820
0001000f002a1f390022bd96
0001000f002fee2300601392
0001000f00338134009b02b7
0000000e0035bc6200d51ca6
0000000e0036f62d010ee9a7
0000000e00374e1101489d34
0000000e0036cb100182533f
ffff000f0035627101bc29dc
ffff000f0032ed6c01f65e3d
ffff000f002f036702319820
0001000f002a1f390022bd96
0001000f002fee2300601392
0001000f00338134009b02b7
0000000e0035bc6200d51ca6
0000000e0036f62d010ee9a7
0000000e00374e1101489d34
0000000e0036cb100182533f
ffff000f0035627101bc29dc
ffff000f0032ed6c01f65e3d
ffff000f002f036702319820
0001000f002a1f390022bd96
0001000f002fee2300601392
0001000f00338134009b02b7
0000000e0035bc6200d51ca6
0000000e0036f62d010ee9a7
0000000e00374e1101489d34
0000000e0036cb100182533f
ffff000f0035627101bc29dc
ffff000f0032ed6c01f65e3d
ffff000f002f036702319820
0001000f002a1f390022bd96
0001000f002fee2300601392
0001000f00338134009b02b7
0000000e0035bc6200d51ca6
0000000e0036f62d010ee9a7
0000000e00374e1101489d34
0000000e0036cb100182533f
ffff000f0035627101bc29dc
ffff000f0032ed6c01f65e3d
ffff000f002f036702319820
0001000f002b09380022ad49
0001000f0030ce6500600312
0001000f00345c1e009af54c
0000000e0036944700d5138a
0000000e0037cc85010ee547
0000000e003823fd01489dae
0000000e0037a19d01825890
ffff000f00363acc01bc33dc
ffff000f0033c92801f66c65
ffff000f002fe51f0231a8f2
0001000f002b09380022ad49
0001000f0030ce6500600312
0001000f00345c1e009af54c
0000000e0036944700d5138a
0000000e0037cc85010ee547
0000000e003823fd01489dae
0000000e0037a19d01825890
ffff000f00363acc01bc33dc
ffff000f0033c92801f66c65
ffff000f002fe51f0231a8f2
0001000f002b09380022ad49
0001000f0030ce6500600312
0001000f00345c1e009af54c
0000000e0036944700d5138a
0000000e0037cc85010ee547
0000000e003823fd01489dae
0000000e0037a19d01825890
ffff000f00363acc01bc33dc
ffff000f0033c92801f66c65
ffff000f002fe51f0231a8f2
0001000f002b09380022ad49
0001000f0030ce6500600312
0001000f00345c1e009af54c
0000000e0036944700d5138a
0000000e0037cc85010ee547
0000000e003823fd01489dae
0000000e0037a19d01825890
ffff000f00363acc01bc33dc
ffff000f0033c92801f66c65
ffff000f002fe51f0231a8f2
0001000f002b09380022ad49
0001000f0030ce6500600312
0001000f00345c1e009af54c
0000000e0036944700d5138a
0000000e0037cc85010ee547
0000000e003823fd01489dae
0000000e0037a19d01825890
ffff000f00363acc01bc33dc
ffff000f0033c92801f66c65
ffff000f002fe51f0231a8f2
0001000f002b09380022ad49
0001000f0030ce6500600312
0001000f00345c1e009af54c
0000000e0036944700d5138a
0000000e0037cc85010ee547
0000000e003823fd01489dae
0000000e0037a19d01825890
ffff000f00363acc01bc33dc
ffff000f0033c92801f66c65
ffff000f002fe51f0231a8f2
0001000f002bf35100229cfa
0001000f0031aecf005ff299
0001000f00353737009ae7ea
0000000e00376c5e00d50a75
0000000e0038a30f010ee0ea
0000000e0038fa1b01489e27
0000000e0038785d01825ddd
ffff000f0037135701bc3dd5
ffff000f0034a51301f67a85
ffff000f0030c6fd0231b9be
0001000f002bf35100229cfa
0001000f0031aecf005ff299
0001000f00353737009ae7ea
0000000e00376c5e00d50a75
0000000e0038a30f010ee0ea
0000000e0038fa1b01489e27
0000000e0038785d01825ddd
ffff000f0037135701bc3dd5
ffff000f0034a51301f67a85
ffff000f0030c6fd0231b9be
0001000f002bf35100229cfa
0001000f0031aecf005ff299
0001000f00353737009ae7ea
0000000e00376c5e00d50a75
0000000e0038a30f010ee0ea
0000000e0038fa1b01489e27
0000000e0038785d01825ddd
ffff000f0037135701bc3dd5
ffff000f0034a51301f67a85
ffff000f0030c6fd0231b9be
0001000f002bf35100229cfa
0001000f0031aecf005ff299
0001000f00353737009ae7ea
0000000e00376c5e00d50a75
0000000e0038a30f010ee0ea
0000000e0038fa1b01489e27
0000000e0038785d01825ddd
ffff000f0037135701bc3dd5
ffff000f0034a51301f67a85
ffff000f0030c6fd0231b9be
0001000f002bf35100229cfa
0001000f0031aecf005ff299
0001000f00353737009ae7ea
0000000e00376c5e00d50a75
0000000e0038a30f010ee0ea
0000000e0038fa1b01489e27
0000000e0038785d01825ddd
ffff000f0037135701bc3dd5
ffff000f0034a51301f67a85
ffff000f0030c6fd0231b9be
0001000f002bf35100229cfa
0001000f0031aecf005ff299
0001000f00353737009ae7ea
0000000e00376c5e00d50a75
0000000e0038a30f010ee0ea
0000000e0038fa1b01489e27
0000000e0038785d01825ddd
ffff000f0037135701bc3dd5
ffff000f0034a51301f67a85
ffff000f0030c6fd0231b9be
0001000f002cdd8500228ca9
0001000f00328f62005fe227
0001000f0036127f009ada8f
0000000e003844a600d50166
0000000e003979cc010edc90
0000000e0039d06d01489ea0
0000000e00394f4f01826327
ffff000f0037ec1401bc47c8
ffff000f0035812b01f6889d
ffff000f0031a9020231ca83
0001000f002cdd8500228ca9
0001000f00328f62005fe227
0001000f0036127f009ada8f
0000000e003844a600d50166
0000000e003979cc010edc90
0000000e0039d06d01489ea0
0000000e00394f4f01826327
ffff000f0037ec1401bc47c8
ffff000f0035812b01f6889d
ffff000f0031a9020231ca83
0001000f002cdd8500228ca9
0001000f00328f62005fe227
0001000f0036127f009ada8f
0000000e003844a600d50166
0000000e003979cc010edc90
0000000e0039d06d01489ea0
0000000e00394f4f01826327
ffff000f0037ec1401bc47c8
ffff000f0035812b01f6889d
ffff000f0031a9020231ca83
0001000f002cdd8500228ca9
0001000f00328f62005fe227
0001000f0036127f009ada8f
0000000e003844a600d50166
0000000e003979cc010edc90
0000000e0039d06d01489ea0
0000000e00394f4f01826327
ffff000f0037ec1401bc47c8
ffff000f0035812b01f6889d
ffff000f0031a9020231ca83
0001000f002cdd8500228ca9
0001000f00328f62005fe227
0001000f0036127f009ada8f
0000000e003844a600d50166
0000000e003979cc010edc90
0000000e0039d06d01489ea0
0000000e00394f4f01826327
ffff000f0037ec1401bc47c8
ffff000f0035812b01f6889d
ffff000f0031a9020231ca83
0001000f002cdd8500228ca9
0001000f00328f62005fe227
0001000f0036127f009ada8f
0000000e003844a600d50166
0000000e003979cc010edc90
0000000e0039d06d01489ea0
0000000e00394f4f01826327
ffff000f0037ec1401bc47c8
ffff000f0035812b01f6889d
ffff000f0031a9020231ca83
0001000f002dc7d400227c59
0001000f0033701e005fd1bc
0001000f0036edf5009acd3d
0000000e00391d1f00d4f85d
0000000e003a50bb010ed83a
0000000e003aa6f101489f19
0000000e003a26740182686c
ffff000f0038c50201bc51b3
ffff000f00365d7201f696ad
ffff000f00328b2e0231db43
0001000f002dc7d400227c59
0001000f0033701e005fd1bc
0001000f0036edf5009acd3d
0000000e00391d1f00d4f85d
0000000e003a50bb010ed83a
0000000e003aa6f101489f19
0000000e003a26740182686c
ffff000f0038c50201bc51b3
ffff000f00365d7201f696ad
ffff000f00328b2e0231db43
0001000f002dc7d400227c59
0001000f0033701e005fd1bc
0001000f0036edf5009acd3d
0000000e00391d1f00d4f85d
0000000e003a50bb010ed83a
0000000e003aa6f101489f19
0000000e003a26740182686c
ffff000f0038c50201bc51b3
ffff000f00365d7201f696ad
ffff000f00328b2e0231db43
0001000f002dc7d400227c59
0001000f0033701e005fd1bc
0001000f0036edf5009acd3d
0000000e00391d1f00d4f85d
0000000e003a50bb010ed83a
0000000e003aa6f101489f19
0000000e003a26740182686c
ffff000f0038c50201bc51b3
ffff000f00365d7201f696ad
ffff000f00328b2e0231db43
0001000f002dc7d400227c59
0001000f0033701e005fd1bc
0001000f0036edf5009acd3d
0000000e00391d1f00d4f85d
0000000e003a50bb010ed83a
0000000e003aa6f101489f19
0000000e003a26740182686c
ffff000f0038c50201bc51b3
ffff000f00365d7201f696ad
ffff000f00328b2e0231db43
0001000f002dc7d400227c59
0001000f0033701e005fd1bc
0001000f0036edf5009acd3d
0000000e00391d1f00d4f85d
0000000e003a50bb010ed83a
0000000e003aa6f101489f19
0000000e003a26740182686c
ffff000f0038c50201bc51b3
ffff000f00365d7201f696ad
ffff000f00328b2e0231db43
0001000f002eb23f00226c07
0001000f00345103005fc158
0001000f0037c99b009abff2
0000000e0039f5ca00d4ef5b
0000000e003b27dd010ed3e7
0000000e003b7da801489f92
0000000e003afdca01826dae
ffff000f00399e2101bc5b98
ffff000f003739e701f6a4b4
ffff000f00336d810231ebfc
0001000f002eb23f00226c07
0001000f00345103005fc158
0001000f0037c99b009abff2
0000000e0039f5ca00d4ef5b
0000000e003b27dd010ed3e7
0000000e003b7da801489f92
0000000e003afdca01826dae
ffff000f00399e2101bc5b98
ffff000f003739e701f6a4b4
ffff000f00336d810231ebfc
0001000f002eb23f00226c07
0001000f00345103005fc158
0001000f0037c99b009abff2
0000000e0039f5ca00d4ef5b
0000000e003b27dd010ed3e7
0000000e003b7da801489f92
0000000e003afdca01826dae
ffff000f00399e2101bc5b98
ffff000f003739e701f6a4b4
ffff000f00336d810231ebfc
0001000f002eb23f00226c07
0001000f00345103005fc158
0001000f0037c99b009abff2
0000000e0039f5ca00d4ef5b
0000000e003b27dd010ed3e7
0000000e003b7da801489f92
0000000e003afdca01826dae
ffff000f00399e2101bc5b98
ffff000f003739e701f6a4b4
ffff000f00336d810231ebfc
0001000f002eb23f00226c07
0001000f00345103005fc158
0001000f0037c99b009abff2
0000000e0039f5ca00d4ef5b
0000000e003b27dd010ed3e7
0000000e003b7da801489f92
0000000e003afdca01826dae
ffff000f00399e2101bc5b98
ffff000f003739e701f6a4b4
ffff000f00336d810231ebfc
0001000f002eb23f00226c07
0001000f00345103005fc158
0001000f0037c99b009abff2
0000000e0039f5ca00d4ef5b
0000000e003b27dd010ed3e7
0000000e003b7da801489f92
0000000e003afdca01826dae
ffff000f00399e2101bc5b98
ffff000f003739e701f6a4b4
ffff000f00336d810231ebfc
0001000f002f9cc500225bb6
0001000f00353211005fb0fb
0001000f0038a570009ab2b0
0000000e003acea700d4e65f
0000000e003bff31010ecf97
0000000e003c54910148a00a
0000000e003bd553018272ec
ffff000f003a777101bc6576
ffff000f0038168a01f6b2b3
ffff000f00344ffb0231fcaf
0001000f002f9cc500225bb6
0001000f00353211005fb0fb
0001000f0038a570009ab2b0
0000000e003acea700d4e65f
0000000e003bff31010ecf97
0000000e003c54910148a00a
0000000e003bd553018272ec
ffff000f003a777101bc6576
ffff000f0038168a01f6b2b3
ffff000f00344ffb0231fcaf
0001000f002f9cc500225bb6
0001000f00353211005fb0fb
0001000f0038a570009ab2b0
0000000e003acea700d4e65f
0000000e003bff31010ecf97
0000000e003c54910148a00a
0000000e003bd553018272ec
ffff000f003a777101bc6576
ffff000f0038168a01f6b2b3
ffff000f00344ffb0231fcaf
0001000f002f9cc500225bb6
0001000f00353211005fb0fb
0001000f0038a570009ab2b0
0000000e003acea700d4e65f
0000000e003bff31010ecf97
0000000e003c54910148a00a
0000000e003bd553018272ec
ffff000f003a777101bc6576
ffff000f0038168a01f6b2b3
ffff000f00344ffb0231fcaf
0001000f002f9cc500225bb6
0001000f00353211005fb0fb
0001000f0038a570009ab2b0
0000000e003acea700d4e65f
0000000e003bff31010ecf97
0000000e003c54910148a00a
0000000e003bd553018272ec
ffff000f003a777101bc6576
ffff000f0038168a01f6b2b3
ffff000f00344ffb0231fcaf
0001000f002f9cc500225bb6
0001000f00353211005fb0fb
0001000f0038a570009ab2b0
0000000e003acea700d4e65f
0000000e003bff31010ecf97
0000000e003c54910148a00a
0000000e003bd553018272ec
ffff000f003a777101bc6576
ffff000f0038168a01f6b2b3
ffff000f00344ffb0231fcaf
0001000f0030876800224b64
0001000f00361348005fa0a6
0001000f00398173009aa577
0000000e003ba7b500d4dd6a
0000000e003cd6b8010ecb4a
0000000e003d2bae0148a081
0000000e003cad0f01827826
ffff000f003b50f301bc6f4d
ffff000f0038f35b01f6c0aa
ffff000f0035329d02320d5b
0001000f0030876800224b64
0001000f00361348005fa0a6
0001000f00398173009aa577
0000000e003ba7b500d4dd6a
0000000e003cd6b8010ecb4a
0000000e003d2bae0148a081
0000000e003cad0f01827826
ffff000f003b50f301bc6f4d
ffff000f0038f35b01f6c0aa
ffff000f0035329d02320d5b
0001000f0030876800224b64
0001000f00361348005fa0a6
0001000f00398173009aa577
0000000e003ba7b500d4dd6a
0000000e003cd6b8010ecb4a
0000000e003d2bae0148a081
0000000e003cad0f01827826
ffff000f003b50f301bc6f4d
ffff000f0038f35b01f6c0aa
ffff000f0035329d02320d5b
0001000f0030876800224b64
0001000f00361348005fa0a6
0001000f00398173009aa577
0000000e003ba7b500d4dd6a
0000000e003cd6b8010ecb4a
0000000e003d2bae0148a081
0000000e003cad0f01827826
ffff000f003b50f301bc6f4d
ffff000f0038f35b01f6c0aa
ffff000f0035329d02320d5b
0001000f0030876800224b64
0001000f00361348005fa0a6
0001000f00398173009aa577
0000000e003ba7b500d4dd6a
0000000e003cd6b8010ecb4a
0000000e003d2bae0148a081
0000000e003cad0f01827826
ffff000f003b50f301bc6f4d
ffff000f0038f35b01f6c0aa
ffff000f0035329d02320d5b
0001000f0030876800224b64
0001000f00361348005fa0a6
0001000f00398173009aa577
0000000e003ba7b500d4dd6a
0000000e003cd6b8010ecb4a
0000000e003d2bae0148a081
0000000e003cad0f01827826
ffff000f003b50f301bc6f4d
ffff000f0038f35b01f6c0aa
ffff000f0035329d02320d5b
0001000f0031722600223b13
0001000f0036f4a8005f9059
0001000f003a5da6009a9845
0000000e003c80f400d4d47b
0000000e003dae71010ec700
0000000e003e02fc0148a0f9
0000000e003d84fc01827d5b
ffff000f003c2aa501bc791d
ffff000f0039d05a01f6ce97
ffff000f0036156602321e00
0001000f0031722600223b13
0001000f0036f4a8005f9059
0001000f003a5da6009a9845
0000000e003c80f400d4d47b
0000000e003dae71010ec700
0000000e003e02fc0148a0f9
0000000e003d84fc01827d5b
ffff000f003c2aa501bc791d
ffff000f0039d05a01f6ce97
ffff000f0036156602321e00
0001000f0031722600223b13
0001000f0036f4a8005f9059
0001000f003a5da6009a9845
0000000e003c80f400d4d47b
0000000e003dae71010ec700
0000000e003e02fc0148a0f9
0000000e003d84fc01827d5b
ffff000f003c2aa501bc791d
ffff000f0039d05a01f6ce97
ffff000f0036156602321e00
0001000f0031722600223b13
0001000f0036f4a8005f9059
0001000f003a5da6009a9845
0000000e003c80f400d4d47b
0000000e003dae71010ec700
0000000e003e02fc0148a0f9
0000000e003d84fc01827d5b
ffff000f003c2aa501bc791d
ffff000f0039d05a01f6ce97
ffff000f0036156602321e00
0001000f0031722600223b13
0001000f0036f4a8005f9059
0001000f003a5da6009a9845
0000000e003c80f400d4d47b
0000000e003dae71010ec700
0000000e003e02fc0148a0f9
0000000e003d84fc01827d5b
ffff000f003c2aa501bc791d
ffff000f0039d05a01f6ce97
ffff000f0036156602321e00
0001000f0031722600223b13
0001000f0036f4a8005f9059
0001000f003a5da6009a9845
0000000e003c80f400d4d47b
0000000e003dae71010ec700
0000000e003e02fc0148a0f9
0000000e003d84fc01827d5b
ffff000f003c2aa501bc791d
ffff000f0039d05a01f6ce97
ffff000f0036156602321e00
0001000f00325d0100222ac2
0001000f0037d631005f8013
0001000f003b3a07009a8b1d
0000000e003d5a6400d4cb92
0000000e003e865c010ec2ba
0000000e003eda7d0148a170
0000000f003e5d1c0182828d
ffff000f003d048801bc82e6
ffff000f003aad8701f6dc7c
ffff000f0036f85602322e9e
0001000f00325d0100222ac2
0001000f0037d631005f8013
0001000f003b3a07009a8b1d
0000000e003d5a6400d4cb92
0000000e003e865c010ec2ba
0000000e003eda7d0148a170
0000000f003e5d1c0182828d
ffff000f003d048801bc82e6
ffff000f003aad8701f6dc7c
ffff000f0036f85602322e9e
0001000f00325d0100222ac2
0001000f0037d631005f8013
0001000f003b3a07009a8b1d
0000000e003d5a6400d4cb92
0000000e003e865c010ec2ba
0000000e003eda7d0148a170
0000000f003e5d1c0182828d
ffff000f003d048801bc82e6
ffff000f003aad8701f6dc7c
ffff000f0036f85602322e9e
0001000f00325d0100222ac2
0001000f0037d631005f8013
0001000f003b3a07009a8b1d
0000000e003d5a6400d4cb92
0000000e003e865c010ec2ba
0000000e003eda7d0148a170
0000000f003e5d1c0182828d
ffff000f003d048801bc82e6
ffff000f003aad8701f6dc7c
ffff000f0036f85602322e9e
0001000f00325d0100222ac2
0001000f0037d631005f8013
0001000f003b3a07009a8b1d
0000000e003d5a6400d4cb92
0000000e003e865c010ec2ba
0000000e003eda7d0148a170
0000000f003e5d1c0182828d
ffff000f003d048801bc82e6
ffff000f003aad8701f6dc7c
ffff000f0036f85602322e9e
0001000f00325d0100222ac2
0001000f0037d631005f8013
0001000f003b3a07009a8b1d
0000000e003d5a6400d4cb92
0000000e003e865c010ec2ba
0000000e003eda7d0148a170
0000000f003e5d1c0182828d
ffff000f003d048801bc82e6
ffff000f003aad8701f6dc7c
ffff000f0036f85602322e9e
0001000f003347f800221a73
0001000f0038b7e3005f6fd5
0001000f003c1697009a7dfd
0000000e003e340600d4c2b0
0000000e003f5e79010ebe78
0000000e003fb2300148a1e7
0000000f003f356d018287bb
ffff000f003dde9c01bc8ca7
ffff000f003b8ae201f6ea59
ffff000f0037db6e02323f35
0001000f003347f800221a73
0001000f0038b7e3005f6fd5
0001000f003c1697009a7dfd
0000000e003e340600d4c2b0
0000000e003f5e79010ebe78
0000000e003fb2300148a1e7
0000000f003f356d018287bb
ffff000f003dde9c01bc8ca7
ffff000f003b8ae201f6ea59
ffff000f0037db6e02323f35
0001000f003347f800221a73
0001000f0038b7e3005f6fd5
0001000f003c1697009a7dfd
0000000e003e340600d4c2b0
0000000e003f5e79010ebe78
0000000e003fb2300148a1e7
0000000f003f356d018287bb
ffff000f003dde9c01bc8ca7
ffff000f003b8ae201f6ea59
ffff000f0037db6e02323f35
0001000f003347f800221a73
0001000f0038b7e3005f6fd5
0001000f003c1697009a7dfd
0000000e003e340600d4c2b0
0000000e003f5e79010ebe78
0000000e003fb2300148a1e7
0000000f003f356d018287bb
ffff000f003dde9c01bc8ca7
ffff000f003b8ae201f6ea59
ffff000f0037db6e02323f35
0001000f003347f800221a73
0001000f0038b7e3005f6fd5
0001000f003c1697009a7dfd
0000000e003e340600d4c2b0
0000000e003f5e79010ebe78
0000000e003fb2300148a1e7
0000000f003f356d018287bb
ffff000f003dde9c01bc8ca7
ffff000f003b8ae201f6ea59
ffff000f0037db6e02323f35
0001000f003347f800221a73
0001000f0038b7e3005f6fd5
0001000f003c1697009a7dfd
0000000e003e340600d4c2b0
0000000e003f5e79010ebe78
0000000e003fb2300148a1e7
0000000f003f356d018287bb
ffff000f003dde9c01bc8ca7
ffff000f003b8ae201f6ea59
ffff000f0037db6e02323f35
0001000f0034330c00220a24
0001000f003999bf005f5fa0
0001000f003cf356009a70e6
0000000f003f0dd800d4b9d5
0000000e004036c8010eba38
0000000e00408a160148a25d
0000000f00400df001828ce5
ffff000f003eb8e101bc9662
ffff000f003c686b01f6f82c
ffff000f0038bead02324fc4
0001000f0034330c00220a24
0001000f003999bf005f5fa0
0001000f003cf356009a70e6
0000000f003f0dd800d4b9d5
0000000e004036c8010eba38
0000000e00408a160148a25d
0000000f00400df001828ce5
ffff000f003eb8e101bc9662
ffff000f003c686b01f6f82c
ffff000f0038bead02324fc4
0001000f0034330c00220a24
0001000f003999bf005f5fa0
0001000f003cf356009a70e6
0000000f003f0dd800d4b9d5
0000000e004036c8010eba38
0000000e00408a160148a25d
0000000f00400df001828ce5
ffff000f003eb8e101bc9662
ffff000f003c686b01f6f82c
ffff000f0038bead02324fc4
0001000f0034330c00220a24
0001000f003999bf005f5fa0
0001000f003cf356009a70e6
0000000f003f0dd800d4b9d5
0000000e004036c8010eba38
0000000e00408a160148a25d
0000000f00400df001828ce5
ffff000f003eb8e101bc9662
ffff000f003c686b01f6f82c
ffff000f0038bead02324fc4
0001000f0034330c00220a24
0001000f003999bf005f5fa0
0001000f003cf356009a70e6
0000000f003f0dd800d4b9d5
0000000e004036c8010eba38
0000000e00408a160148a25d
0000000f00400df001828ce5
ffff000f003eb8e101bc9662
ffff000f003c686b01f6f82c
ffff000f0038bead02324fc4
0001000f0034330c00220a24
0001000f003999bf005f5fa0
0001000f003cf356009a70e6
0000000f003f0dd800d4b9d5
0000000e004036c8010eba38
0000000e00408a160148a25d
0000000f00400df001828ce5
ffff000f003eb8e101bc9662
ffff000f003c686b01f6f82c
ffff000f0038bead02324fc4
0001000f00351e3d0021f9d7
0001000f003a7bc4005f4f73
0001000f003dd043009a63d8
0000000f003fe7dc00d4b101
0000000e00410f49010eb5fc
0000000e0041622d0148a2d3
0000000f0040e6a60182920a
ffff000f003f935601bca015
ffff000f003d462301f705f6
ffff000f0039a2140232604b
0001000f00351e3d0021f9d7
0001000f003a7bc4005f4f73
0001000f003dd043009a63d8
0000000f003fe7dc00d4b101
0000000e00410f49010eb5fc
0000000e0041622d0148a2d3
0000000f0040e6a60182920a
ffff000f003f935601bca015
ffff000f003d462301f705f6
ffff000f0039a2140232604b
0001000f00351e3d0021f9d7
0001000f003a7bc4005f4f73
0001000f003dd043009a63d8
0000000f003fe7dc00d4b101
0000000e00410f49010eb5fc
0000000e0041622d0148a2d3
0000000f0040e6a60182920a
ffff000f003f935601bca015
ffff000f003d462301f705f6
ffff000f0039a2140232604b
0001000f00351e3d0021f9d7
0001000f003a7bc4005f4f73
0001000f003dd043009a63d8
0000000f003fe7dc00d4b101
0000000e00410f49010eb5fc
0000000e0041622d0148a2d3
0000000f0040e6a60182920a
ffff000f003f935601bca015
ffff000f003d462301f705f6
ffff000f0039a2140232604b
0001000f00351e3d0021f9d7
0001000f003a7bc4005f4f73
0001000f003dd043009a63d8
0000000f003fe7dc00d4b101
0000000e00410f49010eb5fc
0000000e0041622d0148a2d3
0000000f0040e6a60182920a
ffff000f003f935601bca015
ffff000f003d462301f705f6
ffff000f0039a2140232604b
0001000f00351e3d0021f9d7
0001000f003a7bc4005f4f73
0001000f003dd043009a63d8
0000000f003fe7dc00d4b101
0000000e00410f49010eb5fc
0000000e0041622d0148a2d3
0000000f0040e6a60182920a
ffff000f003f935601bca015
ffff000f003d462301f705f6
ffff000f0039a2140232604b
0001000f0036098b0021e98c
0001000f003b5df3005f3f4e
0001000f003ead5f009a56d3
0000000f0040c21100d4a834
0000000e0041e7fc010eb1c4
0000000e00423a770148a348
0000000f0041bf8d0182972c
ffff000f00406dfd01bca9c1
ffff000f003e240801f713b7
ffff000f003a85a2023270cb
0001000f0036098b0021e98c
0001000f003b5df3005f3f4e
0001000f003ead5f009a56d3
0000000f0040c21100d4a834
0000000e0041e7fc010eb1c4
0000000e00423a770148a348
0000000f0041bf8d0182972c
ffff000f00406dfd01bca9c1
ffff000f003e240801f713b7
ffff000f003a85a2023270cb
0001000f0036098b0021e98c
0001000f003b5df3005f3f4e
0001000f003ead5f009a56d3
0000000f0040c21100d4a834
0000000e0041e7fc010eb1c4
0000000e00423a770148a348
0000000f0041bf8d0182972c
ffff000f00406dfd01bca9c1
ffff000f003e240801f713b7
ffff000f003a85a2023270cb
0001000f0036098b0021e98c
0001000f003b5df3005f3f4e
0001000f003ead5f009a56d3
0000000f0040c21100d4a834
0000000e0041e7fc010eb1c4
0000000e00423a770148a348
0000000f0041bf8d0182972c
ffff000f00406dfd01bca9c1
ffff000f003e240801f713b7
ffff000f003a85a2023270cb
0001000f0036098b0021e98c
0001000f003b5df3005f3f4e
0001000f003ead5f009a56d3
0000000f0040c21100d4a834
0000000e0041e7fc010eb1c4
0000000e00423a770148a348
0000000f0041bf8d0182972c
ffff000f00406dfd01bca9c1
ffff000f003e240801f713b7
ffff000f003a85a2023270cb
0001000f0036098b0021e98c
0001000f003b5df3005f3f4e
0001000f003ead5f009a56d3
0000000f0040c21100d4a834
0000000e0041e7fc010eb1c4
0000000e00423a770148a348
0000000f0041bf8d0182972c
ffff000f00406dfd01bca9c1
ffff000f003e240801f713b7
ffff000f003a85a2023270cb
0001000f0036f4f50021d942
0001000f003c404a005f2f32
0001000f003f8aab009a49d8
0000000f00419c7700d49f6d
0000000e0042c0e0010ead8e
0000000e004312f20148a3bd
0000000f004298a501829c49
ffff000f004148d401bcb365
ffff000f003f021b01f7216e
ffff000f003b695902328143
0001000f0036f4f50021d942
0001000f003c404a005f2f32
0001000f003f8aab009a49d8
0000000f00419c7700d49f6d
0000000e0042c0e0010ead8e
0000000e004312f20148a3bd
0000000f004298a501829c49
ffff000f004148d401bcb365
ffff000f003f021b01f7216e
ffff000f003b695902328143
0001000f0036f4f50021d942
0001000f003c404a005f2f32
0001000f003f8aab009a49d8
0000000f00419c7700d49f6d
0000000e0042c0e0010ead8e
0000000e004312f20148a3bd
0000000f004298a501829c49
ffff000f004148d401bcb365
ffff000f003f021b01f7216e
ffff000f003b695902328143
0001000f0036f4f50021d942
0001000f003c404a005f2f32
0001000f003f8aab009a49d8
0000000f00419c7700d49f6d
0000000e0042c0e0010ead8e
0000000e004312f20148a3bd
0000000f004298a501829c49
ffff000f004148d401bcb365
ffff000f003f021b01f7216e
ffff000f003b695902328143
0001000f0036f4f50021d942
0001000f003c404a005f2f32
0001000f003f8aab009a49d8
0000000f00419c7700d49f6d
0000000e0042c0e0010ead8e
0000000e004312f20148a3bd
0000000f004298a501829c49
ffff000f004148d401bcb365
ffff000f003f021b01f7216e
ffff000f003b695902328143
0001000f0036f4f50021d942
0001000f003c404a005f2f32
0001000f003f8aab009a49d8
0000000f00419c7700d49f6d
0000000e0042c0e0010ead8e
0000000e004312f20148a3bd
0000000f004298a501829c49
ffff000f004148d401bcb365
ffff000f003f021b01f7216e
ffff000f003b695902328143
0001000f0037e07d0021c8fb
0001000f003d22cc005f1f1f
0001000f00406824009a3ce5
0000000f0042770d00d496ad
0000000e004399f7010ea95d
0000000e0043eba00148a432
0000000f004371ef0182a162
ffff000f004223db01bcbd02
ffff000f003fe05d01f72f1c
ffff000f003c4d37023291b2
0001000f0037e07d0021c8fb
0001000f003d22cc005f1f1f
0001000f00406824009a3ce5
0000000f0042770d00d496ad
0000000e004399f7010ea95d
0000000e0043eba00148a432
0000000f004371ef0182a162
ffff000f004223db01bcbd02
ffff000f003fe05d01f72f1c
ffff000f003c4d37023291b2
0001000f0037e07d0021c8fb
0001000f003d22cc005f1f1f
0001000f00406824009a3ce5
0000000f0042770d00d496ad
0000000e004399f7010ea95d
0000000e0043eba00148a432
0000000f004371ef0182a162
ffff000f004223db01bcbd02
ffff000f003fe05d01f72f1c
ffff000f003c4d37023291b2
0001000f0037e07d0021c8fb
0001000f003d22cc005f1f1f
0001000f00406824009a3ce5
0000000f0042770d00d496ad
0000000e004399f7010ea95d
0000000e0043eba00148a432
0000000f004371ef0182a162
ffff000f004223db01bcbd02
ffff000f003fe05d01f72f1c
ffff000f003c4d37023291b2
0001000f0037e07d0021c8fb
0001000f003d22cc005f1f1f
0001000f00406824009a3ce5
0000000f0042770d00d496ad
0000000e004399f7010ea95d
0000000e0043eba00148a432
0000000f004371ef0182a162
ffff000f004223db01bcbd02
ffff000f003fe05d01f72f1c
ffff000f003c4d37023291b2
0001000f0037e07d0021c8fb
0001000f003d22cc005f1f1f
0001000f00406824009a3ce5
0000000f0042770d00d496ad
0000000e004399f7010ea95d
0000000e0043eba00148a432
0000000f004371ef0182a162
ffff000f004223db01bcbd02
ffff000f003fe05d01f72f1c
ffff000f003c4d37023291b2
0001000f0038cc230021b8b6
0001000f003e0576005f0f15
0001000f004145cd009a2ffc
0000000f004351d400d48df4
0000000e0044733f010ea52f
0000000f0044c47f0148a4a7
0000000f00444b6b0182a677
ffff000f0042ff1301bcc697
ffff000f0040becc01f73cc1
ffff000f003d313d0232a219
0001000f0038cc230021b8b6
0001000f003e0576005f0f15
0001000f004145cd009a2ffc
0000000f004351d400d48df4
0000000e0044733f010ea52f
0000000f0044c47f0148a4a7
0000000f00444b6b0182a677
ffff000f0042ff1301bcc697
ffff000f0040becc01f73cc1
ffff000f003d313d0232a219
0001000f0038cc230021b8b6
0001000f003e0576005f0f15
0001000f004145cd009a2ffc
0000000f004351d400d48df4
0000000e0044733f010ea52f
0000000f0044c47f0148a4a7
0000000f00444b6b0182a677
ffff000f0042ff1301bcc697
ffff000f0040becc01f73cc1
ffff000f003d313d0232a219
0001000f0038cc230021b8b6
0001000f003e0576005f0f15
0001000f004145cd009a2ffc
0000000f004351d400d48df4
0000000e0044733f010ea52f
0000000f0044c47f0148a4a7
0000000f00444b6b0182a677
ffff000f0042ff1301bcc697
ffff000f0040becc01f73cc1
ffff000f003d313d0232a219
0001000f0038cc230021b8b6
0001000f003e0576005f0f15
0001000f004145cd009a2ffc
0000000f004351d400d48df4
0000000e0044733f010ea52f
0000000f0044c47f0148a4a7
0000000f00444b6b0182a677
ffff000f0042ff1301bcc697
ffff000f0040becc01f73cc1
ffff000f003d313d0232a219
0001000f0038cc230021b8b6
0001000f003e0576005f0f15
0001000f004145cd009a2ffc
0000000f004351d400d48df4
0000000e0044733f010ea52f
0000000f0044c47f0148a4a7
0000000f00444b6b0182a677
ffff000f0042ff1301bcc697
ffff000f0040becc01f73cc1
ffff000f003d313d0232a219
0001000f0039b7e60021a874
0001000f003ee84a005eff14
0001000f004223a3009a231c
0000000f00442ccd00d48543
0000000f00454cb8010ea104
0000000f00459d900148a51b
0000000f004525180182ab87
ffff000f0043da7c01bcd025
ffff000f00419d6901f74a5c
ffff000f003e156a0232b278
0001000f0039b7e60021a874
0001000f003ee84a005eff14
0001000f004223a3009a231c
0000000f00442ccd00d48543
0000000f00454cb8010ea104
0000000f00459d900148a51b
0000000f004525180182ab87
ffff000f0043da7c01bcd025
ffff000f00419d6901f74a5c
ffff000f003e156a0232b278
0001000f0039b7e60021a874
0001000f003ee84a005eff14
0001000f004223a3009a231c
0000000f00442ccd00d48543
0000000f00454cb8010ea104
0000000f00459d900148a51b
0000000f004525180182ab87
ffff000f0043da7c01bcd025
ffff000f00419d6901f74a5c
ffff000f003e156a0232b278
0001000f0039b7e60021a874
0001000f003ee84a005eff14
0001000f004223a3009a231c
0000000f00442ccd00d48543
0000000f00454cb8010ea104
0000000f00459d900148a51b
0000000f004525180182ab87
ffff000f0043da7c01bcd025
ffff000f00419d6901f74a5c
ffff000f003e156a0232b278
0001000f0039b7e60021a874
0001000f003ee84a005eff14
0001000f004223a3009a231c
0000000f00442ccd00d48543
0000000f00454cb8010ea104
0000000f00459d900148a51b
0000000f004525180182ab87
ffff000f0043da7c01bcd025
ffff000f00419d6901f74a5c
ffff000f003e156a0232b278
0001000f0039b7e60021a874
0001000f003ee84a005eff14
0001000f004223a3009a231c
0000000f00442ccd00d48543
0000000f00454cb8010ea104
0000000f00459d900148a51b
0000000f004525180182ab87
ffff000f0043da7c01bcd025
ffff000f00419d6901f74a5c
ffff000f003e156a0232b278
0001000f003aa3c700219835
0001000f003fcb48005eef1d
0001000f004301a9009a1645
0000000f004507f500d47c98
0000000f00462663010e9cdd
0000000f004676d20148a58e
0000000f0045fef70182b094
ffff000f0044b61401bcd9aa
ffff000f00427c3401f757ed
ffff000f003ef9c00232c2cd
0001000f003aa3c700219835
0001000f003fcb48005eef1d
0001000f004301a9009a1645
0000000f004507f500d47c98
0000000f00462663010e9cdd
0000000f004676d20148a58e
0000000f0045fef70182b094
ffff000f0044b61401bcd9aa
ffff000f00427c3401f757ed
ffff000f003ef9c00232c2cd
0001000f003aa3c700219835
0001000f003fcb48005eef1d
0001000f004301a9009a1645
0000000f004507f500d47c98
0000000f00462663010e9cdd
0000000f004676d20148a58e
0000000f0045fef70182b094
ffff000f0044b61401bcd9aa
ffff000f00427c3401f757ed
ffff000f003ef9c00232c2cd
0001000f003aa3c700219835
0001000f003fcb48005eef1d
0001000f004301a9009a1645
0000000f004507f500d47c98
0000000f00462663010e9cdd
0000000f004676d20148a58e
0000000f0045fef70182b094
ffff000f0044b61401bcd9aa
ffff000f00427c3401f757ed
ffff000f003ef9c00232c2cd
0001000f003aa3c700219835
0001000f003fcb48005eef1d
0001000f004301a9009a1645
0000000f004507f500d47c98
0000000f00462663010e9cdd
0000000f004676d20148a58e
0000000f0045fef70182b094
ffff000f0044b61401bcd9aa
ffff000f00427c3401f757ed
ffff000f003ef9c00232c2cd
0001000f003aa3c700219835
0001000f003fcb48005eef1d
0001000f004301a9009a1645
0000000f004507f500d47c98
0000000f00462663010e9cdd
0000000f004676d20148a58e
0000000f0045fef70182b094
ffff000f0044b61401bcd9aa
ffff000f00427c3401f757ed
ffff000f003ef9c00232c2cd
0001000f003b8fc6002187f9
0001000f0040ae6f005edf2f
0001000f0043dfdd009a0979
0000000f0045e34e00d473f5
0000000f0047003f010e98b9
0000000f004750460148a601
0000000f0046d9060182b59c
ffff000f004591de01bce329
ffff000f00435b2d01f76574
ffff000f003fde3d0232d31a
0001000f003b8fc6002187f9
0001000f0040ae6f005edf2f
0001000f0043dfdd009a0979
0000000f0045e34e00d473f5
0000000f0047003f010e98b9
0000000f004750460148a601
0000000f0046d9060182b59c
ffff000f004591de01bce329
ffff000f00435b2d01f76574
ffff000f003fde3d0232d31a
0001000f003b8fc6002187f9
0001000f0040ae6f005edf2f
0001000f0043dfdd009a0979
0000000f0045e34e00d473f5
0000000f0047003f010e98b9
0000000f004750460148a601
0000000f0046d9060182b59c
ffff000f004591de01bce329
ffff000f00435b2d01f76574
ffff000f003fde3d0232d31a
0001000f003b8fc6002187f9
0001000f0040ae6f005edf2f
0001000f0043dfdd009a0979
0000000f0045e34e00d473f5
0000000f0047003f010e98b9
0000000f004750460148a601
0000000f0046d9060182b59c
ffff000f004591de01bce329
ffff000f00435b2d01f76574
ffff000f003fde3d0232d31a
0001000f003b8fc6002187f9
0001000f0040ae6f005edf2f
0001000f0043dfdd009a0979
0000000f0045e34e00d473f5
0000000f0047003f010e98b9
0000000f004750460148a601
0000000f0046d9060182b59c
ffff000f004591de01bce329
ffff000f00435b2d01f76574
ffff000f003fde3d0232d31a
0001000f003b8fc6002187f9
0001000f0040ae6f005edf2f
0001000f0043dfdd009a0979
0000000f0045e34e00d473f5
0000000f0047003f010e98b9
0000000f004750460148a601
0000000f0046d9060182b59c
ffff000f004591de01bce329
ffff000f00435b2d01f76574
ffff000f003fde3d0232d31a
0001000f003c7be3002177c1
0001000f004191bf005ecf4a
0001000f0044be3f0099fcb6
0000000f0046bed800d46b59
0000000f0047da4c010e949a
0000000f004829eb0148a674
0000000f0047b3470182ba9f
ffff000f00466dd701bcec9f
ffff000f00443a5301f772f1
ffff000f0040c2e30232e35e
0001000f003c7be3002177c1
0001000f004191bf005ecf4a
0001000f0044be3f0099fcb6
0000000f0046bed800d46b59
0000000f0047da4c010e949a
0000000f004829eb0148a674
0000000f0047b3470182ba9f
ffff000f00466dd701bcec9f
ffff000f00443a5301f772f1
ffff000f0040c2e30232e35e
0001000f003c7be3002177c1
0001000f004191bf005ecf4a
0001000f0044be3f0099fcb6
0000000f0046bed800d46b59
0000000f0047da4c010e949a
0000000f004829eb0148a674
0000000f0047b3470182ba9f
ffff000f00466dd701bcec9f
ffff000f00443a5301f772f1
ffff000f0040c2e30232e35e
0001000f003c7be3002177c1
0001000f004191bf005ecf4a
0001000f0044be3f0099fcb6
0000000f0046bed800d46b59
0000000f0047da4c010e949a
0000000f004829eb0148a674
0000000f0047b3470182ba9f
ffff000f00466dd701bcec9f
ffff000f00443a5301f772f1
ffff000f0040c2e30232e35e
0001000f003c7be3002177c1
0001000f004191bf005ecf4a
0001000f0044be3f0099fcb6
0000000f0046bed800d46b59
0000000f0047da4c010e949a
0000000f004829eb0148a674
0000000f0047b3470182ba9f
ffff000f00466dd701bcec9f
ffff000f00443a5301f772f1
ffff000f0040c2e30232e35e
0001000f003c7be3002177c1
0001000f004191bf005ecf4a
0001000f0044be3f0099fcb6
0000000f0046bed800d46b59
0000000f0047da4c010e949a
0000000f004829eb0148a674
0000000f0047b3470182ba9f
ffff000f00466dd701bcec9f
ffff000f00443a5301f772f1
ffff000f0040c2e30232e35e
0001000f003d681e0021678c
0001000f0042753a005ebf70
0000000f00459cd00099effd
0000000f00479a9200d462c4
0000000f0048b48b010e907d
0000000f004903c20148a6e7
0000000f00488db90182bf9f
ffff000f00474a0001bcf60d
ffff000f004519a701f78064
ffff000f0041a7b00232f399
0001000f003d681e0021678c
0001000f0042753a005ebf70
0000000f00459cd00099effd
0000000f00479a9200d462c4
0000000f0048b48b010e907d
0000000f004903c20148a6e7
0000000f00488db90182bf9f
ffff000f00474a0001bcf60d
ffff000f004519a701f78064
ffff000f0041a7b00232f399
0001000f003d681e0021678c
0001000f0042753a005ebf70
0000000f00459cd00099effd
0000000f00479a9200d462c4
0000000f0048b48b010e907d
0000000f004903c20148a6e7
0000000f00488db90182bf9f
ffff000f00474a0001bcf60d
ffff000f004519a701f78064
ffff000f0041a7b00232f399
0001000f003d681e0021678c
0001000f0042753a005ebf70
0000000f00459cd00099effd
0000000f00479a9200d462c4
0000000f0048b48b010e907d
0000000f004903c20148a6e7
0000000f00488db90182bf9f
ffff000f00474a0001bcf60d
ffff000f004519a701f78064
ffff000f0041a7b00232f399
0001000f003d681e0021678c
0001000f0042753a005ebf70
0000000f00459cd00099effd
0000000f00479a9200d462c4
0000000f0048b48b010e907d
0000000f004903c20148a6e7
0000000f00488db90182bf9f
ffff000f00474a0001bcf60d
ffff000f004519a701f78064
ffff000f0041a7b00232f399
0001000f003d681e0021678c
0001000f0042753a005ebf70
0000000f00459cd00099effd
0000000f00479a9200d462c4
0000000f0048b48b010e907d
0000000f004903c20148a6e7
0000000f00488db90182bf9f
ffff000f00474a0001bcf60d
ffff000f004519a701f78064
ffff000f0041a7b00232f399
0001000f003e54770021575c
0001000f004358dd005eaf9f
0000000f00467b8f0099e34e
0000000f0048767c00d45a36
0000000f00498efa010e8c65
0000000f0049ddca0148a759
0000000f0049685b0182c499
ffff000f0048265a01bcff74
ffff000f0045f92901f78dcd
ffff000f00428ca5023303ca
0001000f003e54770021575c
0001000f004358dd005eaf9f
0000000f00467b8f0099e34e
0000000f0048767c00d45a36
0000000f00498efa010e8c65
0000000f0049ddca0148a759
0000000f0049685b0182c499
ffff000f0048265a01bcff74
ffff000f0045f92901f78dcd
ffff000f00428ca5023303ca
0001000f003e54770021575c
0001000f004358dd005eaf9f
0000000f00467b8f0099e34e
0000000f0048767c00d45a36
0000000f00498efa010e8c65
0000000f0049ddca0148a759
0000000f0049685b0182c499
ffff000f0048265a01bcff74
ffff000f0045f92901f78dcd
ffff000f00428ca5023303ca
0001000f003e54770021575c
0001000f004358dd005eaf9f
0000000f00467b8f0099e34e
0000000f0048767c00d45a36
0000000f00498efa010e8c65
0000000f0049ddca0148a759
0000000f0049685b0182c499
ffff000f0048265a01bcff74
ffff000f0045f92901f78dcd
ffff000f00428ca5023303ca
0001000f003e54770021575c
0001000f004358dd005eaf9f
0000000f00467b8f0099e34e
0000000f0048767c00d45a36
0000000f00498efa010e8c65
0000000f0049ddca0148a759
0000000f0049685b0182c499
ffff000f0048265a01bcff74
ffff000f0045f92901f78dcd
ffff000f00428ca5023303ca
0001000f003e54770021575c
0001000f004358dd005eaf9f
0000000f00467b8f0099e34e
0000000f0048767c00d45a36
0000000f00498efa010e8c65
0000000f0049ddca0148a759
0000000f0049685b0182c499
ffff000f0048265a01bcff74
ffff000f0045f92901f78dcd
ffff000f00428ca5023303ca
0001000f003f40ef00214730
0001000f00443caa005e9fd8
0000000f00475a7c0099d6a8
0000000f0049529700d451b0
0000000f004a699a010e8850
0000000f004ab8020148a7ca
0000000f004a432f0182c990
ffff000f004902e301bd08d2
ffff000f0046d8d901f79b2c
ffff000f004371c3023313f1
0001000f003f40ef00214730
0001000f00443caa005e9fd8
0000000f00475a7c0099d6a8
0000000f0049529700d451b0
0000000f004a699a010e8850
0000000f004ab8020148a7ca
0000000f004a432f0182c990
ffff000f004902e301bd08d2
ffff000f0046d8d901f79b2c
ffff000f004371c3023313f1
0001000f003f40ef00214730
0001000f00443caa005e9fd8
0000000f00475a7c0099d6a8
0000000f0049529700d451b0
0000000f004a699a010e8850
0000000f004ab8020148a7ca
0000000f004a432f0182c990
ffff000f004902e301bd08d2
ffff000f0046d8d901f79b2c
ffff000f004371c3023313f1
0001000f003f40ef00214730
0001000f00443caa005e9fd8
0000000f00475a7c0099d6a8
0000000f0049529700d451b0
0000000f004a699a010e8850
0000000f004ab8020148a7ca
0000000f004a432f0182c990
ffff000f004902e301bd08d2
ffff000f0046d8d901f79b2c
ffff000f004371c3023313f1
0001000f003f40ef00214730
0001000f00443caa005e9fd8
0000000f00475a7c0099d6a8
0000000f0049529700d451b0
0000000f004a699a010e8850
0000000f004ab8020148a7ca
0000000f004a432f0182c990
ffff000f004902e301bd08d2
ffff000f0046d8d901f79b2c
ffff000f004371c3023313f1
0001000f003f40ef00214730
0001000f00443caa005e9fd8
0000000f00475a7c0099d6a8
0000000f0049529700d451b0
0000000f004a699a010e8850
0000000f004ab8020148a7ca
0000000f004a432f0182c990
ffff000f004902e301bd08d2
ffff000f0046d8d901f79b2c
ffff000f004371c3023313f1
0001000f00402d8500213708
0001000f004520a1005e901c
0000000f004839980099ca0d
0000000f004a2ee100d44931
0000000f004b446b010e843f
0000000f004b926c0148a83c
0000000f004b1e330182ce82
ffff000f0049df9c01bd1229
ffff000f0047b8b601f7a880
ffff000f004457080233240f
0001000f00402d8500213708
0001000f004520a1005e901c
0000000f004839980099ca0d
0000000f004a2ee100d44931
0000000f004b446b010e843f
0000000f004b926c0148a83c
0000000f004b1e330182ce82
ffff000f0049df9c01bd1229
ffff000f0047b8b601f7a880
ffff000f004457080233240f
0001000f00402d8500213708
0001000f004520a1005e901c
0000000f004839980099ca0d
0000000f004a2ee100d44931
0000000f004b446b010e843f
0000000f004b926c0148a83c
0000000f004b1e330182ce82
ffff000f0049df9c01bd1229
ffff000f0047b8b601f7a880
ffff000f004457080233240f
0001000f00402d8500213708
0001000f004520a1005e901c
0000000f004839980099ca0d
0000000f004a2ee100d44931
0000000f004b446b010e843f
0000000f004b926c0148a83c
0000000f004b1e330182ce82
ffff000f0049df9c01bd1229
ffff000f0047b8b601f7a880
ffff000f004457080233240f
0001000f00402d8500213708
0001000f004520a1005e901c
0000000f004839980099ca0d
0000000f004a2ee100d44931
0000000f004b446b010e843f
0000000f004b926c0148a83c
0000000f004b1e330182ce82
ffff000f0049df9c01bd1229
ffff000f0047b8b601f7a880
ffff000f004457080233240f
0001000f00402d8500213708
0001000f004520a1005e901c
0000000f004839980099ca0d
0000000f004a2ee100d44931
0000000f004b446b010e843f
0000000f004b926c0148a83c
0000000f004b1e330182ce82
ffff000f0049df9c01bd1229
ffff000f0047b8b601f7a880
ffff000f004457080233240f
0001000f00411a3a002126e5
0001000f004604c1005e806a
0000000f004918e20099bd7c
0000000f004b0b5c00d440ba
0000000f004c1f6d010e8031
0000000f004c6d060148a8ac
0000000f004bf9680182d36f
ffff000f004abc8501bd1b77
ffff000f004898c101f7b5ca
ffff000f00453c7602333423
0001000f00411a3a002126e5
0001000f004604c1005e806a
0000000f004918e20099bd7c
0000000f004b0b5c00d440ba
0000000f004c1f6d010e8031
0000000f004c6d060148a8ac
0000000f004bf9680182d36f
ffff000f004abc8501bd1b77
ffff000f004898c101f7b5ca
ffff000f00453c7602333423
0001000f00411a3a002126e5
0001000f004604c1005e806a
0000000f004918e20099bd7c
0000000f004b0b5c00d440ba
0000000f004c1f6d010e8031
0000000f004c6d060148a8ac
0000000f004bf9680182d36f
ffff000f004abc8501bd1b77
ffff000f004898c101f7b5ca
ffff000f00453c7602333423
0001000f00411a3a002126e5
0001000f004604c1005e806a
0000000f004918e20099bd7c
0000000f004b0b5c00d440ba
0000000f004c1f6d010e8031
0000000f004c6d060148a8ac
0000000f004bf9680182d36f
ffff000f004abc8501bd1b77
ffff000f004898c101f7b5ca
ffff000f00453c7602333423
0001000f00411a3a002126e5
0001000f004604c1005e806a
0000000f004918e20099bd7c
0000000f004b0b5c00d440ba
0000000f004c1f6d010e8031
0000000f004c6d060148a8ac
0000000f004bf9680182d36f
ffff000f004abc8501bd1b77
ffff000f004898c101f7b5ca
ffff000f00453c7602333423
0001000f00411a3a002126e5
0001000f004604c1005e806a
0000000f004918e20099bd7c
0000000f004b0b5c00d440ba
0000000f004c1f6d010e8031
0000000f004c6d060148a8ac
0000000f004bf9680182d36f
ffff000f004abc8501bd1b77
ffff000f004898c101f7b5ca
ffff000f00453c7602333423
0001000f0042070e002116c7
0001000f0046e90b005e70c3
0000000f0049f8590099b0f6
0000000f004be80700d4384a
0000000f004cfa9f010e7c27
0000000f004d47d20148a91d
0000000f004cd4cd0182d858
ffff000f004b999e01bd24bd
ffff000f004978f901f7c309
ffff000f0046220b0233442d
0001000f0042070e002116c7
0001000f0046e90b005e70c3
0000000f0049f8590099b0f6
0000000f004be80700d4384a
0000000f004cfa9f010e7c27
0000000f004d47d20148a91d
0000000f004cd4cd0182d858
ffff000f004b999e01bd24bd
ffff000f004978f901f7c309
ffff000f0046220b0233442d
0001000f0042070e002116c7
0001000f0046e90b005e70c3
0000000f0049f8590099b0f6
0000000f004be80700d4384a
0000000f004cfa9f010e7c27
0000000f004d47d20148a91d
0000000f004cd4cd0182d858
ffff000f004b999e01bd24bd
ffff000f004978f901f7c309
ffff000f0046220b0233442d
0001000f0042070e002116c7
0001000f0046e90b005e70c3
0000000f0049f8590099b0f6
0000000f004be80700d4384a
0000000f004cfa9f010e7c27
0000000f004d47d20148a91d
0000000f004cd4cd0182d858
ffff000f004b999e01bd24bd
ffff000f004978f901f7c309
ffff000f0046220b0233442d
0001000f0042070e002116c7
0001000f0046e90b005e70c3
0000000f0049f8590099b0f6
0000000f004be80700d4384a
0000000f004cfa9f010e7c27
0000000f004d47d20148a91d
0000000f004cd4cd0182d858
ffff000f004b999e01bd24bd
ffff000f004978f901f7c309
ffff000f0046220b0233442d
0001000f0042070e002116c7
0001000f0046e90b005e70c3
0000000f0049f8590099b0f6
0000000f004be80700d4384a
0000000f004cfa9f010e7c27
0000000f004d47d20148a91d
0000000f004cd4cd0182d858
ffff000f004b999e01bd24bd
ffff000f004978f901f7c309
ffff000f0046220b0233442d
0001000f0042f400002106ae
0001000f0047cd7e005e6126
0000000f004ad7ff0099a47a
0000000f004cc4e100d42fe2
0000000f004dd602010e7821
0000000f004e22cd0148a98d
0000000f004db0630182dd3c
ffff000f004c76e601bd2dfb
ffff000f004a595f01f7d03d
ffff000f004707c90233542c
0001000f0042f400002106ae
0001000f0047cd7e005e6126
0000000f004ad7ff0099a47a
0000000f004cc4e100d42fe2
0000000f004dd602010e7821
0000000f004e22cd0148a98d
0000000f004db0630182dd3c
ffff000f004c76e601bd2dfb
ffff000f004a595f01f7d03d
ffff000f004707c90233542c
0001000f0042f400002106ae
0001000f0047cd7e005e6126
0000000f004ad7ff0099a47a
0000000f004cc4e100d42fe2
0000000f004dd602010e7821
0000000f004e22cd0148a98d
0000000f004db0630182dd3c
ffff000f004c76e601bd2dfb
ffff000f004a595f01f7d03d
ffff000f004707c90233542c
0001000f0042f400002106ae
0001000f0047cd7e005e6126
0000000f004ad7ff0099a47a
0000000f004cc4e100d42fe2
0000000f004dd602010e7821
0000000f004e22cd0148a98d
0000000f004db0630182dd3c
ffff000f004c76e601bd2dfb
ffff000f004a595f01f7d03d
ffff000f004707c90233542c
0001000f0042f400002106ae
0001000f0047cd7e005e6126
0000000f004ad7ff0099a47a
0000000f004cc4e100d42fe2
0000000f004dd602010e7821
0000000f004e22cd0148a98d
0000000f004db0630182dd3c
ffff000f004c76e601bd2dfb
ffff000f004a595f01f7d03d
ffff000f004707c90233542c
0001000f0042f400002106ae
0001000f0047cd7e005e6126
0000000f004ad7ff0099a47a
0000000f004cc4e100d42fe2
0000000f004dd602010e7821
0000000f004e22cd0148a98d
0000000f004db0630182dd3c
ffff000f004c76e601bd2dfb
ffff000f004a595f01f7d03d
ffff000f004707c90233542c
0001000f0043e1120020f69b
0001000f0048b21b005e5195
0000000f004bb7d300999808
0000000f004da1eb00d42781
0000000f004eb195010e741f
0000000f004efdf90148a9fc
0000000f004e8c290182e21c
ffff000f004d545e01bd3730
ffff000f004b39f201f7dd67
ffff000f0047edaf02336421
0001000f0043e1120020f69b
0001000f0048b21b005e5195
0000000f004bb7d300999808
0000000f004da1eb00d42781
0000000f004eb195010e741f
0000000f004efdf90148a9fc
0000000f004e8c290182e21c
ffff000f004d545e01bd3730
ffff000f004b39f201f7dd67
ffff000f0047edaf02336421
0001000f0043e1120020f69b
0001000f0048b21b005e5195
0000000f004bb7d300999808
0000000f004da1eb00d42781
0000000f004eb195010e741f
0000000f004efdf90148a9fc
0000000f004e8c290182e21c
ffff000f004d545e01bd3730
ffff000f004b39f201f7dd67
ffff000f0047edaf02336421
0001000f0043e1120020f69b
0001000f0048b21b005e5195
0000000f004bb7d300999808
0000000f004da1eb00d42781
0000000f004eb195010e741f
0000000f004efdf90148a9fc
0000000f004e8c290182e21c
ffff000f004d545e01bd3730
ffff000f004b39f201f7dd67
ffff000f0047edaf02336421
0001000f0043e1120020f69b
0001000f0048b21b005e5195
0000000f004bb7d300999808
0000000f004da1eb00d42781
0000000f004eb195010e741f
0000000f004efdf90148a9fc
0000000f004e8c290182e21c
ffff000f004d545e01bd3730
ffff000f004b39f201f7dd67
ffff000f0047edaf02336421
0001000f0043e1120020f69b
0001000f0048b21b005e5195
0000000f004bb7d300999808
0000000f004da1eb00d42781
0000000f004eb195010e741f
0000000f004efdf90148a9fc
0000000f004e8c290182e21c
ffff000f004d545e01bd3730
ffff000f004b39f201f7dd67
ffff000f0047edaf02336421
0001000f0044ce430020e68e
0001000f004996e1005e420e
0000000f004c97d500998ba1
0000000f004e7f2500d41f28
0000000f004f8d58010e7021
0000000f004fd9560148aa6b
0000000f004f681f0182e6f7
ffff000f004e320501bd405d
ffff000f004c1ab201f7ea85
ffff000f0048d3bd0233740b
0001000f0044ce430020e68e
0001000f004996e1005e420e
0000000f004c97d500998ba1
0000000f004e7f2500d41f28
0000000f004f8d58010e7021
0000000f004fd9560148aa6b
0000000f004f681f0182e6f7
ffff000f004e320501bd405d
ffff000f004c1ab201f7ea85
ffff000f0048d3bd0233740b
0001000f0044ce430020e68e
0001000f004996e1005e420e
0000000f004c97d500998ba1
0000000f004e7f2500d41f28
0000000f004f8d58010e7021
0000000f004fd9560148aa6b
0000000f004f681f0182e6f7
ffff000f004e320501bd405d
ffff000f004c1ab201f7ea85
ffff000f0048d3bd0233740b
0001000f0044ce430020e68e
0001000f004996e1005e420e
0000000f004c97d500998ba1
0000000f004e7f2500d41f28
0000000f004f8d58010e7021
0000000f004fd9560148aa6b
0000000f004f681f0182e6f7
ffff000f004e320501bd405d
ffff000f004c1ab201f7ea85
ffff000f0048d3bd0233740b
0001000f0044ce430020e68e
0001000f004996e1005e420e
0000000f004c97d500998ba1
0000000f004e7f2500d41f28
0000000f004f8d58010e7021
0000000f004fd9560148aa6b
0000000f004f681f0182e6f7
ffff000f004e320501bd405d
ffff000f004c1ab201f7ea85
ffff000f0048d3bd0233740b
0001000f0044ce430020e68e
0001000f004996e1005e420e
0000000f004c97d500998ba1
0000000f004e7f2500d41f28
0000000f004f8d58010e7021
0000000f004fd9560148aa6b
0000000f004f681f0182e6f7
ffff000f004e320501bd405d
ffff000f004c1ab201f7ea85
ffff000f0048d3bd0233740b
0001000f0045bb930020d687
0001000f004a7bd1005e3293
0000000f004d780400997f45
0000000f004f5c8e00d416d7
0000000f0050694c010e6c26
0000000f0050b4e30148aada
0000000f005044450182ebcd
ffff000f004f0fdb01bd4982
ffff000f004cfb9f01f7f799
ffff000f0049b9f3023383eb
0001000f0045bb930020d687
0001000f004a7bd1005e3293
0000000f004d780400997f45
0000000f004f5c8e00d416d7
0000000f0050694c010e6c26
0000000f0050b4e30148aada
0000000f005044450182ebcd
ffff000f004f0fdb01bd4982
ffff000f004cfb9f01f7f799
ffff000f0049b9f3023383eb
0001000f0045bb930020d687
0001000f004a7bd1005e3293
0000000f004d780400997f45
0000000f004f5c8e00d416d7
0000000f0050694c010e6c26
0000000f0050b4e30148aada
0000000f005044450182ebcd
ffff000f004f0fdb01bd4982
ffff000f004cfb9f01f7f799
ffff000f0049b9f3023383eb
0001000f0045bb930020d687
0001000f004a7bd1005e3293
0000000f004d780400997f45
0000000f004f5c8e00d416d7
0000000f0050694c010e6c26
0000000f0050b4e30148aada
0000000f005044450182ebcd
ffff000f004f0fdb01bd4982
ffff000f004cfb9f01f7f799
ffff000f0049b9f3023383eb
0001000f0045bb930020d687
0001000f004a7bd1005e3293
0000000f004d780400997f45
0000000f004f5c8e00d416d7
0000000f0050694c010e6c26
0000000f0050b4e30148aada
0000000f005044450182ebcd
ffff000f004f0fdb01bd4982
ffff000f004cfb9f01f7f799
ffff000f0049b9f3023383eb
0001000f0045bb930020d687
0001000f004a7bd1005e3293
0000000f004d780400997f45
0000000f004f5c8e00d416d7
0000000f0050694c010e6c26
0000000f0050b4e30148aada
0000000f005044450182ebcd
ffff000f004f0fdb01bd4982
ffff000f004cfb9f01f7f799
ffff000f0049b9f3023383eb
0001000f0046a9020020c686
0001000f004b60ea005e2322
0000000f004e5861009972f3
0000000f00503a2600d40e8e
0000000f0051456f010e6830
0000000f0051909f0148ab49
0000000f0051209b0182f09f
ffff000f004fede101bd529e
ffff000f004ddcba01f804a1
ffff000f004aa051023393c0
0001000f0046a9020020c686
0001000f004b60ea005e2322
0000000f004e5861009972f3
0000000f00503a2600d40e8e
0000000f0051456f010e6830
0000000f0051909f0148ab49
0000000f0051209b0182f09f
ffff000f004fede101bd529e
ffff000f004ddcba01f804a1
ffff000f004aa051023393c0
0001000f0046a9020020c686
0001000f004b60ea005e2322
0000000f004e5861009972f3
0000000f00503a2600d40e8e
0000000f0051456f010e6830
0000000f0051909f0148ab49
0000000f0051209b0182f09f
ffff000f004fede101bd529e
ffff000f004ddcba01f804a1
ffff000f004aa051023393c0
0001000f0046a9020020c686
0001000f004b60ea005e2322
0000000f004e5861009972f3
0000000f00503a2600d40e8e
0000000f0051456f010e6830
0000000f0051909f0148ab49
0000000f0051209b0182f09f
ffff000f004fede101bd529e
ffff000f004ddcba01f804a1
ffff000f004aa051023393c0
0001000f0046a9020020c686
0001000f004b60ea005e2322
0000000f004e5861009972f3
0000000f00503a2600d40e8e
0000000f0051456f010e6830
0000000f0051909f0148ab49
0000000f0051209b0182f09f
ffff000f004fede101bd529e
ffff000f004ddcba01f804a1
ffff000f004aa051023393c0
0001000f0046a9020020c686
0001000f004b60ea005e2322
0000000f004e5861009972f3
0000000f00503a2600d40e8e
0000000f0051456f010e6830
0000000f0051909f0148ab49
0000000f0051209b0182f09f
ffff000f004fede101bd529e
ffff000f004ddcba01f804a1
ffff000f004aa051023393c0
0001000f004796900020b68b
0001000f004c462d005e13be
0000000f004f38ec009966ac
0000000f005117ee00d4064d
0000000f005221c2010e643d
0000000f00526c8c0148abb6
0000000f0051fd200182f56c
ffff000f0050cc1501bd5bb2
ffff000f004ebe0201f8119e
ffff000f004b86d70233a389
0001000f004796900020b68b
0001000f004c462d005e13be
0000000f004f38ec009966ac
0000000f005117ee00d4064d
0000000f005221c2010e643d
0000000f00526c8c0148abb6
0000000f0051fd200182f56c
ffff000f0050cc1501bd5bb2
ffff000f004ebe0201f8119e
ffff000f004b86d70233a389
0001000f004796900020b68b
0001000f004c462d005e13be
0000000f004f38ec009966ac
0000000f005117ee00d4064d
0000000f005221c2010e643d
0000000f00526c8c0148abb6
0000000f0051fd200182f56c
ffff000f0050cc1501bd5bb2
ffff000f004ebe0201f8119e
ffff000f004b86d70233a389
0001000f004796900020b68b
0001000f004c462d005e13be
0000000f004f38ec009966ac
0000000f005117ee00d4064d
0000000f005221c2010e643d
0000000f00526c8c0148abb6
0000000f0051fd200182f56c
ffff000f0050cc1501bd5bb2
ffff000f004ebe0201f8119e
ffff000f004b86d70233a389
0001000f004796900020b68b
0001000f004c462d005e13be
0000000f004f38ec009966ac
0000000f005117ee00d4064d
0000000f005221c2010e643d
0000000f00526c8c0148abb6
0000000f0051fd200182f56c
ffff000f0050cc1501bd5bb2
ffff000f004ebe0201f8119e
ffff000f004b86d70233a389
0001000f004796900020b68b
0001000f004c462d005e13be
0000000f004f38ec009966ac
0000000f005117ee00d4064d
0000000f005221c2010e643d
0000000f00526c8c0148abb6
0000000f0051fd200182f56c
ffff000f0050cc1501bd5bb2
ffff000f004ebe0201f8119e
ffff000f004b86d70233a389
0001000f0048843e0020a697
0001000f004d2b99005e0465
0000000f005019a400995a71
0000000f0051f5e500d3fe13
0000000f0052fe45010e604e
0000000f005348a90148ac24
0000000f0052d9d60182fa34
ffff000f0051aa7901bd64bd
ffff000f004f9f7601f81e90
ffff000f004c6d850233b348
0001000f0048843e0020a697
0001000f004d2b99005e0465
0000000f005019a400995a71
0000000f0051f5e500d3fe13
0000000f0052fe45010e604e
0000000f005348a90148ac24
0000000f0052d9d60182fa34
ffff000f0051aa7901bd64bd
ffff000f004f9f7601f81e90
ffff000f004c6d850233b348
0001000f0048843e0020a697
0001000f004d2b99005e0465
0000000f005019a400995a71
0000000f0051f5e500d3fe13
0000000f0052fe45010e604e
0000000f005348a90148ac24
0000000f0052d9d60182fa34
ffff000f0051aa7901bd64bd
ffff000f004f9f7601f81e90
ffff000f004c6d850233b348
0001000f0048843e0020a697
0001000f004d2b99005e0465
0000000f005019a400995a71
0000000f0051f5e500d3fe13
0000000f0052fe45010e604e
0000000f005348a90148ac24
0000000f0052d9d60182fa34
ffff000f0051aa7901bd64bd
ffff000f004f9f7601f81e90
ffff000f004c6d850233b348
0001000f0048843e0020a697
0001000f004d2b99005e0465
0000000f005019a400995a71
0000000f0051f5e500d3fe13
0000000f0052fe45010e604e
0000000f005348a90148ac24
0000000f0052d9d60182fa34
ffff000f0051aa7901bd64bd
ffff000f004f9f7601f81e90
ffff000f004c6d850233b348
0001000f0048843e0020a697
0001000f004d2b99005e0465
0000000f005019a400995a71
0000000f0051f5e500d3fe13
0000000f0052fe45010e604e
0000000f005348a90148ac24
0000000f0052d9d60182fa34
ffff000f0051aa7901bd64bd
ffff000f004f9f7601f81e90
ffff000f004c6d850233b348
0001000f0049720c002096aa
0001000f004e112e005df518
0000000f0050fa8a00994e40
0000000f0052d40b00d3f5e2
0000000f0053daf8010e5c63
0000000f005424f50148ac91
0000000f0053b6bb0182fef8
ffff000f0052890b01bd6dbf
ffff000f0050811801f82b76
ffff000f004d545b0233c2fa
0001000f0049720c002096aa
0001000f004e112e005df518
0000000f0050fa8a00994e40
0000000f0052d40b00d3f5e2
0000000f0053daf8010e5c63
0000000f005424f50148ac91
0000000f0053b6bb0182fef8
ffff000f0052890b01bd6dbf
ffff000f0050811801f82b76
ffff000f004d545b0233c2fa
0001000f0049720c002096aa
0001000f004e112e005df518
0000000f0050fa8a00994e40
0000000f0052d40b00d3f5e2
0000000f0053daf8010e5c63
0000000f005424f50148ac91
0000000f0053b6bb0182fef8
ffff000f0052890b01bd6dbf
ffff000f0050811801f82b76
ffff000f004d545b0233c2fa
0001000f0049720c002096aa
0001000f004e112e005df518
0000000f0050fa8a00994e40
0000000f0052d40b00d3f5e2
0000000f0053daf8010e5c63
0000000f005424f50148ac91
0000000f0053b6bb0182fef8
ffff000f0052890b01bd6dbf
ffff000f0050811801f82b76
ffff000f004d545b0233c2fa
0001000f0049720c002096aa
0001000f004e112e005df518
0000000f0050fa8a00994e40
0000000f0052d40b00d3f5e2
0000000f0053daf8010e5c63
0000000f005424f50148ac91
0000000f0053b6bb0182fef8
ffff000f0052890b01bd6dbf
ffff000f0050811801f82b76
ffff000f004d545b0233c2fa
0001000f0049720c002096aa
0001000f004e112e005df518
0000000f0050fa8a00994e40
0000000f0052d40b00d3f5e2
0000000f0053daf8010e5c63
0000000f005424f50148ac91
0000000f0053b6bb0182fef8
ffff000f0052890b01bd6dbf
ffff000f0050811801f82b76
ffff000f004d545b0233c2fa
0001000f004a5ff9002086c4
0001000f004ef6ed005de5d6
0000000f0051db9d0099421a
0000000f0053b26000d3edb8
0000000f0054b7da010e587c
0000000f005501710148acfd
0000000f005493cf018303b6
ffff000f005367cd01bd76b8
ffff000f005162e601f83851
ffff000f004e3b590233d2a2
0001000f004a5ff9002086c4
0001000f004ef6ed005de5d6
0000000f0051db9d0099421a
0000000f0053b26000d3edb8
0000000f0054b7da010e587c
0000000f005501710148acfd
0000000f005493cf018303b6
ffff000f005367cd01bd76b8
ffff000f005162e601f83851
ffff000f004e3b590233d2a2
0001000f004a5ff9002086c4
0001000f004ef6ed005de5d6
0000000f0051db9d0099421a
0000000f0053b26000d3edb8
0000000f0054b7da010e587c
0000000f005501710148acfd
0000000f005493cf018303b6
ffff000f005367cd01bd76b8
ffff000f005162e601f83851
ffff000f004e3b590233d2a2
0001000f004a5ff9002086c4
0001000f004ef6ed005de5d6
0000000f0051db9d0099421a
0000000f0053b26000d3edb8
0000000f0054b7da010e587c
0000000f005501710148acfd
0000000f005493cf018303b6
ffff000f005367cd01bd76b8
ffff000f005162e601f83851
ffff000f004e3b590233d2a2
0001000f004a5ff9002086c4
0001000f004ef6ed005de5d6
0000000f0051db9d0099421a
0000000f0053b26000d3edb8
0000000f0054b7da010e587c
0000000f005501710148acfd
0000000f005493cf018303b6
ffff000f005367cd01bd76b8
ffff000f005162e601f83851
ffff000f004e3b590233d2a2
0001000f004a5ff9002086c4
0001000f004ef6ed005de5d6
0000000f0051db9d0099421a
0000000f0053b26000d3edb8
0000000f0054b7da010e587c
0000000f005501710148acfd
0000000f005493cf018303b6
ffff000f005367cd01bd76b8
ffff000f005162e601f83851
ffff000f004e3b590233d2a2
0001000f004b4e06002076e6
0001000f004fdcd5005dd6a1
0000000f0052bcdd00993600
0000000f005490e300d3e597
0000000f005594eb010e5499
0000000f0055de1c0148ad6a
0000000f0055711201830870
ffff000f005446bc01bd7fa9
ffff000f005244e201f84520
ffff000f004f22800233e23d
0001000f004b4e06002076e6
0001000f004fdcd5005dd6a1
0000000f0052bcdd00993600
0000000f005490e300d3e597
0000000f005594eb010e5499
0000000f0055de1c0148ad6a
0000000f0055711201830870
ffff000f005446bc01bd7fa9
ffff000f005244e201f84520
ffff000f004f22800233e23d
0001000f004b4e06002076e6
0001000f004fdcd5005dd6a1
0000000f0052bcdd00993600
0000000f005490e300d3e597
0000000f005594eb010e5499
0000000f0055de1c0148ad6a
0000000f0055711201830870
ffff000f005446bc01bd7fa9
ffff000f005244e201f84520
ffff000f004f22800233e23d
0001000f004b4e06002076e6
0001000f004fdcd5005dd6a1
0000000f0052bcdd00993600
0000000f005490e300d3e597
0000000f005594eb010e5499
0000000f0055de1c0148ad6a
0000000f0055711201830870
ffff000f005446bc01bd7fa9
ffff000f005244e201f84520
ffff000f004f22800233e23d
0001000f004b4e06002076e6
0001000f004fdcd5005dd6a1
0000000f0052bcdd00993600
0000000f005490e300d3e597
0000000f005594eb010e5499
0000000f0055de1c0148ad6a
0000000f0055711201830870
ffff000f005446bc01bd7fa9
ffff000f005244e201f84520
ffff000f004f22800233e23d
0001000f004b4e06002076e6
0001000f004fdcd5005dd6a1
0000000f0052bcdd00993600
0000000f005490e300d3e597
0000000f005594eb010e5499
0000000f0055de1c0148ad6a
0000000f0055711201830870
ffff000f005446bc01bd7fa9
ffff000f005244e201f84520
ffff000f004f22800233e23d
0001000f004c3c3200206710
0001000f0050c2e7005dc778
0000000f00539e4b009929f1
0000000f00556f9600d3dd7e
0000000f0056722b010e50ba
0000000f0056baf70148add5
0000000f00564e8501830d25
0000000f005525da01bd8891
ffff000f0053270901f851e4
ffff000f005009ce0233f1cd
0001000f004c3c3200206710
0001000f0050c2e7005dc778
0000000f00539e4b009929f1
0000000f00556f9600d3dd7e
0000000f0056722b010e50ba
0000000f0056baf70148add5
0000000f00564e8501830d25
0000000f005525da01bd8891
ffff000f0053270901f851e4
ffff000f005009ce0233f1cd
0001000f004c3c3200206710
0001000f0050c2e7005dc778
0000000f00539e4b009929f1
0000000f00556f9600d3dd7e
0000000f0056722b010e50ba
0000000f0056baf70148add5
0000000f00564e8501830d25
0000000f005525da01bd8891
ffff000f0053270901f851e4
ffff000f005009ce0233f1cd
0001000f004c3c3200206710
0001000f0050c2e7005dc778
0000000f00539e4b009929f1
0000000f00556f9600d3dd7e
0000000f0056722b010e50ba
0000000f0056baf70148add5
0000000f00564e8501830d25
0000000f005525da01bd8891
ffff000f0053270901f851e4
ffff000f005009ce0233f1cd
0001000f004c3c3200206710
0001000f0050c2e7005dc778
0000000f00539e4b009929f1
0000000f00556f9600d3dd7e
0000000f0056722b010e50ba
0000000f0056baf70148add5
0000000f00564e8501830d25
0000000f005525da01bd8891
ffff000f0053270901f851e4
ffff000f005009ce0233f1cd
0001000f004c3c3200206710
0001000f0050c2e7005dc778
0000000f00539e4b009929f1
0000000f00556f9600d3dd7e
0000000f0056722b010e50ba
0000000f0056baf70148add5
0000000f00564e8501830d25
0000000f005525da01bd8891
ffff000f0053270901f851e4
ffff000f005009ce0233f1cd
0001000f004d2a7f00205741
0001000f0051a921005db85c
0000000f00547fe500991ded
0000000f00564e7700d3d56d
0000000f00574f9b010e4cdf
0000000f005798000148ae41
0000000f00572c27018311d6
0000000f0056052701bd9170
ffff000f0054095e01f85e9b
ffff000f0050f14402340150
0001000f004d2a7f00205741
0001000f0051a921005db85c
0000000f00547fe500991ded
0000000f00564e7700d3d56d
0000000f00574f9b010e4cdf
0000000f005798000148ae41
0000000f00572c27018311d6
0000000f0056052701bd9170
ffff000f0054095e01f85e9b
ffff000f0050f14402340150
0001000f004d2a7f00205741
0001000f0051a921005db85c
0000000f00547fe500991ded
0000000f00564e7700d3d56d
0000000f00574f9b010e4cdf
0000000f005798000148ae41
0000000f00572c27018311d6
0000000f0056052701bd9170
ffff000f0054095e01f85e9b
ffff000f0050f14402340150
0001000f004d2a7f00205741
0001000f0051a921005db85c
0000000f00547fe500991ded
0000000f00564e7700d3d56d
0000000f00574f9b010e4cdf
0000000f005798000148ae41
0000000f00572c27018311d6
0000000f0056052701bd9170
ffff000f0054095e01f85e9b
ffff000f0050f14402340150
0001000f004d2a7f00205741
0001000f0051a921005db85c
0000000f00547fe500991ded
0000000f00564e7700d3d56d
0000000f00574f9b010e4cdf
0000000f005798000148ae41
0000000f00572c27018311d6
0000000f0056052701bd9170
ffff000f0054095e01f85e9b
ffff000f0050f14402340150
0001000f004d2a7f00205741
0001000f0051a921005db85c
0000000f00547fe500991ded
0000000f00564e7700d3d56d
0000000f00574f9b010e4cdf
0000000f005798000148ae41
0000000f00572c27018311d6
0000000f0056052701bd9170
ffff000f0054095e01f85e9b
ffff000f0050f14402340150
0001000f004e18eb0020477b
0001000f00528f85005da94c
0000000f005561ad009911f5
0000000f00572d8600d3cd64
0000000f00582d39010e4908
0000000f005875390148aeab
0000000f005809f701831681
0000000f0056e4a201bd9a46
ffff000f0054ebdf01f86b47
ffff000f0051d8e2023410c8
0001000f004e18eb0020477b
0001000f00528f85005da94c
0000000f005561ad009911f5
0000000f00572d8600d3cd64
0000000f00582d39010e4908
0000000f005875390148aeab
0000000f005809f701831681
0000000f0056e4a201bd9a46
ffff000f0054ebdf01f86b47
ffff000f0051d8e2023410c8
0001000f004e18eb0020477b
0001000f00528f85005da94c
0000000f005561ad009911f5
0000000f00572d8600d3cd64
0000000f00582d39010e4908
0000000f005875390148aeab
0000000f005809f701831681
0000000f0056e4a201bd9a46
ffff000f0054ebdf01f86b47
ffff000f0051d8e2023410c8
0001000f004e18eb0020477b
0001000f00528f85005da94c
0000000f005561ad009911f5
0000000f00572d8600d3cd64
0000000f00582d39010e4908
0000000f005875390148aeab
0000000f005809f701831681
0000000f0056e4a201bd9a46
ffff000f0054ebdf01f86b47
ffff000f0051d8e2023410c8
0001000f004e18eb0020477b
0001000f00528f85005da94c
0000000f005561ad009911f5
0000000f00572d8600d3cd64
0000000f00582d39010e4908
0000000f005875390148aeab
0000000f005809f701831681
0000000f0056e4a201bd9a46
ffff000f0054ebdf01f86b47
ffff000f0051d8e2023410c8
0001000f004e18eb0020477b
0001000f00528f85005da94c
0000000f005561ad009911f5
0000000f00572d8600d3cd64
0000000f00582d39010e4908
0000000f005875390148aeab
0000000f005809f701831681
0000000f0056e4a201bd9a46
ffff000f0054ebdf01f86b47
ffff000f0051d8e2023410c8
0001000f004f0777002037bc
0001000f00537612005d9a48
0000000f005643a200990609
0000000f00580cc400d3c563
0000000f00590b06010e4535
0000000f005952a10148af16
0000000f0058e7f601831b27
0000000f0057c44b01bda313
ffff000f0055ce8c01f877e6
ffff000f0052c0a802342032
0001000f004f0777002037bc
0001000f00537612005d9a48
0000000f005643a200990609
0000000f00580cc400d3c563
0000000f00590b06010e4535
0000000f005952a10148af16
0000000f0058e7f601831b27
0000000f0057c44b01bda313
ffff000f0055ce8c01f877e6
ffff000f0052c0a802342032
0001000f004f0777002037bc
0001000f00537612005d9a48
0000000f005643a200990609
0000000f00580cc400d3c563
0000000f00590b06010e4535
0000000f005952a10148af16
0000000f0058e7f601831b27
0000000f0057c44b01bda313
ffff000f0055ce8c01f877e6
ffff000f0052c0a802342032
0001000f004f0777002037bc
0001000f00537612005d9a48
0000000f005643a200990609
0000000f00580cc400d3c563
0000000f00590b06010e4535
0000000f005952a10148af16
0000000f0058e7f601831b27
0000000f0057c44b01bda313
ffff000f0055ce8c01f877e6
ffff000f0052c0a802342032
0001000f004f0777002037bc
0001000f00537612005d9a48
0000000f005643a200990609
0000000f00580cc400d3c563
0000000f00590b06010e4535
0000000f005952a10148af16
0000000f0058e7f601831b27
0000000f0057c44b01bda313
ffff000f0055ce8c01f877e6
ffff000f0052c0a802342032
0001000f004f0777002037bc
0001000f00537612005d9a48
0000000f005643a200990609
0000000f00580cc400d3c563
0000000f00590b06010e4535
0000000f005952a10148af16
0000000f0058e7f601831b27
0000000f0057c44b01bda313
ffff000f0055ce8c01f877e6
ffff000f0052c0a802342032
0001000f004ff62400202807
0001000f00545cc8005d8b52
0000000f005725c30098fa28
0000000f0058ec2f00d3bd6b
0000000f0059e902010e4167
0000000f005a30370148af80
0000000f0059c62401831fc8
0000000f0058a42201bdabd7
ffff000f0056b16601f8847a
ffff000f0053a89602342f91
0001000f004ff62400202807
0001000f00545cc8005d8b52
0000000f005725c30098fa28
0000000f0058ec2f00d3bd6b
0000000f0059e902010e4167
0000000f005a30370148af80
0000000f0059c62401831fc8
0000000f0058a42201bdabd7
ffff000f0056b16601f8847a
ffff000f0053a89602342f91
0001000f004ff62400202807
0001000f00545cc8005d8b52
0000000f005725c30098fa28
0000000f0058ec2f00d3bd6b
0000000f0059e902010e4167
0000000f005a30370148af80
0000000f0059c62401831fc8
0000000f0058a42201bdabd7
ffff000f0056b16601f8847a
ffff000f0053a89602342f91
0001000f004ff62400202807
0001000f00545cc8005d8b52
0000000f005725c30098fa28
0000000f0058ec2f00d3bd6b
0000000f0059e902010e4167
0000000f005a30370148af80
0000000f0059c62401831fc8
0000000f0058a42201bdabd7
ffff000f0056b16601f8847a
ffff000f0053a89602342f91
0001000f004ff62400202807
0001000f00545cc8005d8b52
0000000f005725c30098fa28
0000000f0058ec2f00d3bd6b
0000000f0059e902010e4167
0000000f005a30370148af80
0000000f0059c62401831fc8
0000000f0058a42201bdabd7
ffff000f0056b16601f8847a
ffff000f0053a89602342f91
0001000f004ff62400202807
0001000f00545cc8005d8b52
0000000f005725c30098fa28
0000000f0058ec2f00d3bd6b
0000000f0059e902010e4167
0000000f005a30370148af80
0000000f0059c62401831fc8
0000000f0058a42201bdabd7
ffff000f0056b16601f8847a
ffff000f0053a89602342f91
0001000f0050e4f00020185a
0001000f005543a6005d7c68
0000000f005808110098ee53
0000000f0059cbc900d3b57b
0000000f005ac72c010e3d9c
0000000f005b0dfc0148afe9
0000000f005aa48001832465
0000000f0059842701bdb492
ffff000f0057946c01f89101
ffff000f005490ac02343ee2
0001000f0050e4f00020185a
0001000f005543a6005d7c68
0000000f005808110098ee53
0000000f0059cbc900d3b57b
0000000f005ac72c010e3d9c
0000000f005b0dfc0148afe9
0000000f005aa48001832465
0000000f0059842701bdb492
ffff000f0057946c01f89101
ffff000f005490ac02343ee2
0001000f0050e4f00020185a
0001000f005543a6005d7c68
0000000f005808110098ee53
0000000f0059cbc900d3b57b
0000000f005ac72c010e3d9c
0000000f005b0dfc0148afe9
0000000f005aa48001832465
0000000f0059842701bdb492
ffff000f0057946c01f89101
ffff000f005490ac02343ee2
0001000f0050e4f00020185a
0001000f005543a6005d7c68
0000000f005808110098ee53
0000000f0059cbc900d3b57b
0000000f005ac72c010e3d9c
0000000f005b0dfc0148afe9
0000000f005aa48001832465
0000000f0059842701bdb492
ffff000f0057946c01f89101
ffff000f005490ac02343ee2
0001000f0050e4f00020185a
0001000f005543a6005d7c68
0000000f005808110098ee53
0000000f0059cbc900d3b57b
0000000f005ac72c010e3d9c
0000000f005b0dfc0148afe9
0000000f005aa48001832465
0000000f0059842701bdb492
ffff000f0057946c01f89101
ffff000f005490ac02343ee2
0001000f0050e4f00020185a
0001000f005543a6005d7c68
0000000f005808110098ee53
0000000f0059cbc900d3b57b
0000000f005ac72c010e3d9c
0000000f005b0dfc0148afe9
0000000f005aa48001832465
0000000f0059842701bdb492
ffff000f0057946c01f89101
ffff000f005490ac02343ee2
0001000f0051d3dc002008b7
0001000f00562aae005d6d8b
0000000f0058ea8b0098e28a
0000000f005aab9100d3ad94
0000000f005ba585010e39d6
0000000f005bebef0148b052
0000000f005b830b018328fc
0000000f005a645a01bdbd43
ffff000f0058779e01f89d7c
ffff000f005578e902344e27
0001000f0051d3dc002008b7
0001000f00562aae005d6d8b
0000000f0058ea8b0098e28a
0000000f005aab9100d3ad94
0000000f005ba585010e39d6
0000000f005bebef0148b052
0000000f005b830b018328fc
0000000f005a645a01bdbd43
ffff000f0058779e01f89d7c
ffff000f005578e902344e27
0001000f0051d3dc002008b7
0001000f00562aae005d6d8b
0000000f0058ea8b0098e28a
0000000f005aab9100d3ad94
0000000f005ba585010e39d6
0000000f005bebef0148b052
0000000f005b830b018328fc
0000000f005a645a01bdbd43
ffff000f0058779e01f89d7c
ffff000f005578e902344e27
0001000f0051d3dc002008b7
0001000f00562aae005d6d8b
0000000f0058ea8b0098e28a
0000000f005aab9100d3ad94
0000000f005ba585010e39d6
0000000f005bebef0148b052
0000000f005b830b018328fc
0000000f005a645a01bdbd43
ffff000f0058779e01f89d7c
ffff000f005578e902344e27
0001000f0051d3dc002008b7
0001000f00562aae005d6d8b
0000000f0058ea8b0098e28a
0000000f005aab9100d3ad94
0000000f005ba585010e39d6
0000000f005bebef0148b052
0000000f005b830b018328fc
0000000f005a645a01bdbd43
ffff000f0058779e01f89d7c
ffff000f005578e902344e27
0001000f0051d3dc002008b7
0001000f00562aae005d6d8b
0000000f0058ea8b0098e28a
0000000f005aab9100d3ad94
0000000f005ba585010e39d6
0000000f005bebef0148b052
0000000f005b830b018328fc
0000000f005a645a01bdbd43
ffff000f0058779e01f89d7c
ffff000f005578e902344e27
0001000f0052c2e9001ff91c
0001000f005711df005d5ebc
0000000f0059cd320098d6cc
0000000f005b8b8700d3a5b5
0000000f005c840b010e3613
0000000f005cca100148b0bb
0000000f005c61c401832d8e
0000000f005b44ba01bdc5eb
ffff000f00595afc01f8a9eb
ffff000f0056614f02345d5f
0001000f0052c2e9001ff91c
0001000f005711df005d5ebc
0000000f0059cd320098d6cc
0000000f005b8b8700d3a5b5
0000000f005c840b010e3613
0000000f005cca100148b0bb
0000000f005c61c401832d8e
0000000f005b44ba01bdc5eb
ffff000f00595afc01f8a9eb
ffff000f0056614f02345d5f
0001000f0052c2e9001ff91c
0001000f005711df005d5ebc
0000000f0059cd320098d6cc
0000000f005b8b8700d3a5b5
0000000f005c840b010e3613
0000000f005cca100148b0bb
0000000f005c61c401832d8e
0000000f005b44ba01bdc5eb
ffff000f00595afc01f8a9eb
ffff000f0056614f02345d5f
0001000f0052c2e9001ff91c
0001000f005711df005d5ebc
0000000f0059cd320098d6cc
0000000f005b8b8700d3a5b5
0000000f005c840b010e3613
0000000f005cca100148b0bb
0000000f005c61c401832d8e
0000000f005b44ba01bdc5eb
ffff000f00595afc01f8a9eb
ffff000f0056614f02345d5f
0001000f0052c2e9001ff91c
0001000f005711df005d5ebc
0000000f0059cd320098d6cc
0000000f005b8b8700d3a5b5
0000000f005c840b010e3613
0000000f005cca100148b0bb
0000000f005c61c401832d8e
0000000f005b44ba01bdc5eb
ffff000f00595afc01f8a9eb
ffff000f0056614f02345d5f
0001000f0052c2e9001ff91c
0001000f005711df005d5ebc
0000000f0059cd320098d6cc
0000000f005b8b8700d3a5b5
0000000f005c840b010e3613
0000000f005cca100148b0bb
0000000f005c61c401832d8e
0000000f005b44ba01bdc5eb
ffff000f00595afc01f8a9eb
ffff000f0056614f02345d5f
0001000f0053b215001fe98c
0001000f0057f939005d4ffa
0000000f005ab0060098cb1b
0000000f005c6baa00d39ddf
0000000f005d62c0010e3255
0000000f005da8600148b123
0000000f005d40aa0183321c
0000000f005c254701bdce8a
ffff000f005a3e8501f8b64c
ffff000f005749db02346c89
0001000f0053b215001fe98c
0001000f0057f939005d4ffa
0000000f005ab0060098cb1b
0000000f005c6baa00d39ddf
0000000f005d62c0010e3255
0000000f005da8600148b123
0000000f005d40aa0183321c
0000000f005c254701bdce8a
ffff000f005a3e8501f8b64c
ffff000f005749db02346c89
0001000f0053b215001fe98c
0001000f0057f939005d4ffa
0000000f005ab0060098cb1b
0000000f005c6baa00d39ddf
0000000f005d62c0010e3255
0000000f005da8600148b123
0000000f005d40aa0183321c
0000000f005c254701bdce8a
ffff000f005a3e8501f8b64c
ffff000f005749db02346c89
0001000f0053b215001fe98c
0001000f0057f939005d4ffa
0000000f005ab0060098cb1b
0000000f005c6baa00d39ddf
0000000f005d62c0010e3255
0000000f005da8600148b123
0000000f005d40aa0183321c
0000000f005c254701bdce8a
ffff000f005a3e8501f8b64c
ffff000f005749db02346c89
0001000f0053b215001fe98c
0001000f0057f939005d4ffa
0000000f005ab0060098cb1b
0000000f005c6baa00d39ddf
0000000f005d62c0010e3255
0000000f005da8600148b123
0000000f005d40aa0183321c
0000000f005c254701bdce8a
ffff000f005a3e8501f8b64c
ffff000f005749db02346c89
0001000f0053b215001fe98c
0001000f0057f939005d4ffa
0000000f005ab0060098cb1b
0000000f005c6baa00d39ddf
0000000f005d62c0010e3255
0000000f005da8600148b123
0000000f005d40aa0183321c
0000000f005c254701bdce8a
ffff000f005a3e8501f8b64c
ffff000f005749db02346c89
0001000f0054a162001fda05
0001000f0058e0bb005d4146
0000000f005b93050098bf76
0000000f005d4bfb00d39611
0000000f005e41a3010e2e9b
0000000f005e86de0148b18a
0000000f005e1fbf018336a4
0000000f005d060201bdd720
ffff000f005b223b01f8c2a2
ffff000f0058329002347ba7
0001000f0054a162001fda05
0001000f0058e0bb005d4146
0000000f005b93050098bf76
0000000f005d4bfb00d39611
0000000f005e41a3010e2e9b
0000000f005e86de0148b18a
0000000f005e1fbf018336a4
0000000f005d060201bdd720
ffff000f005b223b01f8c2a2
ffff000f0058329002347ba7
0001000f0054a162001fda05
0001000f0058e0bb005d4146
0000000f005b93050098bf76
0000000f005d4bfb00d39611
0000000f005e41a3010e2e9b
0000000f005e86de0148b18a
0000000f005e1fbf018336a4
0000000f005d060201bdd720
ffff000f005b223b01f8c2a2
ffff000f0058329002347ba7
0001000f0054a162001fda05
0001000f0058e0bb005d4146
0000000f005b93050098bf76
0000000f005d4bfb00d39611
0000000f005e41a3010e2e9b
0000000f005e86de0148b18a
0000000f005e1fbf018336a4
0000000f005d060201bdd720
ffff000f005b223b01f8c2a2
ffff000f0058329002347ba7
0001000f0054a162001fda05
0001000f0058e0bb005d4146
0000000f005b93050098bf76
0000000f005d4bfb00d39611
0000000f005e41a3010e2e9b
0000000f005e86de0148b18a
0000000f005e1fbf018336a4
0000000f005d060201bdd720
ffff000f005b223b01f8c2a2
ffff000f0058329002347ba7
0001000f0054a162001fda05
0001000f0058e0bb005d4146
0000000f005b93050098bf76
0000000f005d4bfb00d39611
0000000f005e41a3010e2e9b
0000000f005e86de0148b18a
0000000f005e1fbf018336a4
0000000f005d060201bdd720
ffff000f005b223b01f8c2a2
ffff000f0058329002347ba7
0001000f005590cf001fca87
0001000f0059c866005d329f
0000000f005c76310098b3dd
0000000f005e2c7900d38e4c
0000000f005f20b3010e2ae6
0000000f005f65890148b1f2
0000000f005eff0101833b27
0000000f005de6eb01bddfac
ffff000f005c061c01f8ceea
ffff000f00591b6c02348ab7
0001000f005590cf001fca87
0001000f0059c866005d329f
0000000f005c76310098b3dd
0000000f005e2c7900d38e4c
0000000f005f20b3010e2ae6
0000000f005f65890148b1f2
0000000f005eff0101833b27
0000000f005de6eb01bddfac
ffff000f005c061c01f8ceea
ffff000f00591b6c02348ab7
0001000f005590cf001fca87
0001000f0059c866005d329f
0000000f005c76310098b3dd
0000000f005e2c7900d38e4c
0000000f005f20b3010e2ae6
0000000f005f65890148b1f2
0000000f005eff0101833b27
0000000f005de6eb01bddfac
ffff000f005c061c01f8ceea
ffff000f00591b6c02348ab7
0001000f005590cf001fca87
0001000f0059c866005d329f
0000000f005c76310098b3dd
0000000f005e2c7900d38e4c
0000000f005f20b3010e2ae6
0000000f005f65890148b1f2
0000000f005eff0101833b27
0000000f005de6eb01bddfac
ffff000f005c061c01f8ceea
ffff000f00591b6c02348ab7
0001000f005590cf001fca87
0001000f0059c866005d329f
0000000f005c76310098b3dd
0000000f005e2c7900d38e4c
0000000f005f20b3010e2ae6
0000000f005f65890148b1f2
0000000f005eff0101833b27
0000000f005de6eb01bddfac
ffff000f005c061c01f8ceea
ffff000f00591b6c02348ab7
0001000f005590cf001fca87
0001000f0059c866005d329f
0000000f005c76310098b3dd
0000000f005e2c7900d38e4c
0000000f005f20b3010e2ae6
0000000f005f65890148b1f2
0000000f005eff0101833b27
0000000f005de6eb01bddfac
ffff000f005c061c01f8ceea
ffff000f00591b6c02348ab7
0001000f0056805d001fbb15
0001000f005ab03a005d2406
0000000f005d59880098a850
0000000f005f0d2400d38690
0000000f005ffff1010e2734
0000000f006044620148b258
0000000f005fde7101833fa5
0000000f005ec80001bde82f
ffff000f005cea2901f8db26
ffff000f005a0470023499b9
0001000f0056805d001fbb15
0001000f005ab03a005d2406
0000000f005d59880098a850
0000000f005f0d2400d38690
0000000f005ffff1010e2734
0000000f006044620148b258
0000000f005fde7101833fa5
0000000f005ec80001bde82f
ffff000f005cea2901f8db26
ffff000f005a0470023499b9
0001000f0056805d001fbb15
0001000f005ab03a005d2406
0000000f005d59880098a850
0000000f005f0d2400d38690
0000000f005ffff1010e2734
0000000f006044620148b258
0000000f005fde7101833fa5
0000000f005ec80001bde82f
ffff000f005cea2901f8db26
ffff000f005a0470023499b9
0001000f0056805d001fbb15
0001000f005ab03a005d2406
0000000f005d59880098a850
0000000f005f0d2400d38690
0000000f005ffff1010e2734
0000000f006044620148b258
0000000f005fde7101833fa5
0000000f005ec80001bde82f
ffff000f005cea2901f8db26
ffff000f005a0470023499b9
0001000f0056805d001fbb15
0001000f005ab03a005d2406
0000000f005d59880098a850
0000000f005f0d2400d38690
0000000f005ffff1010e2734
0000000f006044620148b258
0000000f005fde7101833fa5
0000000f005ec80001bde82f
ffff000f005cea2901f8db26
ffff000f005a0470023499b9
0001000f0056805d001fbb15
0001000f005ab03a005d2406
0000000f005d59880098a850
0000000f005f0d2400d38690
0000000f005ffff1010e2734
0000000f006044620148b258
0000000f005fde7101833fa5
0000000f005ec80001bde82f
ffff000f005cea2901f8db26
ffff000f005a0470023499b9
0001000f0057700a001fabac
0001000f005b9836005d157a
0000000f005e3d0c00989cd0
0000000f005fedfc00d37edc
0000000f0060df5d010e2387
0000000f006123680148b2bf
0000000f0060be0e0183441d
0000000f005fa94201bdf0a8
ffff000f005dce6101f8e755
ffff000f005aed9b0234a8ad
0001000f0057700a001fabac
0001000f005b9836005d157a
0000000f005e3d0c00989cd0
0000000f005fedfc00d37edc
0000000f0060df5d010e2387
0000000f006123680148b2bf
0000000f0060be0e0183441d
0000000f005fa94201bdf0a8
ffff000f005dce6101f8e755
ffff000f005aed9b0234a8ad
0001000f0057700a001fabac
0001000f005b9836005d157a
0000000f005e3d0c00989cd0
0000000f005fedfc00d37edc
0000000f0060df5d010e2387
0000000f006123680148b2bf
0000000f0060be0e0183441d
0000000f005fa94201bdf0a8
ffff000f005dce6101f8e755
ffff000f005aed9b0234a8ad
0001000f0057700a001fabac
0001000f005b9836005d157a
0000000f005e3d0c00989cd0
0000000f005fedfc00d37edc
0000000f0060df5d010e2387
0000000f006123680148b2bf
0000000f0060be0e0183441d
0000000f005fa94201bdf0a8
ffff000f005dce6101f8e755
ffff000f005aed9b0234a8ad
0001000f0057700a001fabac
0001000f005b9836005d157a
0000000f005e3d0c00989cd0
0000000f005fedfc00d37edc
0000000f0060df5d010e2387
0000000f006123680148b2bf
0000000f0060be0e0183441d
0000000f005fa94201bdf0a8
ffff000f005dce6101f8e755
ffff000f005aed9b0234a8ad
0001000f0057700a001fabac
0001000f005b9836005d157a
0000000f005e3d0c00989cd0
0000000f005fedfc00d37edc
0000000f0060df5d010e2387
0000000f006123680148b2bf
0000000f0060be0e0183441d
0000000f005fa94201bdf0a8
ffff000f005dce6101f8e755
ffff000f005aed9b0234a8ad
0001000f00585fd8001f9c4e
0001000f005c805b005d06fd
0000000f005f20bb0098915c
0000000f0060cf0100d37731
0000000f0061bef5010e1fde
0000000f0062029c0148b324
0000000f00619dd801834891
0000000f00608ab101bdf917
ffff000f005eb2c501f8f377
ffff000f005bd6ee0234b794
0001000f00585fd8001f9c4e
0001000f005c805b005d06fd
0000000f005f20bb0098915c
0000000f0060cf0100d37731
0000000f0061bef5010e1fde
0000000f0062029c0148b324
0000000f00619dd801834891
0000000f00608ab101bdf917
ffff000f005eb2c501f8f377
ffff000f005bd6ee0234b794
0001000f00585fd8001f9c4e
0001000f005c805b005d06fd
0000000f005f20bb0098915c
0000000f0060cf0100d37731
0000000f0061bef5010e1fde
0000000f0062029c0148b324
0000000f00619dd801834891
0000000f00608ab101bdf917
ffff000f005eb2c501f8f377
ffff000f005bd6ee0234b794
0001000f00585fd8001f9c4e
0001000f005c805b005d06fd
0000000f005f20bb0098915c
0000000f0060cf0100d37731
0000000f0061bef5010e1fde
0000000f0062029c0148b324
0000000f00619dd801834891
0000000f00608ab101bdf917
ffff000f005eb2c501f8f377
ffff000f005bd6ee0234b794
0001000f00585fd8001f9c4e
0001000f005c805b005d06fd
0000000f005f20bb0098915c
0000000f0060cf0100d37731
0000000f0061bef5010e1fde
0000000f0062029c0148b324
0000000f00619dd801834891
0000000f00608ab101bdf917
ffff000f005eb2c501f8f377
ffff000f005bd6ee0234b794
0001000f00585fd8001f9c4e
0001000f005c805b005d06fd
0000000f005f20bb0098915c
0000000f0060cf0100d37731
0000000f0061bef5010e1fde
0000000f0062029c0148b324
0000000f00619dd801834891
0000000f00608ab101bdf917
ffff000f005eb2c501f8f377
ffff000f005bd6ee0234b794
0001000f00594fc7001f8cfb
0001000f005d68a8005cf88e
0000000f00600496009885f5
0000000f0061b03300d36f8f
0000000f00629ebb010e1c3a
0000000f0062e1fd0148b38a
0000000f00627dcf01834cff
0000000f00616c4d01be017d
ffff000f005f975401f8ff8c
ffff000f005cc0670234c66c
0001000f00594fc7001f8cfb
0001000f005d68a8005cf88e
0000000f00600496009885f5
0000000f0061b03300d36f8f
0000000f00629ebb010e1c3a
0000000f0062e1fd0148b38a
0000000f00627dcf01834cff
0000000f00616c4d01be017d
ffff000f005f975401f8ff8c
ffff000f005cc0670234c66c
0001000f00594fc7001f8cfb
0001000f005d68a8005cf88e
0000000f00600496009885f5
0000000f0061b03300d36f8f
0000000f00629ebb010e1c3a
0000000f0062e1fd0148b38a
0000000f00627dcf01834cff
0000000f00616c4d01be017d
ffff000f005f975401f8ff8c
ffff000f005cc0670234c66c
0001000f00594fc7001f8cfb
0001000f005d68a8005cf88e
0000000f00600496009885f5
0000000f0061b03300d36f8f
0000000f00629ebb010e1c3a
0000000f0062e1fd0148b38a
0000000f00627dcf01834cff
0000000f00616c4d01be017d
ffff000f005f975401f8ff8c
ffff000f005cc0670234c66c
0001000f00594fc7001f8cfb
0001000f005d68a8005cf88e
0000000f00600496009885f5
0000000f0061b03300d36f8f
0000000f00629ebb010e1c3a
0000000f0062e1fd0148b38a
0000000f00627dcf01834cff
0000000f00616c4d01be017d
ffff000f005f975401f8ff8c
ffff000f005cc0670234c66c
0001000f00594fc7001f8cfb
0001000f005d68a8005cf88e
0000000f00600496009885f5
0000000f0061b03300d36f8f
0000000f00629ebb010e1c3a
0000000f0062e1fd0148b38a
0000000f00627dcf01834cff
0000000f00616c4d01be017d
ffff000f005f975401f8ff8c
ffff000f005cc0670234c66c
0001000f005a3fd5001f7db3
0001000f005e511e005cea2e
0000000f0060e89c00987a9a
0000000f0062919200d367f6
0000000f00637eae010e1899
0000000f0063c18b0148b3ef
0000000f00635df401835168
0000000f00624e1501be09da
ffff000f00607c0e01f90b94
ffff000f005daa090234d536
0001000f005a3fd5001f7db3
0001000f005e511e005cea2e
0000000f0060e89c00987a9a
0000000f0062919200d367f6
0000000f00637eae010e1899
0000000f0063c18b0148b3ef
0000000f00635df401835168
0000000f00624e1501be09da
ffff000f00607c0e01f90b94
ffff000f005daa090234d536
0001000f005a3fd5001f7db3
0001000f005e511e005cea2e
0000000f0060e89c00987a9a
0000000f0062919200d367f6
0000000f00637eae010e1899
0000000f0063c18b0148b3ef
0000000f00635df401835168
0000000f00624e1501be09da
ffff000f00607c0e01f90b94
ffff000f005daa090234d536
0001000f005a3fd5001f7db3
0001000f005e511e005cea2e
0000000f0060e89c00987a9a
0000000f0062919200d367f6
0000000f00637eae010e1899
0000000f0063c18b0148b3ef
0000000f00635df401835168
0000000f00624e1501be09da
ffff000f00607c0e01f90b94
ffff000f005daa090234d536
0001000f005a3fd5001f7db3
0001000f005e511e005cea2e
0000000f0060e89c00987a9a
0000000f0062919200d367f6
0000000f00637eae010e1899
0000000f0063c18b0148b3ef
0000000f00635df401835168
0000000f00624e1501be09da
ffff000f00607c0e01f90b94
ffff000f005daa090234d536
0001000f005a3fd5001f7db3
0001000f005e511e005cea2e
0000000f0060e89c00987a9a
0000000f0062919200d367f6
0000000f00637eae010e1899
0000000f0063c18b0148b3ef
0000000f00635df401835168
0000000f00624e1501be09da
ffff000f00607c0e01f90b94
ffff000f005daa090234d536
0001000f005b3004001f6e77
0001000f005f39bb005cdbdc
0000000f0061ccce00986f4c
0000000f0063731d00d36065
0000000f00645ecd010e14fe
0000000f0064a1460148b453
0000000f00643e45018355cc
0000000f0063300901be122c
ffff000f006160f201f9178e
ffff000f005e93d10234e3f2
0001000f005b3004001f6e77
0001000f005f39bb005cdbdc
0000000f0061ccce00986f4c
0000000f0063731d00d36065
0000000f00645ecd010e14fe
0000000f0064a1460148b453
0000000f00643e45018355cc
0000000f0063300901be122c
ffff000f006160f201f9178e
ffff000f005e93d10234e3f2
0001000f005b3004001f6e77
0001000f005f39bb005cdbdc
0000000f0061ccce00986f4c
0000000f0063731d00d36065
0000000f00645ecd010e14fe
0000000f0064a1460148b453
0000000f00643e45018355cc
0000000f0063300901be122c
ffff000f006160f201f9178e
ffff000f005e93d10234e3f2
0001000f005b3004001f6e77
0001000f005f39bb005cdbdc
0000000f0061ccce00986f4c
0000000f0063731d00d36065
0000000f00645ecd010e14fe
0000000f0064a1460148b453
0000000f00643e45018355cc
0000000f0063300901be122c
ffff000f006160f201f9178e
ffff000f005e93d10234e3f2
0001000f005b3004001f6e77
0001000f005f39bb005cdbdc
0000000f0061ccce00986f4c
0000000f0063731d00d36065
0000000f00645ecd010e14fe
0000000f0064a1460148b453
0000000f00643e45018355cc
0000000f0063300901be122c
ffff000f006160f201f9178e
ffff000f005e93d10234e3f2
0001000f005b3004001f6e77
0001000f005f39bb005cdbdc
0000000f0061ccce00986f4c
0000000f0063731d00d36065
0000000f00645ecd010e14fe
0000000f0064a1460148b453
0000000f00643e45018355cc
0000000f0063300901be122c
ffff000f006160f201f9178e
ffff000f005e93d10234e3f2
0001000f005c2054001f5f45
0001000f00602281005ccd98
0000000f0062b12b0098640b
0000000f006454d400d358de
0000000f00653f19010e1166
0000000f0065812d0148b4b7
0000000f00651ec201835a2a
0000000f0064122a01be1a75
ffff000f0062460201f9237b
ffff000f005f7dc00234f2a0
0001000f005c2054001f5f45
0001000f00602281005ccd98
0000000f0062b12b0098640b
0000000f006454d400d358de
0000000f00653f19010e1166
0000000f0065812d0148b4b7
0000000f00651ec201835a2a
0000000f0064122a01be1a75
ffff000f0062460201f9237b
ffff000f005f7dc00234f2a0
0001000f005c2054001f5f45
0001000f00602281005ccd98
0000000f0062b12b0098640b
0000000f006454d400d358de
0000000f00653f19010e1166
0000000f0065812d0148b4b7
0000000f00651ec201835a2a
0000000f0064122a01be1a75
ffff000f0062460201f9237b
ffff000f005f7dc00234f2a0
0001000f005c2054001f5f45
0001000f00602281005ccd98
0000000f0062b12b0098640b
0000000f006454d400d358de
0000000f00653f19010e1166
0000000f0065812d0148b4b7
0000000f00651ec201835a2a
0000000f0064122a01be1a75
ffff000f0062460201f9237b
ffff000f005f7dc00234f2a0
0001000f005c2054001f5f45
0001000f00602281005ccd98
0000000f0062b12b0098640b
0000000f006454d400d358de
0000000f00653f19010e1166
0000000f0065812d0148b4b7
0000000f00651ec201835a2a
0000000f0064122a01be1a75
ffff000f0062460201f9237b
ffff000f005f7dc00234f2a0
0001000f005c2054001f5f45
0001000f00602281005ccd98
0000000f0062b12b0098640b
0000000f006454d400d358de
0000000f00653f19010e1166
0000000f0065812d0148b4b7
0000000f00651ec201835a2a
0000000f0064122a01be1a75
ffff000f0062460201f9237b
ffff000f005f7dc00234f2a0
0001000f005d10c3001f5020
0001000f00610b6f005cbf63
0000000f006395b2009858d7
0000000f006536b700d35160
0000000f00661f92010e0dd3
0000000f006661410148b51a
0000000f0065ff6c01835e83
0000000f0064f47601be22b4
ffff000f00632b3c01f92f5b
ffff000f006067d70235013e
0001000f005d10c3001f5020
0001000f00610b6f005cbf63
0000000f006395b2009858d7
0000000f006536b700d35160
0000000f00661f92010e0dd3
0000000f006661410148b51a
0000000f0065ff6c01835e83
0000000f0064f47601be22b4
ffff000f00632b3c01f92f5b
ffff000f006067d70235013e
0001000f005d10c3001f5020
0001000f00610b6f005cbf63
0000000f006395b2009858d7
0000000f006536b700d35160
0000000f00661f92010e0dd3
0000000f006661410148b51a
0000000f0065ff6c01835e83
0000000f0064f47601be22b4
ffff000f00632b3c01f92f5b
ffff000f006067d70235013e
0001000f005d10c3001f5020
0001000f00610b6f005cbf63
0000000f006395b2009858d7
0000000f006536b700d35160
0000000f00661f92010e0dd3
0000000f006661410148b51a
0000000f0065ff6c01835e83
0000000f0064f47601be22b4
ffff000f00632b3c01f92f5b
ffff000f006067d70235013e
0001000f005d10c3001f5020
0001000f00610b6f005cbf63
0000000f006395b2009858d7
0000000f006536b700d35160
0000000f00661f92010e0dd3
0000000f006661410148b51a
0000000f0065ff6c01835e83
0000000f0064f47601be22b4
ffff000f00632b3c01f92f5b
ffff000f006067d70235013e
0001000f005d10c3001f5020
0001000f00610b6f005cbf63
0000000f006395b2009858d7
0000000f006536b700d35160
0000000f00661f92010e0dd3
0000000f006661410148b51a
0000000f0065ff6c01835e83
0000000f0064f47601be22b4
ffff000f00632b3c01f92f5b
ffff000f006067d70235013e
0001000f005e0153001f4106
0001000f0061f485005cb13d
0000000f00647a6500984daf
0000000f006618c700d349ea
0000000f00670037010e0a44
0000000f006741810148b57d
0000000f0066e042018362d7
0000000f0065d6ef01be2ae9
ffff000f006410a101f93b2d
ffff000f0061521402350fce
0001000f005e0153001f4106
0001000f0061f485005cb13d
0000000f00647a6500984daf
0000000f006618c700d349ea
0000000f00670037010e0a44
0000000f006741810148b57d
0000000f0066e042018362d7
0000000f0065d6ef01be2ae9
ffff000f006410a101f93b2d
ffff000f0061521402350fce
0001000f005e0153001f4106
0001000f0061f485005cb13d
0000000f00647a6500984daf
0000000f006618c700d349ea
0000000f00670037010e0a44
0000000f006741810148b57d
0000000f0066e042018362d7
0000000f0065d6ef01be2ae9
ffff000f006410a101f93b2d
ffff000f0061521402350fce
0001000f005e0153001f4106
0001000f0061f485005cb13d
0000000f00647a6500984daf
0000000f006618c700d349ea
0000000f00670037010e0a44
0000000f006741810148b57d
0000000f0066e042018362d7
0000000f0065d6ef01be2ae9
ffff000f006410a101f93b2d
ffff000f0061521402350fce
0001000f005e0153001f4106
0001000f0061f485005cb13d
0000000f00647a6500984daf
0000000f006618c700d349ea
0000000f00670037010e0a44
0000000f006741810148b57d
0000000f0066e042018362d7
0000000f0065d6ef01be2ae9
ffff000f006410a101f93b2d
ffff000f0061521402350fce
0001000f005e0153001f4106
0001000f0061f485005cb13d
0000000f00647a6500984daf
0000000f006618c700d349ea
0000000f00670037010e0a44
0000000f006741810148b57d
0000000f0066e042018362d7
0000000f0065d6ef01be2ae9
ffff000f006410a101f93b2d
ffff000f0061521402350fce
0001000f005ef204001f31f9
0001000f0062ddc3005ca326
0000000f00655f4300984295
0000000f0066fb0200d3427e
0000000f0067e107010e06ba
0000000f006821ee0148b5e0
0000000f0067c14501836725
0000000f0066b99301be3314
ffff000f0064f63101f946f2
ffff000f00623c7902351e4f
0001000f005ef204001f31f9
0001000f0062ddc3005ca326
0000000f00655f4300984295
0000000f0066fb0200d3427e
0000000f0067e107010e06ba
0000000f006821ee0148b5e0
0000000f0067c14501836725
0000000f0066b99301be3314
ffff000f0064f63101f946f2
ffff000f00623c7902351e4f
0001000f005ef204001f31f9
0001000f0062ddc3005ca326
0000000f00655f4300984295
0000000f0066fb0200d3427e
0000000f0067e107010e06ba
0000000f006821ee0148b5e0
0000000f0067c14501836725
0000000f0066b99301be3314
ffff000f0064f63101f946f2
ffff000f00623c7902351e4f
0001000f005ef204001f31f9
0001000f0062ddc3005ca326
0000000f00655f4300984295
0000000f0066fb0200d3427e
0000000f0067e107010e06ba
0000000f006821ee0148b5e0
0000000f0067c14501836725
0000000f0066b99301be3314
ffff000f0064f63101f946f2
ffff000f00623c7902351e4f
0001000f005ef204001f31f9
0001000f0062ddc3005ca326
0000000f00655f4300984295
0000000f0066fb0200d3427e
0000000f0067e107010e06ba
0000000f006821ee0148b5e0
0000000f0067c14501836725
0000000f0066b99301be3314
ffff000f0064f63101f946f2
ffff000f00623c7902351e4f
0001000f005ef204001f31f9
0001000f0062ddc3005ca326
0000000f00655f4300984295
0000000f0066fb0200d3427e
0000000f0067e107010e06ba
0000000f006821ee0148b5e0
0000000f0067c14501836725
0000000f0066b99301be3314
ffff000f0064f63101f946f2
ffff000f00623c7902351e4f
0001000f005fe2d4001f22f8
0001000f0063c729005c951e
0000000f0066444b00983787
0000000f0067dd6900d33b1b
0000000f0068c204010e0334
0000000f006902860148b642
0000000f0068a27301836b6e
0000000f00679c6301be3b35
ffff000f0065dbea01f952a9
ffff000f0063270402352cc1
0001000f005fe2d4001f22f8
0001000f0063c729005c951e
0000000f0066444b00983787
0000000f0067dd6900d33b1b
0000000f0068c204010e0334
0000000f006902860148b642
0000000f0068a27301836b6e
0000000f00679c6301be3b35
ffff000f0065dbea01f952a9
ffff000f0063270402352cc1
0001000f005fe2d4001f22f8
0001000f0063c729005c951e
0000000f0066444b00983787
0000000f0067dd6900d33b1b
0000000f0068c204010e0334
0000000f006902860148b642
0000000f0068a27301836b6e
0000000f00679c6301be3b35
ffff000f0065dbea01f952a9
ffff000f0063270402352cc1
0001000f005fe2d4001f22f8
0001000f0063c729005c951e
0000000f0066444b00983787
0000000f0067dd6900d33b1b
0000000f0068c204010e0334
0000000f006902860148b642
0000000f0068a27301836b6e
0000000f00679c6301be3b35
ffff000f0065dbea01f952a9
ffff000f0063270402352cc1
0001000f005fe2d4001f22f8
0001000f0063c729005c951e
0000000f0066444b00983787
0000000f0067dd6900d33b1b
0000000f0068c204010e0334
0000000f006902860148b642
0000000f0068a27301836b6e
0000000f00679c6301be3b35
ffff000f0065dbea01f952a9
ffff000f0063270402352cc1
0001000f005fe2d4001f22f8
0001000f0063c729005c951e
0000000f0066444b00983787
0000000f0067dd6900d33b1b
0000000f0068c204010e0334
0000000f006902860148b642
0000000f0068a27301836b6e
0000000f00679c6301be3b35
ffff000f0065dbea01f952a9
ffff000f0063270402352cc1
0001000f0060d3c5001f1403
0001000f0064b0b6005c8726
0000000f0067297e00982c87
0000000f0068bffb00d333c1
0000000f0069a32d010dffb3
0000000f0069e34a0148b6a3
0000000f006983cd01836fb2
0000000f00687f5e01be434b
ffff000f0066c1ce01f95e52
ffff000f006411b602353b24
0001000f0060d3c5001f1403
0001000f0064b0b6005c8726
0000000f0067297e00982c87
0000000f0068bffb00d333c1
0000000f0069a32d010dffb3
0000000f0069e34a0148b6a3
0000000f006983cd01836fb2
0000000f00687f5e01be434b
ffff000f0066c1ce01f95e52
ffff000f006411b602353b24
0001000f0060d3c5001f1403
0001000f0064b0b6005c8726
0000000f0067297e00982c87
0000000f0068bffb00d333c1
0000000f0069a32d010dffb3
0000000f0069e34a0148b6a3
0000000f006983cd01836fb2
0000000f00687f5e01be434b
ffff000f0066c1ce01f95e52
ffff000f006411b602353b24
0001000f0060d3c5001f1403
0001000f0064b0b6005c8726
0000000f0067297e00982c87
0000000f0068bffb00d333c1
0000000f0069a32d010dffb3
0000000f0069e34a0148b6a3
0000000f006983cd01836fb2
0000000f00687f5e01be434b
ffff000f0066c1ce01f95e52
ffff000f006411b602353b24
0001000f0060d3c5001f1403
0001000f0064b0b6005c8726
0000000f0067297e00982c87
0000000f0068bffb00d333c1
0000000f0069a32d010dffb3
0000000f0069e34a0148b6a3
0000000f006983cd01836fb2
0000000f00687f5e01be434b
ffff000f0066c1ce01f95e52
ffff000f006411b602353b24
0001000f0060d3c5001f1403
0001000f0064b0b6005c8726
0000000f0067297e00982c87
0000000f0068bffb00d333c1
0000000f0069a32d010dffb3
0000000f0069e34a0148b6a3
0000000f006983cd01836fb2
0000000f00687f5e01be434b
ffff000f0066c1ce01f95e52
ffff000f006411b602353b24
0001000f0061c4d7001f051b
0001000f00659a6b005c793c
0000000f00680edb00982194
0000000f0069a2b900d32c71
0000000f006a8481010dfc36
0000000f006ac43a0148b704
0000000f006a6552018373f0
0000000f0069628401be4b58
ffff000f0067a7dc01f969ed
ffff000f0064fc8e02354977
0001000f0061c4d7001f051b
0001000f00659a6b005c793c
0000000f00680edb00982194
0000000f0069a2b900d32c71
0000000f006a8481010dfc36
0000000f006ac43a0148b704
0000000f006a6552018373f0
0000000f0069628401be4b58
ffff000f0067a7dc01f969ed
ffff000f0064fc8e02354977
0001000f0061c4d7001f051b
0001000f00659a6b005c793c
0000000f00680edb00982194
0000000f0069a2b900d32c71
0000000f006a8481010dfc36
0000000f006ac43a0148b704
0000000f006a6552018373f0
0000000f0069628401be4b58
ffff000f0067a7dc01f969ed
ffff000f0064fc8e02354977
0001000f0061c4d7001f051b
0001000f00659a6b005c793c
0000000f00680edb00982194
0000000f0069a2b900d32c71
0000000f006a8481010dfc36
0000000f006ac43a0148b704
0000000f006a6552018373f0
0000000f0069628401be4b58
ffff000f0067a7dc01f969ed
ffff000f0064fc8e02354977
0001000f0061c4d7001f051b
0001000f00659a6b005c793c
0000000f00680edb00982194
0000000f0069a2b900d32c71
0000000f006a8481010dfc36
0000000f006ac43a0148b704
0000000f006a6552018373f0
0000000f0069628401be4b58
ffff000f0067a7dc01f969ed
ffff000f0064fc8e02354977
0001000f0061c4d7001f051b
0001000f00659a6b005c793c
0000000f00680edb00982194
0000000f0069a2b900d32c71
0000000f006a8481010dfc36
0000000f006ac43a0148b704
0000000f006a6552018373f0
0000000f0069628401be4b58
ffff000f0067a7dc01f969ed
ffff000f0064fc8e02354977
0001000f0062b608001ef640
0001000f00668447005c6b62
0000000f0068f463009816af
0000000f006a85a200d32529
0000000f006b6600010df8be
0000000f006ba5550148b764
0000000f006b470301837828
0000000f006a45d501be535b
ffff000f00688e1301f9757a
ffff000f0065e78d023557bb
0001000f0062b608001ef640
0001000f00668447005c6b62
0000000f0068f463009816af
0000000f006a85a200d32529
0000000f006b6600010df8be
0000000f006ba5550148b764
0000000f006b470301837828
0000000f006a45d501be535b
ffff000f00688e1301f9757a
ffff000f0065e78d023557bb
0001000f0062b608001ef640
0001000f00668447005c6b62
0000000f0068f463009816af
0000000f006a85a200d32529
0000000f006b6600010df8be
0000000f006ba5550148b764
0000000f006b470301837828
0000000f006a45d501be535b
ffff000f00688e1301f9757a
ffff000f0065e78d023557bb
0001000f0062b608001ef640
0001000f00668447005c6b62
0000000f0068f463009816af
0000000f006a85a200d32529
0000000f006b6600010df8be
0000000f006ba5550148b764
0000000f006b470301837828
0000000f006a45d501be535b
ffff000f00688e1301f9757a
ffff000f0065e78d023557bb
0001000f0062b608001ef640
0001000f00668447005c6b62
0000000f0068f463009816af
0000000f006a85a200d32529
0000000f006b6600010df8be
0000000f006ba5550148b764
0000000f006b470301837828
0000000f006a45d501be535b
ffff000f00688e1301f9757a
ffff000f0065e78d023557bb
0001000f0062b608001ef640
0001000f00668447005c6b62
0000000f0068f463009816af
0000000f006a85a200d32529
0000000f006b6600010df8be
0000000f006ba5550148b764
0000000f006b470301837828
0000000f006a45d501be535b
ffff000f00688e1301f9757a
ffff000f0065e78d023557bb
0001000f0063a75a001ee773
0001000f00676e4a005c5d98
0000000f0069da1400980bd7
0000000f006b68b500d31dec
0000000f006c47ab010df54a
0000000f006c869b0148b7c4
0000000f006c28df01837c5b
0000000f006b295101be5b53
ffff000f0069747501f980fa
ffff000f0066d2b2023565ef
0001000f0063a75a001ee773
0001000f00676e4a005c5d98
0000000f0069da1400980bd7
0000000f006b68b500d31dec
0000000f006c47ab010df54a
0000000f006c869b0148b7c4
0000000f006c28df01837c5b
0000000f006b295101be5b53
ffff000f0069747501f980fa
ffff000f0066d2b2023565ef
0001000f0063a75a001ee773
0001000f00676e4a005c5d98
0000000f0069da1400980bd7
0000000f006b68b500d31dec
0000000f006c47ab010df54a
0000000f006c869b0148b7c4
0000000f006c28df01837c5b
0000000f006b295101be5b53
ffff000f0069747501f980fa
ffff000f0066d2b2023565ef
0001000f0063a75a001ee773
0001000f00676e4a005c5d98
0000000f0069da1400980bd7
0000000f006b68b500d31dec
0000000f006c47ab010df54a
0000000f006c869b0148b7c4
0000000f006c28df01837c5b
0000000f006b295101be5b53
ffff000f0069747501f980fa
ffff000f0066d2b2023565ef
0001000f0063a75a001ee773
0001000f00676e4a005c5d98
0000000f0069da1400980bd7
0000000f006b68b500d31dec
0000000f006c47ab010df54a
0000000f006c869b0148b7c4
0000000f006c28df01837c5b
0000000f006b295101be5b53
ffff000f0069747501f980fa
ffff000f0066d2b2023565ef
0001000f0063a75a001ee773
0001000f00676e4a005c5d98
0000000f0069da1400980bd7
0000000f006b68b500d31dec
0000000f006c47ab010df54a
0000000f006c869b0148b7c4
0000000f006c28df01837c5b
0000000f006b295101be5b53
ffff000f0069747501f980fa
ffff000f0066d2b2023565ef
0001000f006498cc001ed8b2
0001000f00685875005c4fde
0000000f006abff00098010c
0000000f006c4bf400d316b7
0000000f006d2980010df1db
0000000f006d680c0148b824
0000000f006d0ae601838089
0000000f006c0cf801be6341
ffff000f006a5b0001f98c6b
ffff000f0067bdfe02357414
0001000f006498cc001ed8b2
0001000f00685875005c4fde
0000000f006abff00098010c
0000000f006c4bf400d316b7
0000000f006d2980010df1db
0000000f006d680c0148b824
0000000f006d0ae601838089
0000000f006c0cf801be6341
ffff000f006a5b0001f98c6b
ffff000f0067bdfe02357414
0001000f006498cc001ed8b2
0001000f00685875005c4fde
0000000f006abff00098010c
0000000f006c4bf400d316b7
0000000f006d2980010df1db
0000000f006d680c0148b824
0000000f006d0ae601838089
0000000f006c0cf801be6341
ffff000f006a5b0001f98c6b
ffff000f0067bdfe02357414
0001000f006498cc001ed8b2
0001000f00685875005c4fde
0000000f006abff00098010c
0000000f006c4bf400d316b7
0000000f006d2980010df1db
0000000f006d680c0148b824
0000000f006d0ae601838089
0000000f006c0cf801be6341
ffff000f006a5b0001f98c6b
ffff000f0067bdfe02357414
0001000f006498cc001ed8b2
0001000f00685875005c4fde
0000000f006abff00098010c
0000000f006c4bf400d316b7
0000000f006d2980010df1db
0000000f006d680c0148b824
0000000f006d0ae601838089
0000000f006c0cf801be6341
ffff000f006a5b0001f98c6b
ffff000f0067bdfe02357414
0001000f006498cc001ed8b2
0001000f00685875005c4fde
0000000f006abff00098010c
0000000f006c4bf400d316b7
0000000f006d2980010df1db
0000000f006d680c0148b824
0000000f006d0ae601838089
0000000f006c0cf801be6341
ffff000f006a5b0001f98c6b
ffff000f0067bdfe02357414
0001000f00658a5f001eca00
0001000f006942c7005c4233
0000000f006ba5f50097f64f
0000000f006d2f5d00d30f8c
0000000f006e0b81010dee70
0000000f006e49a90148b883
0000000f006ded18018384b1
0000000f006cf0c901be6b25
ffff000f006b41b401f997cd
ffff000f0068a97002358228
0001000f00658a5f001eca00
0001000f006942c7005c4233
0000000f006ba5f50097f64f
0000000f006d2f5d00d30f8c
0000000f006e0b81010dee70
0000000f006e49a90148b883
0000000f006ded18018384b1
0000000f006cf0c901be6b25
ffff000f006b41b401f997cd
ffff000f0068a97002358228
0001000f00658a5f001eca00
0001000f006942c7005c4233
0000000f006ba5f50097f64f
0000000f006d2f5d00d30f8c
0000000f006e0b81010dee70
0000000f006e49a90148b883
0000000f006ded18018384b1
0000000f006cf0c901be6b25
ffff000f006b41b401f997cd
ffff000f0068a97002358228
0001000f00658a5f001eca00
0001000f006942c7005c4233
0000000f006ba5f50097f64f
0000000f006d2f5d00d30f8c
0000000f006e0b81010dee70
0000000f006e49a90148b883
0000000f006ded18018384b1
0000000f006cf0c901be6b25
ffff000f006b41b401f997cd
ffff000f0068a97002358228
0001000f00658a5f001eca00
0001000f006942c7005c4233
0000000f006ba5f50097f64f
0000000f006d2f5d00d30f8c
0000000f006e0b81010dee70
0000000f006e49a90148b883
0000000f006ded18018384b1
0000000f006cf0c901be6b25
ffff000f006b41b401f997cd
ffff000f0068a97002358228
0001000f00658a5f001eca00
0001000f006942c7005c4233
0000000f006ba5f50097f64f
0000000f006d2f5d00d30f8c
0000000f006e0b81010dee70
0000000f006e49a90148b883
0000000f006ded18018384b1
0000000f006cf0c901be6b25
ffff000f006b41b401f997cd
ffff000f0068a97002358228
0001000f00667c11001ebb5a
0001000f006a2d40005c3498
0000000f006c8c230097eb9f
0000000f006e12f000d3086a
0000000f006eedac010deb0a
0000000f006f2b700148b8e1
0000000f006ecf74018388d3
0000000f006dd4c501be72ff
ffff000f006c289201f9a322
ffff000f006995080235902d
0001000f00667c11001ebb5a
0001000f006a2d40005c3498
0000000f006c8c230097eb9f
0000000f006e12f000d3086a
0000000f006eedac010deb0a
0000000f006f2b700148b8e1
0000000f006ecf74018388d3
0000000f006dd4c501be72ff
ffff000f006c289201f9a322
ffff000f006995080235902d
0001000f00667c11001ebb5a
0001000f006a2d40005c3498
0000000f006c8c230097eb9f
0000000f006e12f000d3086a
0000000f006eedac010deb0a
0000000f006f2b700148b8e1
0000000f006ecf74018388d3
0000000f006dd4c501be72ff
ffff000f006c289201f9a322
ffff000f006995080235902d
0001000f00667c11001ebb5a
0001000f006a2d40005c3498
0000000f006c8c230097eb9f
0000000f006e12f000d3086a
0000000f006eedac010deb0a
0000000f006f2b700148b8e1
0000000f006ecf74018388d3
0000000f006dd4c501be72ff
ffff000f006c289201f9a322
ffff000f006995080235902d
0001000f00667c11001ebb5a
0001000f006a2d40005c3498
0000000f006c8c230097eb9f
0000000f006e12f000d3086a
0000000f006eedac010deb0a
0000000f006f2b700148b8e1
0000000f006ecf74018388d3
0000000f006dd4c501be72ff
ffff000f006c289201f9a322
ffff000f006995080235902d
0001000f00667c11001ebb5a
0001000f006a2d40005c3498
0000000f006c8c230097eb9f
0000000f006e12f000d3086a
0000000f006eedac010deb0a
0000000f006f2b700148b8e1
0000000f006ecf74018388d3
0000000f006dd4c501be72ff
ffff000f006c289201f9a322
ffff000f006995080235902d
0001000f00676de4001eacc3
0001000f006b17e0005c270e
0000000f006d727c0097e0fe
0000000f006ef6ae00d30152
0000000f006fd001010de7a9
0000000f00700d610148b93f
0000000f006fb1fb01838cf0
0000000f006eb8eb01be7ace
ffff000f006d0f9901f9ae68
ffff000f006a80c602359e21
0001000f00676de4001eacc3
0001000f006b17e0005c270e
0000000f006d727c0097e0fe
0000000f006ef6ae00d30152
0000000f006fd001010de7a9
0000000f00700d610148b93f
0000000f006fb1fb01838cf0
0000000f006eb8eb01be7ace
ffff000f006d0f9901f9ae68
ffff000f006a80c602359e21
0001000f00676de4001eacc3
0001000f006b17e0005c270e
0000000f006d727c0097e0fe
0000000f006ef6ae00d30152
0000000f006fd001010de7a9
0000000f00700d610148b93f
0000000f006fb1fb01838cf0
0000000f006eb8eb01be7ace
ffff000f006d0f9901f9ae68
ffff000f006a80c602359e21
0001000f00676de4001eacc3
0001000f006b17e0005c270e
0000000f006d727c0097e0fe
0000000f006ef6ae00d30152
0000000f006fd001010de7a9
0000000f00700d610148b93f
0000000f006fb1fb01838cf0
0000000f006eb8eb01be7ace
ffff000f006d0f9901f9ae68
ffff000f006a80c602359e21
0001000f00676de4001eacc3
0001000f006b17e0005c270e
0000000f006d727c0097e0fe
0000000f006ef6ae00d30152
0000000f006fd001010de7a9
0000000f00700d610148b93f
0000000f006fb1fb01838cf0
0000000f006eb8eb01be7ace
ffff000f006d0f9901f9ae68
ffff000f006a80c602359e21
0001000f00676de4001eacc3
0001000f006b17e0005c270e
0000000f006d727c0097e0fe
0000000f006ef6ae00d30152
0000000f006fd001010de7a9
0000000f00700d610148b93f
0000000f006fb1fb01838cf0
0000000f006eb8eb01be7ace
ffff000f006d0f9901f9ae68
ffff000f006a80c602359e21
0001000f00685fd6001e9e3a
0001000f006c02a6005c1993
0000000f006e58fd0097d66a
0000000f006fda9600d2fa43
0000000f0070b281010de44c
0000000f0070ef7d0148b99d
0000000f007094ac01839107
0000000f006f9d3b01be8292
ffff000f006df6c801f9b9a0
ffff000f006b6caa0235ac05
0001000f00685fd6001e9e3a
0001000f006c02a6005c1993
0000000f006e58fd0097d66a
0000000f006fda9600d2fa43
0000000f0070b281010de44c
0000000f0070ef7d0148b99d
0000000f007094ac01839107
0000000f006f9d3b01be8292
ffff000f006df6c801f9b9a0
ffff000f006b6caa0235ac05
0001000f00685fd6001e9e3a
0001000f006c02a6005c1993
0000000f006e58fd0097d66a
0000000f006fda9600d2fa43
0000000f0070b281010de44c
0000000f0070ef7d0148b99d
0000000f007094ac01839107
0000000f006f9d3b01be8292
ffff000f006df6c801f9b9a0
ffff000f006b6caa0235ac05
0001000f00685fd6001e9e3a
0001000f006c02a6005c1993
0000000f006e58fd0097d66a
0000000f006fda9600d2fa43
0000000f0070b281010de44c
0000000f0070ef7d0148b99d
0000000f007094ac01839107
0000000f006f9d3b01be8292
ffff000f006df6c801f9b9a0
ffff000f006b6caa0235ac05
0001000f00685fd6001e9e3a
0001000f006c02a6005c1993
0000000f006e58fd0097d66a
0000000f006fda9600d2fa43
0000000f0070b281010de44c
0000000f0070ef7d0148b99d
0000000f007094ac01839107
0000000f006f9d3b01be8292
ffff000f006df6c801f9b9a0
ffff000f006b6caa0235ac05
0001000f00685fd6001e9e3a
0001000f006c02a6005c1993
0000000f006e58fd0097d66a
0000000f006fda9600d2fa43
0000000f0070b281010de44c
0000000f0070ef7d0148b99d
0000000f007094ac01839107
0000000f006f9d3b01be8292
ffff000f006df6c801f9b9a0
ffff000f006b6caa0235ac05
0001000f006951e9001e8fc0
0001000f006ced93005c0c29
0000000f006f3fa70097cbe4
0000000f0070bea800d2f33e
0000000f0071952b010de0f4
0000000f0071d1c20148b9fa
0000000f0071778701839519
0000000f007081b401be8a4d
ffff000f006ede2101f9c4c9
ffff000f006c58b40235b9d9
0001000f006951e9001e8fc0
0001000f006ced93005c0c29
0000000f006f3fa70097cbe4
0000000f0070bea800d2f33e
0000000f0071952b010de0f4
0000000f0071d1c20148b9fa
0000000f0071778701839519
0000000f007081b401be8a4d
ffff000f006ede2101f9c4c9
ffff000f006c58b40235b9d9
0001000f006951e9001e8fc0
0001000f006ced93005c0c29
0000000f006f3fa70097cbe4
0000000f0070bea800d2f33e
0000000f0071952b010de0f4
0000000f0071d1c20148b9fa
0000000f0071778701839519
0000000f007081b401be8a4d
ffff000f006ede2101f9c4c9
ffff000f006c58b40235b9d9
0001000f006951e9001e8fc0
0001000f006ced93005c0c29
0000000f006f3fa70097cbe4
0000000f0070bea800d2f33e
0000000f0071952b010de0f4
0000000f0071d1c20148b9fa
0000000f0071778701839519
0000000f007081b401be8a4d
ffff000f006ede2101f9c4c9
ffff000f006c58b40235b9d9
0001000f006951e9001e8fc0
0001000f006ced93005c0c29
0000000f006f3fa70097cbe4
0000000f0070bea800d2f33e
0000000f0071952b010de0f4
0000000f0071d1c20148b9fa
0000000f0071778701839519
0000000f007081b401be8a4d
ffff000f006ede2101f9c4c9
ffff000f006c58b40235b9d9
0001000f006951e9001e8fc0
0001000f006ced93005c0c29
0000000f006f3fa70097cbe4
0000000f0070bea800d2f33e
0000000f0071952b010de0f4
0000000f0071d1c20148b9fa
0000000f0071778701839519
0000000f007081b401be8a4d
ffff000f006ede2101f9c4c9
ffff000f006c58b40235b9d9
0001000f006a441c001e8154
0001000f006dd8a7005bfed0
0000000f0070267b0097c16b
0000000f0071a2e400d2ec43
0000000f007277ff010ddda0
0000000f0072b4320148ba56
0000000f00725a8c01839925
0000000f0071665801be91fc
ffff000f006fc5a201f9cfe4
ffff000f006d44e30235c79c
0001000f006a441c001e8154
0001000f006dd8a7005bfed0
0000000f0070267b0097c16b
0000000f0071a2e400d2ec43
0000000f007277ff010ddda0
0000000f0072b4320148ba56
0000000f00725a8c01839925
0000000f0071665801be91fc
ffff000f006fc5a201f9cfe4
ffff000f006d44e30235c79c
0001000f006a441c001e8154
0001000f006dd8a7005bfed0
0000000f0070267b0097c16b
0000000f0071a2e400d2ec43
0000000f007277ff010ddda0
0000000f0072b4320148ba56
0000000f00725a8c01839925
0000000f0071665801be91fc
ffff000f006fc5a201f9cfe4
ffff000f006d44e30235c79c
0001000f006a441c001e8154
0001000f006dd8a7005bfed0
0000000f0070267b0097c16b
0000000f0071a2e400d2ec43
0000000f007277ff010ddda0
0000000f0072b4320148ba56
0000000f00725a8c01839925
0000000f0071665801be91fc
ffff000f006fc5a201f9cfe4
ffff000f006d44e30235c79c
0001000f006a441c001e8154
0001000f006dd8a7005bfed0
0000000f0070267b0097c16b
0000000f0071a2e400d2ec43
0000000f007277ff010ddda0
0000000f0072b4320148ba56
0000000f00725a8c01839925
0000000f0071665801be91fc
ffff000f006fc5a201f9cfe4
ffff000f006d44e30235c79c
0001000f006a441c001e8154
0001000f006dd8a7005bfed0
0000000f0070267b0097c16b
0000000f0071a2e400d2ec43
0000000f007277ff010ddda0
0000000f0072b4320148ba56
0000000f00725a8c01839925
0000000f0071665801be91fc
ffff000f006fc5a201f9cfe4
ffff000f006d44e30235c79c
0001000f006b366f001e72f6
0001000f006ec3e1005bf187
0000000f00710d770097b701
0000000f0072874900d2e551
0000000f00735afd010dda51
0000000f007396cb0148bab2
0000000f00733dbb01839d2b
0000000f00724b2401be99a1
ffff000f0070ad4c01f9daef
ffff000f006e31380235d54e
0001000f006b366f001e72f6
0001000f006ec3e1005bf187
0000000f00710d770097b701
0000000f0072874900d2e551
0000000f00735afd010dda51
0000000f007396cb0148bab2
0000000f00733dbb01839d2b
0000000f00724b2401be99a1
ffff000f0070ad4c01f9daef
ffff000f006e31380235d54e
0001000f006b366f001e72f6
0001000f006ec3e1005bf187
0000000f00710d770097b701
0000000f0072874900d2e551
0000000f00735afd010dda51
0000000f007396cb0148bab2
0000000f00733dbb01839d2b
0000000f00724b2401be99a1
ffff000f0070ad4c01f9daef
ffff000f006e31380235d54e
0001000f006b366f001e72f6
0001000f006ec3e1005bf187
0000000f00710d770097b701
0000000f0072874900d2e551
0000000f00735afd010dda51
0000000f007396cb0148bab2
0000000f00733dbb01839d2b
0000000f00724b2401be99a1
ffff000f0070ad4c01f9daef
ffff000f006e31380235d54e
0001000f006b366f001e72f6
0001000f006ec3e1005bf187
0000000f00710d770097b701
0000000f0072874900d2e551
0000000f00735afd010dda51
0000000f007396cb0148bab2
0000000f00733dbb01839d2b
0000000f00724b2401be99a1
ffff000f0070ad4c01f9daef
ffff000f006e31380235d54e
0001000f006b366f001e72f6
0001000f006ec3e1005bf187
0000000f00710d770097b701
0000000f0072874900d2e551
0000000f00735afd010dda51
0000000f007396cb0148bab2
0000000f00733dbb01839d2b
0000000f00724b2401be99a1
ffff000f0070ad4c01f9daef
ffff000f006e31380235d54e
0001000f006c28e2001e64a8
0001000f006faf42005be44f
0000000f0071f49c0097aca5
0000000f00736bd700d2de69
0000000f00743e24010dd707
0000000f0074798e0148bb0e
0000000f007421130183a12b
0000000f0073301a01bea13b
ffff000f0071951e01f9e5ec
ffff000f006f1db30235e2ef
0001000f006c28e2001e64a8
0001000f006faf42005be44f
0000000f0071f49c0097aca5
0000000f00736bd700d2de69
0000000f00743e24010dd707
0000000f0074798e0148bb0e
0000000f007421130183a12b
0000000f0073301a01bea13b
ffff000f0071951e01f9e5ec
ffff000f006f1db30235e2ef
0001000f006c28e2001e64a8
0001000f006faf42005be44f
0000000f0071f49c0097aca5
0000000f00736bd700d2de69
0000000f00743e24010dd707
0000000f0074798e0148bb0e
0000000f007421130183a12b
0000000f0073301a01bea13b
ffff000f0071951e01f9e5ec
ffff000f006f1db30235e2ef
0001000f006c28e2001e64a8
0001000f006faf42005be44f
0000000f0071f49c0097aca5
0000000f00736bd700d2de69
0000000f00743e24010dd707
0000000f0074798e0148bb0e
0000000f007421130183a12b
0000000f0073301a01bea13b
ffff000f0071951e01f9e5ec
ffff000f006f1db30235e2ef
0001000f006c28e2001e64a8
0001000f006faf42005be44f
0000000f0071f49c0097aca5
0000000f00736bd700d2de69
0000000f00743e24010dd707
0000000f0074798e0148bb0e
0000000f007421130183a12b
0000000f0073301a01bea13b
ffff000f0071951e01f9e5ec
ffff000f006f1db30235e2ef
0001000f006c28e2001e64a8
0001000f006faf42005be44f
0000000f0071f49c0097aca5
0000000f00736bd700d2de69
0000000f00743e24010dd707
0000000f0074798e0148bb0e
0000000f007421130183a12b
0000000f0073301a01bea13b
ffff000f0071951e01f9e5ec
ffff000f006f1db30235e2ef
0001000f006d1b74001e5668
0001000f00709ac8005bd728
0000000f0072dbe90097a257
0000000f0074508f00d2d78b
0000000f00752174010dd3c2
0000000f00755c7a0148bb69
0000000f007504950183a526
0000000f0074153901bea8cb
ffff000f00727d1801f9f0da
ffff000f00700a530235f080
0001000f006d1b74001e5668
0001000f00709ac8005bd728
0000000f0072dbe90097a257
0000000f0074508f00d2d78b
0000000f00752174010dd3c2
0000000f00755c7a0148bb69
0000000f007504950183a526
0000000f0074153901bea8cb
ffff000f00727d1801f9f0da
ffff000f00700a530235f080
0001000f006d1b74001e5668
0001000f00709ac8005bd728
0000000f0072dbe90097a257
0000000f0074508f00d2d78b
0000000f00752174010dd3c2
0000000f00755c7a0148bb69
0000000f007504950183a526
0000000f0074153901bea8cb
ffff000f00727d1801f9f0da
ffff000f00700a530235f080
0001000f006d1b74001e5668
0001000f00709ac8005bd728
0000000f0072dbe90097a257
0000000f0074508f00d2d78b
0000000f00752174010dd3c2
0000000f00755c7a0148bb69
0000000f007504950183a526
0000000f0074153901bea8cb
ffff000f00727d1801f9f0da
ffff000f00700a530235f080
0001000f006d1b74001e5668
0001000f00709ac8005bd728
0000000f0072dbe90097a257
0000000f0074508f00d2d78b
0000000f00752174010dd3c2
0000000f00755c7a0148bb69
0000000f007504950183a526
0000000f0074153901bea8cb
ffff000f00727d1801f9f0da
ffff000f00700a530235f080
0001000f006d1b74001e5668
0001000f00709ac8005bd728
0000000f0072dbe90097a257
0000000f0074508f00d2d78b
0000000f00752174010dd3c2
0000000f00755c7a0148bb69
0000000f007504950183a526
0000000f0074153901bea8cb
ffff000f00727d1801f9f0da
ffff000f00700a530235f080
0001000f006e0e26001e4838
0001000f00718674005bca11
0000000f0073c35f00979818
0000000f0075356f00d2d0b7
0000000f007604ed010dd081
0000000f00763f900148bbc3
0000000f0075e83f0183a91b
0000000f0074fa8101beb050
ffff000f0073653a01f9fbba
ffff000f0070f7170235fdff
0001000f006e0e26001e4838
0001000f00718674005bca11
0000000f0073c35f00979818
0000000f0075356f00d2d0b7
0000000f007604ed010dd081
0000000f00763f900148bbc3
0000000f0075e83f0183a91b
0000000f0074fa8101beb050
ffff000f0073653a01f9fbba
ffff000f0070f7170235fdff
0001000f006e0e26001e4838
0001000f00718674005bca11
0000000f0073c35f00979818
0000000f0075356f00d2d0b7
0000000f007604ed010dd081
0000000f00763f900148bbc3
0000000f0075e83f0183a91b
0000000f0074fa8101beb050
ffff000f0073653a01f9fbba
ffff000f0070f7170235fdff
0001000f006e0e26001e4838
0001000f00718674005bca11
0000000f0073c35f00979818
0000000f0075356f00d2d0b7
0000000f007604ed010dd081
0000000f00763f900148bbc3
0000000f0075e83f0183a91b
0000000f0074fa8101beb050
ffff000f0073653a01f9fbba
ffff000f0070f7170235fdff
0001000f006e0e26001e4838
0001000f00718674005bca11
0000000f0073c35f00979818
0000000f0075356f00d2d0b7
0000000f007604ed010dd081
0000000f00763f900148bbc3
0000000f0075e83f0183a91b
0000000f0074fa8101beb050
ffff000f0073653a01f9fbba
ffff000f0070f7170235fdff
0001000f006e0e26001e4838
0001000f00718674005bca11
0000000f0073c35f00979818
0000000f0075356f00d2d0b7
0000000f007604ed010dd081
0000000f00763f900148bbc3
0000000f0075e83f0183a91b
0000000f0074fa8101beb050
ffff000f0073653a01f9fbba
ffff000f0070f7170235fdff
0001000f006f00f9001e3a18
0001000f00727247005bbd0c
0000000f0074aafc00978de6
0000000f00761a7900d2c9ec
0000000f0076e890010dcd46
0000000f007722ce0148bc1d
0000000f0076cc130183ad0a
0000000f0075dff201beb7ca
ffff000f00744d8401fa068a
ffff000f0071e40102360b6d
0001000f006f00f9001e3a18
0001000f00727247005bbd0c
0000000f0074aafc00978de6
0000000f00761a7900d2c9ec
0000000f0076e890010dcd46
0000000f007722ce0148bc1d
0000000f0076cc130183ad0a
0000000f0075dff201beb7ca
ffff000f00744d8401fa068a
ffff000f0071e40102360b6d
0001000f006f00f9001e3a18
0001000f00727247005bbd0c
0000000f0074aafc00978de6
0000000f00761a7900d2c9ec
0000000f0076e890010dcd46
0000000f007722ce0148bc1d
0000000f0076cc130183ad0a
0000000f0075dff201beb7ca
ffff000f00744d8401fa068a
ffff000f0071e40102360b6d
0001000f006f00f9001e3a18
0001000f00727247005bbd0c
0000000f0074aafc00978de6
0000000f00761a7900d2c9ec
0000000f0076e890010dcd46
0000000f007722ce0148bc1d
0000000f0076cc130183ad0a
0000000f0075dff201beb7ca
ffff000f00744d8401fa068a
ffff000f0071e40102360b6d
0001000f006f00f9001e3a18
0001000f00727247005bbd0c
0000000f0074aafc00978de6
0000000f00761a7900d2c9ec
0000000f0076e890010dcd46
0000000f007722ce0148bc1d
0000000f0076cc130183ad0a
0000000f0075dff201beb7ca
ffff000f00744d8401fa068a
ffff000f0071e40102360b6d
0001000f006f00f9001e3a18
0001000f00727247005bbd0c
0000000f0074aafc00978de6
0000000f00761a7900d2c9ec
0000000f0076e890010dcd46
0000000f007722ce0148bc1d
0000000f0076cc130183ad0a
0000000f0075dff201beb7ca
ffff000f00744d8401fa068a
ffff000f0071e40102360b6d
0001000f006ff3ea001e2c07
0001000f00735e3f005bb018
0000000f007592c2009783c3
0000000f0076ffaa00d2c32c
0000000f0077cc5b010dca0e
0000000f007806350148bc76
0000000f0077b00f0183b0f3
0000000f0076c58b01bebf39
ffff000f007535f501fa114b
ffff000f0072d110023618ca
0001000f006ff3ea001e2c07
0001000f00735e3f005bb018
0000000f007592c2009783c3
0000000f0076ffaa00d2c32c
0000000f0077cc5b010dca0e
0000000f007806350148bc76
0000000f0077b00f0183b0f3
0000000f0076c58b01bebf39
ffff000f007535f501fa114b
ffff000f0072d110023618ca
0001000f006ff3ea001e2c07
0001000f00735e3f005bb018
0000000f007592c2009783c3
0000000f0076ffaa00d2c32c
0000000f0077cc5b010dca0e
0000000f007806350148bc76
0000000f0077b00f0183b0f3
0000000f0076c58b01bebf39
ffff000f007535f501fa114b
ffff000f0072d110023618ca
0001000f006ff3ea001e2c07
0001000f00735e3f005bb018
0000000f007592c2009783c3
0000000f0076ffaa00d2c32c
0000000f0077cc5b010dca0e
0000000f007806350148bc76
0000000f0077b00f0183b0f3
0000000f0076c58b01bebf39
ffff000f007535f501fa114b
ffff000f0072d110023618ca
0001000f006ff3ea001e2c07
0001000f00735e3f005bb018
0000000f007592c2009783c3
0000000f0076ffaa00d2c32c
0000000f0077cc5b010dca0e
0000000f007806350148bc76
0000000f0077b00f0183b0f3
0000000f0076c58b01bebf39
ffff000f007535f501fa114b
ffff000f0072d110023618ca
0001000f006ff3ea001e2c07
0001000f00735e3f005bb018
0000000f007592c2009783c3
0000000f0076ffaa00d2c32c
0000000f0077cc5b010dca0e
0000000f007806350148bc76
0000000f0077b00f0183b0f3
0000000f0076c58b01bebf39
ffff000f007535f501fa114b
ffff000f0072d110023618ca
0001000f0070e6fc001e1e06
0001000f00744a5c005ba335
0000000f00767aaf009779af
0000000f0077e50500d2bc75
0000000f0078b04e010dc6dc
0000000f0078e9c40148bccf
0000000f007894340183b4d7
0000000f0077ab4d01bec69d
ffff000f00761e8e01fa1bfd
ffff000f0073be4402362616
0001000f0070e6fc001e1e06
0001000f00744a5c005ba335
0000000f00767aaf009779af
0000000f0077e50500d2bc75
0000000f0078b04e010dc6dc
0000000f0078e9c40148bccf
0000000f007894340183b4d7
0000000f0077ab4d01bec69d
ffff000f00761e8e01fa1bfd
ffff000f0073be4402362616
0001000f0070e6fc001e1e06
0001000f00744a5c005ba335
0000000f00767aaf009779af
0000000f0077e50500d2bc75
0000000f0078b04e010dc6dc
0000000f0078e9c40148bccf
0000000f007894340183b4d7
0000000f0077ab4d01bec69d
ffff000f00761e8e01fa1bfd
ffff000f0073be4402362616
0001000f0070e6fc001e1e06
0001000f00744a5c005ba335
0000000f00767aaf009779af
0000000f0077e50500d2bc75
0000000f0078b04e010dc6dc
0000000f0078e9c40148bccf
0000000f007894340183b4d7
0000000f0077ab4d01bec69d
ffff000f00761e8e01fa1bfd
ffff000f0073be4402362616
0001000f0070e6fc001e1e06
0001000f00744a5c005ba335
0000000f00767aaf009779af
0000000f0077e50500d2bc75
0000000f0078b04e010dc6dc
0000000f0078e9c40148bccf
0000000f007894340183b4d7
0000000f0077ab4d01bec69d
ffff000f00761e8e01fa1bfd
ffff000f0073be4402362616
0001000f0070e6fc001e1e06
0001000f00744a5c005ba335
0000000f00767aaf009779af
0000000f0077e50500d2bc75
0000000f0078b04e010dc6dc
0000000f0078e9c40148bccf
0000000f007894340183b4d7
0000000f0077ab4d01bec69d
ffff000f00761e8e01fa1bfd
ffff000f0073be4402362616
0001000f0071da2d001e1015
0001000f0075369f005b9663
0000000f007762c400976fa9
0000000f0078ca8700d2b5c8
0000000f0079946a010dc3af
0000000f0079cd7c0148bd27
0000000f007978800183b8b5
0000000f0078913601becdf7
ffff000f0077074f01fa269f
ffff000f0074ab9c0236334f
0001000f0071da2d001e1015
0001000f0075369f005b9663
0000000f007762c400976fa9
0000000f0078ca8700d2b5c8
0000000f0079946a010dc3af
0000000f0079cd7c0148bd27
0000000f007978800183b8b5
0000000f0078913601becdf7
ffff000f0077074f01fa269f
ffff000f0074ab9c0236334f
0001000f0071da2d001e1015
0001000f0075369f005b9663
0000000f007762c400976fa9
0000000f0078ca8700d2b5c8
0000000f0079946a010dc3af
0000000f0079cd7c0148bd27
0000000f007978800183b8b5
0000000f0078913601becdf7
ffff000f0077074f01fa269f
ffff000f0074ab9c0236334f
0001000f0071da2d001e1015
0001000f0075369f005b9663
0000000f007762c400976fa9
0000000f0078ca8700d2b5c8
0000000f0079946a010dc3af
0000000f0079cd7c0148bd27
0000000f007978800183b8b5
0000000f0078913601becdf7
ffff000f0077074f01fa269f
ffff000f0074ab9c0236334f
0001000f0071da2d001e1015
0001000f0075369f005b9663
0000000f007762c400976fa9
0000000f0078ca8700d2b5c8
0000000f0079946a010dc3af
0000000f0079cd7c0148bd27
0000000f007978800183b8b5
0000000f0078913601becdf7
ffff000f0077074f01fa269f
ffff000f0074ab9c0236334f
0001000f0071da2d001e1015
0001000f0075369f005b9663
0000000f007762c400976fa9
0000000f0078ca8700d2b5c8
0000000f0079946a010dc3af
0000000f0079cd7c0148bd27
0000000f007978800183b8b5
0000000f0078913601becdf7
ffff000f0077074f01fa269f
ffff000f0074ab9c0236334f
0001000f0072cd7d001e0234
0001000f00762307005b89a3
0000000f00784b00009765b2
0000000f0079b03100d2af25
0000000f007a78ae010dc086
0000000f007ab15c0148bd7f
0000000f007a5cf60183bc8d
0000000f0079774801bed545
ffff000f0077f03601fa3133
ffff000f0075991902364077
0001000f0072cd7d001e0234
0001000f00762307005b89a3
0000000f00784b00009765b2
0000000f0079b03100d2af25
0000000f007a78ae010dc086
0000000f007ab15c0148bd7f
0000000f007a5cf60183bc8d
0000000f0079774801bed545
ffff000f0077f03601fa3133
ffff000f0075991902364077
0001000f0072cd7d001e0234
0001000f00762307005b89a3
0000000f00784b00009765b2
0000000f0079b03100d2af25
0000000f007a78ae010dc086
0000000f007ab15c0148bd7f
0000000f007a5cf60183bc8d
0000000f0079774801bed545
ffff000f0077f03601fa3133
ffff000f0075991902364077
0001000f0072cd7d001e0234
0001000f00762307005b89a3
0000000f00784b00009765b2
0000000f0079b03100d2af25
0000000f007a78ae010dc086
0000000f007ab15c0148bd7f
0000000f007a5cf60183bc8d
0000000f0079774801bed545
ffff000f0077f03601fa3133
ffff000f0075991902364077
0001000f0072cd7d001e0234
0001000f00762307005b89a3
0000000f00784b00009765b2
0000000f0079b03100d2af25
0000000f007a78ae010dc086
0000000f007ab15c0148bd7f
0000000f007a5cf60183bc8d
0000000f0079774801bed545
ffff000f0077f03601fa3133
ffff000f0075991902364077
0001000f0072cd7d001e0234
0001000f00762307005b89a3
0000000f00784b00009765b2
0000000f0079b03100d2af25
0000000f007a78ae010dc086
0000000f007ab15c0148bd7f
0000000f007a5cf60183bc8d
0000000f0079774801bed545
ffff000f0077f03601fa3133
ffff000f0075991902364077
0001000f0073c0ed001df464
0001000f00770f94005b7cf5
0000000f0079336300975bc9
0000000f007a960400d2a88d
0000000f007b5d1a010dbd62
0000000f007b95640148bdd6
0000000f007b41920183c05e
0000000f007a5d8101bedc89
ffff000f0078d94501fa3bb6
ffff000f007686ba02364d8e
0001000f0073c0ed001df464
0001000f00770f94005b7cf5
0000000f0079336300975bc9
0000000f007a960400d2a88d
0000000f007b5d1a010dbd62
0000000f007b95640148bdd6
0000000f007b41920183c05e
0000000f007a5d8101bedc89
ffff000f0078d94501fa3bb6
ffff000f007686ba02364d8e
0001000f0073c0ed001df464
0001000f00770f94005b7cf5
0000000f0079336300975bc9
0000000f007a960400d2a88d
0000000f007b5d1a010dbd62
0000000f007b95640148bdd6
0000000f007b41920183c05e
0000000f007a5d8101bedc89
ffff000f0078d94501fa3bb6
ffff000f007686ba02364d8e
0001000f0073c0ed001df464
0001000f00770f94005b7cf5
0000000f0079336300975bc9
0000000f007a960400d2a88d
0000000f007b5d1a010dbd62
0000000f007b95640148bdd6
0000000f007b41920183c05e
0000000f007a5d8101bedc89
ffff000f0078d94501fa3bb6
ffff000f007686ba02364d8e
0001000f0073c0ed001df464
0001000f00770f94005b7cf5
0000000f0079336300975bc9
0000000f007a960400d2a88d
0000000f007b5d1a010dbd62
0000000f007b95640148bdd6
0000000f007b41920183c05e
0000000f007a5d8101bedc89
ffff000f0078d94501fa3bb6
ffff000f007686ba02364d8e
0001000f0073c0ed001df464
0001000f00770f94005b7cf5
0000000f0079336300975bc9
0000000f007a960400d2a88d
0000000f007b5d1a010dbd62
0000000f007b95640148bdd6
0000000f007b41920183c05e
0000000f007a5d8101bedc89
ffff000f0078d94501fa3bb6
ffff000f007686ba02364d8e
0001000f0074b47c001de6a4
0001000f0077fc47005b7059
0000000f007a1bee009751ef
0000000f007b7bfd00d2a1fe
0000000f007c41ad010dba43
0000000f007c79930148be2d
0000000f007c26570183c42a
0000000f007b43e201bee3c1
ffff000f0079c27a01fa462b
ffff000f0077748002365a92
0001000f0074b47c001de6a4
0001000f0077fc47005b7059
0000000f007a1bee009751ef
0000000f007b7bfd00d2a1fe
0000000f007c41ad010dba43
0000000f007c79930148be2d
0000000f007c26570183c42a
0000000f007b43e201bee3c1
ffff000f0079c27a01fa462b
ffff000f0077748002365a92
0001000f0074b47c001de6a4
0001000f0077fc47005b7059
0000000f007a1bee009751ef
0000000f007b7bfd00d2a1fe
0000000f007c41ad010dba43
0000000f007c79930148be2d
0000000f007c26570183c42a
0000000f007b43e201bee3c1
ffff000f0079c27a01fa462b
ffff000f0077748002365a92
0001000f0074b47c001de6a4
0001000f0077fc47005b7059
0000000f007a1bee009751ef
0000000f007b7bfd00d2a1fe
0000000f007c41ad010dba43
0000000f007c79930148be2d
0000000f007c26570183c42a
0000000f007b43e201bee3c1
ffff000f0079c27a01fa462b
ffff000f0077748002365a92
0001000f0074b47c001de6a4
0001000f0077fc47005b7059
0000000f007a1bee009751ef
0000000f007b7bfd00d2a1fe
0000000f007c41ad010dba43
0000000f007c79930148be2d
0000000f007c26570183c42a
0000000f007b43e201bee3c1
ffff000f0079c27a01fa462b
ffff000f0077748002365a92
0001000f0074b47c001de6a4
0001000f0077fc47005b7059
0000000f007a1bee009751ef
0000000f007b7bfd00d2a1fe
0000000f007c41ad010dba43
0000000f007c79930148be2d
0000000f007c26570183c42a
0000000f007b43e201bee3c1
ffff000f0079c27a01fa462b
ffff000f0077748002365a92
0001000f0075a82a001dd8f6
0001000f0078e91e005b63ce
0000000f007b049f00974824
0000000f007c621e00d29b7a
0000000f007d2668010db729
0000000f007d5dea0148be83
0000000f007d0b430183c7f1
0000000f007c2a6a01beeaee
ffff000f007aabd501fa5090
ffff000f0078626902366784
0001000f0075a82a001dd8f6
0001000f0078e91e005b63ce
0000000f007b049f00974824
0000000f007c621e00d29b7a
0000000f007d2668010db729
0000000f007d5dea0148be83
0000000f007d0b430183c7f1
0000000f007c2a6a01beeaee
ffff000f007aabd501fa5090
ffff000f0078626902366784
0001000f0075a82a001dd8f6
0001000f0078e91e005b63ce
0000000f007b049f00974824
0000000f007c621e00d29b7a
0000000f007d2668010db729
0000000f007d5dea0148be83
0000000f007d0b430183c7f1
0000000f007c2a6a01beeaee
ffff000f007aabd501fa5090
ffff000f0078626902366784
0001000f0075a82a001dd8f6
0001000f0078e91e005b63ce
0000000f007b049f00974824
0000000f007c621e00d29b7a
0000000f007d2668010db729
0000000f007d5dea0148be83
0000000f007d0b430183c7f1
0000000f007c2a6a01beeaee
ffff000f007aabd501fa5090
ffff000f0078626902366784
0001000f0075a82a001dd8f6
0001000f0078e91e005b63ce
0000000f007b049f00974824
0000000f007c621e00d29b7a
0000000f007d2668010db729
0000000f007d5dea0148be83
0000000f007d0b430183c7f1
0000000f007c2a6a01beeaee
ffff000f007aabd501fa5090
ffff000f0078626902366784
0001000f0075a82a001dd8f6
0001000f0078e91e005b63ce
0000000f007b049f00974824
0000000f007c621e00d29b7a
0000000f007d2668010db729
0000000f007d5dea0148be83
0000000f007d0b430183c7f1
0000000f007c2a6a01beeaee
ffff000f007aabd501fa5090
ffff000f0078626902366784
0001000f00769bf8001dcb58
0001000f0079d619005b5755
0000000f007bed7600973e67
0000000f007d486700d294ff
0000000f007e0b4a010db414
0000000f007e42680148bed9
0000000f007df0560183cbb1
0000000f007d111901bef210
ffff000f007b955701fa5ae5
ffff000f0079507702367464
0001000f00769bf8001dcb58
0001000f0079d619005b5755
0000000f007bed7600973e67
0000000f007d486700d294ff
0000000f007e0b4a010db414
0000000f007e42680148bed9
0000000f007df0560183cbb1
0000000f007d111901bef210
ffff000f007b955701fa5ae5
ffff000f0079507702367464
0001000f00769bf8001dcb58
0001000f0079d619005b5755
0000000f007bed7600973e67
0000000f007d486700d294ff
0000000f007e0b4a010db414
0000000f007e42680148bed9
0000000f007df0560183cbb1
0000000f007d111901bef210
ffff000f007b955701fa5ae5
ffff000f0079507702367464
0001000f00769bf8001dcb58
0001000f0079d619005b5755
0000000f007bed7600973e67
0000000f007d486700d294ff
0000000f007e0b4a010db414
0000000f007e42680148bed9
0000000f007df0560183cbb1
0000000f007d111901bef210
ffff000f007b955701fa5ae5
ffff000f0079507702367464
0001000f00769bf8001dcb58
0001000f0079d619005b5755
0000000f007bed7600973e67
0000000f007d486700d294ff
0000000f007e0b4a010db414
0000000f007e42680148bed9
0000000f007df0560183cbb1
0000000f007d111901bef210
ffff000f007b955701fa5ae5
ffff000f0079507702367464
0001000f00769bf8001dcb58
0001000f0079d619005b5755
0000000f007bed7600973e67
0000000f007d486700d294ff
0000000f007e0b4a010db414
0000000f007e42680148bed9
0000000f007df0560183cbb1
0000000f007d111901bef210
ffff000f007b955701fa5ae5
ffff000f0079507702367464
0001000f00778fe4001dbdcb
0001000f007ac339005b4aef
0000000f007cd674009734ba
0000000f007e2ed600d28e8f
0000000f007ef053010db104
0000000f007f270d0148bf2e
0000000f007ed5900183cf6b
0000000f007df7ef01bef927
ffff000f007c7f0001fa652a
ffff000f007a3ea802368131
0001000f00778fe4001dbdcb
0001000f007ac339005b4aef
0000000f007cd674009734ba
0000000f007e2ed600d28e8f
0000000f007ef053010db104
0000000f007f270d0148bf2e
0000000f007ed5900183cf6b
0000000f007df7ef01bef927
ffff000f007c7f0001fa652a
ffff000f007a3ea802368131
0001000f00778fe4001dbdcb
0001000f007ac339005b4aef
0000000f007cd674009734ba
0000000f007e2ed600d28e8f
0000000f007ef053010db104
0000000f007f270d0148bf2e
0000000f007ed5900183cf6b
0000000f007df7ef01bef927
ffff000f007c7f0001fa652a
ffff000f007a3ea802368131
0001000f00778fe4001dbdcb
0001000f007ac339005b4aef
0000000f007cd674009734ba
0000000f007e2ed600d28e8f
0000000f007ef053010db104
0000000f007f270d0148bf2e
0000000f007ed5900183cf6b
0000000f007df7ef01bef927
ffff000f007c7f0001fa652a
ffff000f007a3ea802368131
0001000f00778fe4001dbdcb
0001000f007ac339005b4aef
0000000f007cd674009734ba
0000000f007e2ed600d28e8f
0000000f007ef053010db104
0000000f007f270d0148bf2e
0000000f007ed5900183cf6b
0000000f007df7ef01bef927
ffff000f007c7f0001fa652a
ffff000f007a3ea802368131
0001000f00778fe4001dbdcb
0001000f007ac339005b4aef
0000000f007cd674009734ba
0000000f007e2ed600d28e8f
0000000f007ef053010db104
0000000f007f270d0148bf2e
0000000f007ed5900183cf6b
0000000f007df7ef01bef927
ffff000f007c7f0001fa652a
ffff000f007a3ea802368131
0001000f007883f0001db04f
0001000f007bb07e005b3e9a
0000000f007dbf9900972b1b
0000000f007f156c00d28829
0000000f007fd583010dadf9
0000000f00800bd90148bf83
0000000f007fbaf20183d31f
0000000f007edeec01bf0033
ffff000f007d68ce01fa6f60
ffff000f007b2cfd02368dec
0001000f007883f0001db04f
0001000f007bb07e005b3e9a
0000000f007dbf9900972b1b
0000000f007f156c00d28829
0000000f007fd583010dadf9
0000000f00800bd90148bf83
0000000f007fbaf20183d31f
0000000f007edeec01bf0033
ffff000f007d68ce01fa6f60
ffff000f007b2cfd02368dec
0001000f007883f0001db04f
0001000f007bb07e005b3e9a
0000000f007dbf9900972b1b
0000000f007f156c00d28829
0000000f007fd583010dadf9
0000000f00800bd90148bf83
0000000f007fbaf20183d31f
0000000f007edeec01bf0033
ffff000f007d68ce01fa6f60
ffff000f007b2cfd02368dec
0001000f007883f0001db04f
0001000f007bb07e005b3e9a
0000000f007dbf9900972b1b
0000000f007f156c00d28829
0000000f007fd583010dadf9
0000000f00800bd90148bf83
0000000f007fbaf20183d31f
0000000f007edeec01bf0033
ffff000f007d68ce01fa6f60
ffff000f007b2cfd02368dec
0001000f007883f0001db04f
0001000f007bb07e005b3e9a
0000000f007dbf9900972b1b
0000000f007f156c00d28829
0000000f007fd583010dadf9
0000000f00800bd90148bf83
0000000f007fbaf20183d31f
0000000f007edeec01bf0033
ffff000f007d68ce01fa6f60
ffff000f007b2cfd02368dec
0001000f007883f0001db04f
0001000f007bb07e005b3e9a
0000000f007dbf9900972b1b
0000000f007f156c00d28829
0000000f007fd583010dadf9
0000000f00800bd90148bf83
0000000f007fbaf20183d31f
0000000f007edeec01bf0033
ffff000f007d68ce01fa6f60
ffff000f007b2cfd02368dec
0001000f0079781a001da2e5
0001000f007c9de6005b3258
0000000f007ea8e30097218c
0000000f007ffc2800d281ce
0000000f0080bada010daaf3
0000000f0080f0cb0148bfd7
0000000f0080a0790183d6cd
0000000f007fc60f01bf0733
ffff000f007e52c201fa7986
ffff000f007c1b7502369a95
0001000f0079781a001da2e5
0001000f007c9de6005b3258
0000000f007ea8e30097218c
0000000f007ffc2800d281ce
0000000f0080bada010daaf3
0000000f0080f0cb0148bfd7
0000000f0080a0790183d6cd
0000000f007fc60f01bf0733
ffff000f007e52c201fa7986
ffff000f007c1b7502369a95
0001000f0079781a001da2e5
0001000f007c9de6005b3258
0000000f007ea8e30097218c
0000000f007ffc2800d281ce
0000000f0080bada010daaf3
0000000f0080f0cb0148bfd7
0000000f0080a0790183d6cd
0000000f007fc60f01bf0733
ffff000f007e52c201fa7986
ffff000f007c1b7502369a95
0001000f0079781a001da2e5
0001000f007c9de6005b3258
0000000f007ea8e30097218c
0000000f007ffc2800d281ce
0000000f0080bada010daaf3
0000000f0080f0cb0148bfd7
0000000f0080a0790183d6cd
0000000f007fc60f01bf0733
ffff000f007e52c201fa7986
ffff000f007c1b7502369a95
0001000f0079781a001da2e5
0001000f007c9de6005b3258
0000000f007ea8e30097218c
0000000f007ffc2800d281ce
0000000f0080bada010daaf3
0000000f0080f0cb0148bfd7
0000000f0080a0790183d6cd
0000000f007fc60f01bf0733
ffff000f007e52c201fa7986
ffff000f007c1b7502369a95
0001000f0079781a001da2e5
0001000f007c9de6005b3258
0000000f007ea8e30097218c
0000000f007ffc2800d281ce
0000000f0080bada010daaf3
0000000f0080f0cb0148bfd7
0000000f0080a0790183d6cd
0000000f007fc60f01bf0733
ffff000f007e52c201fa7986
ffff000f007c1b7502369a95
0001000f007a6c63001d958d
0001000f007d8b73005b2628
0000000f007f92530097180c
0000000f0080e30b00d27b7d
0000000f0081a056010da7f1
0000000f0081d5e40148c02a
0000000f008186270183da75
0000000f0080ad5901bf0e28
ffff000f007f3cdb01fa839b
ffff000f007d0a110236a72b
0001000f007a6c63001d958d
0001000f007d8b73005b2628
0000000f007f92530097180c
0000000f0080e30b00d27b7d
0000000f0081a056010da7f1
0000000f0081d5e40148c02a
0000000f008186270183da75
0000000f0080ad5901bf0e28
ffff000f007f3cdb01fa839b
ffff000f007d0a110236a72b
0001000f007a6c63001d958d
0001000f007d8b73005b2628
0000000f007f92530097180c
0000000f0080e30b00d27b7d
0000000f0081a056010da7f1
0000000f0081d5e40148c02a
0000000f008186270183da75
0000000f0080ad5901bf0e28
ffff000f007f3cdb01fa839b
ffff000f007d0a110236a72b
0001000f007a6c63001d958d
0001000f007d8b73005b2628
0000000f007f92530097180c
0000000f0080e30b00d27b7d
0000000f0081a056010da7f1
0000000f0081d5e40148c02a
0000000f008186270183da75
0000000f0080ad5901bf0e28
ffff000f007f3cdb01fa839b
ffff000f007d0a110236a72b
0001000f007a6c63001d958d
0001000f007d8b73005b2628
0000000f007f92530097180c
0000000f0080e30b00d27b7d
0000000f0081a056010da7f1
0000000f0081d5e40148c02a
0000000f008186270183da75
0000000f0080ad5901bf0e28
ffff000f007f3cdb01fa839b
ffff000f007d0a110236a72b
0001000f007a6c63001d958d
0001000f007d8b73005b2628
0000000f007f92530097180c
0000000f0080e30b00d27b7d
0000000f0081a056010da7f1
0000000f0081d5e40148c02a
0000000f008186270183da75
0000000f0080ad5901bf0e28
ffff000f007f3cdb01fa839b
ffff000f007d0a110236a72b
0001000f007b60cb001d8846
0001000f007e7923005b1a0b
0000000f00807be900970e9b
0000000f0081ca1400d27536
0000000f008285fa010da4f5
0000000f0082bb230148c07d
0000000f00826bfb0183de17
0000000f008194c801bf1512
ffff000f0080271a01fa8da1
ffff000f007df8d00236b3ae
0001000f007b60cb001d8846
0001000f007e7923005b1a0b
0000000f00807be900970e9b
0000000f0081ca1400d27536
0000000f008285fa010da4f5
0000000f0082bb230148c07d
0000000f00826bfb0183de17
0000000f008194c801bf1512
ffff000f0080271a01fa8da1
ffff000f007df8d00236b3ae
0001000f007b60cb001d8846
0001000f007e7923005b1a0b
0000000f00807be900970e9b
0000000f0081ca1400d27536
0000000f008285fa010da4f5
0000000f0082bb230148c07d
0000000f00826bfb0183de17
0000000f008194c801bf1512
ffff000f0080271a01fa8da1
ffff000f007df8d00236b3ae
0001000f007b60cb001d8846
0001000f007e7923005b1a0b
0000000f00807be900970e9b
0000000f0081ca1400d27536
0000000f008285fa010da4f5
0000000f0082bb230148c07d
0000000f00826bfb0183de17
0000000f008194c801bf1512
ffff000f0080271a01fa8da1
ffff000f007df8d00236b3ae
0001000f007b60cb001d8846
0001000f007e7923005b1a0b
0000000f00807be900970e9b
0000000f0081ca1400d27536
0000000f008285fa010da4f5
0000000f0082bb230148c07d
0000000f00826bfb0183de17
0000000f008194c801bf1512
ffff000f0080271a01fa8da1
ffff000f007df8d00236b3ae
0001000f007b60cb001d8846
0001000f007e7923005b1a0b
0000000f00807be900970e9b
0000000f0081ca1400d27536
0000000f008285fa010da4f5
0000000f0082bb230148c07d
0000000f00826bfb0183de17
0000000f008194c801bf1512
ffff000f0080271a01fa8da1
ffff000f007df8d00236b3ae
0001000f007c5551001d7b12
0001000f007f66f7005b0e00
0000000f008165a400970539
0000000f0082b14300d26ef9
0000000f00836bc3010da1fe
0000000f0083a0880148c0d0
0000000f008351f60183e1b3
0000000f00827c5e01bf1bf0
ffff000f0081117f01fa9797
ffff000f007ee7b10236c01e
0001000f007c5551001d7b12
0001000f007f66f7005b0e00
0000000f008165a400970539
0000000f0082b14300d26ef9
0000000f00836bc3010da1fe
0000000f0083a0880148c0d0
0000000f008351f60183e1b3
0000000f00827c5e01bf1bf0
ffff000f0081117f01fa9797
ffff000f007ee7b10236c01e
0001000f007c5551001d7b12
0001000f007f66f7005b0e00
0000000f008165a400970539
0000000f0082b14300d26ef9
0000000f00836bc3010da1fe
0000000f0083a0880148c0d0
0000000f008351f60183e1b3
0000000f00827c5e01bf1bf0
ffff000f0081117f01fa9797
ffff000f007ee7b10236c01e
0001000f007c5551001d7b12
0001000f007f66f7005b0e00
0000000f008165a400970539
0000000f0082b14300d26ef9
0000000f00836bc3010da1fe
0000000f0083a0880148c0d0
0000000f008351f60183e1b3
0000000f00827c5e01bf1bf0
ffff000f0081117f01fa9797
ffff000f007ee7b10236c01e
0001000f007c5551001d7b12
0001000f007f66f7005b0e00
0000000f008165a400970539
0000000f0082b14300d26ef9
0000000f00836bc3010da1fe
0000000f0083a0880148c0d0
0000000f008351f60183e1b3
0000000f00827c5e01bf1bf0
ffff000f0081117f01fa9797
ffff000f007ee7b10236c01e
0001000f007c5551001d7b12
0001000f007f66f7005b0e00
0000000f008165a400970539
0000000f0082b14300d26ef9
0000000f00836bc3010da1fe
0000000f0083a0880148c0d0
0000000f008351f60183e1b3
0000000f00827c5e01bf1bf0
ffff000f0081117f01fa9797
ffff000f007ee7b10236c01e
0001000f007d49f6001d6def
0000000f008054ef005b0208
0000000f00824f850096fbe6
0000000f0083989700d268c7
0000000f008451b1010d9f0b
0000000f008486120148c122
0000000f008438150183e549
0000000f0083641901bf22c3
ffff000f0081fc0801faa17c
ffff000f007fd6b60236cc7b
0001000f007d49f6001d6def
0000000f008054ef005b0208
0000000f00824f850096fbe6
0000000f0083989700d268c7
0000000f008451b1010d9f0b
0000000f008486120148c122
0000000f008438150183e549
0000000f0083641901bf22c3
ffff000f0081fc0801faa17c
ffff000f007fd6b60236cc7b
0001000f007d49f6001d6def
0000000f008054ef005b0208
0000000f00824f850096fbe6
0000000f0083989700d268c7
0000000f008451b1010d9f0b
0000000f008486120148c122
0000000f008438150183e549
0000000f0083641901bf22c3
ffff000f0081fc0801faa17c
ffff000f007fd6b60236cc7b
0001000f007d49f6001d6def
0000000f008054ef005b0208
0000000f00824f850096fbe6
0000000f0083989700d268c7
0000000f008451b1010d9f0b
0000000f008486120148c122
0000000f008438150183e549
0000000f0083641901bf22c3
ffff000f0081fc0801faa17c
ffff000f007fd6b60236cc7b
0001000f007d49f6001d6def
0000000f008054ef005b0208
0000000f00824f850096fbe6
0000000f0083989700d268c7
0000000f008451b1010d9f0b
0000000f008486120148c122
0000000f008438150183e549
0000000f0083641901bf22c3
ffff000f0081fc0801faa17c
ffff000f007fd6b60236cc7b
0001000f007d49f6001d6def
0000000f008054ef005b0208
0000000f00824f850096fbe6
0000000f0083989700d268c7
0000000f008451b1010d9f0b
0000000f008486120148c122
0000000f008438150183e549
0000000f0083641901bf22c3
ffff000f0081fc0801faa17c
ffff000f007fd6b60236cc7b
0001000f007e3eb9001d60df
0000000f0081430a005af623
0000000f0083398a0096f2a3
0000000f0084801100d262a0
0000000f008537c5010d9c1e
0000000f00856bc20148c173
0000000f00851e5b0183e8d9
0000000f00844bf901bf298a
ffff000f0082e6b601faab52
ffff000f0080c5dd0236d8c5
0001000f007e3eb9001d60df
0000000f0081430a005af623
0000000f0083398a0096f2a3
0000000f0084801100d262a0
0000000f008537c5010d9c1e
0000000f00856bc20148c173
0000000f00851e5b0183e8d9
0000000f00844bf901bf298a
ffff000f0082e6b601faab52
ffff000f0080c5dd0236d8c5
0001000f007e3eb9001d60df
0000000f0081430a005af623
0000000f0083398a0096f2a3
0000000f0084801100d262a0
0000000f008537c5010d9c1e
0000000f00856bc20148c173
0000000f00851e5b0183e8d9
0000000f00844bf901bf298a
ffff000f0082e6b601faab52
ffff000f0080c5dd0236d8c5
0001000f007e3eb9001d60df
0000000f0081430a005af623
0000000f0083398a0096f2a3
0000000f0084801100d262a0
0000000f008537c5010d9c1e
0000000f00856bc20148c173
0000000f00851e5b0183e8d9
0000000f00844bf901bf298a
ffff000f0082e6b601faab52
ffff000f0080c5dd0236d8c5
0001000f007e3eb9001d60df
0000000f0081430a005af623
0000000f0083398a0096f2a3
0000000f0084801100d262a0
0000000f008537c5010d9c1e
0000000f00856bc20148c173
0000000f00851e5b0183e8d9
0000000f00844bf901bf298a
ffff000f0082e6b601faab52
ffff000f0080c5dd0236d8c5
0001000f007e3eb9001d60df
0000000f0081430a005af623
0000000f0083398a0096f2a3
0000000f0084801100d262a0
0000000f008537c5010d9c1e
0000000f00856bc20148c173
0000000f00851e5b0183e8d9
0000000f00844bf901bf298a
ffff000f0082e6b601faab52
ffff000f0080c5dd0236d8c5
0001000f007f339a001d53e1
0000000f00823148005aea51
0000000f008423b40096e970
0000000f008567b000d25c83
0000000f00861dff010d9936
0000000f008651970148c1c4
0000000f008604c50183ec62
0000000f008533ff01bf3046
ffff000f0083d18901fab517
ffff000f0081b5270236e4fb
0001000f007f339a001d53e1
0000000f00823148005aea51
0000000f008423b40096e970
0000000f008567b000d25c83
0000000f00861dff010d9936
0000000f008651970148c1c4
0000000f008604c50183ec62
0000000f008533ff01bf3046
ffff000f0083d18901fab517
ffff000f0081b5270236e4fb
0001000f007f339a001d53e1
0000000f00823148005aea51
0000000f008423b40096e970
0000000f008567b000d25c83
0000000f00861dff010d9936
0000000f008651970148c1c4
0000000f008604c50183ec62
0000000f008533ff01bf3046
ffff000f0083d18901fab517
ffff000f0081b5270236e4fb
0001000f007f339a001d53e1
0000000f00823148005aea51
0000000f008423b40096e970
0000000f008567b000d25c83
0000000f00861dff010d9936
0000000f008651970148c1c4
0000000f008604c50183ec62
0000000f008533ff01bf3046
ffff000f0083d18901fab517
ffff000f0081b5270236e4fb
0001000f007f339a001d53e1
0000000f00823148005aea51
0000000f008423b40096e970
0000000f008567b000d25c83
0000000f00861dff010d9936
0000000f008651970148c1c4
0000000f008604c50183ec62
0000000f008533ff01bf3046
ffff000f0083d18901fab517
ffff000f0081b5270236e4fb
0001000f007f339a001d53e1
0000000f00823148005aea51
0000000f008423b40096e970
0000000f008567b000d25c83
0000000f00861dff010d9936
0000000f008651970148c1c4
0000000f008604c50183ec62
0000000f008533ff01bf3046
ffff000f0083d18901fab517
ffff000f0081b5270236e4fb
0001000f00802899001d46f6
0000000f00831fa8005ade92
0000000f00850e030096e04c
0000000f00864f7400d25670
0000000f0087045d010d9653
0000000f008737920148c214
0000000f0086eb550183efe6
0000000f00861c2901bf36f6
ffff000f0084bc8001fabecb
ffff000f0082a4930236f11e
0001000f00802899001d46f6
0000000f00831fa8005ade92
0000000f00850e030096e04c
0000000f00864f7400d25670
0000000f0087045d010d9653
0000000f008737920148c214
0000000f0086eb550183efe6
0000000f00861c2901bf36f6
ffff000f0084bc8001fabecb
ffff000f0082a4930236f11e
0001000f00802899001d46f6
0000000f00831fa8005ade92
0000000f00850e030096e04c
0000000f00864f7400d25670
0000000f0087045d010d9653
0000000f008737920148c214
0000000f0086eb550183efe6
0000000f00861c2901bf36f6
ffff000f0084bc8001fabecb
ffff000f0082a4930236f11e
0001000f00802899001d46f6
0000000f00831fa8005ade92
0000000f00850e030096e04c
0000000f00864f7400d25670
0000000f0087045d010d9653
0000000f008737920148c214
0000000f0086eb550183efe6
0000000f00861c2901bf36f6
ffff000f0084bc8001fabecb
ffff000f0082a4930236f11e
0001000f00802899001d46f6
0000000f00831fa8005ade92
0000000f00850e030096e04c
0000000f00864f7400d25670
0000000f0087045d010d9653
0000000f008737920148c214
0000000f0086eb550183efe6
0000000f00861c2901bf36f6
ffff000f0084bc8001fabecb
ffff000f0082a4930236f11e
0001000f00802899001d46f6
0000000f00831fa8005ade92
0000000f00850e030096e04c
0000000f00864f7400d25670
0000000f0087045d010d9653
0000000f008737920148c214
0000000f0086eb550183efe6
0000000f00861c2901bf36f6
ffff000f0084bc8001fabecb
ffff000f0082a4930236f11e
0001000f00811db7001d3a1e
0000000f00840e2c005ad2e6
0000000f0085f8760096d737
0000000f0087375d00d25068
0000000f0087eae1010d9375
0000000f00881db10148c264
0000000f0087d2090183f363
0000000f0087047901bf3d9b
ffff000f0085a79b01fac870
ffff000f008394220236fd2e
0001000f00811db7001d3a1e
0000000f00840e2c005ad2e6
0000000f0085f8760096d737
0000000f0087375d00d25068
0000000f0087eae1010d9375
0000000f00881db10148c264
0000000f0087d2090183f363
0000000f0087047901bf3d9b
ffff000f0085a79b01fac870
ffff000f008394220236fd2e
0001000f00811db7001d3a1e
0000000f00840e2c005ad2e6
0000000f0085f8760096d737
0000000f0087375d00d25068
0000000f0087eae1010d9375
0000000f00881db10148c264
0000000f0087d2090183f363
0000000f0087047901bf3d9b
ffff000f0085a79b01fac870
ffff000f008394220236fd2e
0001000f00811db7001d3a1e
0000000f00840e2c005ad2e6
0000000f0085f8760096d737
0000000f0087375d00d25068
0000000f0087eae1010d9375
0000000f00881db10148c264
0000000f0087d2090183f363
0000000f0087047901bf3d9b
ffff000f0085a79b01fac870
ffff000f008394220236fd2e
0001000f00811db7001d3a1e
0000000f00840e2c005ad2e6
0000000f0085f8760096d737
0000000f0087375d00d25068
0000000f0087eae1010d9375
0000000f00881db10148c264
0000000f0087d2090183f363
0000000f0087047901bf3d9b
ffff000f0085a79b01fac870
ffff000f008394220236fd2e
0001000f00811db7001d3a1e
0000000f00840e2c005ad2e6
0000000f0085f8760096d737
0000000f0087375d00d25068
0000000f0087eae1010d9375
0000000f00881db10148c264
0000000f0087d2090183f363
0000000f0087047901bf3d9b
ffff000f0085a79b01fac870
ffff000f008394220236fd2e
0001000f008212f2001d2d59
0000000f0084fcd2005ac74d
0000000f0086e30d0096ce32
0000000f00881f6b00d24a6b
0000000f0088d189010d909c
0000000f008903f40148c2b3
0000000f0088b8e20183f6da
0000000f0087eced01bf4434
ffff000f008692da01fad203
ffff000f008483d20237092a
0001000f008212f2001d2d59
0000000f0084fcd2005ac74d
0000000f0086e30d0096ce32
0000000f00881f6b00d24a6b
0000000f0088d189010d909c
0000000f008903f40148c2b3
0000000f0088b8e20183f6da
0000000f0087eced01bf4434
ffff000f008692da01fad203
ffff000f008483d20237092a
0001000f008212f2001d2d59
0000000f0084fcd2005ac74d
0000000f0086e30d0096ce32
0000000f00881f6b00d24a6b
0000000f0088d189010d909c
0000000f008903f40148c2b3
0000000f0088b8e20183f6da
0000000f0087eced01bf4434
ffff000f008692da01fad203
ffff000f008483d20237092a
0001000f008212f2001d2d59
0000000f0084fcd2005ac74d
0000000f0086e30d0096ce32
0000000f00881f6b00d24a6b
0000000f0088d189010d909c
0000000f008903f40148c2b3
0000000f0088b8e20183f6da
0000000f0087eced01bf4434
ffff000f008692da01fad203
ffff000f008483d20237092a
0001000f008212f2001d2d59
0000000f0084fcd2005ac74d
0000000f0086e30d0096ce32
0000000f00881f6b00d24a6b
0000000f0088d189010d909c
0000000f008903f40148c2b3
0000000f0088b8e20183f6da
0000000f0087eced01bf4434
ffff000f008692da01fad203
ffff000f008483d20237092a
0001000f008212f2001d2d59
0000000f0084fcd2005ac74d
0000000f0086e30d0096ce32
0000000f00881f6b00d24a6b
0000000f0088d189010d909c
0000000f008903f40148c2b3
0000000f0088b8e20183f6da
0000000f0087eced01bf4434
ffff000f008692da01fad203
ffff000f008483d20237092a
0001000f0083084b001d20a7
0000000f0085eb9b005abbc7
0000000f0087cdc90096c53d
0000000f0089079d00d24478
0000000f0089b855010d8dc8
0000000f0089ea5c0148c301
0000000f00899fe00183fa4b
0000000f0088d58501bf4ac1
ffff000f00877e3d01fadb87
ffff000f008573a402371513
0001000f0083084b001d20a7
0000000f0085eb9b005abbc7
0000000f0087cdc90096c53d
0000000f0089079d00d24478
0000000f0089b855010d8dc8
0000000f0089ea5c0148c301
0000000f00899fe00183fa4b
0000000f0088d58501bf4ac1
ffff000f00877e3d01fadb87
ffff000f008573a402371513
0001000f0083084b001d20a7
0000000f0085eb9b005abbc7
0000000f0087cdc90096c53d
0000000f0089079d00d24478
0000000f0089b855010d8dc8
0000000f0089ea5c0148c301
0000000f00899fe00183fa4b
0000000f0088d58501bf4ac1
ffff000f00877e3d01fadb87
ffff000f008573a402371513
0001000f0083084b001d20a7
0000000f0085eb9b005abbc7
0000000f0087cdc90096c53d
0000000f0089079d00d24478
0000000f0089b855010d8dc8
0000000f0089ea5c0148c301
0000000f00899fe00183fa4b
0000000f0088d58501bf4ac1
ffff000f00877e3d01fadb87
ffff000f008573a402371513
0001000f0083084b001d20a7
0000000f0085eb9b005abbc7
0000000f0087cdc90096c53d
0000000f0089079d00d24478
0000000f0089b855010d8dc8
0000000f0089ea5c0148c301
0000000f00899fe00183fa4b
0000000f0088d58501bf4ac1
ffff000f00877e3d01fadb87
ffff000f008573a402371513
0001000f0083084b001d20a7
0000000f0085eb9b005abbc7
0000000f0087cdc90096c53d
0000000f0089079d00d24478
0000000f0089b855010d8dc8
0000000f0089ea5c0148c301
0000000f00899fe00183fa4b
0000000f0088d58501bf4ac1
ffff000f00877e3d01fadb87
ffff000f008573a402371513
0001000f0083fdc2001d1408
0000000f0086da85005ab055
0000000f0088b8a80096bc58
0000000f0089eff300d23e90
0000000f008a9f45010d8af9
0000000f008ad0e80148c34f
0000000f008a87010183fdb6
0000000f0089be4101bf5142
ffff000f008869c401fae4f9
ffff000f00866398023720e7
0001000f0083fdc2001d1408
0000000f0086da85005ab055
0000000f0088b8a80096bc58
0000000f0089eff300d23e90
0000000f008a9f45010d8af9
0000000f008ad0e80148c34f
0000000f008a87010183fdb6
0000000f0089be4101bf5142
ffff000f008869c401fae4f9
ffff000f00866398023720e7
0001000f0083fdc2001d1408
0000000f0086da85005ab055
0000000f0088b8a80096bc58
0000000f0089eff300d23e90
0000000f008a9f45010d8af9
0000000f008ad0e80148c34f
0000000f008a87010183fdb6
0000000f0089be4101bf5142
ffff000f008869c401fae4f9
ffff000f00866398023720e7
0001000f0083fdc2001d1408
0000000f0086da85005ab055
0000000f0088b8a80096bc58
0000000f0089eff300d23e90
0000000f008a9f45010d8af9
0000000f008ad0e80148c34f
0000000f008a87010183fdb6
0000000f0089be4101bf5142
ffff000f008869c401fae4f9
ffff000f00866398023720e7
0001000f0083fdc2001d1408
0000000f0086da85005ab055
0000000f0088b8a80096bc58
0000000f0089eff300d23e90
0000000f008a9f45010d8af9
0000000f008ad0e80148c34f
0000000f008a87010183fdb6
0000000f0089be4101bf5142
ffff000f008869c401fae4f9
ffff000f00866398023720e7
0001000f0083fdc2001d1408
0000000f0086da85005ab055
0000000f0088b8a80096bc58
0000000f0089eff300d23e90
0000000f008a9f45010d8af9
0000000f008ad0e80148c34f
0000000f008a87010183fdb6
0000000f0089be4101bf5142
ffff000f008869c401fae4f9
ffff000f00866398023720e7
0001000f0084f356001d077d
0000000f0087c992005aa4f7
0000000f0089a3aa0096b382
0000000f008ad86c00d238b3
0000000f008b8659010d8830
0000000f008bb7980148c39d
0000000f008b6e470184011a
0000000f008aa72101bf57b8
ffff000f0089556e01faee5b
ffff000f008753ad02372ca8
0001000f0084f356001d077d
0000000f0087c992005aa4f7
0000000f0089a3aa0096b382
0000000f008ad86c00d238b3
0000000f008b8659010d8830
0000000f008bb7980148c39d
0000000f008b6e470184011a
0000000f008aa72101bf57b8
ffff000f0089556e01faee5b
ffff000f008753ad02372ca8
0001000f0084f356001d077d
0000000f0087c992005aa4f7
0000000f0089a3aa0096b382
0000000f008ad86c00d238b3
0000000f008b8659010d8830
0000000f008bb7980148c39d
0000000f008b6e470184011a
0000000f008aa72101bf57b8
ffff000f0089556e01faee5b
ffff000f008753ad02372ca8
0001000f0084f356001d077d
0000000f0087c992005aa4f7
0000000f0089a3aa0096b382
0000000f008ad86c00d238b3
0000000f008b8659010d8830
0000000f008bb7980148c39d
0000000f008b6e470184011a
0000000f008aa72101bf57b8
ffff000f0089556e01faee5b
ffff000f008753ad02372ca8
0001000f0084f356001d077d
0000000f0087c992005aa4f7
0000000f0089a3aa0096b382
0000000f008ad86c00d238b3
0000000f008b8659010d8830
0000000f008bb7980148c39d
0000000f008b6e470184011a
0000000f008aa72101bf57b8
ffff000f0089556e01faee5b
ffff000f008753ad02372ca8
0001000f0084f356001d077d
0000000f0087c992005aa4f7
0000000f0089a3aa0096b382
0000000f008ad86c00d238b3
0000000f008b8659010d8830
0000000f008bb7980148c39d
0000000f008b6e470184011a
0000000f008aa72101bf57b8
ffff000f0089556e01faee5b
ffff000f008753ad02372ca8
0001000f0085e908001cfb06
0000000f0088b8c1005a99ac
0000000f008a8ed00096aabc
0000000f008bc10a00d232e1
0000000f008c6d91010d856b
0000000f008c9e6c0148c3ea
0000000f008c55b001840478
0000000f008b902501bf5e22
0000000f008a413b01faf7ac
ffff000f008843e402373855
0001000f0085e908001cfb06
0000000f0088b8c1005a99ac
0000000f008a8ed00096aabc
0000000f008bc10a00d232e1
0000000f008c6d91010d856b
0000000f008c9e6c0148c3ea
0000000f008c55b001840478
0000000f008b902501bf5e22
0000000f008a413b01faf7ac
ffff000f008843e402373855
0001000f0085e908001cfb06
0000000f0088b8c1005a99ac
0000000f008a8ed00096aabc
0000000f008bc10a00d232e1
0000000f008c6d91010d856b
0000000f008c9e6c0148c3ea
0000000f008c55b001840478
0000000f008b902501bf5e22
0000000f008a413b01faf7ac
ffff000f008843e402373855
0001000f0085e908001cfb06
0000000f0088b8c1005a99ac
0000000f008a8ed00096aabc
0000000f008bc10a00d232e1
0000000f008c6d91010d856b
0000000f008c9e6c0148c3ea
0000000f008c55b001840478
0000000f008b902501bf5e22
0000000f008a413b01faf7ac
ffff000f008843e402373855
0001000f0085e908001cfb06
0000000f0088b8c1005a99ac
0000000f008a8ed00096aabc
0000000f008bc10a00d232e1
0000000f008c6d91010d856b
0000000f008c9e6c0148c3ea
0000000f008c55b001840478
0000000f008b902501bf5e22
0000000f008a413b01faf7ac
ffff000f008843e402373855
0001000f0085e908001cfb06
0000000f0088b8c1005a99ac
0000000f008a8ed00096aabc
0000000f008bc10a00d232e1
0000000f008c6d91010d856b
0000000f008c9e6c0148c3ea
0000000f008c55b001840478
0000000f008b902501bf5e22
0000000f008a413b01faf7ac
ffff000f008843e402373855
0001000f0086ded7001ceea2
0000000f0089a811005a8e75
0000000f008b7a190096a207
0000000f008ca9cb00d22d19
0000000f008d54ec010d82ac
0000000f008d85630148c436
0000000f008d3d3c018407d0
0000000f008c794c01bf6480
0000000f008b2d2b01fb00ec
ffff000f0089343b023743ed
0001000f0086ded7001ceea2
0000000f0089a811005a8e75
0000000f008b7a190096a207
0000000f008ca9cb00d22d19
0000000f008d54ec010d82ac
0000000f008d85630148c436
0000000f008d3d3c018407d0
0000000f008c794c01bf6480
0000000f008b2d2b01fb00ec
ffff000f0089343b023743ed
0001000f0086ded7001ceea2
0000000f0089a811005a8e75
0000000f008b7a190096a207
0000000f008ca9cb00d22d19
0000000f008d54ec010d82ac
0000000f008d85630148c436
0000000f008d3d3c018407d0
0000000f008c794c01bf6480
0000000f008b2d2b01fb00ec
ffff000f0089343b023743ed
0001000f0086ded7001ceea2
0000000f0089a811005a8e75
0000000f008b7a190096a207
0000000f008ca9cb00d22d19
0000000f008d54ec010d82ac
0000000f008d85630148c436
0000000f008d3d3c018407d0
0000000f008c794c01bf6480
0000000f008b2d2b01fb00ec
ffff000f0089343b023743ed
0001000f0086ded7001ceea2
0000000f0089a811005a8e75
0000000f008b7a190096a207
0000000f008ca9cb00d22d19
0000000f008d54ec010d82ac
0000000f008d85630148c436
0000000f008d3d3c018407d0
0000000f008c794c01bf6480
0000000f008b2d2b01fb00ec
ffff000f0089343b023743ed
0001000f0086ded7001ceea2
0000000f0089a811005a8e75
0000000f008b7a190096a207
0000000f008ca9cb00d22d19
0000000f008d54ec010d82ac
0000000f008d85630148c436
0000000f008d3d3c018407d0
0000000f008c794c01bf6480
0000000f008b2d2b01fb00ec
ffff000f0089343b023743ed
0001000f0087d4c3001ce252
0000000f008a9782005a8351
0000000f008c658500969961
0000000f008d92af00d2275c
0000000f008e3c6b010d7ff2
0000000f008e6c7c0148c482
0000000f008e24ec01840b21
0000000f008d629601bf6ad2
0000000f008c193e01fb0a1c
ffff000f008a24b402374f72
0001000f0087d4c3001ce252
0000000f008a9782005a8351
0000000f008c658500969961
0000000f008d92af00d2275c
0000000f008e3c6b010d7ff2
0000000f008e6c7c0148c482
0000000f008e24ec01840b21
0000000f008d629601bf6ad2
0000000f008c193e01fb0a1c
ffff000f008a24b402374f72
0001000f0087d4c3001ce252
0000000f008a9782005a8351
0000000f008c658500969961
0000000f008d92af00d2275c
0000000f008e3c6b010d7ff2
0000000f008e6c7c0148c482
0000000f008e24ec01840b21
0000000f008d629601bf6ad2
0000000f008c193e01fb0a1c
ffff000f008a24b402374f72
0001000f0087d4c3001ce252
0000000f008a9782005a8351
0000000f008c658500969961
0000000f008d92af00d2275c
0000000f008e3c6b010d7ff2
0000000f008e6c7c0148c482
0000000f008e24ec01840b21
0000000f008d629601bf6ad2
0000000f008c193e01fb0a1c
ffff000f008a24b402374f72
0001000f0087d4c3001ce252
0000000f008a9782005a8351
0000000f008c658500969961
0000000f008d92af00d2275c
0000000f008e3c6b010d7ff2
0000000f008e6c7c0148c482
0000000f008e24ec01840b21
0000000f008d629601bf6ad2
0000000f008c193e01fb0a1c
ffff000f008a24b402374f72
0001000f0087d4c3001ce252
0000000f008a9782005a8351
0000000f008c658500969961
0000000f008d92af00d2275c
0000000f008e3c6b010d7ff2
0000000f008e6c7c0148c482
0000000f008e24ec01840b21
0000000f008d629601bf6ad2
0000000f008c193e01fb0a1c
ffff000f008a24b402374f72
0001000f0088cacb001cd616
0000000f008b8715005a7842
0000000f008d5113009690cb
0000000f008e7bb600d221aa
0000000f008f240c010d7d3d
0000000f008f53b90148c4cd
0000000f008f0cbe01840e6c
0000000f008e4c0401bf7118
0000000f008d057301fb133a
ffff000f008b154d02375ae2
0001000f0088cacb001cd616
0000000f008b8715005a7842
0000000f008d5113009690cb
0000000f008e7bb600d221aa
0000000f008f240c010d7d3d
0000000f008f53b90148c4cd
0000000f008f0cbe01840e6c
0000000f008e4c0401bf7118
0000000f008d057301fb133a
ffff000f008b154d02375ae2
0001000f0088cacb001cd616
0000000f008b8715005a7842
0000000f008d5113009690cb
0000000f008e7bb600d221aa
0000000f008f240c010d7d3d
0000000f008f53b90148c4cd
0000000f008f0cbe01840e6c
0000000f008e4c0401bf7118
0000000f008d057301fb133a
ffff000f008b154d02375ae2
0001000f0088cacb001cd616
0000000f008b8715005a7842
0000000f008d5113009690cb
0000000f008e7bb600d221aa
0000000f008f240c010d7d3d
0000000f008f53b90148c4cd
0000000f008f0cbe01840e6c
0000000f008e4c0401bf7118
0000000f008d057301fb133a
ffff000f008b154d02375ae2
0001000f0088cacb001cd616
0000000f008b8715005a7842
0000000f008d5113009690cb
0000000f008e7bb600d221aa
0000000f008f240c010d7d3d
0000000f008f53b90148c4cd
0000000f008f0cbe01840e6c
0000000f008e4c0401bf7118
0000000f008d057301fb133a
ffff000f008b154d02375ae2
0001000f0088cacb001cd616
0000000f008b8715005a7842
0000000f008d5113009690cb
0000000f008e7bb600d221aa
0000000f008f240c010d7d3d
0000000f008f53b90148c4cd
0000000f008f0cbe01840e6c
0000000f008e4c0401bf7118
0000000f008d057301fb133a
ffff000f008b154d02375ae2
0001000f0089c0f1001cc9ef
0000000f008c76c9005a6d46
0000000f008e3cc400968846
0000000f008f64df00d21c03
0000000f00900bd0010d7a8d
0000000f00903b190148c517
0000000f008ff4b3018411b1
0000000f008f359301bf7752
0000000f008df1ca01fb1c47
ffff000f008c06060237663d
0001000f0089c0f1001cc9ef
0000000f008c76c9005a6d46
0000000f008e3cc400968846
0000000f008f64df00d21c03
0000000f00900bd0010d7a8d
0000000f00903b190148c517
0000000f008ff4b3018411b1
0000000f008f359301bf7752
0000000f008df1ca01fb1c47
ffff000f008c06060237663d
0001000f0089c0f1001cc9ef
0000000f008c76c9005a6d46
0000000f008e3cc400968846
0000000f008f64df00d21c03
0000000f00900bd0010d7a8d
0000000f00903b190148c517
0000000f008ff4b3018411b1
0000000f008f359301bf7752
0000000f008df1ca01fb1c47
ffff000f008c06060237663d
0001000f0089c0f1001cc9ef
0000000f008c76c9005a6d46
0000000f008e3cc400968846
0000000f008f64df00d21c03
0000000f00900bd0010d7a8d
0000000f00903b190148c517
0000000f008ff4b3018411b1
0000000f008f359301bf7752
0000000f008df1ca01fb1c47
ffff000f008c06060237663d
0001000f0089c0f1001cc9ef
0000000f008c76c9005a6d46
0000000f008e3cc400968846
0000000f008f64df00d21c03
0000000f00900bd0010d7a8d
0000000f00903b190148c517
0000000f008ff4b3018411b1
0000000f008f359301bf7752
0000000f008df1ca01fb1c47
ffff000f008c06060237663d
0001000f0089c0f1001cc9ef
0000000f008c76c9005a6d46
0000000f008e3cc400968846
0000000f008f64df00d21c03
0000000f00900bd0010d7a8d
0000000f00903b190148c517
0000000f008ff4b3018411b1
0000000f008f359301bf7752
0000000f008df1ca01fb1c47
ffff000f008c06060237663d
0001000f008ab734001cbddb
0000000f008d669e005a625f
0000000f008f289700967fd0
0000000f00904e2b00d21667
0000000f0090f3b6010d77e3
0000000f0091229b0148c561
0000000f0090dccb018414f0
0000000f00901f4601bf7d81
0000000f008ede4401fb2544
ffff000f008cf6e002377184
0001000f008ab734001cbddb
0000000f008d669e005a625f
0000000f008f289700967fd0
0000000f00904e2b00d21667
0000000f0090f3b6010d77e3
0000000f0091229b0148c561
0000000f0090dccb018414f0
0000000f00901f4601bf7d81
0000000f008ede4401fb2544
ffff000f008cf6e002377184
0001000f008ab734001cbddb
0000000f008d669e005a625f
0000000f008f289700967fd0
0000000f00904e2b00d21667
0000000f0090f3b6010d77e3
0000000f0091229b0148c561
0000000f0090dccb018414f0
0000000f00901f4601bf7d81
0000000f008ede4401fb2544
ffff000f008cf6e002377184
0001000f008ab734001cbddb
0000000f008d669e005a625f
0000000f008f289700967fd0
0000000f00904e2b00d21667
0000000f0090f3b6010d77e3
0000000f0091229b0148c561
0000000f0090dccb018414f0
0000000f00901f4601bf7d81
0000000f008ede4401fb2544
ffff000f008cf6e002377184
0001000f008ab734001cbddb
0000000f008d669e005a625f
0000000f008f289700967fd0
0000000f00904e2b00d21667
0000000f0090f3b6010d77e3
0000000f0091229b0148c561
0000000f0090dccb018414f0
0000000f00901f4601bf7d81
0000000f008ede4401fb2544
ffff000f008cf6e002377184
0001000f008ab734001cbddb
0000000f008d669e005a625f
0000000f008f289700967fd0
0000000f00904e2b00d21667
0000000f0090f3b6010d77e3
0000000f0091229b0148c561
0000000f0090dccb018414f0
0000000f00901f4601bf7d81
0000000f008ede4401fb2544
ffff000f008cf6e002377184
0001000f008bad92001cb1dd
0000000f008e5693005a578c
0000000f0090148c0096776b
0000000f0091379a00d210d6
0000000f0091dbbf010d753e
0000000f00920a3f0148c5ab
0000000f0091c50501841828
0000000f0091091a01bf83a3
0000000f008fcadf01fb2e2f
ffff000f008de7da02377cb6
0001000f008bad92001cb1dd
0000000f008e5693005a578c
0000000f0090148c0096776b
0000000f0091379a00d210d6
0000000f0091dbbf010d753e
0000000f00920a3f0148c5ab
0000000f0091c50501841828
0000000f0091091a01bf83a3
0000000f008fcadf01fb2e2f
ffff000f008de7da02377cb6
0001000f008bad92001cb1dd
0000000f008e5693005a578c
0000000f0090148c0096776b
0000000f0091379a00d210d6
0000000f0091dbbf010d753e
0000000f00920a3f0148c5ab
0000000f0091c50501841828
0000000f0091091a01bf83a3
0000000f008fcadf01fb2e2f
ffff000f008de7da02377cb6
0001000f008bad92001cb1dd
0000000f008e5693005a578c
0000000f0090148c0096776b
0000000f0091379a00d210d6
0000000f0091dbbf010d753e
0000000f00920a3f0148c5ab
0000000f0091c50501841828
0000000f0091091a01bf83a3
0000000f008fcadf01fb2e2f
ffff000f008de7da02377cb6
0001000f008bad92001cb1dd
0000000f008e5693005a578c
0000000f0090148c0096776b
0000000f0091379a00d210d6
0000000f0091dbbf010d753e
0000000f00920a3f0148c5ab
0000000f0091c50501841828
0000000f0091091a01bf83a3
0000000f008fcadf01fb2e2f
ffff000f008de7da02377cb6
0001000f008bad92001cb1dd
0000000f008e5693005a578c
0000000f0090148c0096776b
0000000f0091379a00d210d6
0000000f0091dbbf010d753e
0000000f00920a3f0148c5ab
0000000f0091c50501841828
0000000f0091091a01bf83a3
0000000f008fcadf01fb2e2f
ffff000f008de7da02377cb6
0001000f008ca40e001ca5f3
0000000f008f46a9005a4ccd
0000000f009100a200966f16
0000000f0092212a00d20b4f
0000000f0092c3ea010d729e
0000000f0092f2050148c5f4
0000000f0092ad6101841b59
0000000f0091f31101bf89b9
0000000f0090b79c01fb3708
ffff000f008ed8f4023787d4
0001000f008ca40e001ca5f3
0000000f008f46a9005a4ccd
0000000f009100a200966f16
0000000f0092212a00d20b4f
0000000f0092c3ea010d729e
0000000f0092f2050148c5f4
0000000f0092ad6101841b59
0000000f0091f31101bf89b9
0000000f0090b79c01fb3708
ffff000f008ed8f4023787d4
0001000f008ca40e001ca5f3
0000000f008f46a9005a4ccd
0000000f009100a200966f16
0000000f0092212a00d20b4f
0000000f0092c3ea010d729e
0000000f0092f2050148c5f4
0000000f0092ad6101841b59
0000000f0091f31101bf89b9
0000000f0090b79c01fb3708
ffff000f008ed8f4023787d4
0001000f008ca40e001ca5f3
0000000f008f46a9005a4ccd
0000000f009100a200966f16
0000000f0092212a00d20b4f
0000000f0092c3ea010d729e
0000000f0092f2050148c5f4
0000000f0092ad6101841b59
0000000f0091f31101bf89b9
0000000f0090b79c01fb3708
ffff000f008ed8f4023787d4
0001000f008ca40e001ca5f3
0000000f008f46a9005a4ccd
0000000f009100a200966f16
0000000f0092212a00d20b4f
0000000f0092c3ea010d729e
0000000f0092f2050148c5f4
0000000f0092ad6101841b59
0000000f0091f31101bf89b9
0000000f0090b79c01fb3708
ffff000f008ed8f4023787d4
0001000f008ca40e001ca5f3
0000000f008f46a9005a4ccd
0000000f009100a200966f16
0000000f0092212a00d20b4f
0000000f0092c3ea010d729e
0000000f0092f2050148c5f4
0000000f0092ad6101841b59
0000000f0091f31101bf89b9
0000000f0090b79c01fb3708
ffff000f008ed8f4023787d4
0001000f008d9aa5001c9a1e
0000000f009036de005a4223
0000000f0091ecdb009666d1
0000000f00930adc00d205d4
0000000f0093ac36010d7004
0000000f0093d9ed0148c63c
0000000f009395df01841e85
0000000f0092dd2901bf8fc3
0000000f0091a47a01fb3fd1
ffff000f008fca2e023792dc
0001000f008d9aa5001c9a1e
0000000f009036de005a4223
0000000f0091ecdb009666d1
0000000f00930adc00d205d4
0000000f0093ac36010d7004
0000000f0093d9ed0148c63c
0000000f009395df01841e85
0000000f0092dd2901bf8fc3
0000000f0091a47a01fb3fd1
ffff000f008fca2e023792dc
0001000f008d9aa5001c9a1e
0000000f009036de005a4223
0000000f0091ecdb009666d1
0000000f00930adc00d205d4
0000000f0093ac36010d7004
0000000f0093d9ed0148c63c
0000000f009395df01841e85
0000000f0092dd2901bf8fc3
0000000f0091a47a01fb3fd1
ffff000f008fca2e023792dc
0001000f008d9aa5001c9a1e
0000000f009036de005a4223
0000000f0091ecdb009666d1
0000000f00930adc00d205d4
0000000f0093ac36010d7004
0000000f0093d9ed0148c63c
0000000f009395df01841e85
0000000f0092dd2901bf8fc3
0000000f0091a47a01fb3fd1
ffff000f008fca2e023792dc
0001000f008d9aa5001c9a1e
0000000f009036de005a4223
0000000f0091ecdb009666d1
0000000f00930adc00d205d4
0000000f0093ac36010d7004
0000000f0093d9ed0148c63c
0000000f009395df01841e85
0000000f0092dd2901bf8fc3
0000000f0091a47a01fb3fd1
ffff000f008fca2e023792dc
0001000f008d9aa5001c9a1e
0000000f009036de005a4223
0000000f0091ecdb009666d1
0000000f00930adc00d205d4
0000000f0093ac36010d7004
0000000f0093d9ed0148c63c
0000000f009395df01841e85
0000000f0092dd2901bf8fc3
0000000f0091a47a01fb3fd1
ffff000f008fca2e023792dc
0001000f008e9159001c8e5e
0000000f00912734005a378c
0000000f0092d93400965e9d
0000000f0093f4b000d20064
0000000f009494a4010d6d6e
0000000f0094c1f60148c684
0000000f00947e7e018421a9
0000000f0093c76301bf95c1
0000000f0092917901fb4888
ffff000f0090bb8702379dd0
0001000f008e9159001c8e5e
0000000f00912734005a378c
0000000f0092d93400965e9d
0000000f0093f4b000d20064
0000000f009494a4010d6d6e
0000000f0094c1f60148c684
0000000f00947e7e018421a9
0000000f0093c76301bf95c1
0000000f0092917901fb4888
ffff000f0090bb8702379dd0
0001000f008e9159001c8e5e
0000000f00912734005a378c
0000000f0092d93400965e9d
0000000f0093f4b000d20064
0000000f009494a4010d6d6e
0000000f0094c1f60148c684
0000000f00947e7e018421a9
0000000f0093c76301bf95c1
0000000f0092917901fb4888
ffff000f0090bb8702379dd0
0001000f008e9159001c8e5e
0000000f00912734005a378c
0000000f0092d93400965e9d
0000000f0093f4b000d20064
0000000f009494a4010d6d6e
0000000f0094c1f60148c684
0000000f00947e7e018421a9
0000000f0093c76301bf95c1
0000000f0092917901fb4888
ffff000f0090bb8702379dd0
0001000f008e9159001c8e5e
0000000f00912734005a378c
0000000f0092d93400965e9d
0000000f0093f4b000d20064
0000000f009494a4010d6d6e
0000000f0094c1f60148c684
0000000f00947e7e018421a9
0000000f0093c76301bf95c1
0000000f0092917901fb4888
ffff000f0090bb8702379dd0
0001000f008e9159001c8e5e
0000000f00912734005a378c
0000000f0092d93400965e9d
0000000f0093f4b000d20064
0000000f009494a4010d6d6e
0000000f0094c1f60148c684
0000000f00947e7e018421a9
0000000f0093c76301bf95c1
0000000f0092917901fb4888
ffff000f0090bb8702379dd0
0001000f008f8829001c82b3
0000000f009217aa005a2d0b
0000000f0093c5ae0096567a
0000000f0094dea500d1faff
0000000f00957d33010d6ade
0000000f0095aa200148c6cb
0000000f0095673e018424c8
0000000f0094b1be01bf9bb2
0000000f00937e9901fb512e
ffff000f0091ad000237a8af
0001000f008f8829001c82b3
0000000f009217aa005a2d0b
0000000f0093c5ae0096567a
0000000f0094dea500d1faff
0000000f00957d33010d6ade
0000000f0095aa200148c6cb
0000000f0095673e018424c8
0000000f0094b1be01bf9bb2
0000000f00937e9901fb512e
ffff000f0091ad000237a8af
0001000f008f8829001c82b3
0000000f009217aa005a2d0b
0000000f0093c5ae0096567a
0000000f0094dea500d1faff
0000000f00957d33010d6ade
0000000f0095aa200148c6cb
0000000f0095673e018424c8
0000000f0094b1be01bf9bb2
0000000f00937e9901fb512e
ffff000f0091ad000237a8af
0001000f008f8829001c82b3
0000000f009217aa005a2d0b
0000000f0093c5ae0096567a
0000000f0094dea500d1faff
0000000f00957d33010d6ade
0000000f0095aa200148c6cb
0000000f0095673e018424c8
0000000f0094b1be01bf9bb2
0000000f00937e9901fb512e
ffff000f0091ad000237a8af
0001000f008f8829001c82b3
0000000f009217aa005a2d0b
0000000f0093c5ae0096567a
0000000f0094dea500d1faff
0000000f00957d33010d6ade
0000000f0095aa200148c6cb
0000000f0095673e018424c8
0000000f0094b1be01bf9bb2
0000000f00937e9901fb512e
ffff000f0091ad000237a8af
0001000f008f8829001c82b3
0000000f009217aa005a2d0b
0000000f0093c5ae0096567a
0000000f0094dea500d1faff
0000000f00957d33010d6ade
0000000f0095aa200148c6cb
0000000f0095673e018424c8
0000000f0094b1be01bf9bb2
0000000f00937e9901fb512e
ffff000f0091ad000237a8af
0001000f00907f14001c771d
0000000f0093083f005a229e
0000000f0094b24900964e67
0000000f0095c8bb00d1f5a5
0000000f009665e3010d6854
0000000f0096926c0148c712
0000000f0096501f018427df
0000000f00959c3a01bfa198
0000000f00946bda01fb59c2
ffff000f00929e970237b378
0001000f00907f14001c771d
0000000f0093083f005a229e
0000000f0094b24900964e67
0000000f0095c8bb00d1f5a5
0000000f009665e3010d6854
0000000f0096926c0148c712
0000000f0096501f018427df
0000000f00959c3a01bfa198
0000000f00946bda01fb59c2
ffff000f00929e970237b378
0001000f00907f14001c771d
0000000f0093083f005a229e
0000000f0094b24900964e67
0000000f0095c8bb00d1f5a5
0000000f009665e3010d6854
0000000f0096926c0148c712
0000000f0096501f018427df
0000000f00959c3a01bfa198
0000000f00946bda01fb59c2
ffff000f00929e970237b378
0001000f00907f14001c771d
0000000f0093083f005a229e
0000000f0094b24900964e67
0000000f0095c8bb00d1f5a5
0000000f009665e3010d6854
0000000f0096926c0148c712
0000000f0096501f018427df
0000000f00959c3a01bfa198
0000000f00946bda01fb59c2
ffff000f00929e970237b378
0001000f00907f14001c771d
0000000f0093083f005a229e
0000000f0094b24900964e67
0000000f0095c8bb00d1f5a5
0000000f009665e3010d6854
0000000f0096926c0148c712
0000000f0096501f018427df
0000000f00959c3a01bfa198
0000000f00946bda01fb59c2
ffff000f00929e970237b378
0001000f00907f14001c771d
0000000f0093083f005a229e
0000000f0094b24900964e67
0000000f0095c8bb00d1f5a5
0000000f009665e3010d6854
0000000f0096926c0148c712
0000000f0096501f018427df
0000000f00959c3a01bfa198
0000000f00946bda01fb59c2
ffff000f00929e970237b378
0001000f0091761b001c6b9d
0000000f0093f8f4005a1846
0000000f00959f0500964664
0000000f0096b2f100d1f056
0000000f00974eb3010d65ce
0000000f00977ad70148c758
0000000f0097392101842af1
0000000f009686d701bfa771
0000000f0095593c01fb6245
ffff000f0093904e0237be2d
0001000f0091761b001c6b9d
0000000f0093f8f4005a1846
0000000f00959f0500964664
0000000f0096b2f100d1f056
0000000f00974eb3010d65ce
0000000f00977ad70148c758
0000000f0097392101842af1
0000000f009686d701bfa771
0000000f0095593c01fb6245
ffff000f0093904e0237be2d
0001000f0091761b001c6b9d
0000000f0093f8f4005a1846
0000000f00959f0500964664
0000000f0096b2f100d1f056
0000000f00974eb3010d65ce
0000000f00977ad70148c758
0000000f0097392101842af1
0000000f009686d701bfa771
0000000f0095593c01fb6245
ffff000f0093904e0237be2d
0001000f0091761b001c6b9d
0000000f0093f8f4005a1846
0000000f00959f0500964664
0000000f0096b2f100d1f056
0000000f00974eb3010d65ce
0000000f00977ad70148c758
0000000f0097392101842af1
0000000f009686d701bfa771
0000000f0095593c01fb6245
ffff000f0093904e0237be2d
0001000f0091761b001c6b9d
0000000f0093f8f4005a1846
0000000f00959f0500964664
0000000f0096b2f100d1f056
0000000f00974eb3010d65ce
0000000f00977ad70148c758
0000000f0097392101842af1
0000000f009686d701bfa771
0000000f0095593c01fb6245
ffff000f0093904e0237be2d
0001000f0091761b001c6b9d
0000000f0093f8f4005a1846
0000000f00959f0500964664
0000000f0096b2f100d1f056
0000000f00974eb3010d65ce
0000000f00977ad70148c758
0000000f0097392101842af1
0000000f009686d701bfa771
0000000f0095593c01fb6245
ffff000f0093904e0237be2d
0001000f00926d3d001c6032
0000000f0094e9c7005a0e03
0000000f00968be100963e72
0000000f00979d4800d1eb13
0000000f009837a4010d634e
0000000f009863640148c79d
0000000f0098224401842dfc
0000000f0097719401bfad3e
0000000f009646bd01fb6ab7
ffff000f009482230237c8cc
0001000f00926d3d001c6032
0000000f0094e9c7005a0e03
0000000f00968be100963e72
0000000f00979d4800d1eb13
0000000f009837a4010d634e
0000000f009863640148c79d
0000000f0098224401842dfc
0000000f0097719401bfad3e
0000000f009646bd01fb6ab7
ffff000f009482230237c8cc
0001000f00926d3d001c6032
0000000f0094e9c7005a0e03
0000000f00968be100963e72
0000000f00979d4800d1eb13
0000000f009837a4010d634e
0000000f009863640148c79d
0000000f0098224401842dfc
0000000f0097719401bfad3e
0000000f009646bd01fb6ab7
ffff000f009482230237c8cc
0001000f00926d3d001c6032
0000000f0094e9c7005a0e03
0000000f00968be100963e72
0000000f00979d4800d1eb13
0000000f009837a4010d634e
0000000f009863640148c79d
0000000f0098224401842dfc
0000000f0097719401bfad3e
0000000f009646bd01fb6ab7
ffff000f009482230237c8cc
0001000f00926d3d001c6032
0000000f0094e9c7005a0e03
0000000f00968be100963e72
0000000f00979d4800d1eb13
0000000f009837a4010d634e
0000000f009863640148c79d
0000000f0098224401842dfc
0000000f0097719401bfad3e
0000000f009646bd01fb6ab7
ffff000f009482230237c8cc
0001000f00926d3d001c6032
0000000f0094e9c7005a0e03
0000000f00968be100963e72
0000000f00979d4800d1eb13
0000000f009837a4010d634e
0000000f009863640148c79d
0000000f0098224401842dfc
0000000f0097719401bfad3e
0000000f009646bd01fb6ab7
ffff000f009482230237c8cc
0001000f0093647b001c54dd
0000000f0095daba005a03d4
0000000f009778dd00963691
0000000f009887c000d1e5da
0000000f009920b6010d60d4
0000000f00994c100148c7e2
0000000f00990b8601843100
0000000f00985c7201bfb2fe
0000000f0097345e01fb7316
ffff000f009574170237d355
0001000f0093647b001c54dd
0000000f0095daba005a03d4
0000000f009778dd00963691
0000000f009887c000d1e5da
0000000f009920b6010d60d4
0000000f00994c100148c7e2
0000000f00990b8601843100
0000000f00985c7201bfb2fe
0000000f0097345e01fb7316
ffff000f009574170237d355
0001000f0093647b001c54dd
0000000f0095daba005a03d4
0000000f009778dd00963691
0000000f009887c000d1e5da
0000000f009920b6010d60d4
0000000f00994c100148c7e2
0000000f00990b8601843100
0000000f00985c7201bfb2fe
0000000f0097345e01fb7316
ffff000f009574170237d355
0001000f0093647b001c54dd
0000000f0095daba005a03d4
0000000f009778dd00963691
0000000f009887c000d1e5da
0000000f009920b6010d60d4
0000000f00994c100148c7e2
0000000f00990b8601843100
0000000f00985c7201bfb2fe
0000000f0097345e01fb7316
ffff000f009574170237d355
0001000f0093647b001c54dd
0000000f0095daba005a03d4
0000000f009778dd00963691
0000000f009887c000d1e5da
0000000f009920b6010d60d4
0000000f00994c100148c7e2
0000000f00990b8601843100
0000000f00985c7201bfb2fe
0000000f0097345e01fb7316
ffff000f009574170237d355
0001000f0093647b001c54dd
0000000f0095daba005a03d4
0000000f009778dd00963691
0000000f009887c000d1e5da
0000000f009920b6010d60d4
0000000f00994c100148c7e2
0000000f00990b8601843100
0000000f00985c7201bfb2fe
0000000f0097345e01fb7316
ffff000f009574170237d355
0001000f00945bd4001c499e
0000000f0096cbcb0059f9bb
0000000f009865f900962ec0
0000000f0099725700d1e0ad
0000000f009a09e7010d5e5f
0000000f009a34dd0148c826
0000000f0099f4e9018433fe
0000000f0099476f01bfb8b3
0000000f0098222001fb7b64
ffff000f009666290237ddc9
0001000f00945bd4001c499e
0000000f0096cbcb0059f9bb
0000000f009865f900962ec0
0000000f0099725700d1e0ad
0000000f009a09e7010d5e5f
0000000f009a34dd0148c826
0000000f0099f4e9018433fe
0000000f0099476f01bfb8b3
0000000f0098222001fb7b64
ffff000f009666290237ddc9
0001000f00945bd4001c499e
0000000f0096cbcb0059f9bb
0000000f009865f900962ec0
0000000f0099725700d1e0ad
0000000f009a09e7010d5e5f
0000000f009a34dd0148c826
0000000f0099f4e9018433fe
0000000f0099476f01bfb8b3
0000000f0098222001fb7b64
ffff000f009666290237ddc9
0001000f00945bd4001c499e
0000000f0096cbcb0059f9bb
0000000f009865f900962ec0
0000000f0099725700d1e0ad
0000000f009a09e7010d5e5f
0000000f009a34dd0148c826
0000000f0099f4e9018433fe
0000000f0099476f01bfb8b3
0000000f0098222001fb7b64
ffff000f009666290237ddc9
0001000f00945bd4001c499e
0000000f0096cbcb0059f9bb
0000000f009865f900962ec0
0000000f0099725700d1e0ad
0000000f009a09e7010d5e5f
0000000f009a34dd0148c826
0000000f0099f4e9018433fe
0000000f0099476f01bfb8b3
0000000f0098222001fb7b64
ffff000f009666290237ddc9
0001000f00945bd4001c499e
0000000f0096cbcb0059f9bb
0000000f009865f900962ec0
0000000f0099725700d1e0ad
0000000f009a09e7010d5e5f
0000000f009a34dd0148c826
0000000f0099f4e9018433fe
0000000f0099476f01bfb8b3
0000000f0098222001fb7b64
ffff000f009666290237ddc9
0001000f00955347001c3e74
0000000f0097bcfb0059efb7
0000000f0099533500962700
0000000f009a5d0e00d1db8b
0000000f009af338010d5bef
0000000f009b1dc90148c86a
0000000f009ade6b018436f5
0000000f009a328c01bfbe5a
0000000f0099100001fb83a0
ffff000f009758590237e827
0001000f00955347001c3e74
0000000f0097bcfb0059efb7
0000000f0099533500962700
0000000f009a5d0e00d1db8b
0000000f009af338010d5bef
0000000f009b1dc90148c86a
0000000f009ade6b018436f5
0000000f009a328c01bfbe5a
0000000f0099100001fb83a0
ffff000f009758590237e827
0001000f00955347001c3e74
0000000f0097bcfb0059efb7
0000000f0099533500962700
0000000f009a5d0e00d1db8b
0000000f009af338010d5bef
0000000f009b1dc90148c86a
0000000f009ade6b018436f5
0000000f009a328c01bfbe5a
0000000f0099100001fb83a0
ffff000f009758590237e827
0001000f00955347001c3e74
0000000f0097bcfb0059efb7
0000000f0099533500962700
0000000f009a5d0e00d1db8b
0000000f009af338010d5bef
0000000f009b1dc90148c86a
0000000f009ade6b018436f5
0000000f009a328c01bfbe5a
0000000f0099100001fb83a0
ffff000f009758590237e827
0001000f00955347001c3e74
0000000f0097bcfb0059efb7
0000000f0099533500962700
0000000f009a5d0e00d1db8b
0000000f009af338010d5bef
0000000f009b1dc90148c86a
0000000f009ade6b018436f5
0000000f009a328c01bfbe5a
0000000f0099100001fb83a0
ffff000f009758590237e827
0001000f00955347001c3e74
0000000f0097bcfb0059efb7
0000000f0099533500962700
0000000f009a5d0e00d1db8b
0000000f009af338010d5bef
0000000f009b1dc90148c86a
0000000f009ade6b018436f5
0000000f009a328c01bfbe5a
0000000f0099100001fb83a0
ffff000f009758590237e827
0001000f00964ad6001c3361
0000000f0098ae490059e5c7
0000000f009a408f00961f51
0000000f009b47e500d1d675
0000000f009bdca8010d5984
0000000f009c06d50148c8ad
0000000f009bc80d018439e6
0000000f009b1dc901bfc3f6
0000000f0099fe0001fb8bcb
ffff000f00984aa60237f270
0001000f00964ad6001c3361
0000000f0098ae490059e5c7
0000000f009a408f00961f51
0000000f009b47e500d1d675
0000000f009bdca8010d5984
0000000f009c06d50148c8ad
0000000f009bc80d018439e6
0000000f009b1dc901bfc3f6
0000000f0099fe0001fb8bcb
ffff000f00984aa60237f270
0001000f00964ad6001c3361
0000000f0098ae490059e5c7
0000000f009a408f00961f51
0000000f009b47e500d1d675
0000000f009bdca8010d5984
0000000f009c06d50148c8ad
0000000f009bc80d018439e6
0000000f009b1dc901bfc3f6
0000000f0099fe0001fb8bcb
ffff000f00984aa60237f270
0001000f00964ad6001c3361
0000000f0098ae490059e5c7
0000000f009a408f00961f51
0000000f009b47e500d1d675
0000000f009bdca8010d5984
0000000f009c06d50148c8ad
0000000f009bc80d018439e6
0000000f009b1dc901bfc3f6
0000000f0099fe0001fb8bcb
ffff000f00984aa60237f270
0001000f00964ad6001c3361
0000000f0098ae490059e5c7
0000000f009a408f00961f51
0000000f009b47e500d1d675
0000000f009bdca8010d5984
0000000f009c06d50148c8ad
0000000f009bc80d018439e6
0000000f009b1dc901bfc3f6
0000000f0099fe0001fb8bcb
ffff000f00984aa60237f270
0001000f00964ad6001c3361
0000000f0098ae490059e5c7
0000000f009a408f00961f51
0000000f009b47e500d1d675
0000000f009bdca8010d5984
0000000f009c06d50148c8ad
0000000f009bc80d018439e6
0000000f009b1dc901bfc3f6
0000000f0099fe0001fb8bcb
ffff000f00984aa60237f270
0001000f0097427f001c2864
0000000f00999fb50059dbee
0000000f009b2e09009617b3
0000000f009c32db00d1d169
0000000f009cc638010d571f
0000000f009cefff0148c8f0
0000000f009cb1ce01843cd0
0000000f009c092501bfc985
0000000f009aec1f01fb93e3
ffff000f00993d120237fca3
0001000f0097427f001c2864
0000000f00999fb50059dbee
0000000f009b2e09009617b3
0000000f009c32db00d1d169
0000000f009cc638010d571f
0000000f009cefff0148c8f0
0000000f009cb1ce01843cd0
0000000f009c092501bfc985
0000000f009aec1f01fb93e3
ffff000f00993d120237fca3
0001000f0097427f001c2864
0000000f00999fb50059dbee
0000000f009b2e09009617b3
0000000f009c32db00d1d169
0000000f009cc638010d571f
0000000f009cefff0148c8f0
0000000f009cb1ce01843cd0
0000000f009c092501bfc985
0000000f009aec1f01fb93e3
ffff000f00993d120237fca3
0001000f0097427f001c2864
0000000f00999fb50059dbee
0000000f009b2e09009617b3
0000000f009c32db00d1d169
0000000f009cc638010d571f
0000000f009cefff0148c8f0
0000000f009cb1ce01843cd0
0000000f009c092501bfc985
0000000f009aec1f01fb93e3
ffff000f00993d120237fca3
0001000f0097427f001c2864
0000000f00999fb50059dbee
0000000f009b2e09009617b3
0000000f009c32db00d1d169
0000000f009cc638010d571f
0000000f009cefff0148c8f0
0000000f009cb1ce01843cd0
0000000f009c092501bfc985
0000000f009aec1f01fb93e3
ffff000f00993d120237fca3
0001000f0097427f001c2864
0000000f00999fb50059dbee
0000000f009b2e09009617b3
0000000f009c32db00d1d169
0000000f009cc638010d571f
0000000f009cefff0148c8f0
0000000f009cb1ce01843cd0
0000000f009c092501bfc985
0000000f009aec1f01fb93e3
ffff000f00993d120237fca3
0001000f00983a43001c1d7e
0000000f009a913f0059d229
0000000f009c1ba200961026
0000000f009d1df000d1cc6a
0000000f009dafe7010d54c0
0000000f009dd9490148c931
0000000f009d9bae01843fb3
0000000f009cf4a001bfcf07
0000000f009bda5c01fb9bea
ffff000f009a2f9b023806bf
0001000f00983a43001c1d7e
0000000f009a913f0059d229
0000000f009c1ba200961026
0000000f009d1df000d1cc6a
0000000f009dafe7010d54c0
0000000f009dd9490148c931
0000000f009d9bae01843fb3
0000000f009cf4a001bfcf07
0000000f009bda5c01fb9bea
ffff000f009a2f9b023806bf
0001000f00983a43001c1d7e
0000000f009a913f0059d229
0000000f009c1ba200961026
0000000f009d1df000d1cc6a
0000000f009dafe7010d54c0
0000000f009dd9490148c931
0000000f009d9bae01843fb3
0000000f009cf4a001bfcf07
0000000f009bda5c01fb9bea
ffff000f009a2f9b023806bf
0001000f00983a43001c1d7e
0000000f009a913f0059d229
0000000f009c1ba200961026
0000000f009d1df000d1cc6a
0000000f009dafe7010d54c0
0000000f009dd9490148c931
0000000f009d9bae01843fb3
0000000f009cf4a001bfcf07
0000000f009bda5c01fb9bea
ffff000f009a2f9b023806bf
0001000f00983a43001c1d7e
0000000f009a913f0059d229
0000000f009c1ba200961026
0000000f009d1df000d1cc6a
0000000f009dafe7010d54c0
0000000f009dd9490148c931
0000000f009d9bae01843fb3
0000000f009cf4a001bfcf07
0000000f009bda5c01fb9bea
ffff000f009a2f9b023806bf
0001000f00983a43001c1d7e
0000000f009a913f0059d229
0000000f009c1ba200961026
0000000f009d1df000d1cc6a
0000000f009dafe7010d54c0
0000000f009dd9490148c931
0000000f009d9bae01843fb3
0000000f009cf4a001bfcf07
0000000f009bda5c01fb9bea
ffff000f009a2f9b023806bf
0001000f00993220001c12ae
0000000f009b82e70059c87a
0000000f009d0959009608aa
0000000f009e092400d1c775
0000000f009e99b4010d5266
0000000f009ec2b10148c973
0000000f009e85ad01844290
0000000f009de03a01bfd47d
0000000f009cc8b801fba3de
ffff000f009b2241023810c6
0001000f00993220001c12ae
0000000f009b82e70059c87a
0000000f009d0959009608aa
0000000f009e092400d1c775
0000000f009e99b4010d5266
0000000f009ec2b10148c973
0000000f009e85ad01844290
0000000f009de03a01bfd47d
0000000f009cc8b801fba3de
ffff000f009b2241023810c6
0001000f00993220001c12ae
0000000f009b82e70059c87a
0000000f009d0959009608aa
0000000f009e092400d1c775
0000000f009e99b4010d5266
0000000f009ec2b10148c973
0000000f009e85ad01844290
0000000f009de03a01bfd47d
0000000f009cc8b801fba3de
ffff000f009b2241023810c6
0001000f00993220001c12ae
0000000f009b82e70059c87a
0000000f009d0959009608aa
0000000f009e092400d1c775
0000000f009e99b4010d5266
0000000f009ec2b10148c973
0000000f009e85ad01844290
0000000f009de03a01bfd47d
0000000f009cc8b801fba3de
ffff000f009b2241023810c6
0001000f00993220001c12ae
0000000f009b82e70059c87a
0000000f009d0959009608aa
0000000f009e092400d1c775
0000000f009e99b4010d5266
0000000f009ec2b10148c973
0000000f009e85ad01844290
0000000f009de03a01bfd47d
0000000f009cc8b801fba3de
ffff000f009b2241023810c6
0001000f00993220001c12ae
0000000f009b82e70059c87a
0000000f009d0959009608aa
0000000f009e092400d1c775
0000000f009e99b4010d5266
0000000f009ec2b10148c973
0000000f009e85ad01844290
0000000f009de03a01bfd47d
0000000f009cc8b801fba3de
ffff000f009b2241023810c6
0001000f009a2a18001c07f5
0000000f009c74ac0059bee0
0000000f009df72f0096013f
0000000f009ef47600d1c28c
0000000f009f83a0010d5011
0000000f009fac380148c9b4
0000000f009f6fca01844566
0000000f009ecbf301bfd9e6
0000000f009db73201fbabc1
ffff000f009c150402381ab7
0001000f009a2a18001c07f5
0000000f009c74ac0059bee0
0000000f009df72f0096013f
0000000f009ef47600d1c28c
0000000f009f83a0010d5011
0000000f009fac380148c9b4
0000000f009f6fca01844566
0000000f009ecbf301bfd9e6
0000000f009db73201fbabc1
ffff000f009c150402381ab7
0001000f009a2a18001c07f5
0000000f009c74ac0059bee0
0000000f009df72f0096013f
0000000f009ef47600d1c28c
0000000f009f83a0010d5011
0000000f009fac380148c9b4
0000000f009f6fca01844566
0000000f009ecbf301bfd9e6
0000000f009db73201fbabc1
ffff000f009c150402381ab7
0001000f009a2a18001c07f5
0000000f009c74ac0059bee0
0000000f009df72f0096013f
0000000f009ef47600d1c28c
0000000f009f83a0010d5011
0000000f009fac380148c9b4
0000000f009f6fca01844566
0000000f009ecbf301bfd9e6
0000000f009db73201fbabc1
ffff000f009c150402381ab7
0001000f009a2a18001c07f5
0000000f009c74ac0059bee0
0000000f009df72f0096013f
0000000f009ef47600d1c28c
0000000f009f83a0010d5011
0000000f009fac380148c9b4
0000000f009f6fca01844566
0000000f009ecbf301bfd9e6
0000000f009db73201fbabc1
ffff000f009c150402381ab7
0001000f009a2a18001c07f5
0000000f009c74ac0059bee0
0000000f009df72f0096013f
0000000f009ef47600d1c28c
0000000f009f83a0010d5011
0000000f009fac380148c9b4
0000000f009f6fca01844566
0000000f009ecbf301bfd9e6
0000000f009db73201fbabc1
ffff000f009c150402381ab7
0001000f009b222a001bfd52
0000000f009d668d0059b55c
0000000f009ee5230095f9e5
0000000f009fdfe600d1bdae
0000000f00a06da9010d4dc2
0000000f00a095dc0148c9f4
0000000f00a05a0501844836
0000000f009fb7c901bfdf43
0000000f009ea5cb01fbb391
ffff000f009d07e302382492
0001000f009b222a001bfd52
0000000f009d668d0059b55c
0000000f009ee5230095f9e5
0000000f009fdfe600d1bdae
0000000f00a06da9010d4dc2
0000000f00a095dc0148c9f4
0000000f00a05a0501844836
0000000f009fb7c901bfdf43
0000000f009ea5cb01fbb391
ffff000f009d07e302382492
0001000f009b222a001bfd52
0000000f009d668d0059b55c
0000000f009ee5230095f9e5
0000000f009fdfe600d1bdae
0000000f00a06da9010d4dc2
0000000f00a095dc0148c9f4
0000000f00a05a0501844836
0000000f009fb7c901bfdf43
0000000f009ea5cb01fbb391
ffff000f009d07e302382492
0001000f009b222a001bfd52
0000000f009d668d0059b55c
0000000f009ee5230095f9e5
0000000f009fdfe600d1bdae
0000000f00a06da9010d4dc2
0000000f00a095dc0148c9f4
0000000f00a05a0501844836
0000000f009fb7c901bfdf43
0000000f009ea5cb01fbb391
ffff000f009d07e302382492
0001000f009b222a001bfd52
0000000f009d668d0059b55c
0000000f009ee5230095f9e5
0000000f009fdfe600d1bdae
0000000f00a06da9010d4dc2
0000000f00a095dc0148c9f4
0000000f00a05a0501844836
0000000f009fb7c901bfdf43
0000000f009ea5cb01fbb391
ffff000f009d07e302382492
0001000f009b222a001bfd52
0000000f009d668d0059b55c
0000000f009ee5230095f9e5
0000000f009fdfe600d1bdae
0000000f00a06da9010d4dc2
0000000f00a095dc0148c9f4
0000000f00a05a0501844836
0000000f009fb7c901bfdf43
0000000f009ea5cb01fbb391
ffff000f009d07e302382492
0001000f009c1a55001bf2c6
0000000f009e588c0059abed
0000000f009fd3340095f29c
0000000f00a0cb7500d1b8dc
0000000f00a157d1010d4b78
0000000f00a17f9f0148ca33
0000000f00a1445e01844aff
0000000f00a0a3be01bfe493
0000000f009f948001fbbb4f
ffff000f009dfadf02382e56
0001000f009c1a55001bf2c6
0000000f009e588c0059abed
0000000f009fd3340095f29c
0000000f00a0cb7500d1b8dc
0000000f00a157d1010d4b78
0000000f00a17f9f0148ca33
0000000f00a1445e01844aff
0000000f00a0a3be01bfe493
0000000f009f948001fbbb4f
ffff000f009dfadf02382e56
0001000f009c1a55001bf2c6
0000000f009e588c0059abed
0000000f009fd3340095f29c
0000000f00a0cb7500d1b8dc
0000000f00a157d1010d4b78
0000000f00a17f9f0148ca33
0000000f00a1445e01844aff
0000000f00a0a3be01bfe493
0000000f009f948001fbbb4f
ffff000f009dfadf02382e56
0001000f009c1a55001bf2c6
0000000f009e588c0059abed
0000000f009fd3340095f29c
0000000f00a0cb7500d1b8dc
0000000f00a157d1010d4b78
0000000f00a17f9f0148ca33
0000000f00a1445e01844aff
0000000f00a0a3be01bfe493
0000000f009f948001fbbb4f
ffff000f009dfadf02382e56
0001000f009c1a55001bf2c6
0000000f009e588c0059abed
0000000f009fd3340095f29c
0000000f00a0cb7500d1b8dc
0000000f00a157d1010d4b78
0000000f00a17f9f0148ca33
0000000f00a1445e01844aff
0000000f00a0a3be01bfe493
0000000f009f948001fbbb4f
ffff000f009dfadf02382e56
0001000f009c1a55001bf2c6
0000000f009e588c0059abed
0000000f009fd3340095f29c
0000000f00a0cb7500d1b8dc
0000000f00a157d1010d4b78
0000000f00a17f9f0148ca33
0000000f00a1445e01844aff
0000000f00a0a3be01bfe493
0000000f009f948001fbbb4f
ffff000f009dfadf02382e56
0001000f009d129a001be852
0000000f009f4aa80059a295
0000000f00a0c1630095eb64
0000000f00a1b72100d1b416
0000000f00a24216010d4934
0000000f00a2697f0148ca72
0000000f00a22ed501844dc1
0000000f00a18fd001bfe9d6
0000000f00a0835401fbc2fb
ffff000f009eedf802383804
0001000f009d129a001be852
0000000f009f4aa80059a295
0000000f00a0c1630095eb64
0000000f00a1b72100d1b416
0000000f00a24216010d4934
0000000f00a2697f0148ca72
0000000f00a22ed501844dc1
0000000f00a18fd001bfe9d6
0000000f00a0835401fbc2fb
ffff000f009eedf802383804
0001000f009d129a001be852
0000000f009f4aa80059a295
0000000f00a0c1630095eb64
0000000f00a1b72100d1b416
0000000f00a24216010d4934
0000000f00a2697f0148ca72
0000000f00a22ed501844dc1
0000000f00a18fd001bfe9d6
0000000f00a0835401fbc2fb
ffff000f009eedf802383804
0001000f009d129a001be852
0000000f009f4aa80059a295
0000000f00a0c1630095eb64
0000000f00a1b72100d1b416
0000000f00a24216010d4934
0000000f00a2697f0148ca72
0000000f00a22ed501844dc1
0000000f00a18fd001bfe9d6
0000000f00a0835401fbc2fb
ffff000f009eedf802383804
0001000f009d129a001be852
0000000f009f4aa80059a295
0000000f00a0c1630095eb64
0000000f00a1b72100d1b416
0000000f00a24216010d4934
0000000f00a2697f0148ca72
0000000f00a22ed501844dc1
0000000f00a18fd001bfe9d6
0000000f00a0835401fbc2fb
ffff000f009eedf802383804
0001000f009d129a001be852
0000000f009f4aa80059a295
0000000f00a0c1630095eb64
0000000f00a1b72100d1b416
0000000f00a24216010d4934
0000000f00a2697f0148ca72
0000000f00a22ed501844dc1
0000000f00a18fd001bfe9d6
0000000f00a0835401fbc2fb
ffff000f009eedf802383804
0001000f009e0af8001bddf4
0000000f00a03cdf00599952
0000000f00a1afb00095e43e
0000000f00a2a2ea00d1af5b
0000000f00a32c79010d46f5
0000000f00a3537c0148cab1
0000000f00a319690184507d
0000000f00a27bff01bfef0d
0000000f00a1724501fbca95
ffff000f009fe12c0238419c
0001000f009e0af8001bddf4
0000000f00a03cdf00599952
0000000f00a1afb00095e43e
0000000f00a2a2ea00d1af5b
0000000f00a32c79010d46f5
0000000f00a3537c0148cab1
0000000f00a319690184507d
0000000f00a27bff01bfef0d
0000000f00a1724501fbca95
ffff000f009fe12c0238419c
0001000f009e0af8001bddf4
0000000f00a03cdf00599952
0000000f00a1afb00095e43e
0000000f00a2a2ea00d1af5b
0000000f00a32c79010d46f5
0000000f00a3537c0148cab1
0000000f00a319690184507d
0000000f00a27bff01bfef0d
0000000f00a1724501fbca95
ffff000f009fe12c0238419c
0001000f009e0af8001bddf4
0000000f00a03cdf00599952
0000000f00a1afb00095e43e
0000000f00a2a2ea00d1af5b
0000000f00a32c79010d46f5
0000000f00a3537c0148cab1
0000000f00a319690184507d
0000000f00a27bff01bfef0d
0000000f00a1724501fbca95
ffff000f009fe12c0238419c
0001000f009e0af8001bddf4
0000000f00a03cdf00599952
0000000f00a1afb00095e43e
0000000f00a2a2ea00d1af5b
0000000f00a32c79010d46f5
0000000f00a3537c0148cab1
0000000f00a319690184507d
0000000f00a27bff01bfef0d
0000000f00a1724501fbca95
ffff000f009fe12c0238419c
0001000f009e0af8001bddf4
0000000f00a03cdf00599952
0000000f00a1afb00095e43e
0000000f00a2a2ea00d1af5b
0000000f00a32c79010d46f5
0000000f00a3537c0148cab1
0000000f00a319690184507d
0000000f00a27bff01bfef0d
0000000f00a1724501fbca95
ffff000f009fe12c0238419c
0001000f009f0370001bd3ae
0000000f00a12f3300599025
0000000f00a29e190095dd28
0000000f00a38ed100d1aaab
0000000f00a416f9010d44bc
0000000f00a43d970148caee
0000000f00a4041b01845332
0000000f00a3684c01bff437
0000000f00a2615201fbd21d
ffff000f00a0d47d02384b1d
0001000f009f0370001bd3ae
0000000f00a12f3300599025
0000000f00a29e190095dd28
0000000f00a38ed100d1aaab
0000000f00a416f9010d44bc
0000000f00a43d970148caee
0000000f00a4041b01845332
0000000f00a3684c01bff437
0000000f00a2615201fbd21d
ffff000f00a0d47d02384b1d
0001000f009f0370001bd3ae
0000000f00a12f3300599025
0000000f00a29e190095dd28
0000000f00a38ed100d1aaab
0000000f00a416f9010d44bc
0000000f00a43d970148caee
0000000f00a4041b01845332
0000000f00a3684c01bff437
0000000f00a2615201fbd21d
ffff000f00a0d47d02384b1d
0001000f009f0370001bd3ae
0000000f00a12f3300599025
0000000f00a29e190095dd28
0000000f00a38ed100d1aaab
0000000f00a416f9010d44bc
0000000f00a43d970148caee
0000000f00a4041b01845332
0000000f00a3684c01bff437
0000000f00a2615201fbd21d
ffff000f00a0d47d02384b1d
0001000f009f0370001bd3ae
0000000f00a12f3300599025
0000000f00a29e190095dd28
0000000f00a38ed100d1aaab
0000000f00a416f9010d44bc
0000000f00a43d970148caee
0000000f00a4041b01845332
0000000f00a3684c01bff437
0000000f00a2615201fbd21d
ffff000f00a0d47d02384b1d
0001000f009f0370001bd3ae
0000000f00a12f3300599025
0000000f00a29e190095dd28
0000000f00a38ed100d1aaab
0000000f00a416f9010d44bc
0000000f00a43d970148caee
0000000f00a4041b01845332
0000000f00a3684c01bff437
0000000f00a2615201fbd21d
ffff000f00a0d47d02384b1d
0001000f009ffc00001bc97f
0000000f00a221a30059870e
0000000f00a38ca00095d624
0000000f00a47ad500d1a607
0000000f00a50195010d4288
0000000f00a527ce0148cb2b
0000000f00a4eee9018455e0
0000000f00a454b601bff954
0000000f00a3507c01fbd992
ffff000f00a1c7e802385487
0001000f009ffc00001bc97f
0000000f00a221a30059870e
0000000f00a38ca00095d624
0000000f00a47ad500d1a607
0000000f00a50195010d4288
0000000f00a527ce0148cb2b
0000000f00a4eee9018455e0
0000000f00a454b601bff954
0000000f00a3507c01fbd992
ffff000f00a1c7e802385487
0001000f009ffc00001bc97f
0000000f00a221a30059870e
0000000f00a38ca00095d624
0000000f00a47ad500d1a607
0000000f00a50195010d4288
0000000f00a527ce0148cb2b
0000000f00a4eee9018455e0
0000000f00a454b601bff954
0000000f00a3507c01fbd992
ffff000f00a1c7e802385487
0001000f009ffc00001bc97f
0000000f00a221a30059870e
0000000f00a38ca00095d624
0000000f00a47ad500d1a607
0000000f00a50195010d4288
0000000f00a527ce0148cb2b
0000000f00a4eee9018455e0
0000000f00a454b601bff954
0000000f00a3507c01fbd992
ffff000f00a1c7e802385487
0001000f009ffc00001bc97f
0000000f00a221a30059870e
0000000f00a38ca00095d624
0000000f00a47ad500d1a607
0000000f00a50195010d4288
0000000f00a527ce0148cb2b
0000000f00a4eee9018455e0
0000000f00a454b601bff954
0000000f00a3507c01fbd992
ffff000f00a1c7e802385487
0001000f009ffc00001bc97f
0000000f00a221a30059870e
0000000f00a38ca00095d624
0000000f00a47ad500d1a607
0000000f00a50195010d4288
0000000f00a527ce0148cb2b
0000000f00a4eee9018455e0
0000000f00a454b601bff954
0000000f00a3507c01fbd992
ffff000f00a1c7e802385487
0001000f00a0f4a9001bbf67
0000000f00a3142f00597e0c
0000000f00a47b430095cf32
0000000f00a566f500d1a16f
0000000f00a5ec4e010d405a
0000000f00a612220148cb68
0000000f00a5d9d301845887
0000000f00a5413c01bffe65
0000000f00a43fc301fbe0f5
ffff000f00a2bb7002385ddb
0001000f00a0f4a9001bbf67
0000000f00a3142f00597e0c
0000000f00a47b430095cf32
0000000f00a566f500d1a16f
0000000f00a5ec4e010d405a
0000000f00a612220148cb68
0000000f00a5d9d301845887
0000000f00a5413c01bffe65
0000000f00a43fc301fbe0f5
ffff000f00a2bb7002385ddb
0001000f00a0f4a9001bbf67
0000000f00a3142f00597e0c
0000000f00a47b430095cf32
0000000f00a566f500d1a16f
0000000f00a5ec4e010d405a
0000000f00a612220148cb68
0000000f00a5d9d301845887
0000000f00a5413c01bffe65
0000000f00a43fc301fbe0f5
ffff000f00a2bb7002385ddb
0001000f00a0f4a9001bbf67
0000000f00a3142f00597e0c
0000000f00a47b430095cf32
0000000f00a566f500d1a16f
0000000f00a5ec4e010d405a
0000000f00a612220148cb68
0000000f00a5d9d301845887
0000000f00a5413c01bffe65
0000000f00a43fc301fbe0f5
ffff000f00a2bb7002385ddb
0001000f00a0f4a9001bbf67
0000000f00a3142f00597e0c
0000000f00a47b430095cf32
0000000f00a566f500d1a16f
0000000f00a5ec4e010d405a
0000000f00a612220148cb68
0000000f00a5d9d301845887
0000000f00a5413c01bffe65
0000000f00a43fc301fbe0f5
ffff000f00a2bb7002385ddb
0001000f00a0f4a9001bbf67
0000000f00a3142f00597e0c
0000000f00a47b430095cf32
0000000f00a566f500d1a16f
0000000f00a5ec4e010d405a
0000000f00a612220148cb68
0000000f00a5d9d301845887
0000000f00a5413c01bffe65
0000000f00a43fc301fbe0f5
ffff000f00a2bb7002385ddb
0001000f00a1ed6a001bb568
0000000f00a406d600597521
0000000f00a56a020095c851
0000000f00a6533100d19ce2
0000000f00a6d724010d3e31
0000000f00a6fc920148cba4
0000000f00a6c4da01845b28
0000000f00a62ddf01c00369
0000000f00a52f2601fbe845
ffff000f00a3af1202386718
0001000f00a1ed6a001bb568
0000000f00a406d600597521
0000000f00a56a020095c851
0000000f00a6533100d19ce2
0000000f00a6d724010d3e31
0000000f00a6fc920148cba4
0000000f00a6c4da01845b28
0000000f00a62ddf01c00369
0000000f00a52f2601fbe845
ffff000f00a3af1202386718
0001000f00a1ed6a001bb568
0000000f00a406d600597521
0000000f00a56a020095c851
0000000f00a6533100d19ce2
0000000f00a6d724010d3e31
0000000f00a6fc920148cba4
0000000f00a6c4da01845b28
0000000f00a62ddf01c00369
0000000f00a52f2601fbe845
ffff000f00a3af1202386718
0001000f00a1ed6a001bb568
0000000f00a406d600597521
0000000f00a56a020095c851
0000000f00a6533100d19ce2
0000000f00a6d724010d3e31
0000000f00a6fc920148cba4
0000000f00a6c4da01845b28
0000000f00a62ddf01c00369
0000000f00a52f2601fbe845
ffff000f00a3af1202386718
0001000f00a1ed6a001bb568
0000000f00a406d600597521
0000000f00a56a020095c851
0000000f00a6533100d19ce2
0000000f00a6d724010d3e31
0000000f00a6fc920148cba4
0000000f00a6c4da01845b28
0000000f00a62ddf01c00369
0000000f00a52f2601fbe845
ffff000f00a3af1202386718
0001000f00a1ed6a001bb568
0000000f00a406d600597521
0000000f00a56a020095c851
0000000f00a6533100d19ce2
0000000f00a6d724010d3e31
0000000f00a6fc920148cba4
0000000f00a6c4da01845b28
0000000f00a62ddf01c00369
0000000f00a52f2601fbe845
ffff000f00a3af1202386718
0001000f00a2e644001bab80
0000000f00a4f99800596c4d
0000000f00a658dd0095c181
0000000f00a73f8a00d19861
0000000f00a7c215010d3c0e
0000000f00a7e71e0148cbdf
0000000f00a7affd01845dc2
0000000f00a71a9e01c0085f
0000000f00a61ea501fbef83
ffff000f00a4a2cf0238703f
0001000f00a2e644001bab80
0000000f00a4f99800596c4d
0000000f00a658dd0095c181
0000000f00a73f8a00d19861
0000000f00a7c215010d3c0e
0000000f00a7e71e0148cbdf
0000000f00a7affd01845dc2
0000000f00a71a9e01c0085f
0000000f00a61ea501fbef83
ffff000f00a4a2cf0238703f
0001000f00a2e644001bab80
0000000f00a4f99800596c4d
0000000f00a658dd0095c181
0000000f00a73f8a00d19861
0000000f00a7c215010d3c0e
0000000f00a7e71e0148cbdf
0000000f00a7affd01845dc2
0000000f00a71a9e01c0085f
0000000f00a61ea501fbef83
ffff000f00a4a2cf0238703f
0001000f00a2e644001bab80
0000000f00a4f99800596c4d
0000000f00a658dd0095c181
0000000f00a73f8a00d19861
0000000f00a7c215010d3c0e
0000000f00a7e71e0148cbdf
0000000f00a7affd01845dc2
0000000f00a71a9e01c0085f
0000000f00a61ea501fbef83
ffff000f00a4a2cf0238703f
0001000f00a2e644001bab80
0000000f00a4f99800596c4d
0000000f00a658dd0095c181
0000000f00a73f8a00d19861
0000000f00a7c215010d3c0e
0000000f00a7e71e0148cbdf
0000000f00a7affd01845dc2
0000000f00a71a9e01c0085f
0000000f00a61ea501fbef83
ffff000f00a4a2cf0238703f
0001000f00a2e644001bab80
0000000f00a4f99800596c4d
0000000f00a658dd0095c181
0000000f00a73f8a00d19861
0000000f00a7c215010d3c0e
0000000f00a7e71e0148cbdf
0000000f00a7affd01845dc2
0000000f00a71a9e01c0085f
0000000f00a61ea501fbef83
ffff000f00a4a2cf0238703f
0001000f00a3df36001ba1b0
0000000f00a5ec750059638e
0000000f00a747d40095bac3
0000000f00a82bff00d193ec
0000000f00a8ad22010d39f1
0000000f00a8d1c50148cc1a
0000000f00a89b3c01846055
0000000f00a8077901c00d49
0000000f00a70e4001fbf6ae
ffff000f00a596a60238794e
0001000f00a3df36001ba1b0
0000000f00a5ec750059638e
0000000f00a747d40095bac3
0000000f00a82bff00d193ec
0000000f00a8ad22010d39f1
0000000f00a8d1c50148cc1a
0000000f00a89b3c01846055
0000000f00a8077901c00d49
0000000f00a70e4001fbf6ae
ffff000f00a596a60238794e
0001000f00a3df36001ba1b0
0000000f00a5ec750059638e
0000000f00a747d40095bac3
0000000f00a82bff00d193ec
0000000f00a8ad22010d39f1
0000000f00a8d1c50148cc1a
0000000f00a89b3c01846055
0000000f00a8077901c00d49
0000000f00a70e4001fbf6ae
ffff000f00a596a60238794e
0001000f00a3df36001ba1b0
0000000f00a5ec750059638e
0000000f00a747d40095bac3
0000000f00a82bff00d193ec
0000000f00a8ad22010d39f1
0000000f00a8d1c50148cc1a
0000000f00a89b3c01846055
0000000f00a8077901c00d49
0000000f00a70e4001fbf6ae
ffff000f00a596a60238794e
0001000f00a3df36001ba1b0
0000000f00a5ec750059638e
0000000f00a747d40095bac3
0000000f00a82bff00d193ec
0000000f00a8ad22010d39f1
0000000f00a8d1c50148cc1a
0000000f00a89b3c01846055
0000000f00a8077901c00d49
0000000f00a70e4001fbf6ae
ffff000f00a596a60238794e
0001000f00a3df36001ba1b0
0000000f00a5ec750059638e
0000000f00a747d40095bac3
0000000f00a82bff00d193ec
0000000f00a8ad22010d39f1
0000000f00a8d1c50148cc1a
0000000f00a89b3c01846055
0000000f00a8077901c00d49
0000000f00a70e4001fbf6ae
ffff000f00a596a60238794e
0001000f00a4d840001b97f8
0000000f00a6df6d00595ae6
0000000f00a836e60095b416
0000000f00a9188f00d18f82
0000000f00a9984b010d37d9
0000000f00a9bc880148cc54
0000000f00a98697018462e1
0000000f00a8f46f01c01226
0000000f00a7fdf601fbfdc7
ffff000f00a68a9902388246
0001000f00a4d840001b97f8
0000000f00a6df6d00595ae6
0000000f00a836e60095b416
0000000f00a9188f00d18f82
0000000f00a9984b010d37d9
0000000f00a9bc880148cc54
0000000f00a98697018462e1
0000000f00a8f46f01c01226
0000000f00a7fdf601fbfdc7
ffff000f00a68a9902388246
0001000f00a4d840001b97f8
0000000f00a6df6d00595ae6
0000000f00a836e60095b416
0000000f00a9188f00d18f82
0000000f00a9984b010d37d9
0000000f00a9bc880148cc54
0000000f00a98697018462e1
0000000f00a8f46f01c01226
0000000f00a7fdf601fbfdc7
ffff000f00a68a9902388246
0001000f00a4d840001b97f8
0000000f00a6df6d00595ae6
0000000f00a836e60095b416
0000000f00a9188f00d18f82
0000000f00a9984b010d37d9
0000000f00a9bc880148cc54
0000000f00a98697018462e1
0000000f00a8f46f01c01226
0000000f00a7fdf601fbfdc7
ffff000f00a68a9902388246
0001000f00a4d840001b97f8
0000000f00a6df6d00595ae6
0000000f00a836e60095b416
0000000f00a9188f00d18f82
0000000f00a9984b010d37d9
0000000f00a9bc880148cc54
0000000f00a98697018462e1
0000000f00a8f46f01c01226
0000000f00a7fdf601fbfdc7
ffff000f00a68a9902388246
0001000f00a4d840001b97f8
0000000f00a6df6d00595ae6
0000000f00a836e60095b416
0000000f00a9188f00d18f82
0000000f00a9984b010d37d9
0000000f00a9bc880148cc54
0000000f00a98697018462e1
0000000f00a8f46f01c01226
0000000f00a7fdf601fbfdc7
ffff000f00a68a9902388246
0001000f00a5d162001b8e58
0000000f00a7d27f00595254
0000000f00a926140095ad7b
0000000f00aa053a00d18b24
0000000f00aa838f010d35c7
0000000f00aaa7670148cc8e
0000000f00aa720c01846566
0000000f00a9e18101c016f7
0000000f00a8edc701fc04cd
ffff000f00a77ea502388b27
0001000f00a5d162001b8e58
0000000f00a7d27f00595254
0000000f00a926140095ad7b
0000000f00aa053a00d18b24
0000000f00aa838f010d35c7
0000000f00aaa7670148cc8e
0000000f00aa720c01846566
0000000f00a9e18101c016f7
0000000f00a8edc701fc04cd
ffff000f00a77ea502388b27
0001000f00a5d162001b8e58
0000000f00a7d27f00595254
0000000f00a926140095ad7b
0000000f00aa053a00d18b24
0000000f00aa838f010d35c7
0000000f00aaa7670148cc8e
0000000f00aa720c01846566
0000000f00a9e18101c016f7
0000000f00a8edc701fc04cd
ffff000f00a77ea502388b27
0001000f00a5d162001b8e58
0000000f00a7d27f00595254
0000000f00a926140095ad7b
0000000f00aa053a00d18b24
0000000f00aa838f010d35c7
0000000f00aaa7670148cc8e
0000000f00aa720c01846566
0000000f00a9e18101c016f7
0000000f00a8edc701fc04cd
ffff000f00a77ea502388b27
0001000f00a5d162001b8e58
0000000f00a7d27f00595254
0000000f00a926140095ad7b
0000000f00aa053a00d18b24
0000000f00aa838f010d35c7
0000000f00aaa7670148cc8e
0000000f00aa720c01846566
0000000f00a9e18101c016f7
0000000f00a8edc701fc04cd
ffff000f00a77ea502388b27
0001000f00a5d162001b8e58
0000000f00a7d27f00595254
0000000f00a926140095ad7b
0000000f00aa053a00d18b24
0000000f00aa838f010d35c7
0000000f00aaa7670148cc8e
0000000f00aa720c01846566
0000000f00a9e18101c016f7
0000000f00a8edc701fc04cd
ffff000f00a77ea502388b27
0000000f00a6ca9b001b84d0
0000000f00a8c5ac005949d9
0000000f00aa155c0095a6f2
0000000f00aaf20100d186d2
0000000f00ab6eed010d33ba
0000000f00ab92600148ccc7
0000000f00ab5d9c018467e5
0000000f00aacead01c01bba
0000000f00a9ddb301fc0bc0
ffff000f00a872cb023893f1
0000000f00a6ca9b001b84d0
0000000f00a8c5ac005949d9
0000000f00aa155c0095a6f2
0000000f00aaf20100d186d2
0000000f00ab6eed010d33ba
0000000f00ab92600148ccc7
0000000f00ab5d9c018467e5
0000000f00aacead01c01bba
0000000f00a9ddb301fc0bc0
ffff000f00a872cb023893f1
0000000f00a6ca9b001b84d0
0000000f00a8c5ac005949d9
0000000f00aa155c0095a6f2
0000000f00aaf20100d186d2
0000000f00ab6eed010d33ba
0000000f00ab92600148ccc7
0000000f00ab5d9c018467e5
0000000f00aacead01c01bba
0000000f00a9ddb301fc0bc0
ffff000f00a872cb023893f1
0000000f00a6ca9b001b84d0
0000000f00a8c5ac005949d9
0000000f00aa155c0095a6f2
0000000f00aaf20100d186d2
0000000f00ab6eed010d33ba
0000000f00ab92600148ccc7
0000000f00ab5d9c018467e5
0000000f00aacead01c01bba
0000000f00a9ddb301fc0bc0
ffff000f00a872cb023893f1
0000000f00a6ca9b001b84d0
0000000f00a8c5ac005949d9
0000000f00aa155c0095a6f2
0000000f00aaf20100d186d2
0000000f00ab6eed010d33ba
0000000f00ab92600148ccc7
0000000f00ab5d9c018467e5
0000000f00aacead01c01bba
0000000f00a9ddb301fc0bc0
ffff000f00a872cb023893f1
0000000f00a6ca9b001b84d0
0000000f00a8c5ac005949d9
0000000f00aa155c0095a6f2
0000000f00aaf20100d186d2
0000000f00ab6eed010d33ba
0000000f00ab92600148ccc7
0000000f00ab5d9c018467e5
0000000f00aacead01c01bba
0000000f00a9ddb301fc0bc0
ffff000f00a872cb023893f1
0000000f00a7c3eb001b7b60
0000000f00a9b8f200594174
0000000f00ab04c00095a07a
0000000f00abdee200d1828c
0000000f00ac5a67010d31b3
0000000f00ac7d730148ccff
0000000f00ac494801846a5d
0000000f00abbbf501c02070
0000000f00aacdba01fc12a0
0000000f00a9670a02389ca4
0000000f00a7c3eb001b7b60
0000000f00a9b8f200594174
0000000f00ab04c00095a07a
0000000f00abdee200d1828c
0000000f00ac5a67010d31b3
0000000f00ac7d730148ccff
0000000f00ac494801846a5d
0000000f00abbbf501c02070
0000000f00aacdba01fc12a0
0000000f00a9670a02389ca4
0000000f00a7c3eb001b7b60
0000000f00a9b8f200594174
0000000f00ab04c00095a07a
0000000f00abdee200d1828c
0000000f00ac5a67010d31b3
0000000f00ac7d730148ccff
0000000f00ac494801846a5d
0000000f00abbbf501c02070
0000000f00aacdba01fc12a0
0000000f00a9670a02389ca4
0000000f00a7c3eb001b7b60
0000000f00a9b8f200594174
0000000f00ab04c00095a07a
0000000f00abdee200d1828c
0000000f00ac5a67010d31b3
0000000f00ac7d730148ccff
0000000f00ac494801846a5d
0000000f00abbbf501c02070
0000000f00aacdba01fc12a0
0000000f00a9670a02389ca4
0000000f00a7c3eb001b7b60
0000000f00a9b8f200594174
0000000f00ab04c00095a07a
0000000f00abdee200d1828c
0000000f00ac5a67010d31b3
0000000f00ac7d730148ccff
0000000f00ac494801846a5d
0000000f00abbbf501c02070
0000000f00aacdba01fc12a0
0000000f00a9670a02389ca4
0000000f00a7c3eb001b7b60
0000000f00a9b8f200594174
0000000f00ab04c00095a07a
0000000f00abdee200d1828c
0000000f00ac5a67010d31b3
0000000f00ac7d730148ccff
0000000f00ac494801846a5d
0000000f00abbbf501c02070
0000000f00aacdba01fc12a0
0000000f00a9670a02389ca4
0000000f00a8bd53001b7209
0000000f00aaac5200593926
0000000f00abf43d00959a14
0000000f00accbdd00d17e51
0000000f00ad45fa010d2fb2
0000000f00ad68a10148cd37
0000000f00ad350d01846cce
0000000f00aca95601c02519
0000000f00abbddb01fc196e
0000000f00aa5b640238a540
0000000f00a8bd53001b7209
0000000f00aaac5200593926
0000000f00abf43d00959a14
0000000f00accbdd00d17e51
0000000f00ad45fa010d2fb2
0000000f00ad68a10148cd37
0000000f00ad350d01846cce
0000000f00aca95601c02519
0000000f00abbddb01fc196e
0000000f00aa5b640238a540
0000000f00a8bd53001b7209
0000000f00aaac5200593926
0000000f00abf43d00959a14
0000000f00accbdd00d17e51
0000000f00ad45fa010d2fb2
0000000f00ad68a10148cd37
0000000f00ad350d01846cce
0000000f00aca95601c02519
0000000f00abbddb01fc196e
0000000f00aa5b640238a540
0000000f00a8bd53001b7209
0000000f00aaac5200593926
0000000f00abf43d00959a14
0000000f00accbdd00d17e51
0000000f00ad45fa010d2fb2
0000000f00ad68a10148cd37
0000000f00ad350d01846cce
0000000f00aca95601c02519
0000000f00abbddb01fc196e
0000000f00aa5b640238a540
0000000f00a8bd53001b7209
0000000f00aaac5200593926
0000000f00abf43d00959a14
0000000f00accbdd00d17e51
0000000f00ad45fa010d2fb2
0000000f00ad68a10148cd37
0000000f00ad350d01846cce
0000000f00aca95601c02519
0000000f00abbddb01fc196e
0000000f00aa5b640238a540
0000000f00a8bd53001b7209
0000000f00aaac5200593926
0000000f00abf43d00959a14
0000000f00accbdd00d17e51
0000000f00ad45fa010d2fb2
0000000f00ad68a10148cd37
0000000f00ad350d01846cce
0000000f00aca95601c02519
0000000f00abbddb01fc196e
0000000f00aa5b640238a540
0000000f00a9b6d1001b68cb
0000000f00ab9fcc005930ee
0000000f00ace3d5009593c0
0000000f00adb8f300d17a23
0000000f00ae31a8010d2db6
0000000f00ae53ea0148cd6e
0000000f00ae20ed01846f38
0000000f00ad96d301c029b5
0000000f00acae1601fc2029
0000000f00ab4fd60238adc4
0000000f00a9b6d1001b68cb
0000000f00ab9fcc005930ee
0000000f00ace3d5009593c0
0000000f00adb8f300d17a23
0000000f00ae31a8010d2db6
0000000f00ae53ea0148cd6e
0000000f00ae20ed01846f38
0000000f00ad96d301c029b5
0000000f00acae1601fc2029
0000000f00ab4fd60238adc4
0000000f00a9b6d1001b68cb
0000000f00ab9fcc005930ee
0000000f00ace3d5009593c0
0000000f00adb8f300d17a23
0000000f00ae31a8010d2db6
0000000f00ae53ea0148cd6e
0000000f00ae20ed01846f38
0000000f00ad96d301c029b5
0000000f00acae1601fc2029
0000000f00ab4fd60238adc4
0000000f00a9b6d1001b68cb
0000000f00ab9fcc005930ee
0000000f00ace3d5009593c0
0000000f00adb8f300d17a23
0000000f00ae31a8010d2db6
0000000f00ae53ea0148cd6e
0000000f00ae20ed01846f38
0000000f00ad96d301c029b5
0000000f00acae1601fc2029
0000000f00ab4fd60238adc4
0000000f00a9b6d1001b68cb
0000000f00ab9fcc005930ee
0000000f00ace3d5009593c0
0000000f00adb8f300d17a23
0000000f00ae31a8010d2db6
0000000f00ae53ea0148cd6e
0000000f00ae20ed01846f38
0000000f00ad96d301c029b5
0000000f00acae1601fc2029
0000000f00ab4fd60238adc4
0000000f00a9b6d1001b68cb
0000000f00ab9fcc005930ee
0000000f00ace3d5009593c0
0000000f00adb8f300d17a23
0000000f00ae31a8010d2db6
0000000f00ae53ea0148cd6e
0000000f00ae20ed01846f38
0000000f00ad96d301c029b5
0000000f00acae1601fc2029
0000000f00ab4fd60238adc4
0000000f00aab067001b5fa5
0000000f00ac935f005928ce
0000000f00add38700958d7e
0000000f00aea62300d17600
0000000f00af1d70010d2bc0
0000000f00af3f4b0148cda4
0000000f00af0ce60184719b
0000000f00ae846901c02e44
0000000f00ad9e6b01fc26d1
0000000f00ac44610238b631
0000000f00aab067001b5fa5
0000000f00ac935f005928ce
0000000f00add38700958d7e
0000000f00aea62300d17600
0000000f00af1d70010d2bc0
0000000f00af3f4b0148cda4
0000000f00af0ce60184719b
0000000f00ae846901c02e44
0000000f00ad9e6b01fc26d1
0000000f00ac44610238b631
0000000f00aab067001b5fa5
0000000f00ac935f005928ce
0000000f00add38700958d7e
0000000f00aea62300d17600
0000000f00af1d70010d2bc0
0000000f00af3f4b0148cda4
0000000f00af0ce60184719b
0000000f00ae846901c02e44
0000000f00ad9e6b01fc26d1
0000000f00ac44610238b631
0000000f00aab067001b5fa5
0000000f00ac935f005928ce
0000000f00add38700958d7e
0000000f00aea62300d17600
0000000f00af1d70010d2bc0
0000000f00af3f4b0148cda4
0000000f00af0ce60184719b
0000000f00ae846901c02e44
0000000f00ad9e6b01fc26d1
0000000f00ac44610238b631
0000000f00aab067001b5fa5
0000000f00ac935f005928ce
0000000f00add38700958d7e
0000000f00aea62300d17600
0000000f00af1d70010d2bc0
0000000f00af3f4b0148cda4
0000000f00af0ce60184719b
0000000f00ae846901c02e44
0000000f00ad9e6b01fc26d1
0000000f00ac44610238b631
0000000f00aab067001b5fa5
0000000f00ac935f005928ce
0000000f00add38700958d7e
0000000f00aea62300d17600
0000000f00af1d70010d2bc0
0000000f00af3f4b0148cda4
0000000f00af0ce60184719b
0000000f00ae846901c02e44
0000000f00ad9e6b01fc26d1
0000000f00ac44610238b631
0000000f00abaa12001b5698
0000000f00ad870a005920c4
0000000f00aec3520095874d
0000000f00af936c00d171e9
0000000f00b00951010d29cf
0000000f00b02ac70148cdda
0000000f00aff8f9018473f8
0000000f00af721801c032c6
0000000f00ae8ed901fc2d66
0000000f00ad39050238be86
0000000f00abaa12001b5698
0000000f00ad870a005920c4
0000000f00aec3520095874d
0000000f00af936c00d171e9
0000000f00b00951010d29cf
0000000f00b02ac70148cdda
0000000f00aff8f9018473f8
0000000f00af721801c032c6
0000000f00ae8ed901fc2d66
0000000f00ad39050238be86
0000000f00abaa12001b5698
0000000f00ad870a005920c4
0000000f00aec3520095874d
0000000f00af936c00d171e9
0000000f00b00951010d29cf
0000000f00b02ac70148cdda
0000000f00aff8f9018473f8
0000000f00af721801c032c6
0000000f00ae8ed901fc2d66
0000000f00ad39050238be86
0000000f00abaa12001b5698
0000000f00ad870a005920c4
0000000f00aec3520095874d
0000000f00af936c00d171e9
0000000f00b00951010d29cf
0000000f00b02ac70148cdda
0000000f00aff8f9018473f8
0000000f00af721801c032c6
0000000f00ae8ed901fc2d66
0000000f00ad39050238be86
0000000f00abaa12001b5698
0000000f00ad870a005920c4
0000000f00aec3520095874d
0000000f00af936c00d171e9
0000000f00b00951010d29cf
0000000f00b02ac70148cdda
0000000f00aff8f9018473f8
0000000f00af721801c032c6
0000000f00ae8ed901fc2d66
0000000f00ad39050238be86
0000000f00abaa12001b5698
0000000f00ad870a005920c4
0000000f00aec3520095874d
0000000f00af936c00d171e9
0000000f00b00951010d29cf
0000000f00b02ac70148cdda
0000000f00aff8f9018473f8
0000000f00af721801c032c6
0000000f00ae8ed901fc2d66
0000000f00ad39050238be86
0000000f00aca3d4001b4da4
0000000f00ae7acf005918d0
0000000f00afb3370095812f
0000000f00b080cf00d16dde
0000000f00b0f54b010d27e4
0000000f00b1165b0148ce0f
0000000f00b0e5250184764d
0000000f00b05fe101c0373b
0000000f00af7f6101fc33e8
0000000f00ae2dc10238c6c3
0000000f00aca3d4001b4da4
0000000f00ae7acf005918d0
0000000f00afb3370095812f
0000000f00b080cf00d16dde
0000000f00b0f54b010d27e4
0000000f00b1165b0148ce0f
0000000f00b0e5250184764d
0000000f00b05fe101c0373b
0000000f00af7f6101fc33e8
0000000f00ae2dc10238c6c3
0000000f00aca3d4001b4da4
0000000f00ae7acf005918d0
0000000f00afb3370095812f
0000000f00b080cf00d16dde
0000000f00b0f54b010d27e4
0000000f00b1165b0148ce0f
0000000f00b0e5250184764d
0000000f00b05fe101c0373b
0000000f00af7f6101fc33e8
0000000f00ae2dc10238c6c3
0000000f00aca3d4001b4da4
0000000f00ae7acf005918d0
0000000f00afb3370095812f
0000000f00b080cf00d16dde
0000000f00b0f54b010d27e4
0000000f00b1165b0148ce0f
0000000f00b0e5250184764d
0000000f00b05fe101c0373b
0000000f00af7f6101fc33e8
0000000f00ae2dc10238c6c3
0000000f00aca3d4001b4da4
0000000f00ae7acf005918d0
0000000f00afb3370095812f
0000000f00b080cf00d16dde
0000000f00b0f54b010d27e4
0000000f00b1165b0148ce0f
0000000f00b0e5250184764d
0000000f00b05fe101c0373b
0000000f00af7f6101fc33e8
0000000f00ae2dc10238c6c3
0000000f00aca3d4001b4da4
0000000f00ae7acf005918d0
0000000f00afb3370095812f
0000000f00b080cf00d16dde
0000000f00b0f54b010d27e4
0000000f00b1165b0148ce0f
0000000f00b0e5250184764d
0000000f00b05fe101c0373b
0000000f00af7f6101fc33e8
0000000f00ae2dc10238c6c3
0000000f00ad9dac001b44c9
0000000f00af6eab005910f4
0000000f00b0a33400957b22
0000000f00b16e4b00d169df
0000000f00b1e15f010d25ff
0000000f00b202090148ce44
0000000f00b1d16b0184789c
0000000f00b14dc301c03ba3
0000000f00b0700201fc3a57
0000000f00af22950238cee9
0000000f00ad9dac001b44c9
0000000f00af6eab005910f4
0000000f00b0a33400957b22
0000000f00b16e4b00d169df
0000000f00b1e15f010d25ff
0000000f00b202090148ce44
0000000f00b1d16b0184789c
0000000f00b14dc301c03ba3
0000000f00b0700201fc3a57
0000000f00af22950238cee9
0000000f00ad9dac001b44c9
0000000f00af6eab005910f4
0000000f00b0a33400957b22
0000000f00b16e4b00d169df
0000000f00b1e15f010d25ff
0000000f00b202090148ce44
0000000f00b1d16b0184789c
0000000f00b14dc301c03ba3
0000000f00b0700201fc3a57
0000000f00af22950238cee9
0000000f00ad9dac001b44c9
0000000f00af6eab005910f4
0000000f00b0a33400957b22
0000000f00b16e4b00d169df
0000000f00b1e15f010d25ff
0000000f00b202090148ce44
0000000f00b1d16b0184789c
0000000f00b14dc301c03ba3
0000000f00b0700201fc3a57
0000000f00af22950238cee9
0000000f00ad9dac001b44c9
0000000f00af6eab005910f4
0000000f00b0a33400957b22
0000000f00b16e4b00d169df
0000000f00b1e15f010d25ff
0000000f00b202090148ce44
0000000f00b1d16b0184789c
0000000f00b14dc301c03ba3
0000000f00b0700201fc3a57
0000000f00af22950238cee9
0000000f00ad9dac001b44c9
0000000f00af6eab005910f4
0000000f00b0a33400957b22
0000000f00b16e4b00d169df
0000000f00b1e15f010d25ff
0000000f00b202090148ce44
0000000f00b1d16b0184789c
0000000f00b14dc301c03ba3
0000000f00b0700201fc3a57
0000000f00af22950238cee9
0000000f00ae9799001b3c07
0000000f00b062a00059092f
0000000f00b1934b00957527
0000000f00b25be000d165ec
0000000f00b2cd8b010d2420
0000000f00b2edcf0148ce78
0000000f00b2bdc901847ae3
0000000f00b23bbe01c03ffe
0000000f00b160bb01fc40b3
0000000f00b017810238d6f7
0000000f00ae9799001b3c07
0000000f00b062a00059092f
0000000f00b1934b00957527
0000000f00b25be000d165ec
0000000f00b2cd8b010d2420
0000000f00b2edcf0148ce78
0000000f00b2bdc901847ae3
0000000f00b23bbe01c03ffe
0000000f00b160bb01fc40b3
0000000f00b017810238d6f7
0000000f00ae9799001b3c07
0000000f00b062a00059092f
0000000f00b1934b00957527
0000000f00b25be000d165ec
0000000f00b2cd8b010d2420
0000000f00b2edcf0148ce78
0000000f00b2bdc901847ae3
0000000f00b23bbe01c03ffe
0000000f00b160bb01fc40b3
0000000f00b017810238d6f7
0000000f00ae9799001b3c07
0000000f00b062a00059092f
0000000f00b1934b00957527
0000000f00b25be000d165ec
0000000f00b2cd8b010d2420
0000000f00b2edcf0148ce78
0000000f00b2bdc901847ae3
0000000f00b23bbe01c03ffe
0000000f00b160bb01fc40b3
0000000f00b017810238d6f7
0000000f00ae9799001b3c07
0000000f00b062a00059092f
0000000f00b1934b00957527
0000000f00b25be000d165ec
0000000f00b2cd8b010d2420
0000000f00b2edcf0148ce78
0000000f00b2bdc901847ae3
0000000f00b23bbe01c03ffe
0000000f00b160bb01fc40b3
0000000f00b017810238d6f7
0000000f00ae9799001b3c07
0000000f00b062a00059092f
0000000f00b1934b00957527
0000000f00b25be000d165ec
0000000f00b2cd8b010d2420
0000000f00b2edcf0148ce78
0000000f00b2bdc901847ae3
0000000f00b23bbe01c03ffe
0000000f00b160bb01fc40b3
0000000f00b017810238d6f7
0000000f00af919d001b335e
0000000f00b156ad00590181
0000000f00b2837a00956f3e
0000000f00b3498d00d16205
0000000f00b3b9d0010d2246
0000000f00b3d9ad0148ceab
0000000f00b3aa3f01847d24
0000000f00b329d201c0444b
0000000f00b2518d01fc46fc
0000000f00b10c850238deee
0000000f00af919d001b335e
0000000f00b156ad00590181
0000000f00b2837a00956f3e
0000000f00b3498d00d16205
0000000f00b3b9d0010d2246
0000000f00b3d9ad0148ceab
0000000f00b3aa3f01847d24
0000000f00b329d201c0444b
0000000f00b2518d01fc46fc
0000000f00b10c850238deee
0000000f00af919d001b335e
0000000f00b156ad00590181
0000000f00b2837a00956f3e
0000000f00b3498d00d16205
0000000f00b3b9d0010d2246
0000000f00b3d9ad0148ceab
0000000f00b3aa3f01847d24
0000000f00b329d201c0444b
0000000f00b2518d01fc46fc
0000000f00b10c850238deee
0000000f00af919d001b335e
0000000f00b156ad00590181
0000000f00b2837a00956f3e
0000000f00b3498d00d16205
0000000f00b3b9d0010d2246
0000000f00b3d9ad0148ceab
0000000f00b3aa3f01847d24
0000000f00b329d201c0444b
0000000f00b2518d01fc46fc
0000000f00b10c850238deee
0000000f00af919d001b335e
0000000f00b156ad00590181
0000000f00b2837a00956f3e
0000000f00b3498d00d16205
0000000f00b3b9d0010d2246
0000000f00b3d9ad0148ceab
0000000f00b3aa3f01847d24
0000000f00b329d201c0444b
0000000f00b2518d01fc46fc
0000000f00b10c850238deee
0000000f00af919d001b335e
0000000f00b156ad00590181
0000000f00b2837a00956f3e
0000000f00b3498d00d16205
0000000f00b3b9d0010d2246
0000000f00b3d9ad0148ceab
0000000f00b3aa3f01847d24
0000000f00b329d201c0444b
0000000f00b2518d01fc46fc
0000000f00b10c850238deee
0000000f00b08bb5001b2ace
0000000f00b24ad10058f9ea
0000000f00b373c100956968
0000000f00b4375200d15e2a
0000000f00b4a62c010d2072
0000000f00b4c5a40148cede
0000000f00b496ce01847f5e
0000000f00b417fd01c0488b
0000000f00b3427701fc4d32
0000000f00b201a00238e6cc
0000000f00b08bb5001b2ace
0000000f00b24ad10058f9ea
0000000f00b373c100956968
0000000f00b4375200d15e2a
0000000f00b4a62c010d2072
0000000f00b4c5a40148cede
0000000f00b496ce01847f5e
0000000f00b417fd01c0488b
0000000f00b3427701fc4d32
0000000f00b201a00238e6cc
0000000f00b08bb5001b2ace
0000000f00b24ad10058f9ea
0000000f00b373c100956968
0000000f00b4375200d15e2a
0000000f00b4a62c010d2072
0000000f00b4c5a40148cede
0000000f00b496ce01847f5e
0000000f00b417fd01c0488b
0000000f00b3427701fc4d32
0000000f00b201a00238e6cc
0000000f00b08bb5001b2ace
0000000f00b24ad10058f9ea
0000000f00b373c100956968
0000000f00b4375200d15e2a
0000000f00b4a62c010d2072
0000000f00b4c5a40148cede
0000000f00b496ce01847f5e
0000000f00b417fd01c0488b
0000000f00b3427701fc4d32
0000000f00b201a00238e6cc
0000000f00b08bb5001b2ace
0000000f00b24ad10058f9ea
0000000f00b373c100956968
0000000f00b4375200d15e2a
0000000f00b4a62c010d2072
0000000f00b4c5a40148cede
0000000f00b496ce01847f5e
0000000f00b417fd01c0488b
0000000f00b3427701fc4d32
0000000f00b201a00238e6cc
0000000f00b08bb5001b2ace
0000000f00b24ad10058f9ea
0000000f00b373c100956968
0000000f00b4375200d15e2a
0000000f00b4a62c010d2072
0000000f00b4c5a40148cede
0000000f00b496ce01847f5e
0000000f00b417fd01c0488b
0000000f00b3427701fc4d32
0000000f00b201a00238e6cc
0000000f00b185e3001b2258
0000000f00b33f0d0058f26a
0000000f00b46420009563a3
0000000f00b5253000d15a5b
0000000f00b592a1010d1ea4
0000000f00b5b1b30148cf10
0000000f00b5837401848190
0000000f00b5064101c04cbe
0000000f00b4337901fc5354
0000000f00b2f6d20238ee93
0000000f00b185e3001b2258
0000000f00b33f0d0058f26a
0000000f00b46420009563a3
0000000f00b5253000d15a5b
0000000f00b592a1010d1ea4
0000000f00b5b1b30148cf10
0000000f00b5837401848190
0000000f00b5064101c04cbe
0000000f00b4337901fc5354
0000000f00b2f6d20238ee93
0000000f00b185e3001b2258
0000000f00b33f0d0058f26a
0000000f00b46420009563a3
0000000f00b5253000d15a5b
0000000f00b592a1010d1ea4
0000000f00b5b1b30148cf10
0000000f00b5837401848190
0000000f00b5064101c04cbe
0000000f00b4337901fc5354
0000000f00b2f6d20238ee93
0000000f00b185e3001b2258
0000000f00b33f0d0058f26a
0000000f00b46420009563a3
0000000f00b5253000d15a5b
0000000f00b592a1010d1ea4
0000000f00b5b1b30148cf10
0000000f00b5837401848190
0000000f00b5064101c04cbe
0000000f00b4337901fc5354
0000000f00b2f6d20238ee93
0000000f00b185e3001b2258
0000000f00b33f0d0058f26a
0000000f00b46420009563a3
0000000f00b5253000d15a5b
0000000f00b592a1010d1ea4
0000000f00b5b1b30148cf10
0000000f00b5837401848190
0000000f00b5064101c04cbe
0000000f00b4337901fc5354
0000000f00b2f6d20238ee93
0000000f00b185e3001b2258
0000000f00b33f0d0058f26a
0000000f00b46420009563a3
0000000f00b5253000d15a5b
0000000f00b592a1010d1ea4
0000000f00b5b1b30148cf10
0000000f00b5837401848190
0000000f00b5064101c04cbe
0000000f00b4337901fc5354
0000000f00b2f6d20238ee93
0000000f00b28025001b19fb
0000000f00b4335f0058eb02
0000000f00b5549700955df1
0000000f00b6132500d15698
0000000f00b67f2d010d1cdb
0000000f00b69dd80148cf42
0000000f00b67032018483bc
0000000f00b5f49d01c050e4
0000000f00b5249301fc5963
0000000f00b3ec1b0238f641
0000000f00b28025001b19fb
0000000f00b4335f0058eb02
0000000f00b5549700955df1
0000000f00b6132500d15698
0000000f00b67f2d010d1cdb
0000000f00b69dd80148cf42
0000000f00b67032018483bc
0000000f00b5f49d01c050e4
0000000f00b5249301fc5963
0000000f00b3ec1b0238f641
0000000f00b28025001b19fb
0000000f00b4335f0058eb02
0000000f00b5549700955df1
0000000f00b6132500d15698
0000000f00b67f2d010d1cdb
0000000f00b69dd80148cf42
0000000f00b67032018483bc
0000000f00b5f49d01c050e4
0000000f00b5249301fc5963
0000000f00b3ec1b0238f641
0000000f00b28025001b19fb
0000000f00b4335f0058eb02
0000000f00b5549700955df1
0000000f00b6132500d15698
0000000f00b67f2d010d1cdb
0000000f00b69dd80148cf42
0000000f00b67032018483bc
0000000f00b5f49d01c050e4
0000000f00b5249301fc5963
0000000f00b3ec1b0238f641
0000000f00b28025001b19fb
0000000f00b4335f0058eb02
0000000f00b5549700955df1
0000000f00b6132500d15698
0000000f00b67f2d010d1cdb
0000000f00b69dd80148cf42
0000000f00b67032018483bc
0000000f00b5f49d01c050e4
0000000f00b5249301fc5963
0000000f00b3ec1b0238f641
0000000f00b28025001b19fb
0000000f00b4335f0058eb02
0000000f00b5549700955df1
0000000f00b6132500d15698
0000000f00b67f2d010d1cdb
0000000f00b69dd80148cf42
0000000f00b67032018483bc
0000000f00b5f49d01c050e4
0000000f00b5249301fc5963
0000000f00b3ec1b0238f641
0000000f00b37a7c001b11b8
0000000f00b527c90058e3b1
0000000f00b6452500955850
0000000f00b7013100d152e1
0000000f00b76bd0010d1b18
0000000f00b78a160148cf72
0000000f00b75d07018485e1
0000000f00b6e30f01c054fc
0000000f00b615c301fc5f5f
0000000f00b4e17a0238fdd8
0000000f00b37a7c001b11b8
0000000f00b527c90058e3b1
0000000f00b6452500955850
0000000f00b7013100d152e1
0000000f00b76bd0010d1b18
0000000f00b78a160148cf72
0000000f00b75d07018485e1
0000000f00b6e30f01c054fc
0000000f00b615c301fc5f5f
0000000f00b4e17a0238fdd8
0000000f00b37a7c001b11b8
0000000f00b527c90058e3b1
0000000f00b6452500955850
0000000f00b7013100d152e1
0000000f00b76bd0010d1b18
0000000f00b78a160148cf72
0000000f00b75d07018485e1
0000000f00b6e30f01c054fc
0000000f00b615c301fc5f5f
0000000f00b4e17a0238fdd8
0000000f00b37a7c001b11b8
0000000f00b527c90058e3b1
0000000f00b6452500955850
0000000f00b7013100d152e1
0000000f00b76bd0010d1b18
0000000f00b78a160148cf72
0000000f00b75d07018485e1
0000000f00b6e30f01c054fc
0000000f00b615c301fc5f5f
0000000f00b4e17a0238fdd8
0000000f00b37a7c001b11b8
0000000f00b527c90058e3b1
0000000f00b6452500955850
0000000f00b7013100d152e1
0000000f00b76bd0010d1b18
0000000f00b78a160148cf72
0000000f00b75d07018485e1
0000000f00b6e30f01c054fc
0000000f00b615c301fc5f5f
0000000f00b4e17a0238fdd8
0000000f00b37a7c001b11b8
0000000f00b527c90058e3b1
0000000f00b6452500955850
0000000f00b7013100d152e1
0000000f00b76bd0010d1b18
0000000f00b78a160148cf72
0000000f00b75d07018485e1
0000000f00b6e30f01c054fc
0000000f00b615c301fc5f5f
0000000f00b4e17a0238fdd8
0000000f00b474e8001b098e
0000000f00b61c490058dc77
0000000f00b735ca009552c2
0000000f00b7ef5500d14f36
0000000f00b8588a010d195b
0000000f00b8766a0148cfa3
0000000f00b849f4018487ff
0000000f00b7d19901c05907
0000000f00b7070b01fc6548
0000000f00b5d6f002390556
0000000f00b474e8001b098e
0000000f00b61c490058dc77
0000000f00b735ca009552c2
0000000f00b7ef5500d14f36
0000000f00b8588a010d195b
0000000f00b8766a0148cfa3
0000000f00b849f4018487ff
0000000f00b7d19901c05907
0000000f00b7070b01fc6548
0000000f00b5d6f002390556
0000000f00b474e8001b098e
0000000f00b61c490058dc77
0000000f00b735ca009552c2
0000000f00b7ef5500d14f36
0000000f00b8588a010d195b
0000000f00b8766a0148cfa3
0000000f00b849f4018487ff
0000000f00b7d19901c05907
0000000f00b7070b01fc6548
0000000f00b5d6f002390556
0000000f00b474e8001b098e
0000000f00b61c490058dc77
0000000f00b735ca009552c2
0000000f00b7ef5500d14f36
0000000f00b8588a010d195b
0000000f00b8766a0148cfa3
0000000f00b849f4018487ff
0000000f00b7d19901c05907
0000000f00b7070b01fc6548
0000000f00b5d6f002390556
0000000f00b474e8001b098e
0000000f00b61c490058dc77
0000000f00b735ca009552c2
0000000f00b7ef5500d14f36
0000000f00b8588a010d195b
0000000f00b8766a0148cfa3
0000000f00b849f4018487ff
0000000f00b7d19901c05907
0000000f00b7070b01fc6548
0000000f00b5d6f002390556
0000000f00b474e8001b098e
0000000f00b61c490058dc77
0000000f00b735ca009552c2
0000000f00b7ef5500d14f36
0000000f00b8588a010d195b
0000000f00b8766a0148cfa3
0000000f00b849f4018487ff
0000000f00b7d19901c05907
0000000f00b7070b01fc6548
0000000f00b5d6f002390556
0000000f00b56f68001b017f
0000000f00b710df0058d555
0000000f00b8268600954d46
0000000f00b8dd8f00d14b97
0000000f00b9455b010d17a4
0000000f00b962d40148cfd2
0000000f00b936f701848a16
0000000f00b8c03a01c05d05
0000000f00b7f86a01fc6b1d
0000000f00b6cc7c02390cbc
0000000f00b56f68001b017f
0000000f00b710df0058d555
0000000f00b8268600954d46
0000000f00b8dd8f00d14b97
0000000f00b9455b010d17a4
0000000f00b962d40148cfd2
0000000f00b936f701848a16
0000000f00b8c03a01c05d05
0000000f00b7f86a01fc6b1d
0000000f00b6cc7c02390cbc
0000000f00b56f68001b017f
0000000f00b710df0058d555
0000000f00b8268600954d46
0000000f00b8dd8f00d14b97
0000000f00b9455b010d17a4
0000000f00b962d40148cfd2
0000000f00b936f701848a16
0000000f00b8c03a01c05d05
0000000f00b7f86a01fc6b1d
0000000f00b6cc7c02390cbc
0000000f00b56f68001b017f
0000000f00b710df0058d555
0000000f00b8268600954d46
0000000f00b8dd8f00d14b97
0000000f00b9455b010d17a4
0000000f00b962d40148cfd2
0000000f00b936f701848a16
0000000f00b8c03a01c05d05
0000000f00b7f86a01fc6b1d
0000000f00b6cc7c02390cbc
0000000f00b56f68001b017f
0000000f00b710df0058d555
0000000f00b8268600954d46
0000000f00b8dd8f00d14b97
0000000f00b9455b010d17a4
0000000f00b962d40148cfd2
0000000f00b936f701848a16
0000000f00b8c03a01c05d05
0000000f00b7f86a01fc6b1d
0000000f00b6cc7c02390cbc
0000000f00b56f68001b017f
0000000f00b710df0058d555
0000000f00b8268600954d46
0000000f00b8dd8f00d14b97
0000000f00b9455b010d17a4
0000000f00b962d40148cfd2
0000000f00b936f701848a16
0000000f00b8c03a01c05d05
0000000f00b7f86a01fc6b1d
0000000f00b6cc7c02390cbc
0000000f00b669fb001af989
0000000f00b8058c0058ce4a
0000000f00b91758009547dd
0000000f00b9cbe000d14805
0000000f00ba3243010d15f2
0000000f00ba4f560148d001
0000000f00ba241001848c25
0000000f00b9aef101c060f5
0000000f00b8e9df01fc70df
0000000f00b7c21d0239140a
0000000f00b669fb001af989
0000000f00b8058c0058ce4a
0000000f00b91758009547dd
0000000f00b9cbe000d14805
0000000f00ba3243010d15f2
0000000f00ba4f560148d001
0000000f00ba241001848c25
0000000f00b9aef101c060f5
0000000f00b8e9df01fc70df
0000000f00b7c21d0239140a
0000000f00b669fb001af989
0000000f00b8058c0058ce4a
0000000f00b91758009547dd
0000000f00b9cbe000d14805
0000000f00ba3243010d15f2
0000000f00ba4f560148d001
0000000f00ba241001848c25
0000000f00b9aef101c060f5
0000000f00b8e9df01fc70df
0000000f00b7c21d0239140a
0000000f00b669fb001af989
0000000f00b8058c0058ce4a
0000000f00b91758009547dd
0000000f00b9cbe000d14805
0000000f00ba3243010d15f2
0000000f00ba4f560148d001
0000000f00ba241001848c25
0000000f00b9aef101c060f5
0000000f00b8e9df01fc70df
0000000f00b7c21d0239140a
0000000f00b669fb001af989
0000000f00b8058c0058ce4a
0000000f00b91758009547dd
0000000f00b9cbe000d14805
0000000f00ba3243010d15f2
0000000f00ba4f560148d001
0000000f00ba241001848c25
0000000f00b9aef101c060f5
0000000f00b8e9df01fc70df
0000000f00b7c21d0239140a
0000000f00b669fb001af989
0000000f00b8058c0058ce4a
0000000f00b91758009547dd
0000000f00b9cbe000d14805
0000000f00ba3243010d15f2
0000000f00ba4f560148d001
0000000f00ba241001848c25
0000000f00b9aef101c060f5
0000000f00b8e9df01fc70df
0000000f00b7c21d0239140a
0000000f00b764a3001af1ad
0000000f00b8fa4e0058c756
0000000f00ba084100954285
0000000f00baba4700d1447e
0000000f00bb1f41010d1447
0000000f00bb3bed0148d030
0000000f00bb114001848e2e
0000000f00ba9dbf01c064d8
0000000f00b9db6a01fc768e
0000000f00b8b7d402391b3f
0000000f00b764a3001af1ad
0000000f00b8fa4e0058c756
0000000f00ba084100954285
0000000f00baba4700d1447e
0000000f00bb1f41010d1447
0000000f00bb3bed0148d030
0000000f00bb114001848e2e
0000000f00ba9dbf01c064d8
0000000f00b9db6a01fc768e
0000000f00b8b7d402391b3f
0000000f00b764a3001af1ad
0000000f00b8fa4e0058c756
0000000f00ba084100954285
0000000f00baba4700d1447e
0000000f00bb1f41010d1447
0000000f00bb3bed0148d030
0000000f00bb114001848e2e
0000000f00ba9dbf01c064d8
0000000f00b9db6a01fc768e
0000000f00b8b7d402391b3f
0000000f00b764a3001af1ad
0000000f00b8fa4e0058c756
0000000f00ba084100954285
0000000f00baba4700d1447e
0000000f00bb1f41010d1447
0000000f00bb3bed0148d030
0000000f00bb114001848e2e
0000000f00ba9dbf01c064d8
0000000f00b9db6a01fc768e
0000000f00b8b7d402391b3f
0000000f00b764a3001af1ad
0000000f00b8fa4e0058c756
0000000f00ba084100954285
0000000f00baba4700d1447e
0000000f00bb1f41010d1447
0000000f00bb3bed0148d030
0000000f00bb114001848e2e
0000000f00ba9dbf01c064d8
0000000f00b9db6a01fc768e
0000000f00b8b7d402391b3f
0000000f00b764a3001af1ad
0000000f00b8fa4e0058c756
0000000f00ba084100954285
0000000f00baba4700d1447e
0000000f00bb1f41010d1447
0000000f00bb3bed0148d030
0000000f00bb114001848e2e
0000000f00ba9dbf01c064d8
0000000f00b9db6a01fc768e
0000000f00b8b7d402391b3f
0000000f00b85f5e001ae9eb
0000000f00b9ef250058c07b
0000000f00baf94000953d40
0000000f00bba8c400d14104
0000000f00bc0c54010d12a1
0000000f00bc289a0148d05e
0000000f00bbfe8501849030
0000000f00bb8ca201c068ae
0000000f00bacd0c01fc7c29
0000000f00b9ada00239225c
0000000f00b85f5e001ae9eb
0000000f00b9ef250058c07b
0000000f00baf94000953d40
0000000f00bba8c400d14104
0000000f00bc0c54010d12a1
0000000f00bc289a0148d05e
0000000f00bbfe8501849030
0000000f00bb8ca201c068ae
0000000f00bacd0c01fc7c29
0000000f00b9ada00239225c
0000000f00b85f5e001ae9eb
0000000f00b9ef250058c07b
0000000f00baf94000953d40
0000000f00bba8c400d14104
0000000f00bc0c54010d12a1
0000000f00bc289a0148d05e
0000000f00bbfe8501849030
0000000f00bb8ca201c068ae
0000000f00bacd0c01fc7c29
0000000f00b9ada00239225c
0000000f00b85f5e001ae9eb
0000000f00b9ef250058c07b
0000000f00baf94000953d40
0000000f00bba8c400d14104
0000000f00bc0c54010d12a1
0000000f00bc289a0148d05e
0000000f00bbfe8501849030
0000000f00bb8ca201c068ae
0000000f00bacd0c01fc7c29
0000000f00b9ada00239225c
0000000f00b85f5e001ae9eb
0000000f00b9ef250058c07b
0000000f00baf94000953d40
0000000f00bba8c400d14104
0000000f00bc0c54010d12a1
0000000f00bc289a0148d05e
0000000f00bbfe8501849030
0000000f00bb8ca201c068ae
0000000f00bacd0c01fc7c29
0000000f00b9ada00239225c
0000000f00b85f5e001ae9eb
0000000f00b9ef250058c07b
0000000f00baf94000953d40
0000000f00bba8c400d14104
0000000f00bc0c54010d12a1
0000000f00bc289a0148d05e
0000000f00bbfe8501849030
0000000f00bb8ca201c068ae
0000000f00bacd0c01fc7c29
0000000f00b9ada00239225c
0000000f00b95a2c001ae244
0000000f00bae4120058b9b7
0000000f00bbea540095380e
0000000f00bc975600d13d96
0000000f00bcf97d010d1100
0000000f00bd155c0148d08b
0000000f00bcebe00184922a
0000000f00bc7b9b01c06c76
0000000f00bbbec301fc81b0
0000000f00baa38202392960
0000000f00b95a2c001ae244
0000000f00bae4120058b9b7
0000000f00bbea540095380e
0000000f00bc975600d13d96
0000000f00bcf97d010d1100
0000000f00bd155c0148d08b
0000000f00bcebe00184922a
0000000f00bc7b9b01c06c76
0000000f00bbbec301fc81b0
0000000f00baa38202392960
0000000f00b95a2c001ae244
0000000f00bae4120058b9b7
0000000f00bbea540095380e
0000000f00bc975600d13d96
0000000f00bcf97d010d1100
0000000f00bd155c0148d08b
0000000f00bcebe00184922a
0000000f00bc7b9b01c06c76
0000000f00bbbec301fc81b0
0000000f00baa38202392960
0000000f00b95a2c001ae244
0000000f00bae4120058b9b7
0000000f00bbea540095380e
0000000f00bc975600d13d96
0000000f00bcf97d010d1100
0000000f00bd155c0148d08b
0000000f00bcebe00184922a
0000000f00bc7b9b01c06c76
0000000f00bbbec301fc81b0
0000000f00baa38202392960
0000000f00b95a2c001ae244
0000000f00bae4120058b9b7
0000000f00bbea540095380e
0000000f00bc975600d13d96
0000000f00bcf97d010d1100
0000000f00bd155c0148d08b
0000000f00bcebe00184922a
0000000f00bc7b9b01c06c76
0000000f00bbbec301fc81b0
0000000f00baa38202392960
0000000f00b95a2c001ae244
0000000f00bae4120058b9b7
0000000f00bbea540095380e
0000000f00bc975600d13d96
0000000f00bcf97d010d1100
0000000f00bd155c0148d08b
0000000f00bcebe00184922a
0000000f00bc7b9b01c06c76
0000000f00bbbec301fc81b0
0000000f00baa38202392960
0000000f00ba550d001adab6
0000000f00bbd9130058b30a
0000000f00bcdb7e009532ee
0000000f00bd85fe00d13a34
0000000f00bde6bb010d0f66
0000000f00be02340148d0b7
0000000f00bdd9500184941e
0000000f00bd6aaa01c07030
0000000f00bcb08f01fc8724
0000000f00bb99780239304c
0000000f00ba550d001adab6
0000000f00bbd9130058b30a
0000000f00bcdb7e009532ee
0000000f00bd85fe00d13a34
0000000f00bde6bb010d0f66
0000000f00be02340148d0b7
0000000f00bdd9500184941e
0000000f00bd6aaa01c07030
0000000f00bcb08f01fc8724
0000000f00bb99780239304c
0000000f00ba550d001adab6
0000000f00bbd9130058b30a
0000000f00bcdb7e009532ee
0000000f00bd85fe00d13a34
0000000f00bde6bb010d0f66
0000000f00be02340148d0b7
0000000f00bdd9500184941e
0000000f00bd6aaa01c07030
0000000f00bcb08f01fc8724
0000000f00bb99780239304c
0000000f00ba550d001adab6
0000000f00bbd9130058b30a
0000000f00bcdb7e009532ee
0000000f00bd85fe00d13a34
0000000f00bde6bb010d0f66
0000000f00be02340148d0b7
0000000f00bdd9500184941e
0000000f00bd6aaa01c07030
0000000f00bcb08f01fc8724
0000000f00bb99780239304c
0000000f00ba550d001adab6
0000000f00bbd9130058b30a
0000000f00bcdb7e009532ee
0000000f00bd85fe00d13a34
0000000f00bde6bb010d0f66
0000000f00be02340148d0b7
0000000f00bdd9500184941e
0000000f00bd6aaa01c07030
0000000f00bcb08f01fc8724
0000000f00bb99780239304c
0000000f00ba550d001adab6
0000000f00bbd9130058b30a
0000000f00bcdb7e009532ee
0000000f00bd85fe00d13a34
0000000f00bde6bb010d0f66
0000000f00be02340148d0b7
0000000f00bdd9500184941e
0000000f00bd6aaa01c07030
0000000f00bcb08f01fc8724
0000000f00bb99780239304c
0000000f00bb5001001ad343
0000000f00bcce290058ac76
0000000f00bdccbd00952de0
0000000f00be74bc00d136de
0000000f00bed40e010d0dd1
0000000f00beef210148d0e3
0000000f00bec6d60184960b
0000000f00be59ce01c073de
0000000f00bda27001fc8c84
0000000f00bc8f8202393720
0000000f00bb5001001ad343
0000000f00bcce290058ac76
0000000f00bdccbd00952de0
0000000f00be74bc00d136de
0000000f00bed40e010d0dd1
0000000f00beef210148d0e3
0000000f00bec6d60184960b
0000000f00be59ce01c073de
0000000f00bda27001fc8c84
0000000f00bc8f8202393720
0000000f00bb5001001ad343
0000000f00bcce290058ac76
0000000f00bdccbd00952de0
0000000f00be74bc00d136de
0000000f00bed40e010d0dd1
0000000f00beef210148d0e3
0000000f00bec6d60184960b
0000000f00be59ce01c073de
0000000f00bda27001fc8c84
0000000f00bc8f8202393720
0000000f00bb5001001ad343
0000000f00bcce290058ac76
0000000f00bdccbd00952de0
0000000f00be74bc00d136de
0000000f00bed40e010d0dd1
0000000f00beef210148d0e3
0000000f00bec6d60184960b
0000000f00be59ce01c073de
0000000f00bda27001fc8c84
0000000f00bc8f8202393720
0000000f00bb5001001ad343
0000000f00bcce290058ac76
0000000f00bdccbd00952de0
0000000f00be74bc00d136de
0000000f00bed40e010d0dd1
0000000f00beef210148d0e3
0000000f00bec6d60184960b
0000000f00be59ce01c073de
0000000f00bda27001fc8c84
0000000f00bc8f8202393720
0000000f00bb5001001ad343
0000000f00bcce290058ac76
0000000f00bdccbd00952de0
0000000f00be74bc00d136de
0000000f00bed40e010d0dd1
0000000f00beef210148d0e3
0000000f00bec6d60184960b
0000000f00be59ce01c073de
0000000f00bda27001fc8c84
0000000f00bc8f8202393720
0000000f00bc4b07001acbea
0000000f00bdc3540058a5f9
0000000f00bebe10009528e4
0000000f00bf638d00d13395
0000000f00bfc176010d0c43
0000000f00bfdc220148d10e
0000000f00bfb470018497f0
0000000f00bf490601c0777d
0000000f00be946601fc91d1
0000000f00bd85a002393ddb
0000000f00bc4b07001acbea
0000000f00bdc3540058a5f9
0000000f00bebe10009528e4
0000000f00bf638d00d13395
0000000f00bfc176010d0c43
0000000f00bfdc220148d10e
0000000f00bfb470018497f0
0000000f00bf490601c0777d
0000000f00be946601fc91d1
0000000f00bd85a002393ddb
0000000f00bc4b07001acbea
0000000f00bdc3540058a5f9
0000000f00bebe10009528e4
0000000f00bf638d00d13395
0000000f00bfc176010d0c43
0000000f00bfdc220148d10e
0000000f00bfb470018497f0
0000000f00bf490601c0777d
0000000f00be946601fc91d1
0000000f00bd85a002393ddb
0000000f00bc4b07001acbea
0000000f00bdc3540058a5f9
0000000f00bebe10009528e4
0000000f00bf638d00d13395
0000000f00bfc176010d0c43
0000000f00bfdc220148d10e
0000000f00bfb470018497f0
0000000f00bf490601c0777d
0000000f00be946601fc91d1
0000000f00bd85a002393ddb
0000000f00bc4b07001acbea
0000000f00bdc3540058a5f9
0000000f00bebe10009528e4
0000000f00bf638d00d13395
0000000f00bfc176010d0c43
0000000f00bfdc220148d10e
0000000f00bfb470018497f0
0000000f00bf490601c0777d
0000000f00be946601fc91d1
0000000f00bd85a002393ddb
0000000f00bc4b07001acbea
0000000f00bdc3540058a5f9
0000000f00bebe10009528e4
0000000f00bf638d00d13395
0000000f00bfc176010d0c43
0000000f00bfdc220148d10e
0000000f00bfb470018497f0
0000000f00bf490601c0777d
0000000f00be946601fc91d1
0000000f00bd85a002393ddb
0000000f00bd4620001ac4ac
0000000f00beb89200589f94
0000000f00bfaf78009523fc
0000000f00c0527400d13058
0000000f00c0aef2010d0aba
0000000f00c0c9380148d139
0000000f00c0a21e018499ce
0000000f00c0385301c07b0f
0000000f00bf867101fc970a
0000000f00be7bd30239447d
0000000f00bd4620001ac4ac
0000000f00beb89200589f94
0000000f00bfaf78009523fc
0000000f00c0527400d13058
0000000f00c0aef2010d0aba
0000000f00c0c9380148d139
0000000f00c0a21e018499ce
0000000f00c0385301c07b0f
0000000f00bf867101fc970a
0000000f00be7bd30239447d
0000000f00bd4620001ac4ac
0000000f00beb89200589f94
0000000f00bfaf78009523fc
0000000f00c0527400d13058
0000000f00c0aef2010d0aba
0000000f00c0c9380148d139
0000000f00c0a21e018499ce
0000000f00c0385301c07b0f
0000000f00bf867101fc970a
0000000f00be7bd30239447d
0000000f00bd4620001ac4ac
0000000f00beb89200589f94
0000000f00bfaf78009523fc
0000000f00c0527400d13058
0000000f00c0aef2010d0aba
0000000f00c0c9380148d139
0000000f00c0a21e018499ce
0000000f00c0385301c07b0f
0000000f00bf867101fc970a
0000000f00be7bd30239447d
0000000f00bd4620001ac4ac
0000000f00beb89200589f94
0000000f00bfaf78009523fc
0000000f00c0527400d13058
0000000f00c0aef2010d0aba
0000000f00c0c9380148d139
0000000f00c0a21e018499ce
0000000f00c0385301c07b0f
0000000f00bf867101fc970a
0000000f00be7bd30239447d
0000000f00bd4620001ac4ac
0000000f00beb89200589f94
0000000f00bfaf78009523fc
0000000f00c0527400d13058
0000000f00c0aef2010d0aba
0000000f00c0c9380148d139
0000000f00c0a21e018499ce
0000000f00c0385301c07b0f
0000000f00bf867101fc970a
0000000f00be7bd30239447d
0000000f00be414b001abd89
0000000f00bfade500589947
0000000f00c0a0f500951f25
0000000f00c1416e00d12d27
0000000f00c19c83010d0937
0000000f00c1b6610148d163
0000000f00c18fe101849ba6
0000000f00c127b401c07e94
0000000f00c0788f01fc9c2f
0000000f00bf721802394b06
0000000f00be414b001abd89
0000000f00bfade500589947
0000000f00c0a0f500951f25
0000000f00c1416e00d12d27
0000000f00c19c83010d0937
0000000f00c1b6610148d163
0000000f00c18fe101849ba6
0000000f00c127b401c07e94
0000000f00c0788f01fc9c2f
0000000f00bf721802394b06
0000000f00be414b001abd89
0000000f00bfade500589947
0000000f00c0a0f500951f25
0000000f00c1416e00d12d27
0000000f00c19c83010d0937
0000000f00c1b6610148d163
0000000f00c18fe101849ba6
0000000f00c127b401c07e94
0000000f00c0788f01fc9c2f
0000000f00bf721802394b06
0000000f00be414b001abd89
0000000f00bfade500589947
0000000f00c0a0f500951f25
0000000f00c1416e00d12d27
0000000f00c19c83010d0937
0000000f00c1b6610148d163
0000000f00c18fe101849ba6
0000000f00c127b401c07e94
0000000f00c0788f01fc9c2f
0000000f00bf721802394b06
0000000f00be414b001abd89
0000000f00bfade500589947
0000000f00c0a0f500951f25
0000000f00c1416e00d12d27
0000000f00c19c83010d0937
0000000f00c1b6610148d163
0000000f00c18fe101849ba6
0000000f00c127b401c07e94
0000000f00c0788f01fc9c2f
0000000f00bf721802394b06
0000000f00be414b001abd89
0000000f00bfade500589947
0000000f00c0a0f500951f25
0000000f00c1416e00d12d27
0000000f00c19c83010d0937
0000000f00c1b6610148d163
0000000f00c18fe101849ba6
0000000f00c127b401c07e94
0000000f00c0788f01fc9c2f
0000000f00bf721802394b06
0000000f00bf3c87001ab680
0000000f00c0a34b00589312
0000000f00c1928500951a62
0000000f00c2307d00d12a02
0000000f00c28a27010d07b9
0000000f00c2a39f0148d18c
0000000f00c27db701849d76
0000000f00c2172901c0820b
0000000f00c16ac201fca141
0000000f00c0687102395177
0000000f00bf3c87001ab680
0000000f00c0a34b00589312
0000000f00c1928500951a62
0000000f00c2307d00d12a02
0000000f00c28a27010d07b9
0000000f00c2a39f0148d18c
0000000f00c27db701849d76
0000000f00c2172901c0820b
0000000f00c16ac201fca141
0000000f00c0687102395177
0000000f00bf3c87001ab680
0000000f00c0a34b00589312
0000000f00c1928500951a62
0000000f00c2307d00d12a02
0000000f00c28a27010d07b9
0000000f00c2a39f0148d18c
0000000f00c27db701849d76
0000000f00c2172901c0820b
0000000f00c16ac201fca141
0000000f00c0687102395177
0000000f00bf3c87001ab680
0000000f00c0a34b00589312
0000000f00c1928500951a62
0000000f00c2307d00d12a02
0000000f00c28a27010d07b9
0000000f00c2a39f0148d18c
0000000f00c27db701849d76
0000000f00c2172901c0820b
0000000f00c16ac201fca141
0000000f00c0687102395177
0000000f00bf3c87001ab680
0000000f00c0a34b00589312
0000000f00c1928500951a62
0000000f00c2307d00d12a02
0000000f00c28a27010d07b9
0000000f00c2a39f0148d18c
0000000f00c27db701849d76
0000000f00c2172901c0820b
0000000f00c16ac201fca141
0000000f00c0687102395177
0000000f00bf3c87001ab680
0000000f00c0a34b00589312
0000000f00c1928500951a62
0000000f00c2307d00d12a02
0000000f00c28a27010d07b9
0000000f00c2a39f0148d18c
0000000f00c27db701849d76
0000000f00c2172901c0820b
0000000f00c16ac201fca141
0000000f00c0687102395177
0000000f00c037d5001aaf91
0000000f00c198c400588cf5
0000000f00c28429009515b1
0000000f00c31f9f00d126ea
0000000f00c377de010d0642
0000000f00c390ef0148d1b5
0000000f00c36ba101849f3f
0000000f00c306b201c08575
0000000f00c25d0801fca63f
0000000f00c15ede023957ce
0000000f00c037d5001aaf91
0000000f00c198c400588cf5
0000000f00c28429009515b1
0000000f00c31f9f00d126ea
0000000f00c377de010d0642
0000000f00c390ef0148d1b5
0000000f00c36ba101849f3f
0000000f00c306b201c08575
0000000f00c25d0801fca63f
0000000f00c15ede023957ce
0000000f00c037d5001aaf91
0000000f00c198c400588cf5
0000000f00c28429009515b1
0000000f00c31f9f00d126ea
0000000f00c377de010d0642
0000000f00c390ef0148d1b5
0000000f00c36ba101849f3f
0000000f00c306b201c08575
0000000f00c25d0801fca63f
0000000f00c15ede023957ce
0000000f00c037d5001aaf91
0000000f00c198c400588cf5
0000000f00c28429009515b1
0000000f00c31f9f00d126ea
0000000f00c377de010d0642
0000000f00c390ef0148d1b5
0000000f00c36ba101849f3f
0000000f00c306b201c08575
0000000f00c25d0801fca63f
0000000f00c15ede023957ce
0000000f00c037d5001aaf91
0000000f00c198c400588cf5
0000000f00c28429009515b1
0000000f00c31f9f00d126ea
0000000f00c377de010d0642
0000000f00c390ef0148d1b5
0000000f00c36ba101849f3f
0000000f00c306b201c08575
0000000f00c25d0801fca63f
0000000f00c15ede023957ce
0000000f00c037d5001aaf91
0000000f00c198c400588cf5
0000000f00c28429009515b1
0000000f00c31f9f00d126ea
0000000f00c377de010d0642
0000000f00c390ef0148d1b5
0000000f00c36ba101849f3f
0000000f00c306b201c08575
0000000f00c25d0801fca63f
0000000f00c15ede023957ce
0000000f00c13334001aa8be
0000000f00c28e4f005886f0
0000000f00c375e000951112
0000000f00c40ed400d123de
0000000f00c465a9010d04d1
0000000f00c47e530148d1dd
0000000f00c4599e0184a101
0000000f00c3f64e01c088d1
0000000f00c34f6101fcab29
0000000f00c2555c02395e0d
0000000f00c13334001aa8be
0000000f00c28e4f005886f0
0000000f00c375e000951112
0000000f00c40ed400d123de
0000000f00c465a9010d04d1
0000000f00c47e530148d1dd
0000000f00c4599e0184a101
0000000f00c3f64e01c088d1
0000000f00c34f6101fcab29
0000000f00c2555c02395e0d
0000000f00c13334001aa8be
0000000f00c28e4f005886f0
0000000f00c375e000951112
0000000f00c40ed400d123de
0000000f00c465a9010d04d1
0000000f00c47e530148d1dd
0000000f00c4599e0184a101
0000000f00c3f64e01c088d1
0000000f00c34f6101fcab29
0000000f00c2555c02395e0d
0000000f00c13334001aa8be
0000000f00c28e4f005886f0
0000000f00c375e000951112
0000000f00c40ed400d123de
0000000f00c465a9010d04d1
0000000f00c47e530148d1dd
0000000f00c4599e0184a101
0000000f00c3f64e01c088d1
0000000f00c34f6101fcab29
0000000f00c2555c02395e0d
0000000f00c13334001aa8be
0000000f00c28e4f005886f0
0000000f00c375e000951112
0000000f00c40ed400d123de
0000000f00c465a9010d04d1
0000000f00c47e530148d1dd
0000000f00c4599e0184a101
0000000f00c3f64e01c088d1
0000000f00c34f6101fcab29
0000000f00c2555c02395e0d
0000000f00c13334001aa8be
0000000f00c28e4f005886f0
0000000f00c375e000951112
0000000f00c40ed400d123de
0000000f00c465a9010d04d1
0000000f00c47e530148d1dd
0000000f00c4599e0184a101
0000000f00c3f64e01c088d1
0000000f00c34f6101fcab29
0000000f00c2555c02395e0d
0000000f00c22ea5001aa205
0000000f00c383ee00588104
0000000f00c467aa00950c86
0000000f00c4fe1c00d120df
0000000f00c55387010d0365
0000000f00c56bca0148d204
0000000f00c547ae0184a2bb
0000000f00c4e5fd01c08c1f
0000000f00c441ce01fcafff
0000000f00c34bee02396433
0000000f00c22ea5001aa205
0000000f00c383ee00588104
0000000f00c467aa00950c86
0000000f00c4fe1c00d120df
0000000f00c55387010d0365
0000000f00c56bca0148d204
0000000f00c547ae0184a2bb
0000000f00c4e5fd01c08c1f
0000000f00c441ce01fcafff
0000000f00c34bee02396433
0000000f00c22ea5001aa205
0000000f00c383ee00588104
0000000f00c467aa00950c86
0000000f00c4fe1c00d120df
0000000f00c55387010d0365
0000000f00c56bca0148d204
0000000f00c547ae0184a2bb
0000000f00c4e5fd01c08c1f
0000000f00c441ce01fcafff
0000000f00c34bee02396433
0000000f00c22ea5001aa205
0000000f00c383ee00588104
0000000f00c467aa00950c86
0000000f00c4fe1c00d120df
0000000f00c55387010d0365
0000000f00c56bca0148d204
0000000f00c547ae0184a2bb
0000000f00c4e5fd01c08c1f
0000000f00c441ce01fcafff
0000000f00c34bee02396433
0000000f00c22ea5001aa205
0000000f00c383ee00588104
0000000f00c467aa00950c86
0000000f00c4fe1c00d120df
0000000f00c55387010d0365
0000000f00c56bca0148d204
0000000f00c547ae0184a2bb
0000000f00c4e5fd01c08c1f
0000000f00c441ce01fcafff
0000000f00c34bee02396433
0000000f00c22ea5001aa205
0000000f00c383ee00588104
0000000f00c467aa00950c86
0000000f00c4fe1c00d120df
0000000f00c55387010d0365
0000000f00c56bca0148d204
0000000f00c547ae0184a2bb
0000000f00c4e5fd01c08c1f
0000000f00c441ce01fcafff
0000000f00c34bee02396433
0000000f00c32a26001a9b68
0000000f00c4799f00587b2f
0000000f00c559870095080d
0000000f00c5ed7700d11deb
0000000f00c64177010d01ff
0000000f00c659540148d22b
0000000f00c635d00184a46f
0000000f00c5d5be01c08f5f
0000000f00c5344d01fcb4c2
0000000f00c4429102396a40
0000000f00c32a26001a9b68
0000000f00c4799f00587b2f
0000000f00c559870095080d
0000000f00c5ed7700d11deb
0000000f00c64177010d01ff
0000000f00c659540148d22b
0000000f00c635d00184a46f
0000000f00c5d5be01c08f5f
0000000f00c5344d01fcb4c2
0000000f00c4429102396a40
0000000f00c32a26001a9b68
0000000f00c4799f00587b2f
0000000f00c559870095080d
0000000f00c5ed7700d11deb
0000000f00c64177010d01ff
0000000f00c659540148d22b
0000000f00c635d00184a46f
0000000f00c5d5be01c08f5f
0000000f00c5344d01fcb4c2
0000000f00c4429102396a40
0000000f00c32a26001a9b68
0000000f00c4799f00587b2f
0000000f00c559870095080d
0000000f00c5ed7700d11deb
0000000f00c64177010d01ff
0000000f00c659540148d22b
0000000f00c635d00184a46f
0000000f00c5d5be01c08f5f
0000000f00c5344d01fcb4c2
0000000f00c4429102396a40
0000000f00c32a26001a9b68
0000000f00c4799f00587b2f
0000000f00c559870095080d
0000000f00c5ed7700d11deb
0000000f00c64177010d01ff
0000000f00c659540148d22b
0000000f00c635d00184a46f
0000000f00c5d5be01c08f5f
0000000f00c5344d01fcb4c2
0000000f00c4429102396a40
0000000f00c32a26001a9b68
0000000f00c4799f00587b2f
0000000f00c559870095080d
0000000f00c5ed7700d11deb
0000000f00c64177010d01ff
0000000f00c659540148d22b
0000000f00c635d00184a46f
0000000f00c5d5be01c08f5f
0000000f00c5344d01fcb4c2
0000000f00c4429102396a40
0000000f00c425b7001a94e5
0000000f00c56f6200587573
0000000f00c64b77009503a7
0000000f00c6dce500d11b05
0000000f00c72f7a010d009f
0000000f00c746ef0148d251
0000000f00c724050184a61b
0000000f00c6c59201c09292
0000000f00c626df01fcb970
0000000f00c5394702397033
0000000f00c425b7001a94e5
0000000f00c56f6200587573
0000000f00c64b77009503a7
0000000f00c6dce500d11b05
0000000f00c72f7a010d009f
0000000f00c746ef0148d251
0000000f00c724050184a61b
0000000f00c6c59201c09292
0000000f00c626df01fcb970
0000000f00c5394702397033
0000000f00c425b7001a94e5
0000000f00c56f6200587573
0000000f00c64b77009503a7
0000000f00c6dce500d11b05
0000000f00c72f7a010d009f
0000000f00c746ef0148d251
0000000f00c724050184a61b
0000000f00c6c59201c09292
0000000f00c626df01fcb970
0000000f00c5394702397033
0000000f00c425b7001a94e5
0000000f00c56f6200587573
0000000f00c64b77009503a7
0000000f00c6dce500d11b05
0000000f00c72f7a010d009f
0000000f00c746ef0148d251
0000000f00c724050184a61b
0000000f00c6c59201c09292
0000000f00c626df01fcb970
0000000f00c5394702397033
0000000f00c425b7001a94e5
0000000f00c56f6200587573
0000000f00c64b77009503a7
0000000f00c6dce500d11b05
0000000f00c72f7a010d009f
0000000f00c746ef0148d251
0000000f00c724050184a61b
0000000f00c6c59201c09292
0000000f00c626df01fcb970
0000000f00c5394702397033
0000000f00c425b7001a94e5
0000000f00c56f6200587573
0000000f00c64b77009503a7
0000000f00c6dce500d11b05
0000000f00c72f7a010d009f
0000000f00c746ef0148d251
0000000f00c724050184a61b
0000000f00c6c59201c09292
0000000f00c626df01fcb970
0000000f00c5394702397033
0000000f00c52159001a8e7e
0000000f00c6653700586fcf
0000000f00c73d780094ff53
0000000f00c7cc6400d1182a
0000000f00c81d8e010cff45
0000000f00c8349d0148d277
0000000f00c8124c0184a7c1
0000000f00c7b57901c095b8
0000000f00c7198201fcbe0b
0000000f00c6300e0239760e
0000000f00c52159001a8e7e
0000000f00c6653700586fcf
0000000f00c73d780094ff53
0000000f00c7cc6400d1182a
0000000f00c81d8e010cff45
0000000f00c8349d0148d277
0000000f00c8124c0184a7c1
0000000f00c7b57901c095b8
0000000f00c7198201fcbe0b
0000000f00c6300e0239760e
0000000f00c52159001a8e7e
0000000f00c6653700586fcf
0000000f00c73d780094ff53
0000000f00c7cc6400d1182a
0000000f00c81d8e010cff45
0000000f00c8349d0148d277
0000000f00c8124c0184a7c1
0000000f00c7b57901c095b8
0000000f00c7198201fcbe0b
0000000f00c6300e0239760e
0000000f00c52159001a8e7e
0000000f00c6653700586fcf
0000000f00c73d780094ff53
0000000f00c7cc6400d1182a
0000000f00c81d8e010cff45
0000000f00c8349d0148d277
0000000f00c8124c0184a7c1
0000000f00c7b57901c095b8
0000000f00c7198201fcbe0b
0000000f00c6300e0239760e
0000000f00c52159001a8e7e
0000000f00c6653700586fcf
0000000f00c73d780094ff53
0000000f00c7cc6400d1182a
0000000f00c81d8e010cff45
0000000f00c8349d0148d277
0000000f00c8124c0184a7c1
0000000f00c7b57901c095b8
0000000f00c7198201fcbe0b
0000000f00c6300e0239760e
0000000f00c52159001a8e7e
0000000f00c6653700586fcf
0000000f00c73d780094ff53
0000000f00c7cc6400d1182a
0000000f00c81d8e010cff45
0000000f00c8349d0148d277
0000000f00c8124c0184a7c1
0000000f00c7b57901c095b8
0000000f00c7198201fcbe0b
0000000f00c6300e0239760e
0000000f00c61d0b001a8832
0000000f00c75b1d00586a43
0000000f00c82f8c0094fb13
0000000f00c8bbf600d1155c
0000000f00c90bb4010cfdf1
0000000f00c9225c0148d29c
0000000f00c900a40184a95f
0000000f00c8a57101c098cf
0000000f00c80c3801fcc291
0000000f00c726e602397bcf
0000000f00c61d0b001a8832
0000000f00c75b1d00586a43
0000000f00c82f8c0094fb13
0000000f00c8bbf600d1155c
0000000f00c90bb4010cfdf1
0000000f00c9225c0148d29c
0000000f00c900a40184a95f
0000000f00c8a57101c098cf
0000000f00c80c3801fcc291
0000000f00c726e602397bcf
0000000f00c61d0b001a8832
0000000f00c75b1d00586a43
0000000f00c82f8c0094fb13
0000000f00c8bbf600d1155c
0000000f00c90bb4010cfdf1
0000000f00c9225c0148d29c
0000000f00c900a40184a95f
0000000f00c8a57101c098cf
0000000f00c80c3801fcc291
0000000f00c726e602397bcf
0000000f00c61d0b001a8832
0000000f00c75b1d00586a43
0000000f00c82f8c0094fb13
0000000f00c8bbf600d1155c
0000000f00c90bb4010cfdf1
0000000f00c9225c0148d29c
0000000f00c900a40184a95f
0000000f00c8a57101c098cf
0000000f00c80c3801fcc291
0000000f00c726e602397bcf
0000000f00c61d0b001a8832
0000000f00c75b1d00586a43
0000000f00c82f8c0094fb13
0000000f00c8bbf600d1155c
0000000f00c90bb4010cfdf1
0000000f00c9225c0148d29c
0000000f00c900a40184a95f
0000000f00c8a57101c098cf
0000000f00c80c3801fcc291
0000000f00c726e602397bcf
0000000f00c61d0b001a8832
0000000f00c75b1d00586a43
0000000f00c82f8c0094fb13
0000000f00c8bbf600d1155c
0000000f00c90bb4010cfdf1
0000000f00c9225c0148d29c
0000000f00c900a40184a95f
0000000f00c8a57101c098cf
0000000f00c80c3801fcc291
0000000f00c726e602397bcf
0000000f00c718cc001a8201
0000000f00c85114005864cf
0000000f00c921b00094f6e5
0000000f00c9ab9900d1129b
0000000f00c9f9ec010cfca3
0000000f00ca102d0148d2c0
0000000f00c9ef0e0184aaf6
0000000f00c9957a01c09bd9
0000000f00c8feff01fcc704
0000000f00c81dcf02398177
0000000f00c718cc001a8201
0000000f00c85114005864cf
0000000f00c921b00094f6e5
0000000f00c9ab9900d1129b
0000000f00c9f9ec010cfca3
0000000f00ca102d0148d2c0
0000000f00c9ef0e0184aaf6
0000000f00c9957a01c09bd9
0000000f00c8feff01fcc704
0000000f00c81dcf02398177
0000000f00c718cc001a8201
0000000f00c85114005864cf
0000000f00c921b00094f6e5
0000000f00c9ab9900d1129b
0000000f00c9f9ec010cfca3
0000000f00ca102d0148d2c0
0000000f00c9ef0e0184aaf6
0000000f00c9957a01c09bd9
0000000f00c8feff01fcc704
0000000f00c81dcf02398177
0000000f00c718cc001a8201
0000000f00c85114005864cf
0000000f00c921b00094f6e5
0000000f00c9ab9900d1129b
0000000f00c9f9ec010cfca3
0000000f00ca102d0148d2c0
0000000f00c9ef0e0184aaf6
0000000f00c9957a01c09bd9
0000000f00c8feff01fcc704
0000000f00c81dcf02398177
0000000f00c718cc001a8201
0000000f00c85114005864cf
0000000f00c921b00094f6e5
0000000f00c9ab9900d1129b
0000000f00c9f9ec010cfca3
0000000f00ca102d0148d2c0
0000000f00c9ef0e0184aaf6
0000000f00c9957a01c09bd9
0000000f00c8feff01fcc704
0000000f00c81dcf02398177
0000000f00c718cc001a8201
0000000f00c85114005864cf
0000000f00c921b00094f6e5
0000000f00c9ab9900d1129b
0000000f00c9f9ec010cfca3
0000000f00ca102d0148d2c0
0000000f00c9ef0e0184aaf6
0000000f00c9957a01c09bd9
0000000f00c8feff01fcc704
0000000f00c81dcf02398177
0000000f00c8149d001a7beb
0000000f00c9471d00585f74
0000000f00ca13e70094f2c9
0000000f00ca9b4d00d10fe6
0000000f00cae835010cfb5a
0000000f00cafe0f0148d2e4
0000000f00cadd8a0184ac85
0000000f00ca859501c09ed5
0000000f00c9f1d701fccb62
0000000f00c914c902398706
0000000f00c8149d001a7beb
0000000f00c9471d00585f74
0000000f00ca13e70094f2c9
0000000f00ca9b4d00d10fe6
0000000f00cae835010cfb5a
0000000f00cafe0f0148d2e4
0000000f00cadd8a0184ac85
0000000f00ca859501c09ed5
0000000f00c9f1d701fccb62
0000000f00c914c902398706
0000000f00c8149d001a7beb
0000000f00c9471d00585f74
0000000f00ca13e70094f2c9
0000000f00ca9b4d00d10fe6
0000000f00cae835010cfb5a
0000000f00cafe0f0148d2e4
0000000f00cadd8a0184ac85
0000000f00ca859501c09ed5
0000000f00c9f1d701fccb62
0000000f00c914c902398706
0000000f00c8149d001a7beb
0000000f00c9471d00585f74
0000000f00ca13e70094f2c9
0000000f00ca9b4d00d10fe6
0000000f00cae835010cfb5a
0000000f00cafe0f0148d2e4
0000000f00cadd8a0184ac85
0000000f00ca859501c09ed5
0000000f00c9f1d701fccb62
0000000f00c914c902398706
0000000f00c8149d001a7beb
0000000f00c9471d00585f74
0000000f00ca13e70094f2c9
0000000f00ca9b4d00d10fe6
0000000f00cae835010cfb5a
0000000f00cafe0f0148d2e4
0000000f00cadd8a0184ac85
0000000f00ca859501c09ed5
0000000f00c9f1d701fccb62
0000000f00c914c902398706
0000000f00c8149d001a7beb
0000000f00c9471d00585f74
0000000f00ca13e70094f2c9
0000000f00ca9b4d00d10fe6
0000000f00cae835010cfb5a
0000000f00cafe0f0148d2e4
0000000f00cadd8a0184ac85
0000000f00ca859501c09ed5
0000000f00c9f1d701fccb62
0000000f00c914c902398706
0000000f00c9107d001a75f1
0000000f00ca3d3600585a32
0000000f00cb062e0094eec1
0000000f00cb8b1200d10d3d
0000000f00cbd68f010cfa18
0000000f00cbec010148d307
0000000f00cbcc160184ae0e
0000000f00cb75c101c0a1c4
0000000f00cae4c001fccfad
0000000f00ca0bd402398c7b
0000000f00c9107d001a75f1
0000000f00ca3d3600585a32
0000000f00cb062e0094eec1
0000000f00cb8b1200d10d3d
0000000f00cbd68f010cfa18
0000000f00cbec010148d307
0000000f00cbcc160184ae0e
0000000f00cb75c101c0a1c4
0000000f00cae4c001fccfad
0000000f00ca0bd402398c7b
0000000f00c9107d001a75f1
0000000f00ca3d3600585a32
0000000f00cb062e0094eec1
0000000f00cb8b1200d10d3d
0000000f00cbd68f010cfa18
0000000f00cbec010148d307
0000000f00cbcc160184ae0e
0000000f00cb75c101c0a1c4
0000000f00cae4c001fccfad
0000000f00ca0bd402398c7b
0000000f00c9107d001a75f1
0000000f00ca3d3600585a32
0000000f00cb062e0094eec1
0000000f00cb8b1200d10d3d
0000000f00cbd68f010cfa18
0000000f00cbec010148d307
0000000f00cbcc160184ae0e
0000000f00cb75c101c0a1c4
0000000f00cae4c001fccfad
0000000f00ca0bd402398c7b
0000000f00c9107d001a75f1
0000000f00ca3d3600585a32
0000000f00cb062e0094eec1
0000000f00cb8b1200d10d3d
0000000f00cbd68f010cfa18
0000000f00cbec010148d307
0000000f00cbcc160184ae0e
0000000f00cb75c101c0a1c4
0000000f00cae4c001fccfad
0000000f00ca0bd402398c7b
0000000f00c9107d001a75f1
0000000f00ca3d3600585a32
0000000f00cb062e0094eec1
0000000f00cb8b1200d10d3d
0000000f00cbd68f010cfa18
0000000f00cbec010148d307
0000000f00cbcc160184ae0e
0000000f00cb75c101c0a1c4
0000000f00cae4c001fccfad
0000000f00ca0bd402398c7b
0000000f00ca0c6c001a7012
0000000f00cb335f00585508
0000000f00cbf8850094eacb
0000000f00cc7ae700d10aa1
0000000f00ccc4f9010cf8dc
0000000f00ccda040148d329
0000000f00ccbab20184af8f
0000000f00cc65fd01c0a4a5
0000000f00cbd7ba01fcd3e3
0000000f00cb02ef023991d8
0000000f00ca0c6c001a7012
0000000f00cb335f00585508
0000000f00cbf8850094eacb
0000000f00cc7ae700d10aa1
0000000f00ccc4f9010cf8dc
0000000f00ccda040148d329
0000000f00ccbab20184af8f
0000000f00cc65fd01c0a4a5
0000000f00cbd7ba01fcd3e3
0000000f00cb02ef023991d8
0000000f00ca0c6c001a7012
0000000f00cb335f00585508
0000000f00cbf8850094eacb
0000000f00cc7ae700d10aa1
0000000f00ccc4f9010cf8dc
0000000f00ccda040148d329
0000000f00ccbab20184af8f
0000000f00cc65fd01c0a4a5
0000000f00cbd7ba01fcd3e3
0000000f00cb02ef023991d8
0000000f00ca0c6c001a7012
0000000f00cb335f00585508
0000000f00cbf8850094eacb
0000000f00cc7ae700d10aa1
0000000f00ccc4f9010cf8dc
0000000f00ccda040148d329
0000000f00ccbab20184af8f
0000000f00cc65fd01c0a4a5
0000000f00cbd7ba01fcd3e3
0000000f00cb02ef023991d8
0000000f00ca0c6c001a7012
0000000f00cb335f00585508
0000000f00cbf8850094eacb
0000000f00cc7ae700d10aa1
0000000f00ccc4f9010cf8dc
0000000f00ccda040148d329
0000000f00ccbab20184af8f
0000000f00cc65fd01c0a4a5
0000000f00cbd7ba01fcd3e3
0000000f00cb02ef023991d8
0000000f00ca0c6c001a7012
0000000f00cb335f00585508
0000000f00cbf8850094eacb
0000000f00cc7ae700d10aa1
0000000f00ccc4f9010cf8dc
0000000f00ccda040148d329
0000000f00ccbab20184af8f
0000000f00cc65fd01c0a4a5
0000000f00cbd7ba01fcd3e3
0000000f00cb02ef023991d8
0000000f00cb086a001a6a4f
0000000f00cc299800584ff6
0000000f00cceaee0094e6e9
0000000f00cd6acd00d10812
0000000f00cdb373010cf7a5
0000000f00cdc8170148d34b
0000000f00cda95f0184b109
0000000f00cd564a01c0a777
0000000f00cccac401fcd806
0000000f00cbfa190239971a
0000000f00cb086a001a6a4f
0000000f00cc299800584ff6
0000000f00cceaee0094e6e9
0000000f00cd6acd00d10812
0000000f00cdb373010cf7a5
0000000f00cdc8170148d34b
0000000f00cda95f0184b109
0000000f00cd564a01c0a777
0000000f00cccac401fcd806
0000000f00cbfa190239971a
0000000f00cb086a001a6a4f
0000000f00cc299800584ff6
0000000f00cceaee0094e6e9
0000000f00cd6acd00d10812
0000000f00cdb373010cf7a5
0000000f00cdc8170148d34b
0000000f00cda95f0184b109
0000000f00cd564a01c0a777
0000000f00cccac401fcd806
0000000f00cbfa190239971a
0000000f00cb086a001a6a4f
0000000f00cc299800584ff6
0000000f00cceaee0094e6e9
0000000f00cd6acd00d10812
0000000f00cdb373010cf7a5
0000000f00cdc8170148d34b
0000000f00cda95f0184b109
0000000f00cd564a01c0a777
0000000f00cccac401fcd806
0000000f00cbfa190239971a
0000000f00cb086a001a6a4f
0000000f00cc299800584ff6
0000000f00cceaee0094e6e9
0000000f00cd6acd00d10812
0000000f00cdb373010cf7a5
0000000f00cdc8170148d34b
0000000f00cda95f0184b109
0000000f00cd564a01c0a777
0000000f00cccac401fcd806
0000000f00cbfa190239971a
0000000f00cb086a001a6a4f
0000000f00cc299800584ff6
0000000f00cceaee0094e6e9
0000000f00cd6acd00d10812
0000000f00cdb373010cf7a5
0000000f00cdc8170148d34b
0000000f00cda95f0184b109
0000000f00cd564a01c0a777
0000000f00cccac401fcd806
0000000f00cbfa190239971a
0000000f00cc0477001a64a8
0000000f00cd1fe100584afd
0000000f00cddd660094e319
0000000f00ce5ac300d1058f
0000000f00cea1fd010cf674
0000000f00ceb63a0148d36c
0000000f00ce981b0184b27c
0000000f00ce46a701c0aa3d
0000000f00cdbdde01fcdc14
0000000f00ccf15302399c44
0000000f00cc0477001a64a8
0000000f00cd1fe100584afd
0000000f00cddd660094e319
0000000f00ce5ac300d1058f
0000000f00cea1fd010cf674
0000000f00ceb63a0148d36c
0000000f00ce981b0184b27c
0000000f00ce46a701c0aa3d
0000000f00cdbdde01fcdc14
0000000f00ccf15302399c44
0000000f00cc0477001a64a8
0000000f00cd1fe100584afd
0000000f00cddd660094e319
0000000f00ce5ac300d1058f
0000000f00cea1fd010cf674
0000000f00ceb63a0148d36c
0000000f00ce981b0184b27c
0000000f00ce46a701c0aa3d
0000000f00cdbdde01fcdc14
0000000f00ccf15302399c44
0000000f00cc0477001a64a8
0000000f00cd1fe100584afd
0000000f00cddd660094e319
0000000f00ce5ac300d1058f
0000000f00cea1fd010cf674
0000000f00ceb63a0148d36c
0000000f00ce981b0184b27c
0000000f00ce46a701c0aa3d
0000000f00cdbdde01fcdc14
0000000f00ccf15302399c44
0000000f00cc0477001a64a8
0000000f00cd1fe100584afd
0000000f00cddd660094e319
0000000f00ce5ac300d1058f
0000000f00cea1fd010cf674
0000000f00ceb63a0148d36c
0000000f00ce981b0184b27c
0000000f00ce46a701c0aa3d
0000000f00cdbdde01fcdc14
0000000f00ccf15302399c44
0000000f00cc0477001a64a8
0000000f00cd1fe100584afd
0000000f00cddd660094e319
0000000f00ce5ac300d1058f
0000000f00cea1fd010cf674
0000000f00ceb63a0148d36c
0000000f00ce981b0184b27c
0000000f00ce46a701c0aa3d
0000000f00cdbdde01fcdc14
0000000f00ccf15302399c44
0000000f00cd0091001a5f1c
0000000f00ce163a0058461d
0000000f00cecfed0094df5d
0000000f00cf4ac900d10318
0000000f00cf9097010cf54a
0000000f00cfa46d0148d38c
0000000f00cf86e80184b3e8
0000000f00cf371301c0acf4
0000000f00ceb10801fce00e
0000000f00cde89d0239a153
0000000f00cd0091001a5f1c
0000000f00ce163a0058461d
0000000f00cecfed0094df5d
0000000f00cf4ac900d10318
0000000f00cf9097010cf54a
0000000f00cfa46d0148d38c
0000000f00cf86e80184b3e8
0000000f00cf371301c0acf4
0000000f00ceb10801fce00e
0000000f00cde89d0239a153
0000000f00cd0091001a5f1c
0000000f00ce163a0058461d
0000000f00cecfed0094df5d
0000000f00cf4ac900d10318
0000000f00cf9097010cf54a
0000000f00cfa46d0148d38c
0000000f00cf86e80184b3e8
0000000f00cf371301c0acf4
0000000f00ceb10801fce00e
0000000f00cde89d0239a153
0000000f00cd0091001a5f1c
0000000f00ce163a0058461d
0000000f00cecfed0094df5d
0000000f00cf4ac900d10318
0000000f00cf9097010cf54a
0000000f00cfa46d0148d38c
0000000f00cf86e80184b3e8
0000000f00cf371301c0acf4
0000000f00ceb10801fce00e
0000000f00cde89d0239a153
0000000f00cd0091001a5f1c
0000000f00ce163a0058461d
0000000f00cecfed0094df5d
0000000f00cf4ac900d10318
0000000f00cf9097010cf54a
0000000f00cfa46d0148d38c
0000000f00cf86e80184b3e8
0000000f00cf371301c0acf4
0000000f00ceb10801fce00e
0000000f00cde89d0239a153
0000000f00cd0091001a5f1c
0000000f00ce163a0058461d
0000000f00cecfed0094df5d
0000000f00cf4ac900d10318
0000000f00cf9097010cf54a
0000000f00cfa46d0148d38c
0000000f00cf86e80184b3e8
0000000f00cf371301c0acf4
0000000f00ceb10801fce00e
0000000f00cde89d0239a153
0000000f00cdfcb9001a59ac
0000000f00cf0ca100584155
0000000f00cfc2850094dbb3
0000000f00d03ade00d100ae
0000000f00d07f40010cf425
0000000f00d092af0148d3ac
0000000f00d075c30184b54c
0000000f00d0278f01c0af9d
0000000f00cfa44101fce3f4
0000000f00cedff50239a64a
0000000f00cdfcb9001a59ac
0000000f00cf0ca100584155
0000000f00cfc2850094dbb3
0000000f00d03ade00d100ae
0000000f00d07f40010cf425
0000000f00d092af0148d3ac
0000000f00d075c30184b54c
0000000f00d0278f01c0af9d
0000000f00cfa44101fce3f4
0000000f00cedff50239a64a
0000000f00cdfcb9001a59ac
0000000f00cf0ca100584155
0000000f00cfc2850094dbb3
0000000f00d03ade00d100ae
0000000f00d07f40010cf425
0000000f00d092af0148d3ac
0000000f00d075c30184b54c
0000000f00d0278f01c0af9d
0000000f00cfa44101fce3f4
0000000f00cedff50239a64a
0000000f00cdfcb9001a59ac
0000000f00cf0ca100584155
0000000f00cfc2850094dbb3
0000000f00d03ade00d100ae
0000000f00d07f40010cf425
0000000f00d092af0148d3ac
0000000f00d075c30184b54c
0000000f00d0278f01c0af9d
0000000f00cfa44101fce3f4
0000000f00cedff50239a64a
0000000f00cdfcb9001a59ac
0000000f00cf0ca100584155
0000000f00cfc2850094dbb3
0000000f00d03ade00d100ae
0000000f00d07f40010cf425
0000000f00d092af0148d3ac
0000000f00d075c30184b54c
0000000f00d0278f01c0af9d
0000000f00cfa44101fce3f4
0000000f00cedff50239a64a
0000000f00cdfcb9001a59ac
0000000f00cf0ca100584155
0000000f00cfc2850094dbb3
0000000f00d03ade00d100ae
0000000f00d07f40010cf425
0000000f00d092af0148d3ac
0000000f00d075c30184b54c
0000000f00d0278f01c0af9d
0000000f00cfa44101fce3f4
0000000f00cedff50239a64a
0000000f00cef8ef001a5457
0000000f00d0031800583ca6
0000000f00d0b52b0094d81c
0000000f00d12b0200d0fe51
0000000f00d16df8010cf306
0000000f00d181000148d3cb
0000000f00d164ae0184b6a9
0000000f00d1181a01c0b239
0000000f00d0978a01fce7c5
0000000f00cfd75d0239ab26
0000000f00cef8ef001a5457
0000000f00d0031800583ca6
0000000f00d0b52b0094d81c
0000000f00d12b0200d0fe51
0000000f00d16df8010cf306
0000000f00d181000148d3cb
0000000f00d164ae0184b6a9
0000000f00d1181a01c0b239
0000000f00d0978a01fce7c5
0000000f00cfd75d0239ab26
0000000f00cef8ef001a5457
0000000f00d0031800583ca6
0000000f00d0b52b0094d81c
0000000f00d12b0200d0fe51
0000000f00d16df8010cf306
0000000f00d181000148d3cb
0000000f00d164ae0184b6a9
0000000f00d1181a01c0b239
0000000f00d0978a01fce7c5
0000000f00cfd75d0239ab26
0000000f00cef8ef001a5457
0000000f00d0031800583ca6
0000000f00d0b52b0094d81c
0000000f00d12b0200d0fe51
0000000f00d16df8010cf306
0000000f00d181000148d3cb
0000000f00d164ae0184b6a9
0000000f00d1181a01c0b239
0000000f00d0978a01fce7c5
0000000f00cfd75d0239ab26
0000000f00cef8ef001a5457
0000000f00d0031800583ca6
0000000f00d0b52b0094d81c
0000000f00d12b0200d0fe51
0000000f00d16df8010cf306
0000000f00d181000148d3cb
0000000f00d164ae0184b6a9
0000000f00d1181a01c0b239
0000000f00d0978a01fce7c5
0000000f00cfd75d0239ab26
0000000f00cef8ef001a5457
0000000f00d0031800583ca6
0000000f00d0b52b0094d81c
0000000f00d12b0200d0fe51
0000000f00d16df8010cf306
0000000f00d181000148d3cb
0000000f00d164ae0184b6a9
0000000f00d1181a01c0b239
0000000f00d0978a01fce7c5
0000000f00cfd75d0239ab26
0000000f00cff532001a4f1f
0000000f00d0f99d00583810
0000000f00d1a7e00094d499
0000000f00d21b3400d0fc00
0000000f00d25cbf010cf1ed
0000000f00d26f5f0148d3e9
0000000f00d253a70184b7ff
0000000f00d208b401c0b4c7
0000000f00d18ae101fceb83
0000000f00d0ced20239afe9
0000000f00cff532001a4f1f
0000000f00d0f99d00583810
0000000f00d1a7e00094d499
0000000f00d21b3400d0fc00
0000000f00d25cbf010cf1ed
0000000f00d26f5f0148d3e9
0000000f00d253a70184b7ff
0000000f00d208b401c0b4c7
0000000f00d18ae101fceb83
0000000f00d0ced20239afe9
0000000f00cff532001a4f1f
0000000f00d0f99d00583810
0000000f00d1a7e00094d499
0000000f00d21b3400d0fc00
0000000f00d25cbf010cf1ed
0000000f00d26f5f0148d3e9
0000000f00d253a70184b7ff
0000000f00d208b401c0b4c7
0000000f00d18ae101fceb83
0000000f00d0ced20239afe9
0000000f00cff532001a4f1f
0000000f00d0f99d00583810
0000000f00d1a7e00094d499
0000000f00d21b3400d0fc00
0000000f00d25cbf010cf1ed
0000000f00d26f5f0148d3e9
0000000f00d253a70184b7ff
0000000f00d208b401c0b4c7
0000000f00d18ae101fceb83
0000000f00d0ced20239afe9
0000000f00cff532001a4f1f
0000000f00d0f99d00583810
0000000f00d1a7e00094d499
0000000f00d21b3400d0fc00
0000000f00d25cbf010cf1ed
0000000f00d26f5f0148d3e9
0000000f00d253a70184b7ff
0000000f00d208b401c0b4c7
0000000f00d18ae101fceb83
0000000f00d0ced20239afe9
0000000f00cff532001a4f1f
0000000f00d0f99d00583810
0000000f00d1a7e00094d499
0000000f00d21b3400d0fc00
0000000f00d25cbf010cf1ed
0000000f00d26f5f0148d3e9
0000000f00d253a70184b7ff
0000000f00d208b401c0b4c7
0000000f00d18ae101fceb83
0000000f00d0ced20239afe9
0000000f00d0f183001a4a02
0000000f00d1f03000583392
0000000f00d29aa40094d128
0000000f00d30b7600d0f9bc
0000000f00d34b94010cf0db
0000000f00d35dcd0148d407
0000000f00d342ae0184b94e
0000000f00d2f95c01c0b747
0000000f00d27e4601fcef2c
0000000f00d1c6560239b493
0000000f00d0f183001a4a02
0000000f00d1f03000583392
0000000f00d29aa40094d128
0000000f00d30b7600d0f9bc
0000000f00d34b94010cf0db
0000000f00d35dcd0148d407
0000000f00d342ae0184b94e
0000000f00d2f95c01c0b747
0000000f00d27e4601fcef2c
0000000f00d1c6560239b493
0000000f00d0f183001a4a02
0000000f00d1f03000583392
0000000f00d29aa40094d128
0000000f00d30b7600d0f9bc
0000000f00d34b94010cf0db
0000000f00d35dcd0148d407
0000000f00d342ae0184b94e
0000000f00d2f95c01c0b747
0000000f00d27e4601fcef2c
0000000f00d1c6560239b493
0000000f00d0f183001a4a02
0000000f00d1f03000583392
0000000f00d29aa40094d128
0000000f00d30b7600d0f9bc
0000000f00d34b94010cf0db
0000000f00d35dcd0148d407
0000000f00d342ae0184b94e
0000000f00d2f95c01c0b747
0000000f00d27e4601fcef2c
0000000f00d1c6560239b493
0000000f00d0f183001a4a02
0000000f00d1f03000583392
0000000f00d29aa40094d128
0000000f00d30b7600d0f9bc
0000000f00d34b94010cf0db
0000000f00d35dcd0148d407
0000000f00d342ae0184b94e
0000000f00d2f95c01c0b747
0000000f00d27e4601fcef2c
0000000f00d1c6560239b493
0000000f00d0f183001a4a02
0000000f00d1f03000583392
0000000f00d29aa40094d128
0000000f00d30b7600d0f9bc
0000000f00d34b94010cf0db
0000000f00d35dcd0148d407
0000000f00d342ae0184b94e
0000000f00d2f95c01c0b747
0000000f00d27e4601fcef2c
0000000f00d1c6560239b493
0000000f00d1ede0001a4502
0000000f00d2e6d100582f2e
0000000f00d38d760094cdca
0000000f00d3fbc500d0f784
0000000f00d43a77010cefce
0000000f00d44c490148d424
0000000f00d431c40184ba95
0000000f00d3ea1201c0b9b9
0000000f00d371ba01fcf2c1
0000000f00d2bde70239b922
0000000f00d1ede0001a4502
0000000f00d2e6d100582f2e
0000000f00d38d760094cdca
0000000f00d3fbc500d0f784
0000000f00d43a77010cefce
0000000f00d44c490148d424
0000000f00d431c40184ba95
0000000f00d3ea1201c0b9b9
0000000f00d371ba01fcf2c1
0000000f00d2bde70239b922
0000000f00d1ede0001a4502
0000000f00d2e6d100582f2e
0000000f00d38d760094cdca
0000000f00d3fbc500d0f784
0000000f00d43a77010cefce
0000000f00d44c490148d424
0000000f00d431c40184ba95
0000000f00d3ea1201c0b9b9
0000000f00d371ba01fcf2c1
0000000f00d2bde70239b922
0000000f00d1ede0001a4502
0000000f00d2e6d100582f2e
0000000f00d38d760094cdca
0000000f00d3fbc500d0f784
0000000f00d43a77010cefce
0000000f00d44c490148d424
0000000f00d431c40184ba95
0000000f00d3ea1201c0b9b9
0000000f00d371ba01fcf2c1
0000000f00d2bde70239b922
0000000f00d1ede0001a4502
0000000f00d2e6d100582f2e
0000000f00d38d760094cdca
0000000f00d3fbc500d0f784
0000000f00d43a77010cefce
0000000f00d44c490148d424
0000000f00d431c40184ba95
0000000f00d3ea1201c0b9b9
0000000f00d371ba01fcf2c1
0000000f00d2bde70239b922
0000000f00d1ede0001a4502
0000000f00d2e6d100582f2e
0000000f00d38d760094cdca
0000000f00d3fbc500d0f784
0000000f00d43a77010cefce
0000000f00d44c490148d424
0000000f00d431c40184ba95
0000000f00d3ea1201c0b9b9
0000000f00d371ba01fcf2c1
0000000f00d2bde70239b922
0000000f00d2ea4a001a401d
0000000f00d3dd8000582ae2
0000000f00d480560094ca80
0000000f00d4ec2200d0f559
0000000f00d52968010ceec7
0000000f00d53ad20148d441
0000000f00d520e80184bbd5
0000000f00d4dad601c0bc1d
0000000f00d4653c01fcf641
0000000f00d3b5860239bd98
0000000f00d2ea4a001a401d
0000000f00d3dd8000582ae2
0000000f00d480560094ca80
0000000f00d4ec2200d0f559
0000000f00d52968010ceec7
0000000f00d53ad20148d441
0000000f00d520e80184bbd5
0000000f00d4dad601c0bc1d
0000000f00d4653c01fcf641
0000000f00d3b5860239bd98
0000000f00d2ea4a001a401d
0000000f00d3dd8000582ae2
0000000f00d480560094ca80
0000000f00d4ec2200d0f559
0000000f00d52968010ceec7
0000000f00d53ad20148d441
0000000f00d520e80184bbd5
0000000f00d4dad601c0bc1d
0000000f00d4653c01fcf641
0000000f00d3b5860239bd98
0000000f00d2ea4a001a401d
0000000f00d3dd8000582ae2
0000000f00d480560094ca80
0000000f00d4ec2200d0f559
0000000f00d52968010ceec7
0000000f00d53ad20148d441
0000000f00d520e80184bbd5
0000000f00d4dad601c0bc1d
0000000f00d4653c01fcf641
0000000f00d3b5860239bd98
0000000f00d2ea4a001a401d
0000000f00d3dd8000582ae2
0000000f00d480560094ca80
0000000f00d4ec2200d0f559
0000000f00d52968010ceec7
0000000f00d53ad20148d441
0000000f00d520e80184bbd5
0000000f00d4dad601c0bc1d
0000000f00d4653c01fcf641
0000000f00d3b5860239bd98
0000000f00d2ea4a001a401d
0000000f00d3dd8000582ae2
0000000f00d480560094ca80
0000000f00d4ec2200d0f559
0000000f00d52968010ceec7
0000000f00d53ad20148d441
0000000f00d520e80184bbd5
0000000f00d4dad601c0bc1d
0000000f00d4653c01fcf641
0000000f00d3b5860239bd98
0000000f00d3e6c0001a3b55
0000000f00d4d43c005826af
0000000f00d573430094c749
0000000f00d5dc8d00d0f33a
0000000f00d61867010cedc6
0000000f00d629690148d45d
0000000f00d610190184bd0e
0000000f00d5cba801c0be73
0000000f00d558cb01fcf9ae
0000000f00d4ad330239c1f4
0000000f00d3e6c0001a3b55
0000000f00d4d43c005826af
0000000f00d573430094c749
0000000f00d5dc8d00d0f33a
0000000f00d61867010cedc6
0000000f00d629690148d45d
0000000f00d610190184bd0e
0000000f00d5cba801c0be73
0000000f00d558cb01fcf9ae
0000000f00d4ad330239c1f4
0000000f00d3e6c0001a3b55
0000000f00d4d43c005826af
0000000f00d573430094c749
0000000f00d5dc8d00d0f33a
0000000f00d61867010cedc6
0000000f00d629690148d45d
0000000f00d610190184bd0e
0000000f00d5cba801c0be73
0000000f00d558cb01fcf9ae
0000000f00d4ad330239c1f4
0000000f00d3e6c0001a3b55
0000000f00d4d43c005826af
0000000f00d573430094c749
0000000f00d5dc8d00d0f33a
0000000f00d61867010cedc6
0000000f00d629690148d45d
0000000f00d610190184bd0e
0000000f00d5cba801c0be73
0000000f00d558cb01fcf9ae
0000000f00d4ad330239c1f4
0000000f00d3e6c0001a3b55
0000000f00d4d43c005826af
0000000f00d573430094c749
0000000f00d5dc8d00d0f33a
0000000f00d61867010cedc6
0000000f00d629690148d45d
0000000f00d610190184bd0e
0000000f00d5cba801c0be73
0000000f00d558cb01fcf9ae
0000000f00d4ad330239c1f4
0000000f00d3e6c0001a3b55
0000000f00d4d43c005826af
0000000f00d573430094c749
0000000f00d5dc8d00d0f33a
0000000f00d61867010cedc6
0000000f00d629690148d45d
0000000f00d610190184bd0e
0000000f00d5cba801c0be73
0000000f00d558cb01fcf9ae
0000000f00d4ad330239c1f4
0000000f00d4e342001a36a8
0000000f00d5cb0500582294
0000000f00d6663e0094c424
0000000f00d6cd0500d0f129
0000000f00d70772010ceccb
0000000f00d7180d0148d478
0000000f00d6ff570184be3f
0000000f00d6bc8701c0c0bb
0000000f00d64c6701fcfd06
0000000f00d5a4ec0239c636
0000000f00d4e342001a36a8
0000000f00d5cb0500582294
0000000f00d6663e0094c424
0000000f00d6cd0500d0f129
0000000f00d70772010ceccb
0000000f00d7180d0148d478
0000000f00d6ff570184be3f
0000000f00d6bc8701c0c0bb
0000000f00d64c6701fcfd06
0000000f00d5a4ec0239c636
0000000f00d4e342001a36a8
0000000f00d5cb0500582294
0000000f00d6663e0094c424
0000000f00d6cd0500d0f129
0000000f00d70772010ceccb
0000000f00d7180d0148d478
0000000f00d6ff570184be3f
0000000f00d6bc8701c0c0bb
0000000f00d64c6701fcfd06
0000000f00d5a4ec0239c636
0000000f00d4e342001a36a8
0000000f00d5cb0500582294
0000000f00d6663e0094c424
0000000f00d6cd0500d0f129
0000000f00d70772010ceccb
0000000f00d7180d0148d478
0000000f00d6ff570184be3f
0000000f00d6bc8701c0c0bb
0000000f00d64c6701fcfd06
0000000f00d5a4ec0239c636
0000000f00d4e342001a36a8
0000000f00d5cb0500582294
0000000f00d6663e0094c424
0000000f00d6cd0500d0f129
0000000f00d70772010ceccb
0000000f00d7180d0148d478
0000000f00d6ff570184be3f
0000000f00d6bc8701c0c0bb
0000000f00d64c6701fcfd06
0000000f00d5a4ec0239c636
0000000f00d4e342001a36a8
0000000f00d5cb0500582294
0000000f00d6663e0094c424
0000000f00d6cd0500d0f129
0000000f00d70772010ceccb
0000000f00d7180d0148d478
0000000f00d6ff570184be3f
0000000f00d6bc8701c0c0bb
0000000f00d64c6701fcfd06
0000000f00d5a4ec0239c636
0000000f00d5dfcf001a3218
0000000f00d6c1db00581e93
0000000f00d759450094c113
0000000f00d7bd8a00d0ef23
0000000f00d7f68b010cebd6
0000000f00d806be0148d492
0000000f00d7eea20184bf6a
0000000f00d7ad7301c0c2f6
0000000f00d7401101fd0049
0000000f00d69cb20239ca5f
0000000f00d5dfcf001a3218
0000000f00d6c1db00581e93
0000000f00d759450094c113
0000000f00d7bd8a00d0ef23
0000000f00d7f68b010cebd6
0000000f00d806be0148d492
0000000f00d7eea20184bf6a
0000000f00d7ad7301c0c2f6
0000000f00d7401101fd0049
0000000f00d69cb20239ca5f
0000000f00d5dfcf001a3218
0000000f00d6c1db00581e93
0000000f00d759450094c113
0000000f00d7bd8a00d0ef23
0000000f00d7f68b010cebd6
0000000f00d806be0148d492
0000000f00d7eea20184bf6a
0000000f00d7ad7301c0c2f6
0000000f00d7401101fd0049
0000000f00d69cb20239ca5f
0000000f00d5dfcf001a3218
0000000f00d6c1db00581e93
0000000f00d759450094c113
0000000f00d7bd8a00d0ef23
0000000f00d7f68b010cebd6
0000000f00d806be0148d492
0000000f00d7eea20184bf6a
0000000f00d7ad7301c0c2f6
0000000f00d7401101fd0049
0000000f00d69cb20239ca5f
0000000f00d5dfcf001a3218
0000000f00d6c1db00581e93
0000000f00d759450094c113
0000000f00d7bd8a00d0ef23
0000000f00d7f68b010cebd6
0000000f00d806be0148d492
0000000f00d7eea20184bf6a
0000000f00d7ad7301c0c2f6
0000000f00d7401101fd0049
0000000f00d69cb20239ca5f
0000000f00d5dfcf001a3218
0000000f00d6c1db00581e93
0000000f00d759450094c113
0000000f00d7bd8a00d0ef23
0000000f00d7f68b010cebd6
0000000f00d806be0148d492
0000000f00d7eea20184bf6a
0000000f00d7ad7301c0c2f6
0000000f00d7401101fd0049
0000000f00d69cb20239ca5f
0000000f00d6dc68001a2da4
0000000f00d7b8bd00581aab
0000000f00d84c5a0094be16
0000000f00d8ae1c00d0ed2b
0000000f00d8e5af010ceae7
0000000f00d8f57b0148d4ac
0000000f00d8ddf90184c08d
0000000f00d89e6c01c0c522
0000000f00d833c701fd0378
0000000f00d794840239ce6d
0000000f00d6dc68001a2da4
0000000f00d7b8bd00581aab
0000000f00d84c5a0094be16
0000000f00d8ae1c00d0ed2b
0000000f00d8e5af010ceae7
0000000f00d8f57b0148d4ac
0000000f00d8ddf90184c08d
0000000f00d89e6c01c0c522
0000000f00d833c701fd0378
0000000f00d794840239ce6d
0000000f00d6dc68001a2da4
0000000f00d7b8bd00581aab
0000000f00d84c5a0094be16
0000000f00d8ae1c00d0ed2b
0000000f00d8e5af010ceae7
0000000f00d8f57b0148d4ac
0000000f00d8ddf90184c08d
0000000f00d89e6c01c0c522
0000000f00d833c701fd0378
0000000f00d794840239ce6d
0000000f00d6dc68001a2da4
0000000f00d7b8bd00581aab
0000000f00d84c5a0094be16
0000000f00d8ae1c00d0ed2b
0000000f00d8e5af010ceae7
0000000f00d8f57b0148d4ac
0000000f00d8ddf90184c08d
0000000f00d89e6c01c0c522
0000000f00d833c701fd0378
0000000f00d794840239ce6d
0000000f00d6dc68001a2da4
0000000f00d7b8bd00581aab
0000000f00d84c5a0094be16
0000000f00d8ae1c00d0ed2b
0000000f00d8e5af010ceae7
0000000f00d8f57b0148d4ac
0000000f00d8ddf90184c08d
0000000f00d89e6c01c0c522
0000000f00d833c701fd0378
0000000f00d794840239ce6d
0000000f00d6dc68001a2da4
0000000f00d7b8bd00581aab
0000000f00d84c5a0094be16
0000000f00d8ae1c00d0ed2b
0000000f00d8e5af010ceae7
0000000f00d8f57b0148d4ac
0000000f00d8ddf90184c08d
0000000f00d89e6c01c0c522
0000000f00d833c701fd0378
0000000f00d794840239ce6d
0000000f00d7d90d001a294d
0000000f00d8afac005816dc
0000000f00d93f7a0094bb2b
0000000f00d99eba00d0eb3f
0000000f00d9d4e1010ce9fe
0000000f00d9e4450148d4c5
0000000f00d9cd5d0184c1a8
0000000f00d98f7101c0c740
0000000f00d9278a01fd0693
0000000f00d88c620239d262
0000000f00d7d90d001a294d
0000000f00d8afac005816dc
0000000f00d93f7a0094bb2b
0000000f00d99eba00d0eb3f
0000000f00d9d4e1010ce9fe
0000000f00d9e4450148d4c5
0000000f00d9cd5d0184c1a8
0000000f00d98f7101c0c740
0000000f00d9278a01fd0693
0000000f00d88c620239d262
0000000f00d7d90d001a294d
0000000f00d8afac005816dc
0000000f00d93f7a0094bb2b
0000000f00d99eba00d0eb3f
0000000f00d9d4e1010ce9fe
0000000f00d9e4450148d4c5
0000000f00d9cd5d0184c1a8
0000000f00d98f7101c0c740
0000000f00d9278a01fd0693
0000000f00d88c620239d262
0000000f00d7d90d001a294d
0000000f00d8afac005816dc
0000000f00d93f7a0094bb2b
0000000f00d99eba00d0eb3f
0000000f00d9d4e1010ce9fe
0000000f00d9e4450148d4c5
0000000f00d9cd5d0184c1a8
0000000f00d98f7101c0c740
0000000f00d9278a01fd0693
0000000f00d88c620239d262
0000000f00d7d90d001a294d
0000000f00d8afac005816dc
0000000f00d93f7a0094bb2b
0000000f00d99eba00d0eb3f
0000000f00d9d4e1010ce9fe
0000000f00d9e4450148d4c5
0000000f00d9cd5d0184c1a8
0000000f00d98f7101c0c740
0000000f00d9278a01fd0693
0000000f00d88c620239d262
0000000f00d7d90d001a294d
0000000f00d8afac005816dc
0000000f00d93f7a0094bb2b
0000000f00d99eba00d0eb3f
0000000f00d9d4e1010ce9fe
0000000f00d9e4450148d4c5
0000000f00d9cd5d0184c1a8
0000000f00d98f7101c0c740
0000000f00d9278a01fd0693
0000000f00d88c620239d262
0000000f00d8d5bc001a2512
0000000f00d9a6a600581325
0000000f00da32a70094b853
0000000f00da8f6300d0e960
0000000f00dac41e010ce91b
0000000f00dad31a0148d4de
0000000f00dabccd0184c2bc
0000000f00da808201c0c951
0000000f00da1b5801fd0999
0000000f00d9844c0239d63d
0000000f00d8d5bc001a2512
0000000f00d9a6a600581325
0000000f00da32a70094b853
0000000f00da8f6300d0e960
0000000f00dac41e010ce91b
0000000f00dad31a0148d4de
0000000f00dabccd0184c2bc
0000000f00da808201c0c951
0000000f00da1b5801fd0999
0000000f00d9844c0239d63d
0000000f00d8d5bc001a2512
0000000f00d9a6a600581325
0000000f00da32a70094b853
0000000f00da8f6300d0e960
0000000f00dac41e010ce91b
0000000f00dad31a0148d4de
0000000f00dabccd0184c2bc
0000000f00da808201c0c951
0000000f00da1b5801fd0999
0000000f00d9844c0239d63d
0000000f00d8d5bc001a2512
0000000f00d9a6a600581325
0000000f00da32a70094b853
0000000f00da8f6300d0e960
0000000f00dac41e010ce91b
0000000f00dad31a0148d4de
0000000f00dabccd0184c2bc
0000000f00da808201c0c951
0000000f00da1b5801fd0999
0000000f00d9844c0239d63d
0000000f00d8d5bc001a2512
0000000f00d9a6a600581325
0000000f00da32a70094b853
0000000f00da8f6300d0e960
0000000f00dac41e010ce91b
0000000f00dad31a0148d4de
0000000f00dabccd0184c2bc
0000000f00da808201c0c951
0000000f00da1b5801fd0999
0000000f00d9844c0239d63d
0000000f00d8d5bc001a2512
0000000f00d9a6a600581325
0000000f00da32a70094b853
0000000f00da8f6300d0e960
0000000f00dac41e010ce91b
0000000f00dad31a0148d4de
0000000f00dabccd0184c2bc
0000000f00da808201c0c951
0000000f00da1b5801fd0999
0000000f00d9844c0239d63d
0000000f00d9d276001a20f3
0000000f00da9dac00580f88
0000000f00db25df0094b58f
0000000f00db801900d0e78d
0000000f00dbb366010ce83e
0000000f00dbc1fb0148d4f6
0000000f00dbac480184c3c9
0000000f00db719e01c0cb53
0000000f00db0f3201fd0c8b
0000000f00da7c410239d9fd
0000000f00d9d276001a20f3
0000000f00da9dac00580f88
0000000f00db25df0094b58f
0000000f00db801900d0e78d
0000000f00dbb366010ce83e
0000000f00dbc1fb0148d4f6
0000000f00dbac480184c3c9
0000000f00db719e01c0cb53
0000000f00db0f3201fd0c8b
0000000f00da7c410239d9fd
0000000f00d9d276001a20f3
0000000f00da9dac00580f88
0000000f00db25df0094b58f
0000000f00db801900d0e78d
0000000f00dbb366010ce83e
0000000f00dbc1fb0148d4f6
0000000f00dbac480184c3c9
0000000f00db719e01c0cb53
0000000f00db0f3201fd0c8b
0000000f00da7c410239d9fd
0000000f00d9d276001a20f3
0000000f00da9dac00580f88
0000000f00db25df0094b58f
0000000f00db801900d0e78d
0000000f00dbb366010ce83e
0000000f00dbc1fb0148d4f6
0000000f00dbac480184c3c9
0000000f00db719e01c0cb53
0000000f00db0f3201fd0c8b
0000000f00da7c410239d9fd
0000000f00d9d276001a20f3
0000000f00da9dac00580f88
0000000f00db25df0094b58f
0000000f00db801900d0e78d
0000000f00dbb366010ce83e
0000000f00dbc1fb0148d4f6
0000000f00dbac480184c3c9
0000000f00db719e01c0cb53
0000000f00db0f3201fd0c8b
0000000f00da7c410239d9fd
0000000f00d9d276001a20f3
0000000f00da9dac00580f88
0000000f00db25df0094b58f
0000000f00db801900d0e78d
0000000f00dbb366010ce83e
0000000f00dbc1fb0148d4f6
0000000f00dbac480184c3c9
0000000f00db719e01c0cb53
0000000f00db0f3201fd0c8b
0000000f00da7c410239d9fd
0000000f00dacf3a001a1cf0
0000000f00db94bd00580c04
0000000f00dc19230094b2de
0000000f00dc70da00d0e5c7
0000000f00dca2ba010ce767
0000000f00dcb0e80148d50d
0000000f00dc9bce0184c4cf
0000000f00dc62c601c0cd48
0000000f00dc031801fd0f68
0000000f00db74420239dda4
0000000f00dacf3a001a1cf0
0000000f00db94bd00580c04
0000000f00dc19230094b2de
0000000f00dc70da00d0e5c7
0000000f00dca2ba010ce767
0000000f00dcb0e80148d50d
0000000f00dc9bce0184c4cf
0000000f00dc62c601c0cd48
0000000f00dc031801fd0f68
0000000f00db74420239dda4
0000000f00dacf3a001a1cf0
0000000f00db94bd00580c04
0000000f00dc19230094b2de
0000000f00dc70da00d0e5c7
0000000f00dca2ba010ce767
0000000f00dcb0e80148d50d
0000000f00dc9bce0184c4cf
0000000f00dc62c601c0cd48
0000000f00dc031801fd0f68
0000000f00db74420239dda4
0000000f00dacf3a001a1cf0
0000000f00db94bd00580c04
0000000f00dc19230094b2de
0000000f00dc70da00d0e5c7
0000000f00dca2ba010ce767
0000000f00dcb0e80148d50d
0000000f00dc9bce0184c4cf
0000000f00dc62c601c0cd48
0000000f00dc031801fd0f68
0000000f00db74420239dda4
0000000f00dacf3a001a1cf0
0000000f00db94bd00580c04
0000000f00dc19230094b2de
0000000f00dc70da00d0e5c7
0000000f00dca2ba010ce767
0000000f00dcb0e80148d50d
0000000f00dc9bce0184c4cf
0000000f00dc62c601c0cd48
0000000f00dc031801fd0f68
0000000f00db74420239dda4
0000000f00dacf3a001a1cf0
0000000f00db94bd00580c04
0000000f00dc19230094b2de
0000000f00dc70da00d0e5c7
0000000f00dca2ba010ce767
0000000f00dcb0e80148d50d
0000000f00dc9bce0184c4cf
0000000f00dc62c601c0cd48
0000000f00dc031801fd0f68
0000000f00db74420239dda4
0000000f00dbcc08001a190a
0000000f00dc8bd900580899
0000000f00dd0c720094b041
0000000f00dd61a600d0e40e
0000000f00dd9219010ce697
0000000f00dd9fdf0148d524
0000000f00dd8b600184c5cd
0000000f00dd53f901c0cf2e
0000000f00dcf70801fd1231
0000000f00dc6c4d0239e130
0000000f00dbcc08001a190a
0000000f00dc8bd900580899
0000000f00dd0c720094b041
0000000f00dd61a600d0e40e
0000000f00dd9219010ce697
0000000f00dd9fdf0148d524
0000000f00dd8b600184c5cd
0000000f00dd53f901c0cf2e
0000000f00dcf70801fd1231
0000000f00dc6c4d0239e130
0000000f00dbcc08001a190a
0000000f00dc8bd900580899
0000000f00dd0c720094b041
0000000f00dd61a600d0e40e
0000000f00dd9219010ce697
0000000f00dd9fdf0148d524
0000000f00dd8b600184c5cd
0000000f00dd53f901c0cf2e
0000000f00dcf70801fd1231
0000000f00dc6c4d0239e130
0000000f00dbcc08001a190a
0000000f00dc8bd900580899
0000000f00dd0c720094b041
0000000f00dd61a600d0e40e
0000000f00dd9219010ce697
0000000f00dd9fdf0148d524
0000000f00dd8b600184c5cd
0000000f00dd53f901c0cf2e
0000000f00dcf70801fd1231
0000000f00dc6c4d0239e130
0000000f00dbcc08001a190a
0000000f00dc8bd900580899
0000000f00dd0c720094b041
0000000f00dd61a600d0e40e
0000000f00dd9219010ce697
0000000f00dd9fdf0148d524
0000000f00dd8b600184c5cd
0000000f00dd53f901c0cf2e
0000000f00dcf70801fd1231
0000000f00dc6c4d0239e130
0000000f00dbcc08001a190a
0000000f00dc8bd900580899
0000000f00dd0c720094b041
0000000f00dd61a600d0e40e
0000000f00dd9219010ce697
0000000f00dd9fdf0148d524
0000000f00dd8b600184c5cd
0000000f00dd53f901c0cf2e
0000000f00dcf70801fd1231
0000000f00dc6c4d0239e130
0000000f00dcc8e0001a1541
0000000f00dd830000580547
0000000f00ddffcc0094adb6
0000000f00de527d00d0e262
0000000f00de8183010ce5cc
0000000f00de8ee10148d53a
0000000f00de7afc0184c6c4
0000000f00de453701c0d107
0000000f00ddeb0401fd14e5
0000000f00dd64630239e4a3
0000000f00dcc8e0001a1541
0000000f00dd830000580547
0000000f00ddffcc0094adb6
0000000f00de527d00d0e262
0000000f00de8183010ce5cc
0000000f00de8ee10148d53a
0000000f00de7afc0184c6c4
0000000f00de453701c0d107
0000000f00ddeb0401fd14e5
0000000f00dd64630239e4a3
0000000f00dcc8e0001a1541
0000000f00dd830000580547
0000000f00ddffcc0094adb6
0000000f00de527d00d0e262
0000000f00de8183010ce5cc
0000000f00de8ee10148d53a
0000000f00de7afc0184c6c4
0000000f00de453701c0d107
0000000f00ddeb0401fd14e5
0000000f00dd64630239e4a3
0000000f00dcc8e0001a1541
0000000f00dd830000580547
0000000f00ddffcc0094adb6
0000000f00de527d00d0e262
0000000f00de8183010ce5cc
0000000f00de8ee10148d53a
0000000f00de7afc0184c6c4
0000000f00de453701c0d107
0000000f00ddeb0401fd14e5
0000000f00dd64630239e4a3
0000000f00dcc8e0001a1541
0000000f00dd830000580547
0000000f00ddffcc0094adb6
0000000f00de527d00d0e262
0000000f00de8183010ce5cc
0000000f00de8ee10148d53a
0000000f00de7afc0184c6c4
0000000f00de453701c0d107
0000000f00ddeb0401fd14e5
0000000f00dd64630239e4a3
0000000f00dcc8e0001a1541
0000000f00dd830000580547
0000000f00ddffcc0094adb6
0000000f00de527d00d0e262
0000000f00de8183010ce5cc
0000000f00de8ee10148d53a
0000000f00de7afc0184c6c4
0000000f00de453701c0d107
0000000f00ddeb0401fd14e5
0000000f00dd64630239e4a3
0000000f00ddc5c2001a1194
0000000f00de7a310058020f
0000000f00def3300094ab3f
0000000f00df435e00d0e0c2
0000000f00df70f7010ce507
0000000f00df7ded0148d54f
0000000f00df6aa30184c7b4
0000000f00df367f01c0d2d1
0000000f00dedf0a01fd1785
0000000f00de5c830239e7fb
0000000f00ddc5c2001a1194
0000000f00de7a310058020f
0000000f00def3300094ab3f
0000000f00df435e00d0e0c2
0000000f00df70f7010ce507
0000000f00df7ded0148d54f
0000000f00df6aa30184c7b4
0000000f00df367f01c0d2d1
0000000f00dedf0a01fd1785
0000000f00de5c830239e7fb
0000000f00ddc5c2001a1194
0000000f00de7a310058020f
0000000f00def3300094ab3f
0000000f00df435e00d0e0c2
0000000f00df70f7010ce507
0000000f00df7ded0148d54f
0000000f00df6aa30184c7b4
0000000f00df367f01c0d2d1
0000000f00dedf0a01fd1785
0000000f00de5c830239e7fb
0000000f00ddc5c2001a1194
0000000f00de7a310058020f
0000000f00def3300094ab3f
0000000f00df435e00d0e0c2
0000000f00df70f7010ce507
0000000f00df7ded0148d54f
0000000f00df6aa30184c7b4
0000000f00df367f01c0d2d1
0000000f00dedf0a01fd1785
0000000f00de5c830239e7fb
0000000f00ddc5c2001a1194
0000000f00de7a310058020f
0000000f00def3300094ab3f
0000000f00df435e00d0e0c2
0000000f00df70f7010ce507
0000000f00df7ded0148d54f
0000000f00df6aa30184c7b4
0000000f00df367f01c0d2d1
0000000f00dedf0a01fd1785
0000000f00de5c830239e7fb
0000000f00ddc5c2001a1194
0000000f00de7a310058020f
0000000f00def3300094ab3f
0000000f00df435e00d0e0c2
0000000f00df70f7010ce507
0000000f00df7ded0148d54f
0000000f00df6aa30184c7b4
0000000f00df367f01c0d2d1
0000000f00dedf0a01fd1785
0000000f00de5c830239e7fb
0000000f00dec2ac001a0e04
0000000f00df716c0057feef
0000000f00dfe69e0094a8db
0000000f00e0344900d0df2f
0000000f00e06075010ce448
0000000f00e06d040148d564
0000000f00e05a540184c89c
0000000f00e027d201c0d48d
0000000f00dfd31a01fd1a10
0000000f00df54ad0239eb39
0000000f00dec2ac001a0e04
0000000f00df716c0057feef
0000000f00dfe69e0094a8db
0000000f00e0344900d0df2f
0000000f00e06075010ce448
0000000f00e06d040148d564
0000000f00e05a540184c89c
0000000f00e027d201c0d48d
0000000f00dfd31a01fd1a10
0000000f00df54ad0239eb39
0000000f00dec2ac001a0e04
0000000f00df716c0057feef
0000000f00dfe69e0094a8db
0000000f00e0344900d0df2f
0000000f00e06075010ce448
0000000f00e06d040148d564
0000000f00e05a540184c89c
0000000f00e027d201c0d48d
0000000f00dfd31a01fd1a10
0000000f00df54ad0239eb39
0000000f00dec2ac001a0e04
0000000f00df716c0057feef
0000000f00dfe69e0094a8db
0000000f00e0344900d0df2f
0000000f00e06075010ce448
0000000f00e06d040148d564
0000000f00e05a540184c89c
0000000f00e027d201c0d48d
0000000f00dfd31a01fd1a10
0000000f00df54ad0239eb39
0000000f00dec2ac001a0e04
0000000f00df716c0057feef
0000000f00dfe69e0094a8db
0000000f00e0344900d0df2f
0000000f00e06075010ce448
0000000f00e06d040148d564
0000000f00e05a540184c89c
0000000f00e027d201c0d48d
0000000f00dfd31a01fd1a10
0000000f00df54ad0239eb39
0000000f00dec2ac001a0e04
0000000f00df716c0057feef
0000000f00dfe69e0094a8db
0000000f00e0344900d0df2f
0000000f00e06075010ce448
0000000f00e06d040148d564
0000000f00e05a540184c89c
0000000f00e027d201c0d48d
0000000f00dfd31a01fd1a10
0000000f00df54ad0239eb39
0000000f00dfbfa0001a0a90
0000000f00e068b00057fbe9
0000000f00e0da160094a68b
0000000f00e1253e00d0dda9
0000000f00e14ffd010ce38f
0000000f00e15c240148d578
0000000f00e14a0e0184c97d
0000000f00e1192e01c0d63c
0000000f00e0c73401fd1c87
0000000f00e04ce00239ee5e
0000000f00dfbfa0001a0a90
0000000f00e068b00057fbe9
0000000f00e0da160094a68b
0000000f00e1253e00d0dda9
0000000f00e14ffd010ce38f
0000000f00e15c240148d578
0000000f00e14a0e0184c97d
0000000f00e1192e01c0d63c
0000000f00e0c73401fd1c87
0000000f00e04ce00239ee5e
0000000f00dfbfa0001a0a90
0000000f00e068b00057fbe9
0000000f00e0da160094a68b
0000000f00e1253e00d0dda9
0000000f00e14ffd010ce38f
0000000f00e15c240148d578
0000000f00e14a0e0184c97d
0000000f00e1192e01c0d63c
0000000f00e0c73401fd1c87
0000000f00e04ce00239ee5e
0000000f00dfbfa0001a0a90
0000000f00e068b00057fbe9
0000000f00e0da160094a68b
0000000f00e1253e00d0dda9
0000000f00e14ffd010ce38f
0000000f00e15c240148d578
0000000f00e14a0e0184c97d
0000000f00e1192e01c0d63c
0000000f00e0c73401fd1c87
0000000f00e04ce00239ee5e
0000000f00dfbfa0001a0a90
0000000f00e068b00057fbe9
0000000f00e0da160094a68b
0000000f00e1253e00d0dda9
0000000f00e14ffd010ce38f
0000000f00e15c240148d578
0000000f00e14a0e0184c97d
0000000f00e1192e01c0d63c
0000000f00e0c73401fd1c87
0000000f00e04ce00239ee5e
0000000f00dfbfa0001a0a90
0000000f00e068b00057fbe9
0000000f00e0da160094a68b
0000000f00e1253e00d0dda9
0000000f00e14ffd010ce38f
0000000f00e15c240148d578
0000000f00e14a0e0184c97d
0000000f00e1192e01c0d63c
0000000f00e0c73401fd1c87
0000000f00e04ce00239ee5e
0000000f00e0bc9c001a0739
0000000f00e15ffe0057f8fc
0000000f00e1cd980094a44e
0000000f00e2163d00d0dc30
0000000f00e23f8e010ce2dd
0000000f00e24b4d0148d58b
0000000f00e239d20184ca57
0000000f00e20a9401c0d7dc
0000000f00e1bb5701fd1ee9
0000000f00e1451d0239f167
0000000f00e0bc9c001a0739
0000000f00e15ffe0057f8fc
0000000f00e1cd980094a44e
0000000f00e2163d00d0dc30
0000000f00e23f8e010ce2dd
0000000f00e24b4d0148d58b
0000000f00e239d20184ca57
0000000f00e20a9401c0d7dc
0000000f00e1bb5701fd1ee9
0000000f00e1451d0239f167
0000000f00e0bc9c001a0739
0000000f00e15ffe0057f8fc
0000000f00e1cd980094a44e
0000000f00e2163d00d0dc30
0000000f00e23f8e010ce2dd
0000000f00e24b4d0148d58b
0000000f00e239d20184ca57
0000000f00e20a9401c0d7dc
0000000f00e1bb5701fd1ee9
0000000f00e1451d0239f167
0000000f00e0bc9c001a0739
0000000f00e15ffe0057f8fc
0000000f00e1cd980094a44e
0000000f00e2163d00d0dc30
0000000f00e23f8e010ce2dd
0000000f00e24b4d0148d58b
0000000f00e239d20184ca57
0000000f00e20a9401c0d7dc
0000000f00e1bb5701fd1ee9
0000000f00e1451d0239f167
0000000f00e0bc9c001a0739
0000000f00e15ffe0057f8fc
0000000f00e1cd980094a44e
0000000f00e2163d00d0dc30
0000000f00e23f8e010ce2dd
0000000f00e24b4d0148d58b
0000000f00e239d20184ca57
0000000f00e20a9401c0d7dc
0000000f00e1bb5701fd1ee9
0000000f00e1451d0239f167
0000000f00e0bc9c001a0739
0000000f00e15ffe0057f8fc
0000000f00e1cd980094a44e
0000000f00e2163d00d0dc30
0000000f00e23f8e010ce2dd
0000000f00e24b4d0148d58b
0000000f00e239d20184ca57
0000000f00e20a9401c0d7dc
0000000f00e1bb5701fd1ee9
0000000f00e1451d0239f167
0000000f00e1b9a1001a03ff
0000000f00e257550057f628
0000000f00e2c1230094a224
0000000f00e3074500d0dac3
0000000f00e32f28010ce230
0000000f00e33a7f0148d59e
0000000f00e3299f0184cb29
0000000f00e2fc0301c0d96e
0000000f00e2af8401fd2136
0000000f00e23d630239f457
0000000f00e1b9a1001a03ff
0000000f00e257550057f628
0000000f00e2c1230094a224
0000000f00e3074500d0dac3
0000000f00e32f28010ce230
0000000f00e33a7f0148d59e
0000000f00e3299f0184cb29
0000000f00e2fc0301c0d96e
0000000f00e2af8401fd2136
0000000f00e23d630239f457
0000000f00e1b9a1001a03ff
0000000f00e257550057f628
0000000f00e2c1230094a224
0000000f00e3074500d0dac3
0000000f00e32f28010ce230
0000000f00e33a7f0148d59e
0000000f00e3299f0184cb29
0000000f00e2fc0301c0d96e
0000000f00e2af8401fd2136
0000000f00e23d630239f457
0000000f00e1b9a1001a03ff
0000000f00e257550057f628
0000000f00e2c1230094a224
0000000f00e3074500d0dac3
0000000f00e32f28010ce230
0000000f00e33a7f0148d59e
0000000f00e3299f0184cb29
0000000f00e2fc0301c0d96e
0000000f00e2af8401fd2136
0000000f00e23d630239f457
0000000f00e1b9a1001a03ff
0000000f00e257550057f628
0000000f00e2c1230094a224
0000000f00e3074500d0dac3
0000000f00e32f28010ce230
0000000f00e33a7f0148d59e
0000000f00e3299f0184cb29
0000000f00e2fc0301c0d96e
0000000f00e2af8401fd2136
0000000f00e23d630239f457
0000000f00e1b9a1001a03ff
0000000f00e257550057f628
0000000f00e2c1230094a224
0000000f00e3074500d0dac3
0000000f00e32f28010ce230
0000000f00e33a7f0148d59e
0000000f00e3299f0184cb29
0000000f00e2fc0301c0d96e
0000000f00e2af8401fd2136
0000000f00e23d630239f457
0000000f00e2b6ae001a00e2
0000000f00e34eb50057f36d
0000000f00e3b4b70094a00d
0000000f00e3f85500d0d963
0000000f00e41ecc010ce189
0000000f00e429bb0148d5b0
0000000f00e419750184cbf4
0000000f00e3ed7a01c0daf2
0000000f00e3a3b901fd236f
0000000f00e335b20239f72c
0000000f00e2b6ae001a00e2
0000000f00e34eb50057f36d
0000000f00e3b4b70094a00d
0000000f00e3f85500d0d963
0000000f00e41ecc010ce189
0000000f00e429bb0148d5b0
0000000f00e419750184cbf4
0000000f00e3ed7a01c0daf2
0000000f00e3a3b901fd236f
0000000f00e335b20239f72c
0000000f00e2b6ae001a00e2
0000000f00e34eb50057f36d
0000000f00e3b4b70094a00d
0000000f00e3f85500d0d963
0000000f00e41ecc010ce189
0000000f00e429bb0148d5b0
0000000f00e419750184cbf4
0000000f00e3ed7a01c0daf2
0000000f00e3a3b901fd236f
0000000f00e335b20239f72c
0000000f00e2b6ae001a00e2
0000000f00e34eb50057f36d
0000000f00e3b4b70094a00d
0000000f00e3f85500d0d963
0000000f00e41ecc010ce189
0000000f00e429bb0148d5b0
0000000f00e419750184cbf4
0000000f00e3ed7a01c0daf2
0000000f00e3a3b901fd236f
0000000f00e335b20239f72c
0000000f00e2b6ae001a00e2
0000000f00e34eb50057f36d
0000000f00e3b4b70094a00d
0000000f00e3f85500d0d963
0000000f00e41ecc010ce189
0000000f00e429bb0148d5b0
0000000f00e419750184cbf4
0000000f00e3ed7a01c0daf2
0000000f00e3a3b901fd236f
0000000f00e335b20239f72c
0000000f00e2b6ae001a00e2
0000000f00e34eb50057f36d
0000000f00e3b4b70094a00d
0000000f00e3f85500d0d963
0000000f00e41ecc010ce189
0000000f00e429bb0148d5b0
0000000f00e419750184cbf4
0000000f00e3ed7a01c0daf2
0000000f00e3a3b901fd236f
0000000f00e335b20239f72c
0000000f00e3b3c20019fde1
0000000f00e4461e0057f0cc
0000000f00e4a85300949e0a
0000000f00e4e96e00d0d810
0000000f00e50e77010ce0e9
0000000f00e518fe0148d5c2
0000000f00e509530184ccb7
0000000f00e4defb01c0dc68
0000000f00e497f701fd2593
0000000f00e42e090239f9e8
0000000f00e3b3c20019fde1
0000000f00e4461e0057f0cc
0000000f00e4a85300949e0a
0000000f00e4e96e00d0d810
0000000f00e50e77010ce0e9
0000000f00e518fe0148d5c2
0000000f00e509530184ccb7
0000000f00e4defb01c0dc68
0000000f00e497f701fd2593
0000000f00e42e090239f9e8
0000000f00e3b3c20019fde1
0000000f00e4461e0057f0cc
0000000f00e4a85300949e0a
0000000f00e4e96e00d0d810
0000000f00e50e77010ce0e9
0000000f00e518fe0148d5c2
0000000f00e509530184ccb7
0000000f00e4defb01c0dc68
0000000f00e497f701fd2593
0000000f00e42e090239f9e8
0000000f00e3b3c20019fde1
0000000f00e4461e0057f0cc
0000000f00e4a85300949e0a
0000000f00e4e96e00d0d810
0000000f00e50e77010ce0e9
0000000f00e518fe0148d5c2
0000000f00e509530184ccb7
0000000f00e4defb01c0dc68
0000000f00e497f701fd2593
0000000f00e42e090239f9e8
0000000f00e3b3c20019fde1
0000000f00e4461e0057f0cc
0000000f00e4a85300949e0a
0000000f00e4e96e00d0d810
0000000f00e50e77010ce0e9
0000000f00e518fe0148d5c2
0000000f00e509530184ccb7
0000000f00e4defb01c0dc68
0000000f00e497f701fd2593
0000000f00e42e090239f9e8
0000000f00e3b3c20019fde1
0000000f00e4461e0057f0cc
0000000f00e4a85300949e0a
0000000f00e4e96e00d0d810
0000000f00e50e77010ce0e9
0000000f00e518fe0148d5c2
0000000f00e509530184ccb7
0000000f00e4defb01c0dc68
0000000f00e497f701fd2593
0000000f00e42e090239f9e8
0000000f00e4b0de0019fafe
0000000f00e53d8e0057ee44
0000000f00e59bf800949c1b
0000000f00e5da9000d0d6ca
0000000f00e5fe2b010ce04e
0000000f00e6084a0148d5d2
0000000f00e5f93a0184cd73
0000000f00e5d08301c0ddd0
0000000f00e58c3e01fd27a3
0000000f00e526680239fc88
0000000f00e4b0de0019fafe
0000000f00e53d8e0057ee44
0000000f00e59bf800949c1b
0000000f00e5da9000d0d6ca
0000000f00e5fe2b010ce04e
0000000f00e6084a0148d5d2
0000000f00e5f93a0184cd73
0000000f00e5d08301c0ddd0
0000000f00e58c3e01fd27a3
0000000f00e526680239fc88
0000000f00e4b0de0019fafe
0000000f00e53d8e0057ee44
0000000f00e59bf800949c1b
0000000f00e5da9000d0d6ca
0000000f00e5fe2b010ce04e
0000000f00e6084a0148d5d2
0000000f00e5f93a0184cd73
0000000f00e5d08301c0ddd0
0000000f00e58c3e01fd27a3
0000000f00e526680239fc88
0000000f00e4b0de0019fafe
0000000f00e53d8e0057ee44
0000000f00e59bf800949c1b
0000000f00e5da9000d0d6ca
0000000f00e5fe2b010ce04e
0000000f00e6084a0148d5d2
0000000f00e5f93a0184cd73
0000000f00e5d08301c0ddd0
0000000f00e58c3e01fd27a3
0000000f00e526680239fc88
0000000f00e4b0de0019fafe
0000000f00e53d8e0057ee44
0000000f00e59bf800949c1b
0000000f00e5da9000d0d6ca
0000000f00e5fe2b010ce04e
0000000f00e6084a0148d5d2
0000000f00e5f93a0184cd73
0000000f00e5d08301c0ddd0
0000000f00e58c3e01fd27a3
0000000f00e526680239fc88
0000000f00e4b0de0019fafe
0000000f00e53d8e0057ee44
0000000f00e59bf800949c1b
0000000f00e5da9000d0d6ca
0000000f00e5fe2b010ce04e
0000000f00e6084a0148d5d2
0000000f00e5f93a0184cd73
0000000f00e5d08301c0ddd0
0000000f00e58c3e01fd27a3
0000000f00e526680239fc88
0000000f00e5ae020019f837
0000000f00e635060057ebd6
0000000f00e68fa400949a3f
0000000f00e6cbb900d0d590
0000000f00e6ede7010cdfba
0000000f00e6f79e0148d5e2
0000000f00e6e9280184ce28
0000000f00e6c21401c0df2a
0000000f00e6808c01fd299e
0000000f00e61ece0239ff0f
0000000f00e5ae020019f837
0000000f00e635060057ebd6
0000000f00e68fa400949a3f
0000000f00e6cbb900d0d590
0000000f00e6ede7010cdfba
0000000f00e6f79e0148d5e2
0000000f00e6e9280184ce28
0000000f00e6c21401c0df2a
0000000f00e6808c01fd299e
0000000f00e61ece0239ff0f
0000000f00e5ae020019f837
0000000f00e635060057ebd6
0000000f00e68fa400949a3f
0000000f00e6cbb900d0d590
0000000f00e6ede7010cdfba
0000000f00e6f79e0148d5e2
0000000f00e6e9280184ce28
0000000f00e6c21401c0df2a
0000000f00e6808c01fd299e
0000000f00e61ece0239ff0f
0000000f00e5ae020019f837
0000000f00e635060057ebd6
0000000f00e68fa400949a3f
0000000f00e6cbb900d0d590
0000000f00e6ede7010cdfba
0000000f00e6f79e0148d5e2
0000000f00e6e9280184ce28
0000000f00e6c21401c0df2a
0000000f00e6808c01fd299e
0000000f00e61ece0239ff0f
0000000f00e5ae020019f837
0000000f00e635060057ebd6
0000000f00e68fa400949a3f
0000000f00e6cbb900d0d590
0000000f00e6ede7010cdfba
0000000f00e6f79e0148d5e2
0000000f00e6e9280184ce28
0000000f00e6c21401c0df2a
0000000f00e6808c01fd299e
0000000f00e61ece0239ff0f
0000000f00e5ae020019f837
0000000f00e635060057ebd6
0000000f00e68fa400949a3f
0000000f00e6cbb900d0d590
0000000f00e6ede7010cdfba
0000000f00e6f79e0148d5e2
0000000f00e6e9280184ce28
0000000f00e6c21401c0df2a
0000000f00e6808c01fd299e
0000000f00e61ece0239ff0f
0000000f00e6ab2c0019f58d
0000000f00e72c860057e981
0000000f00e7835800949876
0000000f00e7bcea00d0d464
0000000f00e7ddaa010cdf2c
0000000f00e7e6f90148d5f2
0000000f00e7d91e0184ced5
0000000f00e7b3ac01c0e076
0000000f00e774e201fd2b84
0000000f00e7173d023a017b
0000000f00e6ab2c0019f58d
0000000f00e72c860057e981
0000000f00e7835800949876
0000000f00e7bcea00d0d464
0000000f00e7ddaa010cdf2c
0000000f00e7e6f90148d5f2
0000000f00e7d91e0184ced5
0000000f00e7b3ac01c0e076
0000000f00e774e201fd2b84
0000000f00e7173d023a017b
0000000f00e6ab2c0019f58d
0000000f00e72c860057e981
0000000f00e7835800949876
0000000f00e7bcea00d0d464
0000000f00e7ddaa010cdf2c
0000000f00e7e6f90148d5f2
0000000f00e7d91e0184ced5
0000000f00e7b3ac01c0e076
0000000f00e774e201fd2b84
0000000f00e7173d023a017b
0000000f00e6ab2c0019f58d
0000000f00e72c860057e981
0000000f00e7835800949876
0000000f00e7bcea00d0d464
0000000f00e7ddaa010cdf2c
0000000f00e7e6f90148d5f2
0000000f00e7d91e0184ced5
0000000f00e7b3ac01c0e076
0000000f00e774e201fd2b84
0000000f00e7173d023a017b
0000000f00e6ab2c0019f58d
0000000f00e72c860057e981
0000000f00e7835800949876
0000000f00e7bcea00d0d464
0000000f00e7ddaa010cdf2c
0000000f00e7e6f90148d5f2
0000000f00e7d91e0184ced5
0000000f00e7b3ac01c0e076
0000000f00e774e201fd2b84
0000000f00e7173d023a017b
0000000f00e6ab2c0019f58d
0000000f00e72c860057e981
0000000f00e7835800949876
0000000f00e7bcea00d0d464
0000000f00e7ddaa010cdf2c
0000000f00e7e6f90148d5f2
0000000f00e7d91e0184ced5
0000000f00e7b3ac01c0e076
0000000f00e774e201fd2b84
0000000f00e7173d023a017b
0000000f00e7a85d0019f300
0000000f00e8240d0057e745
0000000f00e87714009496c1
0000000f00e8ae2200d0d344
0000000f00e8cd74010cdea3
0000000f00e8d65c0148d601
0000000f00e8c91b0184cf7b
0000000f00e8a54c01c0e1b3
0000000f00e8693f01fd2d55
0000000f00e80fb2023a03cd
0000000f00e7a85d0019f300
0000000f00e8240d0057e745
0000000f00e87714009496c1
0000000f00e8ae2200d0d344
0000000f00e8cd74010cdea3
0000000f00e8d65c0148d601
0000000f00e8c91b0184cf7b
0000000f00e8a54c01c0e1b3
0000000f00e8693f01fd2d55
0000000f00e80fb2023a03cd
0000000f00e7a85d0019f300
0000000f00e8240d0057e745
0000000f00e87714009496c1
0000000f00e8ae2200d0d344
0000000f00e8cd74010cdea3
0000000f00e8d65c0148d601
0000000f00e8c91b0184cf7b
0000000f00e8a54c01c0e1b3
0000000f00e8693f01fd2d55
0000000f00e80fb2023a03cd
0000000f00e7a85d0019f300
0000000f00e8240d0057e745
0000000f00e87714009496c1
0000000f00e8ae2200d0d344
0000000f00e8cd74010cdea3
0000000f00e8d65c0148d601
0000000f00e8c91b0184cf7b
0000000f00e8a54c01c0e1b3
0000000f00e8693f01fd2d55
0000000f00e80fb2023a03cd
0000000f00e7a85d0019f300
0000000f00e8240d0057e745
0000000f00e87714009496c1
0000000f00e8ae2200d0d344
0000000f00e8cd74010cdea3
0000000f00e8d65c0148d601
0000000f00e8c91b0184cf7b
0000000f00e8a54c01c0e1b3
0000000f00e8693f01fd2d55
0000000f00e80fb2023a03cd
0000000f00e7a85d0019f300
0000000f00e8240d0057e745
0000000f00e87714009496c1
0000000f00e8ae2200d0d344
0000000f00e8cd74010cdea3
0000000f00e8d65c0148d601
0000000f00e8c91b0184cf7b
0000000f00e8a54c01c0e1b3
0000000f00e8693f01fd2d55
0000000f00e80fb2023a03cd
0000000f00e8a5940019f090
0000000f00e91b9b0057e523
0000000f00e96ad70094951f
0000000f00e99f6100d0d230
0000000f00e9bd46010cde21
0000000f00e9c5c50148d60f
0000000f00e9b9200184d01a
0000000f00e996f201c0e2e3
0000000f00e95da401fd2f12
0000000f00e9082e023a0604
0000000f00e8a5940019f090
0000000f00e91b9b0057e523
0000000f00e96ad70094951f
0000000f00e99f6100d0d230
0000000f00e9bd46010cde21
0000000f00e9c5c50148d60f
0000000f00e9b9200184d01a
0000000f00e996f201c0e2e3
0000000f00e95da401fd2f12
0000000f00e9082e023a0604
0000000f00e8a5940019f090
0000000f00e91b9b0057e523
0000000f00e96ad70094951f
0000000f00e99f6100d0d230
0000000f00e9bd46010cde21
0000000f00e9c5c50148d60f
0000000f00e9b9200184d01a
0000000f00e996f201c0e2e3
0000000f00e95da401fd2f12
0000000f00e9082e023a0604
0000000f00e8a5940019f090
0000000f00e91b9b0057e523
0000000f00e96ad70094951f
0000000f00e99f6100d0d230
0000000f00e9bd46010cde21
0000000f00e9c5c50148d60f
0000000f00e9b9200184d01a
0000000f00e996f201c0e2e3
0000000f00e95da401fd2f12
0000000f00e9082e023a0604
0000000f00e8a5940019f090
0000000f00e91b9b0057e523
0000000f00e96ad70094951f
0000000f00e99f6100d0d230
0000000f00e9bd46010cde21
0000000f00e9c5c50148d60f
0000000f00e9b9200184d01a
0000000f00e996f201c0e2e3
0000000f00e95da401fd2f12
0000000f00e9082e023a0604
0000000f00e8a5940019f090
0000000f00e91b9b0057e523
0000000f00e96ad70094951f
0000000f00e99f6100d0d230
0000000f00e9bd46010cde21
0000000f00e9c5c50148d60f
0000000f00e9b9200184d01a
0000000f00e996f201c0e2e3
0000000f00e95da401fd2f12
0000000f00e9082e023a0604
0000000f00e9a2d20019ee3c
0000000f00ea132f0057e31a
0000000f00ea5ea000949390
0000000f00ea90a700d0d12a
0000000f00eaad1e010cdda5
0000000f00eab5350148d61c
0000000f00eaa92a0184d0b1
0000000f00ea889f01c0e404
0000000f00ea520f01fd30ba
0000000f00ea00b1023a0821
0000000f00e9a2d20019ee3c
0000000f00ea132f0057e31a
0000000f00ea5ea000949390
0000000f00ea90a700d0d12a
0000000f00eaad1e010cdda5
0000000f00eab5350148d61c
0000000f00eaa92a0184d0b1
0000000f00ea889f01c0e404
0000000f00ea520f01fd30ba
0000000f00ea00b1023a0821
0000000f00e9a2d20019ee3c
0000000f00ea132f0057e31a
0000000f00ea5ea000949390
0000000f00ea90a700d0d12a
0000000f00eaad1e010cdda5
0000000f00eab5350148d61c
0000000f00eaa92a0184d0b1
0000000f00ea889f01c0e404
0000000f00ea520f01fd30ba
0000000f00ea00b1023a0821
0000000f00e9a2d20019ee3c
0000000f00ea132f0057e31a
0000000f00ea5ea000949390
0000000f00ea90a700d0d12a
0000000f00eaad1e010cdda5
0000000f00eab5350148d61c
0000000f00eaa92a0184d0b1
0000000f00ea889f01c0e404
0000000f00ea520f01fd30ba
0000000f00ea00b1023a0821
0000000f00e9a2d20019ee3c
0000000f00ea132f0057e31a
0000000f00ea5ea000949390
0000000f00ea90a700d0d12a
0000000f00eaad1e010cdda5
0000000f00eab5350148d61c
0000000f00eaa92a0184d0b1
0000000f00ea889f01c0e404
0000000f00ea520f01fd30ba
0000000f00ea00b1023a0821
0000000f00e9a2d20019ee3c
0000000f00ea132f0057e31a
0000000f00ea5ea000949390
0000000f00ea90a700d0d12a
0000000f00eaad1e010cdda5
0000000f00eab5350148d61c
0000000f00eaa92a0184d0b1
0000000f00ea889f01c0e404
0000000f00ea520f01fd30ba
0000000f00ea00b1023a0821
0000000f00eaa0150019ec06
0000000f00eb0aca0057e12a
0000000f00eb526f00949215
0000000f00eb81f300d0d031
0000000f00eb9cfc010cdd2f
0000000f00eba4ac0148d629
0000000f00eb993b0184d141
0000000f00eb7a5301c0e517
0000000f00eb468001fd324e
0000000f00eaf93a023a0a24
0000000f00eaa0150019ec06
0000000f00eb0aca0057e12a
0000000f00eb526f00949215
0000000f00eb81f300d0d031
0000000f00eb9cfc010cdd2f
0000000f00eba4ac0148d629
0000000f00eb993b0184d141
0000000f00eb7a5301c0e517
0000000f00eb468001fd324e
0000000f00eaf93a023a0a24
0000000f00eaa0150019ec06
0000000f00eb0aca0057e12a
0000000f00eb526f00949215
0000000f00eb81f300d0d031
0000000f00eb9cfc010cdd2f
0000000f00eba4ac0148d629
0000000f00eb993b0184d141
0000000f00eb7a5301c0e517
0000000f00eb468001fd324e
0000000f00eaf93a023a0a24
0000000f00eaa0150019ec06
0000000f00eb0aca0057e12a
0000000f00eb526f00949215
0000000f00eb81f300d0d031
0000000f00eb9cfc010cdd2f
0000000f00eba4ac0148d629
0000000f00eb993b0184d141
0000000f00eb7a5301c0e517
0000000f00eb468001fd324e
0000000f00eaf93a023a0a24
0000000f00eaa0150019ec06
0000000f00eb0aca0057e12a
0000000f00eb526f00949215
0000000f00eb81f300d0d031
0000000f00eb9cfc010cdd2f
0000000f00eba4ac0148d629
0000000f00eb993b0184d141
0000000f00eb7a5301c0e517
0000000f00eb468001fd324e
0000000f00eaf93a023a0a24
0000000f00eaa0150019ec06
0000000f00eb0aca0057e12a
0000000f00eb526f00949215
0000000f00eb81f300d0d031
0000000f00eb9cfc010cdd2f
0000000f00eba4ac0148d629
0000000f00eb993b0184d141
0000000f00eb7a5301c0e517
0000000f00eb468001fd324e
0000000f00eaf93a023a0a24
0000000f00eb9d5d0019e9ed
0000000f00ec026b0057df54
0000000f00ec4645009490ae
0000000f00ec734600d0cf44
0000000f00ec8ce0010cdcbf
0000000f00ec94280148d635
0000000f00ec89520184d1c9
0000000f00ec6c0c01c0e61c
0000000f00ec3af701fd33cc
0000000f00ebf1c9023a0c0c
0000000f00eb9d5d0019e9ed
0000000f00ec026b0057df54
0000000f00ec4645009490ae
0000000f00ec734600d0cf44
0000000f00ec8ce0010cdcbf
0000000f00ec94280148d635
0000000f00ec89520184d1c9
0000000f00ec6c0c01c0e61c
0000000f00ec3af701fd33cc
0000000f00ebf1c9023a0c0c
0000000f00eb9d5d0019e9ed
0000000f00ec026b0057df54
0000000f00ec4645009490ae
0000000f00ec734600d0cf44
0000000f00ec8ce0010cdcbf
0000000f00ec94280148d635
0000000f00ec89520184d1c9
0000000f00ec6c0c01c0e61c
0000000f00ec3af701fd33cc
0000000f00ebf1c9023a0c0c
0000000f00eb9d5d0019e9ed
0000000f00ec026b0057df54
0000000f00ec4645009490ae
0000000f00ec734600d0cf44
0000000f00ec8ce0010cdcbf
0000000f00ec94280148d635
0000000f00ec89520184d1c9
0000000f00ec6c0c01c0e61c
0000000f00ec3af701fd33cc
0000000f00ebf1c9023a0c0c
0000000f00eb9d5d0019e9ed
0000000f00ec026b0057df54
0000000f00ec4645009490ae
0000000f00ec734600d0cf44
0000000f00ec8ce0010cdcbf
0000000f00ec94280148d635
0000000f00ec89520184d1c9
0000000f00ec6c0c01c0e61c
0000000f00ec3af701fd33cc
0000000f00ebf1c9023a0c0c
0000000f00eb9d5d0019e9ed
0000000f00ec026b0057df54
0000000f00ec4645009490ae
0000000f00ec734600d0cf44
0000000f00ec8ce0010cdcbf
0000000f00ec94280148d635
0000000f00ec89520184d1c9
0000000f00ec6c0c01c0e61c
0000000f00ec3af701fd33cc
0000000f00ebf1c9023a0c0c
0000000f00ec9aab0019e7f1
0000000f00ecfa110057dd97
0000000f00ed3a2000948f5a
0000000f00ed649e00d0ce64
0000000f00ed7cca010cdc55
0000000f00ed83aa0148d641
0000000f00ed796f0184d24a
0000000f00ed5dcb01c0e713
0000000f00ed2f7401fd3536
0000000f00ecea5d023a0dda
0000000f00ec9aab0019e7f1
0000000f00ecfa110057dd97
0000000f00ed3a2000948f5a
0000000f00ed649e00d0ce64
0000000f00ed7cca010cdc55
0000000f00ed83aa0148d641
0000000f00ed796f0184d24a
0000000f00ed5dcb01c0e713
0000000f00ed2f7401fd3536
0000000f00ecea5d023a0dda
0000000f00ec9aab0019e7f1
0000000f00ecfa110057dd97
0000000f00ed3a2000948f5a
0000000f00ed649e00d0ce64
0000000f00ed7cca010cdc55
0000000f00ed83aa0148d641
0000000f00ed796f0184d24a
0000000f00ed5dcb01c0e713
0000000f00ed2f7401fd3536
0000000f00ecea5d023a0dda
0000000f00ec9aab0019e7f1
0000000f00ecfa110057dd97
0000000f00ed3a2000948f5a
0000000f00ed649e00d0ce64
0000000f00ed7cca010cdc55
0000000f00ed83aa0148d641
0000000f00ed796f0184d24a
0000000f00ed5dcb01c0e713
0000000f00ed2f7401fd3536
0000000f00ecea5d023a0dda
0000000f00ec9aab0019e7f1
0000000f00ecfa110057dd97
0000000f00ed3a2000948f5a
0000000f00ed649e00d0ce64
0000000f00ed7cca010cdc55
0000000f00ed83aa0148d641
0000000f00ed796f0184d24a
0000000f00ed5dcb01c0e713
0000000f00ed2f7401fd3536
0000000f00ecea5d023a0dda
0000000f00ec9aab0019e7f1
0000000f00ecfa110057dd97
0000000f00ed3a2000948f5a
0000000f00ed649e00d0ce64
0000000f00ed7cca010cdc55
0000000f00ed83aa0148d641
0000000f00ed796f0184d24a
0000000f00ed5dcb01c0e713
0000000f00ed2f7401fd3536
0000000f00ecea5d023a0dda
0000000f00ed97fe0019e612
0000000f00edf1bc0057dbf4
0000000f00ee2e0100948e19
0000000f00ee55fb00d0cd91
0000000f00ee6cb9010cdbf1
0000000f00ee73310148d64b
0000000f00ee69910184d2c4
0000000f00ee4f9001c0e7fc
0000000f00ee23f701fd368b
0000000f00ede2f7023a0f8d
0000000f00ed97fe0019e612
0000000f00edf1bc0057dbf4
0000000f00ee2e0100948e19
0000000f00ee55fb00d0cd91
0000000f00ee6cb9010cdbf1
0000000f00ee73310148d64b
0000000f00ee69910184d2c4
0000000f00ee4f9001c0e7fc
0000000f00ee23f701fd368b
0000000f00ede2f7023a0f8d
0000000f00ed97fe0019e612
0000000f00edf1bc0057dbf4
0000000f00ee2e0100948e19
0000000f00ee55fb00d0cd91
0000000f00ee6cb9010cdbf1
0000000f00ee73310148d64b
0000000f00ee69910184d2c4
0000000f00ee4f9001c0e7fc
0000000f00ee23f701fd368b
0000000f00ede2f7023a0f8d
0000000f00ed97fe0019e612
0000000f00edf1bc0057dbf4
0000000f00ee2e0100948e19
0000000f00ee55fb00d0cd91
0000000f00ee6cb9010cdbf1
0000000f00ee73310148d64b
0000000f00ee69910184d2c4
0000000f00ee4f9001c0e7fc
0000000f00ee23f701fd368b
0000000f00ede2f7023a0f8d
0000000f00ed97fe0019e612
0000000f00edf1bc0057dbf4
0000000f00ee2e0100948e19
0000000f00ee55fb00d0cd91
0000000f00ee6cb9010cdbf1
0000000f00ee73310148d64b
0000000f00ee69910184d2c4
0000000f00ee4f9001c0e7fc
0000000f00ee23f701fd368b
0000000f00ede2f7023a0f8d
0000000f00ed97fe0019e612
0000000f00edf1bc0057dbf4
0000000f00ee2e0100948e19
0000000f00ee55fb00d0cd91
0000000f00ee6cb9010cdbf1
0000000f00ee73310148d64b
0000000f00ee69910184d2c4
0000000f00ee4f9001c0e7fc
0000000f00ee23f701fd368b
0000000f00ede2f7023a0f8d
0000000f00ee95550019e451
0000000f00eee96d0057da6b
0000000f00ef21e700948cec
0000000f00ef475d00d0cccb
0000000f00ef5cae010cdb93
0000000f00ef62bd0148d656
0000000f00ef59b80184d336
0000000f00ef415901c0e8d6
0000000f00ef187e01fd37cc
0000000f00eedb95023a1126
0000000f00ee95550019e451
0000000f00eee96d0057da6b
0000000f00ef21e700948cec
0000000f00ef475d00d0cccb
0000000f00ef5cae010cdb93
0000000f00ef62bd0148d656
0000000f00ef59b80184d336
0000000f00ef415901c0e8d6
0000000f00ef187e01fd37cc
0000000f00eedb95023a1126
0000000f00ee95550019e451
0000000f00eee96d0057da6b
0000000f00ef21e700948cec
0000000f00ef475d00d0cccb
0000000f00ef5cae010cdb93
0000000f00ef62bd0148d656
0000000f00ef59b80184d336
0000000f00ef415901c0e8d6
0000000f00ef187e01fd37cc
0000000f00eedb95023a1126
0000000f00ee95550019e451
0000000f00eee96d0057da6b
0000000f00ef21e700948cec
0000000f00ef475d00d0cccb
0000000f00ef5cae010cdb93
0000000f00ef62bd0148d656
0000000f00ef59b80184d336
0000000f00ef415901c0e8d6
0000000f00ef187e01fd37cc
0000000f00eedb95023a1126
0000000f00ee95550019e451
0000000f00eee96d0057da6b
0000000f00ef21e700948cec
0000000f00ef475d00d0cccb
0000000f00ef5cae010cdb93
0000000f00ef62bd0148d656
0000000f00ef59b80184d336
0000000f00ef415901c0e8d6
0000000f00ef187e01fd37cc
0000000f00eedb95023a1126
0000000f00ee95550019e451
0000000f00eee96d0057da6b
0000000f00ef21e700948cec
0000000f00ef475d00d0cccb
0000000f00ef5cae010cdb93
0000000f00ef62bd0148d656
0000000f00ef59b80184d336
0000000f00ef415901c0e8d6
0000000f00ef187e01fd37cc
0000000f00eedb95023a1126
0000000f00ef92b10019e2ac
0000000f00efe1220057d8fb
0000000f00f015d200948bd3
0000000f00f038c400d0cc12
0000000f00f04ca7010cdb3b
0000000f00f0524e0148d65f
0000000f00f049e40184d3a1
0000000f00f0332801c0e9a3
0000000f00f00d0b01fd38f7
0000000f00efd439023a12a5
0000000f00ef92b10019e2ac
0000000f00efe1220057d8fb
0000000f00f015d200948bd3
0000000f00f038c400d0cc12
0000000f00f04ca7010cdb3b
0000000f00f0524e0148d65f
0000000f00f049e40184d3a1
0000000f00f0332801c0e9a3
0000000f00f00d0b01fd38f7
0000000f00efd439023a12a5
0000000f00ef92b10019e2ac
0000000f00efe1220057d8fb
0000000f00f015d200948bd3
0000000f00f038c400d0cc12
0000000f00f04ca7010cdb3b
0000000f00f0524e0148d65f
0000000f00f049e40184d3a1
0000000f00f0332801c0e9a3
0000000f00f00d0b01fd38f7
0000000f00efd439023a12a5
0000000f00ef92b10019e2ac
0000000f00efe1220057d8fb
0000000f00f015d200948bd3
0000000f00f038c400d0cc12
0000000f00f04ca7010cdb3b
0000000f00f0524e0148d65f
0000000f00f049e40184d3a1
0000000f00f0332801c0e9a3
0000000f00f00d0b01fd38f7
0000000f00efd439023a12a5
0000000f00ef92b10019e2ac
0000000f00efe1220057d8fb
0000000f00f015d200948bd3
0000000f00f038c400d0cc12
0000000f00f04ca7010cdb3b
0000000f00f0524e0148d65f
0000000f00f049e40184d3a1
0000000f00f0332801c0e9a3
0000000f00f00d0b01fd38f7
0000000f00efd439023a12a5
0000000f00ef92b10019e2ac
0000000f00efe1220057d8fb
0000000f00f015d200948bd3
0000000f00f038c400d0cc12
0000000f00f04ca7010cdb3b
0000000f00f0524e0148d65f
0000000f00f049e40184d3a1
0000000f00f0332801c0e9a3
0000000f00f00d0b01fd38f7
0000000f00efd439023a12a5
0000000f00f090110019e124
0000000f00f0d8dc0057d7a4
0000000f00f109c100948acd
0000000f00f12a3000d0cb65
0000000f00f13ca4010cdaea
0000000f00f141e40148d668
0000000f00f13a140184d404
0000000f00f124fb01c0ea61
0000000f00f1019b01fd3a0e
0000000f00f0cce0023a1408
0000000f00f090110019e124
0000000f00f0d8dc0057d7a4
0000000f00f109c100948acd
0000000f00f12a3000d0cb65
0000000f00f13ca4010cdaea
0000000f00f141e40148d668
0000000f00f13a140184d404
0000000f00f124fb01c0ea61
0000000f00f1019b01fd3a0e
0000000f00f0cce0023a1408
0000000f00f090110019e124
0000000f00f0d8dc0057d7a4
0000000f00f109c100948acd
0000000f00f12a3000d0cb65
0000000f00f13ca4010cdaea
0000000f00f141e40148d668
0000000f00f13a140184d404
0000000f00f124fb01c0ea61
0000000f00f1019b01fd3a0e
0000000f00f0cce0023a1408
0000000f00f090110019e124
0000000f00f0d8dc0057d7a4
0000000f00f109c100948acd
0000000f00f12a3000d0cb65
0000000f00f13ca4010cdaea
0000000f00f141e40148d668
0000000f00f13a140184d404
0000000f00f124fb01c0ea61
0000000f00f1019b01fd3a0e
0000000f00f0cce0023a1408
0000000f00f090110019e124
0000000f00f0d8dc0057d7a4
0000000f00f109c100948acd
0000000f00f12a3000d0cb65
0000000f00f13ca4010cdaea
0000000f00f141e40148d668
0000000f00f13a140184d404
0000000f00f124fb01c0ea61
0000000f00f1019b01fd3a0e
0000000f00f0cce0023a1408
0000000f00f090110019e124
0000000f00f0d8dc0057d7a4
0000000f00f109c100948acd
0000000f00f12a3000d0cb65
0000000f00f13ca4010cdaea
0000000f00f141e40148d668
0000000f00f13a140184d404
0000000f00f124fb01c0ea61
0000000f00f1019b01fd3a0e
0000000f00f0cce0023a1408
0000000f00f18d750019dfba
0000000f00f1d09a0057d667
0000000f00f1fdb4009489db
0000000f00f21b9f00d0cac6
0000000f00f22ca6010cda9e
0000000f00f2317d0148d670
0000000f00f22a490184d460
0000000f00f216d201c0eb11
0000000f00f1f63001fd3b10
0000000f00f1c58c023a1552
0000000f00f18d750019dfba
0000000f00f1d09a0057d667
0000000f00f1fdb4009489db
0000000f00f21b9f00d0cac6
0000000f00f22ca6010cda9e
0000000f00f2317d0148d670
0000000f00f22a490184d460
0000000f00f216d201c0eb11
0000000f00f1f63001fd3b10
0000000f00f1c58c023a1552
0000000f00f18d750019dfba
0000000f00f1d09a0057d667
0000000f00f1fdb4009489db
0000000f00f21b9f00d0cac6
0000000f00f22ca6010cda9e
0000000f00f2317d0148d670
0000000f00f22a490184d460
0000000f00f216d201c0eb11
0000000f00f1f63001fd3b10
0000000f00f1c58c023a1552
0000000f00f18d750019dfba
0000000f00f1d09a0057d667
0000000f00f1fdb4009489db
0000000f00f21b9f00d0cac6
0000000f00f22ca6010cda9e
0000000f00f2317d0148d670
0000000f00f22a490184d460
0000000f00f216d201c0eb11
0000000f00f1f63001fd3b10
0000000f00f1c58c023a1552
0000000f00f18d750019dfba
0000000f00f1d09a0057d667
0000000f00f1fdb4009489db
0000000f00f21b9f00d0cac6
0000000f00f22ca6010cda9e
0000000f00f2317d0148d670
0000000f00f22a490184d460
0000000f00f216d201c0eb11
0000000f00f1f63001fd3b10
0000000f00f1c58c023a1552
0000000f00f18d750019dfba
0000000f00f1d09a0057d667
0000000f00f1fdb4009489db
0000000f00f21b9f00d0cac6
0000000f00f22ca6010cda9e
0000000f00f2317d0148d670
0000000f00f22a490184d460
0000000f00f216d201c0eb11
0000000f00f1f63001fd3b10
0000000f00f1c58c023a1552
0000000f00f28adc0019de6d
0000000f00f2c85b0057d543
0000000f00f2f1ab009488fc
0000000f00f30d1300d0ca33
0000000f00f31cab010cda59
0000000f00f3211a0148d678
0000000f00f31a810184d4b5
0000000f00f308ac01c0ebb3
0000000f00f2eac901fd3bfe
0000000f00f2be3c023a1681
0000000f00f28adc0019de6d
0000000f00f2c85b0057d543
0000000f00f2f1ab009488fc
0000000f00f30d1300d0ca33
0000000f00f31cab010cda59
0000000f00f3211a0148d678
0000000f00f31a810184d4b5
0000000f00f308ac01c0ebb3
0000000f00f2eac901fd3bfe
0000000f00f2be3c023a1681
0000000f00f28adc0019de6d
0000000f00f2c85b0057d543
0000000f00f2f1ab009488fc
0000000f00f30d1300d0ca33
0000000f00f31cab010cda59
0000000f00f3211a0148d678
0000000f00f31a810184d4b5
0000000f00f308ac01c0ebb3
0000000f00f2eac901fd3bfe
0000000f00f2be3c023a1681
0000000f00f28adc0019de6d
0000000f00f2c85b0057d543
0000000f00f2f1ab009488fc
0000000f00f30d1300d0ca33
0000000f00f31cab010cda59
0000000f00f3211a0148d678
0000000f00f31a810184d4b5
0000000f00f308ac01c0ebb3
0000000f00f2eac901fd3bfe
0000000f00f2be3c023a1681
0000000f00f28adc0019de6d
0000000f00f2c85b0057d543
0000000f00f2f1ab009488fc
0000000f00f30d1300d0ca33
0000000f00f31cab010cda59
0000000f00f3211a0148d678
0000000f00f31a810184d4b5
0000000f00f308ac01c0ebb3
0000000f00f2eac901fd3bfe
0000000f00f2be3c023a1681
0000000f00f28adc0019de6d
0000000f00f2c85b0057d543
0000000f00f2f1ab009488fc
0000000f00f30d1300d0ca33
0000000f00f31cab010cda59
0000000f00f3211a0148d678
0000000f00f31a810184d4b5
0000000f00f308ac01c0ebb3
0000000f00f2eac901fd3bfe
0000000f00f2be3c023a1681
0000000f00f388460019dd3c
0000000f00f3c0200057d439
0000000f00f3e5a600948830
0000000f00f3fe8a00d0c9ad
0000000f00f40cb4010cda19
0000000f00f410bb0148d67f
0000000f00f40abc0184d502
0000000f00f3fa8b01c0ec46
0000000f00f3df6501fd3cd6
0000000f00f3b6ee023a1795
0000000f00f388460019dd3c
0000000f00f3c0200057d439
0000000f00f3e5a600948830
0000000f00f3fe8a00d0c9ad
0000000f00f40cb4010cda19
0000000f00f410bb0148d67f
0000000f00f40abc0184d502
0000000f00f3fa8b01c0ec46
0000000f00f3df6501fd3cd6
0000000f00f3b6ee023a1795
0000000f00f388460019dd3c
0000000f00f3c0200057d439
0000000f00f3e5a600948830
0000000f00f3fe8a00d0c9ad
0000000f00f40cb4010cda19
0000000f00f410bb0148d67f
0000000f00f40abc0184d502
0000000f00f3fa8b01c0ec46
0000000f00f3df6501fd3cd6
0000000f00f3b6ee023a1795
0000000f00f388460019dd3c
0000000f00f3c0200057d439
0000000f00f3e5a600948830
0000000f00f3fe8a00d0c9ad
0000000f00f40cb4010cda19
0000000f00f410bb0148d67f
0000000f00f40abc0184d502
0000000f00f3fa8b01c0ec46
0000000f00f3df6501fd3cd6
0000000f00f3b6ee023a1795
0000000f00f388460019dd3c
0000000f00f3c0200057d439
0000000f00f3e5a600948830
0000000f00f3fe8a00d0c9ad
0000000f00f40cb4010cda19
0000000f00f410bb0148d67f
0000000f00f40abc0184d502
0000000f00f3fa8b01c0ec46
0000000f00f3df6501fd3cd6
0000000f00f3b6ee023a1795
0000000f00f388460019dd3c
0000000f00f3c0200057d439
0000000f00f3e5a600948830
0000000f00f3fe8a00d0c9ad
0000000f00f40cb4010cda19
0000000f00f410bb0148d67f
0000000f00f40abc0184d502
0000000f00f3fa8b01c0ec46
0000000f00f3df6501fd3cd6
0000000f00f3b6ee023a1795
0000000f00f485b30019dc2a
0000000f00f4b7e90057d349
0000000f00f4d9a300948779
0000000f00f4f00400d0c934
0000000f00f4fcc0010cd9e0
0000000f00f5005e0148d685
0000000f00f4fafb0184d548
0000000f00f4ec6c01c0eccc
0000000f00f4d40501fd3d9a
0000000f00f4afa4023a188f
0000000f00f485b30019dc2a
0000000f00f4b7e90057d349
0000000f00f4d9a300948779
0000000f00f4f00400d0c934
0000000f00f4fcc0010cd9e0
0000000f00f5005e0148d685
0000000f00f4fafb0184d548
0000000f00f4ec6c01c0eccc
0000000f00f4d40501fd3d9a
0000000f00f4afa4023a188f
0000000f00f485b30019dc2a
0000000f00f4b7e90057d349
0000000f00f4d9a300948779
0000000f00f4f00400d0c934
0000000f00f4fcc0010cd9e0
0000000f00f5005e0148d685
0000000f00f4fafb0184d548
0000000f00f4ec6c01c0eccc
0000000f00f4d40501fd3d9a
0000000f00f4afa4023a188f
0000000f00f485b30019dc2a
0000000f00f4b7e90057d349
0000000f00f4d9a300948779
0000000f00f4f00400d0c934
0000000f00f4fcc0010cd9e0
0000000f00f5005e0148d685
0000000f00f4fafb0184d548
0000000f00f4ec6c01c0eccc
0000000f00f4d40501fd3d9a
0000000f00f4afa4023a188f
0000000f00f485b30019dc2a
0000000f00f4b7e90057d349
0000000f00f4d9a300948779
0000000f00f4f00400d0c934
0000000f00f4fcc0010cd9e0
0000000f00f5005e0148d685
0000000f00f4fafb0184d548
0000000f00f4ec6c01c0eccc
0000000f00f4d40501fd3d9a
0000000f00f4afa4023a188f
0000000f00f485b30019dc2a
0000000f00f4b7e90057d349
0000000f00f4d9a300948779
0000000f00f4f00400d0c934
0000000f00f4fcc0010cd9e0
0000000f00f5005e0148d685
0000000f00f4fafb0184d548
0000000f00f4ec6c01c0eccc
0000000f00f4d40501fd3d9a
0000000f00f4afa4023a188f
0000000f00f583230019db34
0000000f00f5afb40057d272
0000000f00f5cda4009486d4
0000000f00f5e18100d0c8c8
0000000f00f5ecce010cd9ad
0000000f00f5f0050148d68a
0000000f00f5eb3d0184d586
0000000f00f5de5001c0ed43
0000000f00f5c8a701fd3e49
0000000f00f5a85d023a196e
0000000f00f583230019db34
0000000f00f5afb40057d272
0000000f00f5cda4009486d4
0000000f00f5e18100d0c8c8
0000000f00f5ecce010cd9ad
0000000f00f5f0050148d68a
0000000f00f5eb3d0184d586
0000000f00f5de5001c0ed43
0000000f00f5c8a701fd3e49
0000000f00f5a85d023a196e
0000000f00f583230019db34
0000000f00f5afb40057d272
0000000f00f5cda4009486d4
0000000f00f5e18100d0c8c8
0000000f00f5ecce010cd9ad
0000000f00f5f0050148d68a
0000000f00f5eb3d0184d586
0000000f00f5de5001c0ed43
0000000f00f5c8a701fd3e49
0000000f00f5a85d023a196e
0000000f00f583230019db34
0000000f00f5afb40057d272
0000000f00f5cda4009486d4
0000000f00f5e18100d0c8c8
0000000f00f5ecce010cd9ad
0000000f00f5f0050148d68a
0000000f00f5eb3d0184d586
0000000f00f5de5001c0ed43
0000000f00f5c8a701fd3e49
0000000f00f5a85d023a196e
0000000f00f583230019db34
0000000f00f5afb40057d272
0000000f00f5cda4009486d4
0000000f00f5e18100d0c8c8
0000000f00f5ecce010cd9ad
0000000f00f5f0050148d68a
0000000f00f5eb3d0184d586
0000000f00f5de5001c0ed43
0000000f00f5c8a701fd3e49
0000000f00f5a85d023a196e
0000000f00f583230019db34
0000000f00f5afb40057d272
0000000f00f5cda4009486d4
0000000f00f5e18100d0c8c8
0000000f00f5ecce010cd9ad
0000000f00f5f0050148d68a
0000000f00f5eb3d0184d586
0000000f00f5de5001c0ed43
0000000f00f5c8a701fd3e49
0000000f00f5a85d023a196e
0000000f00f680950019da5c
0000000f00f6a7810057d1b5
0000000f00f6c1a700948644
0000000f00f6d30000d0c869
0000000f00f6dcdf010cd980
0000000f00f6dfae0148d68f
0000000f00f6db810184d5bd
0000000f00f6d03701c0edac
0000000f00f6bd4c01fd3ee3
0000000f00f6a118023a1a32
0000000f00f680950019da5c
0000000f00f6a7810057d1b5
0000000f00f6c1a700948644
0000000f00f6d30000d0c869
0000000f00f6dcdf010cd980
0000000f00f6dfae0148d68f
0000000f00f6db810184d5bd
0000000f00f6d03701c0edac
0000000f00f6bd4c01fd3ee3
0000000f00f6a118023a1a32
0000000f00f680950019da5c
0000000f00f6a7810057d1b5
0000000f00f6c1a700948644
0000000f00f6d30000d0c869
0000000f00f6dcdf010cd980
0000000f00f6dfae0148d68f
0000000f00f6db810184d5bd
0000000f00f6d03701c0edac
0000000f00f6bd4c01fd3ee3
0000000f00f6a118023a1a32
0000000f00f680950019da5c
0000000f00f6a7810057d1b5
0000000f00f6c1a700948644
0000000f00f6d30000d0c869
0000000f00f6dcdf010cd980
0000000f00f6dfae0148d68f
0000000f00f6db810184d5bd
0000000f00f6d03701c0edac
0000000f00f6bd4c01fd3ee3
0000000f00f6a118023a1a32
0000000f00f680950019da5c
0000000f00f6a7810057d1b5
0000000f00f6c1a700948644
0000000f00f6d30000d0c869
0000000f00f6dcdf010cd980
0000000f00f6dfae0148d68f
0000000f00f6db810184d5bd
0000000f00f6d03701c0edac
0000000f00f6bd4c01fd3ee3
0000000f00f6a118023a1a32
0000000f00f680950019da5c
0000000f00f6a7810057d1b5
0000000f00f6c1a700948644
0000000f00f6d30000d0c869
0000000f00f6dcdf010cd980
0000000f00f6dfae0148d68f
0000000f00f6db810184d5bd
0000000f00f6d03701c0edac
0000000f00f6bd4c01fd3ee3
0000000f00f6a118023a1a32
0000000f00f77e090019d9a0
0000000f00f79f510057d111
0000000f00f7b5ac009485c6
0000000f00f7c48200d0c816
0000000f00f7ccf3010cd959
0000000f00f7cf590148d693
0000000f00f7cbc70184d5ed
0000000f00f7c22001c0ee07
0000000f00f7b1f301fd3f68
0000000f00f799d6023a1add
0000000f00f77e090019d9a0
0000000f00f79f510057d111
0000000f00f7b5ac009485c6
0000000f00f7c48200d0c816
0000000f00f7ccf3010cd959
0000000f00f7cf590148d693
0000000f00f7cbc70184d5ed
0000000f00f7c22001c0ee07
0000000f00f7b1f301fd3f68
0000000f00f799d6023a1add
0000000f00f77e090019d9a0
0000000f00f79f510057d111
0000000f00f7b5ac009485c6
0000000f00f7c48200d0c816
0000000f00f7ccf3010cd959
0000000f00f7cf590148d693
0000000f00f7cbc70184d5ed
0000000f00f7c22001c0ee07
0000000f00f7b1f301fd3f68
0000000f00f799d6023a1add
0000000f00f77e090019d9a0
0000000f00f79f510057d111
0000000f00f7b5ac009485c6
0000000f00f7c48200d0c816
0000000f00f7ccf3010cd959
0000000f00f7cf590148d693
0000000f00f7cbc70184d5ed
0000000f00f7c22001c0ee07
0000000f00f7b1f301fd3f68
0000000f00f799d6023a1add
0000000f00f77e090019d9a0
0000000f00f79f510057d111
0000000f00f7b5ac009485c6
0000000f00f7c48200d0c816
0000000f00f7ccf3010cd959
0000000f00f7cf590148d693
0000000f00f7cbc70184d5ed
0000000f00f7c22001c0ee07
0000000f00f7b1f301fd3f68
0000000f00f799d6023a1add
0000000f00f77e090019d9a0
0000000f00f79f510057d111
0000000f00f7b5ac009485c6
0000000f00f7c48200d0c816
0000000f00f7ccf3010cd959
0000000f00f7cf590148d693
0000000f00f7cbc70184d5ed
0000000f00f7c22001c0ee07
0000000f00f7b1f301fd3f68
0000000f00f799d6023a1add
0000000f00f87b7f0019d902
0000000f00f897220057d087
0000000f00f8a9b40094855d
0000000f00f8b60500d0c7d1
0000000f00f8bd08010cd938
0000000f00f8bf060148d697
0000000f00f8bc0f0184d615
0000000f00f8b40b01c0ee54
0000000f00f8a69c01fd3fd9
0000000f00f89295023a1b6c
0000000f00f87b7f0019d902
0000000f00f897220057d087
0000000f00f8a9b40094855d
0000000f00f8b60500d0c7d1
0000000f00f8bd08010cd938
0000000f00f8bf060148d697
0000000f00f8bc0f0184d615
0000000f00f8b40b01c0ee54
0000000f00f8a69c01fd3fd9
0000000f00f89295023a1b6c
0000000f00f87b7f0019d902
0000000f00f897220057d087
0000000f00f8a9b40094855d
0000000f00f8b60500d0c7d1
0000000f00f8bd08010cd938
0000000f00f8bf060148d697
0000000f00f8bc0f0184d615
0000000f00f8b40b01c0ee54
0000000f00f8a69c01fd3fd9
0000000f00f89295023a1b6c
0000000f00f87b7f0019d902
0000000f00f897220057d087
0000000f00f8a9b40094855d
0000000f00f8b60500d0c7d1
0000000f00f8bd08010cd938
0000000f00f8bf060148d697
0000000f00f8bc0f0184d615
0000000f00f8b40b01c0ee54
0000000f00f8a69c01fd3fd9
0000000f00f89295023a1b6c
0000000f00f87b7f0019d902
0000000f00f897220057d087
0000000f00f8a9b40094855d
0000000f00f8b60500d0c7d1
0000000f00f8bd08010cd938
0000000f00f8bf060148d697
0000000f00f8bc0f0184d615
0000000f00f8b40b01c0ee54
0000000f00f8a69c01fd3fd9
0000000f00f89295023a1b6c
0000000f00f87b7f0019d902
0000000f00f897220057d087
0000000f00f8a9b40094855d
0000000f00f8b60500d0c7d1
0000000f00f8bd08010cd938
0000000f00f8bf060148d697
0000000f00f8bc0f0184d615
0000000f00f8b40b01c0ee54
0000000f00f8a69c01fd3fd9
0000000f00f89295023a1b6c
0000000f00f978f60019d882
0000000f00f98ef50057d016
0000000f00f99dbc00948507
0000000f00f9a78a00d0c798
0000000f00f9ad1f010cd91d
0000000f00f9aeb50148d69a
0000000f00f9ac590184d635
0000000f00f9a5f701c0ee92
0000000f00f99b4601fd4034
0000000f00f98b56023a1be1
0000000f00f978f60019d882
0000000f00f98ef50057d016
0000000f00f99dbc00948507
0000000f00f9a78a00d0c798
0000000f00f9ad1f010cd91d
0000000f00f9aeb50148d69a
0000000f00f9ac590184d635
0000000f00f9a5f701c0ee92
0000000f00f99b4601fd4034
0000000f00f98b56023a1be1
0000000f00f978f60019d882
0000000f00f98ef50057d016
0000000f00f99dbc00948507
0000000f00f9a78a00d0c798
0000000f00f9ad1f010cd91d
0000000f00f9aeb50148d69a
0000000f00f9ac590184d635
0000000f00f9a5f701c0ee92
0000000f00f99b4601fd4034
0000000f00f98b56023a1be1
0000000f00f978f60019d882
0000000f00f98ef50057d016
0000000f00f99dbc00948507
0000000f00f9a78a00d0c798
0000000f00f9ad1f010cd91d
0000000f00f9aeb50148d69a
0000000f00f9ac590184d635
0000000f00f9a5f701c0ee92
0000000f00f99b4601fd4034
0000000f00f98b56023a1be1
0000000f00f978f60019d882
0000000f00f98ef50057d016
0000000f00f99dbc00948507
0000000f00f9a78a00d0c798
0000000f00f9ad1f010cd91d
0000000f00f9aeb50148d69a
0000000f00f9ac590184d635
0000000f00f9a5f701c0ee92
0000000f00f99b4601fd4034
0000000f00f98b56023a1be1
0000000f00f978f60019d882
0000000f00f98ef50057d016
0000000f00f99dbc00948507
0000000f00f9a78a00d0c798
0000000f00f9ad1f010cd91d
0000000f00f9aeb50148d69a
0000000f00f9ac590184d635
0000000f00f9a5f701c0ee92
0000000f00f99b4601fd4034
0000000f00f98b56023a1be1
0000000f00fa766e0019d81e
0000000f00fa86c90057cfbf
0000000f00fa91c6009484c4
0000000f00fa991100d0c76c
0000000f00fa9d37010cd908
0000000f00fa9e650148d69c
0000000f00fa9ca30184d64f
0000000f00fa97e501c0eec2
0000000f00fa8ff201fd407b
0000000f00fa8418023a1c3b
0000000f00fa766e0019d81e
0000000f00fa86c90057cfbf
0000000f00fa91c6009484c4
0000000f00fa991100d0c76c
0000000f00fa9d37010cd908
0000000f00fa9e650148d69c
0000000f00fa9ca30184d64f
0000000f00fa97e501c0eec2
0000000f00fa8ff201fd407b
0000000f00fa8418023a1c3b
0000000f00fa766e0019d81e
0000000f00fa86c90057cfbf
0000000f00fa91c6009484c4
0000000f00fa991100d0c76c
0000000f00fa9d37010cd908
0000000f00fa9e650148d69c
0000000f00fa9ca30184d64f
0000000f00fa97e501c0eec2
0000000f00fa8ff201fd407b
0000000f00fa8418023a1c3b
0000000f00fa766e0019d81e
0000000f00fa86c90057cfbf
0000000f00fa91c6009484c4
0000000f00fa991100d0c76c
0000000f00fa9d37010cd908
0000000f00fa9e650148d69c
0000000f00fa9ca30184d64f
0000000f00fa97e501c0eec2
0000000f00fa8ff201fd407b
0000000f00fa8418023a1c3b
0000000f00fa766e0019d81e
0000000f00fa86c90057cfbf
0000000f00fa91c6009484c4
0000000f00fa991100d0c76c
0000000f00fa9d37010cd908
0000000f00fa9e650148d69c
0000000f00fa9ca30184d64f
0000000f00fa97e501c0eec2
0000000f00fa8ff201fd407b
0000000f00fa8418023a1c3b
0000000f00fa766e0019d81e
0000000f00fa86c90057cfbf
0000000f00fa91c6009484c4
0000000f00fa991100d0c76c
0000000f00fa9d37010cd908
0000000f00fa9e650148d69c
0000000f00fa9ca30184d64f
0000000f00fa97e501c0eec2
0000000f00fa8ff201fd407b
0000000f00fa8418023a1c3b
0000000f00fb73e80019d7d8
0000000f00fb7e9e0057cf82
0000000f00fb85d100948495
0000000f00fb8a9800d0c74d
0000000f00fb8d50010cd8fa
0000000f00fb8e160148d69e
0000000f00fb8cef0184d660
0000000f00fb89d401c0eee4
0000000f00fb849e01fd40ad
0000000f00fb7cdb023a1c7b
0000000f00fb73e80019d7d8
0000000f00fb7e9e0057cf82
0000000f00fb85d100948495
0000000f00fb8a9800d0c74d
0000000f00fb8d50010cd8fa
0000000f00fb8e160148d69e
0000000f00fb8cef0184d660
0000000f00fb89d401c0eee4
0000000f00fb849e01fd40ad
0000000f00fb7cdb023a1c7b
0000000f00fb73e80019d7d8
0000000f00fb7e9e0057cf82
0000000f00fb85d100948495
0000000f00fb8a9800d0c74d
0000000f00fb8d50010cd8fa
0000000f00fb8e160148d69e
0000000f00fb8cef0184d660
0000000f00fb89d401c0eee4
0000000f00fb849e01fd40ad
0000000f00fb7cdb023a1c7b
0000000f00fb73e80019d7d8
0000000f00fb7e9e0057cf82
0000000f00fb85d100948495
0000000f00fb8a9800d0c74d
0000000f00fb8d50010cd8fa
0000000f00fb8e160148d69e
0000000f00fb8cef0184d660
0000000f00fb89d401c0eee4
0000000f00fb849e01fd40ad
0000000f00fb7cdb023a1c7b
0000000f00fb73e80019d7d8
0000000f00fb7e9e0057cf82
0000000f00fb85d100948495
0000000f00fb8a9800d0c74d
0000000f00fb8d50010cd8fa
0000000f00fb8e160148d69e
0000000f00fb8cef0184d660
0000000f00fb89d401c0eee4
0000000f00fb849e01fd40ad
0000000f00fb7cdb023a1c7b
0000000f00fb73e80019d7d8
0000000f00fb7e9e0057cf82
0000000f00fb85d100948495
0000000f00fb8a9800d0c74d
0000000f00fb8d50010cd8fa
0000000f00fb8e160148d69e
0000000f00fb8cef0184d660
0000000f00fb89d401c0eee4
0000000f00fb849e01fd40ad
0000000f00fb7cdb023a1c7b
0000000f00fc71610019d7af
0000000f00fc76740057cf5e
0000000f00fc79dd0094847a
0000000f00fc7c2000d0c73b
0000000f00fc7d69010cd8f1
0000000f00fc7dc70148d69f
0000000f00fc7d3c0184d66b
0000000f00fc7bc301c0eef8
0000000f00fc794c01fd40ca
0000000f00fc759e023a1ca0
0000000f00fc71610019d7af
0000000f00fc76740057cf5e
0000000f00fc79dd0094847a
0000000f00fc7c2000d0c73b
0000000f00fc7d69010cd8f1
0000000f00fc7dc70148d69f
0000000f00fc7d3c0184d66b
0000000f00fc7bc301c0eef8
0000000f00fc794c01fd40ca
0000000f00fc759e023a1ca0
0000000f00fc71610019d7af
0000000f00fc76740057cf5e
0000000f00fc79dd0094847a
0000000f00fc7c2000d0c73b
0000000f00fc7d69010cd8f1
0000000f00fc7dc70148d69f
0000000f00fc7d3c0184d66b
0000000f00fc7bc301c0eef8
0000000f00fc794c01fd40ca
0000000f00fc759e023a1ca0
0000000f00fc71610019d7af
0000000f00fc76740057cf5e
0000000f00fc79dd0094847a
0000000f00fc7c2000d0c73b
0000000f00fc7d69010cd8f1
0000000f00fc7dc70148d69f
0000000f00fc7d3c0184d66b
0000000f00fc7bc301c0eef8
0000000f00fc794c01fd40ca
0000000f00fc759e023a1ca0
0000000f00fc71610019d7af
0000000f00fc76740057cf5e
0000000f00fc79dd0094847a
0000000f00fc7c2000d0c73b
0000000f00fc7d69010cd8f1
0000000f00fc7dc70148d69f
0000000f00fc7d3c0184d66b
0000000f00fc7bc301c0eef8
0000000f00fc794c01fd40ca
0000000f00fc759e023a1ca0
0000000f00fc71610019d7af
0000000f00fc76740057cf5e
0000000f00fc79dd0094847a
0000000f00fc7c2000d0c73b
0000000f00fc7d69010cd8f1
0000000f00fc7dc70148d69f
0000000f00fc7d3c0184d66b
0000000f00fc7bc301c0eef8
0000000f00fc794c01fd40ca
0000000f00fc759e023a1ca0
0000000f00fd6edb0019d7a3
0000000f00fd6e4a0057cf54
0000000f00fd6de900948472
0000000f00fd6da800d0c736
0000000f00fd6d83010cd8ef
0000000f00fd6d790148d69f
0000000f00fd6d880184d66e
0000000f00fd6db201c0eefe
0000000f00fd6df901fd40d2
0000000f00fd6e62023a1cab
0000000f00fd6edb0019d7a3
0000000f00fd6e4a0057cf54
0000000f00fd6de900948472
0000000f00fd6da800d0c736
0000000f00fd6d83010cd8ef
0000000f00fd6d790148d69f
0000000f00fd6d880184d66e
0000000f00fd6db201c0eefe
0000000f00fd6df901fd40d2
0000000f00fd6e62023a1cab
0000000f00fd6edb0019d7a3
0000000f00fd6e4a0057cf54
0000000f00fd6de900948472
0000000f00fd6da800d0c736
0000000f00fd6d83010cd8ef
0000000f00fd6d790148d69f
0000000f00fd6d880184d66e
0000000f00fd6db201c0eefe
0000000f00fd6df901fd40d2
0000000f00fd6e62023a1cab
0000000f00fd6edb0019d7a3
0000000f00fd6e4a0057cf54
0000000f00fd6de900948472
0000000f00fd6da800d0c736
0000000f00fd6d83010cd8ef
0000000f00fd6d790148d69f
0000000f00fd6d880184d66e
0000000f00fd6db201c0eefe
0000000f00fd6df901fd40d2
0000000f00fd6e62023a1cab
0000000f00fd6edb0019d7a3
0000000f00fd6e4a0057cf54
0000000f00fd6de900948472
0000000f00fd6da800d0c736
0000000f00fd6d83010cd8ef
0000000f00fd6d790148d69f
0000000f00fd6d880184d66e
0000000f00fd6db201c0eefe
0000000f00fd6df901fd40d2
0000000f00fd6e62023a1cab
0000000f00fd6edb0019d7a3
0000000f00fd6e4a0057cf54
0000000f00fd6de900948472
0000000f00fd6da800d0c736
0000000f00fd6d83010cd8ef
0000000f00fd6d790148d69f
0000000f00fd6d880184d66e
0000000f00fd6db201c0eefe
0000000f00fd6df901fd40d2
0000000f00fd6e62023a1cab
0000000f00fe6c550019d7b5
0000000f00fe66200057cf63
0000000f00fe61f50094847e
0000000f00fe5f3000d0c73e
0000000f00fe5d9d010cd8f2
0000000f00fe5d2a0148d69f
0000000f00fe5dd50184d669
0000000f00fe5fa201c0eef5
0000000f00fe62a701fd40c6
0000000f00fe6726023a1c9b
0000000f00fe6c550019d7b5
0000000f00fe66200057cf63
0000000f00fe61f50094847e
0000000f00fe5f3000d0c73e
0000000f00fe5d9d010cd8f2
0000000f00fe5d2a0148d69f
0000000f00fe5dd50184d669
0000000f00fe5fa201c0eef5
0000000f00fe62a701fd40c6
0000000f00fe6726023a1c9b
0000000f00fe6c550019d7b5
0000000f00fe66200057cf63
0000000f00fe61f50094847e
0000000f00fe5f3000d0c73e
0000000f00fe5d9d010cd8f2
0000000f00fe5d2a0148d69f
0000000f00fe5dd50184d669
0000000f00fe5fa201c0eef5
0000000f00fe62a701fd40c6
0000000f00fe6726023a1c9b
0000000f00fe6c550019d7b5
0000000f00fe66200057cf63
0000000f00fe61f50094847e
0000000f00fe5f3000d0c73e
0000000f00fe5d9d010cd8f2
0000000f00fe5d2a0148d69f
0000000f00fe5dd50184d669
0000000f00fe5fa201c0eef5
0000000f00fe62a701fd40c6
0000000f00fe6726023a1c9b
0000000f00fe6c550019d7b5
0000000f00fe66200057cf63
0000000f00fe61f50094847e
0000000f00fe5f3000d0c73e
0000000f00fe5d9d010cd8f2
0000000f00fe5d2a0148d69f
0000000f00fe5dd50184d669
0000000f00fe5fa201c0eef5
0000000f00fe62a701fd40c6
0000000f00fe6726023a1c9b
0000000f00fe6c550019d7b5
0000000f00fe66200057cf63
0000000f00fe61f50094847e
0000000f00fe5f3000d0c73e
0000000f00fe5d9d010cd8f2
0000000f00fe5d2a0148d69f
0000000f00fe5dd50184d669
0000000f00fe5fa201c0eef5
0000000f00fe62a701fd40c6
0000000f00fe6726023a1c9b
0000000f00ff69cf0019d7e4
0000000f00ff5df60057cf8c
0000000f00ff56000094849d
0000000f00ff50b800d0c753
0000000f00ff4db7010cd8fc
0000000f00ff4cdc0148d69e
0000000f00ff4e210184d65d
0000000f00ff519101c0eedf
0000000f00ff575401fd40a5
0000000f00ff5fe9023a1c70
0000000f00ff69cf0019d7e4
0000000f00ff5df60057cf8c
0000000f00ff56000094849d
0000000f00ff50b800d0c753
0000000f00ff4db7010cd8fc
0000000f00ff4cdc0148d69e
0000000f00ff4e210184d65d
0000000f00ff519101c0eedf
0000000f00ff575401fd40a5
0000000f00ff5fe9023a1c70
0000000f00ff69cf0019d7e4
0000000f00ff5df60057cf8c
0000000f00ff56000094849d
0000000f00ff50b800d0c753
0000000f00ff4db7010cd8fc
0000000f00ff4cdc0148d69e
0000000f00ff4e210184d65d
0000000f00ff519101c0eedf
0000000f00ff575401fd40a5
0000000f00ff5fe9023a1c70
0000000f00ff69cf0019d7e4
0000000f00ff5df60057cf8c
0000000f00ff56000094849d
0000000f00ff50b800d0c753
0000000f00ff4db7010cd8fc
0000000f00ff4cdc0148d69e
0000000f00ff4e210184d65d
0000000f00ff519101c0eedf
0000000f00ff575401fd40a5
0000000f00ff5fe9023a1c70
0000000f00ff69cf0019d7e4
0000000f00ff5df60057cf8c
0000000f00ff56000094849d
0000000f00ff50b800d0c753
0000000f00ff4db7010cd8fc
0000000f00ff4cdc0148d69e
0000000f00ff4e210184d65d
0000000f00ff519101c0eedf
0000000f00ff575401fd40a5
0000000f00ff5fe9023a1c70
0000000f00ff69cf0019d7e4
0000000f00ff5df60057cf8c
0000000f00ff56000094849d
0000000f00ff50b800d0c753
0000000f00ff4db7010cd8fc
0000000f00ff4cdc0148d69e
0000000f00ff4e210184d65d
0000000f00ff519101c0eedf
0000000f00ff575401fd40a5
0000000f00ff5fe9023a1c70
0000000f010067480019d830
0000000f010055cb0057cfcf
0000000f01004a0b009484d0
0000000f0100423f00d0c774
0000000f01003dcf010cd90c
0000000f01003c8c0148d69c
0000000f01003e6d0184d64a
0000000f0100438001c0eeba
0000000f01004c0001fd406e
0000000f010058ac023a1c2b
0000000f010067480019d830
0000000f010055cb0057cfcf
0000000f01004a0b009484d0
0000000f0100423f00d0c774
0000000f01003dcf010cd90c
0000000f01003c8c0148d69c
0000000f01003e6d0184d64a
0000000f0100438001c0eeba
0000000f01004c0001fd406e
0000000f010058ac023a1c2b
0000000f010067480019d830
0000000f010055cb0057cfcf
0000000f01004a0b009484d0
0000000f0100423f00d0c774
0000000f01003dcf010cd90c
0000000f01003c8c0148d69c
0000000f01003e6d0184d64a
0000000f0100438001c0eeba
0000000f01004c0001fd406e
0000000f010058ac023a1c2b
0000000f010067480019d830
0000000f010055cb0057cfcf
0000000f01004a0b009484d0
0000000f0100423f00d0c774
0000000f01003dcf010cd90c
0000000f01003c8c0148d69c
0000000f01003e6d0184d64a
0000000f0100438001c0eeba
0000000f01004c0001fd406e
0000000f010058ac023a1c2b
0000000f010067480019d830
0000000f010055cb0057cfcf
0000000f01004a0b009484d0
0000000f0100423f00d0c774
0000000f01003dcf010cd90c
0000000f01003c8c0148d69c
0000000f01003e6d0184d64a
0000000f0100438001c0eeba
0000000f01004c0001fd406e
0000000f010058ac023a1c2b
0000000f010067480019d830
0000000f010055cb0057cfcf
0000000f01004a0b009484d0
0000000f0100423f00d0c774
0000000f01003dcf010cd90c
0000000f01003c8c0148d69c
0000000f01003e6d0184d64a
0000000f0100438001c0eeba
0000000f01004c0001fd406e
0000000f010058ac023a1c2b
0000000f010164c00019d899
0000000f01014d9f0057d02b
0000000f01013e1500948516
0000000f010133c500d0c7a2
0000000f01012de7010cd922
0000000f01012c3c0148d699
0000000f01012eb80184d62f
0000000f0101356d01c0ee87
0000000f010140ac01fd4023
0000000f0101516e023a1bcc
0000000f010164c00019d899
0000000f01014d9f0057d02b
0000000f01013e1500948516
0000000f010133c500d0c7a2
0000000f01012de7010cd922
0000000f01012c3c0148d699
0000000f01012eb80184d62f
0000000f0101356d01c0ee87
0000000f010140ac01fd4023
0000000f0101516e023a1bcc
0000000f010164c00019d899
0000000f01014d9f0057d02b
0000000f01013e1500948516
0000000f010133c500d0c7a2
0000000f01012de7010cd922
0000000f01012c3c0148d699
0000000f01012eb80184d62f
0000000f0101356d01c0ee87
0000000f010140ac01fd4023
0000000f0101516e023a1bcc
0000000f010164c00019d899
0000000f01014d9f0057d02b
0000000f01013e1500948516
0000000f010133c500d0c7a2
0000000f01012de7010cd922
0000000f01012c3c0148d699
0000000f01012eb80184d62f
0000000f0101356d01c0ee87
0000000f010140ac01fd4023
0000000f0101516e023a1bcc
0000000f010164c00019d899
0000000f01014d9f0057d02b
0000000f01013e1500948516
0000000f010133c500d0c7a2
0000000f01012de7010cd922
0000000f01012c3c0148d699
0000000f01012eb80184d62f
0000000f0101356d01c0ee87
0000000f010140ac01fd4023
0000000f0101516e023a1bcc
0000000f010164c00019d899
0000000f01014d9f0057d02b
0000000f01013e1500948516
0000000f010133c500d0c7a2
0000000f01012de7010cd922
0000000f01012c3c0148d699
0000000f01012eb80184d62f
0000000f0101356d01c0ee87
0000000f010140ac01fd4023
0000000f0101516e023a1bcc
0000000f010262370019d920
0000000f010245720057d0a0
0000000f0102321d00948570
0000000f0102254a00d0c7de
0000000f01021dfe010cd93e
0000000f01021bea0148d696
0000000f01021f010184d60d
0000000f0102275901c0ee45
0000000f0102355601fd3fc4
0000000f01024a2e023a1b51
0000000f010262370019d920
0000000f010245720057d0a0
0000000f0102321d00948570
0000000f0102254a00d0c7de
0000000f01021dfe010cd93e
0000000f01021bea0148d696
0000000f01021f010184d60d
0000000f0102275901c0ee45
0000000f0102355601fd3fc4
0000000f01024a2e023a1b51
0000000f010262370019d920
0000000f010245720057d0a0
0000000f0102321d00948570
0000000f0102254a00d0c7de
0000000f01021dfe010cd93e
0000000f01021bea0148d696
0000000f01021f010184d60d
0000000f0102275901c0ee45
0000000f0102355601fd3fc4
0000000f01024a2e023a1b51
0000000f010262370019d920
0000000f010245720057d0a0
0000000f0102321d00948570
0000000f0102254a00d0c7de
0000000f01021dfe010cd93e
0000000f01021bea0148d696
0000000f01021f010184d60d
0000000f0102275901c0ee45
0000000f0102355601fd3fc4
0000000f01024a2e023a1b51
0000000f010262370019d920
0000000f010245720057d0a0
0000000f0102321d00948570
0000000f0102254a00d0c7de
0000000f01021dfe010cd93e
0000000f01021bea0148d696
0000000f01021f010184d60d
0000000f0102275901c0ee45
0000000f0102355601fd3fc4
0000000f01024a2e023a1b51
0000000f010262370019d920
0000000f010245720057d0a0
0000000f0102321d00948570
0000000f0102254a00d0c7de
0000000f01021dfe010cd93e
0000000f01021bea0148d696
0000000f01021f010184d60d
0000000f0102275901c0ee45
0000000f0102355601fd3fc4
0000000f01024a2e023a1b51
0000000f01035fad0019d9c4
0000000f01033d430057d130
0000000f01032624009485de
0000000f010316cd00d0c826
0000000f01030e13010cd960
0000000f01030b970148d693
0000000f01030f490184d5e4
0000000f0103194401c0edf6
0000000f010329fe01fd3f4f
0000000f010342ed023a1abc
0000000f01035fad0019d9c4
0000000f01033d430057d130
0000000f01032624009485de
0000000f010316cd00d0c826
0000000f01030e13010cd960
0000000f01030b970148d693
0000000f01030f490184d5e4
0000000f0103194401c0edf6
0000000f010329fe01fd3f4f
0000000f010342ed023a1abc
0000000f01035fad0019d9c4
0000000f01033d430057d130
0000000f01032624009485de
0000000f010316cd00d0c826
0000000f01030e13010cd960
0000000f01030b970148d693
0000000f01030f490184d5e4
0000000f0103194401c0edf6
0000000f010329fe01fd3f4f
0000000f010342ed023a1abc
0000000f01035fad0019d9c4
0000000f01033d430057d130
0000000f01032624009485de
0000000f010316cd00d0c826
0000000f01030e13010cd960
0000000f01030b970148d693
0000000f01030f490184d5e4
0000000f0103194401c0edf6
0000000f010329fe01fd3f4f
0000000f010342ed023a1abc
0000000f01035fad0019d9c4
0000000f01033d430057d130
0000000f01032624009485de
0000000f010316cd00d0c826
0000000f01030e13010cd960
0000000f01030b970148d693
0000000f01030f490184d5e4
0000000f0103194401c0edf6
0000000f010329fe01fd3f4f
0000000f010342ed023a1abc
0000000f01035fad0019d9c4
0000000f01033d430057d130
0000000f01032624009485de
0000000f010316cd00d0c826
0000000f01030e13010cd960
0000000f01030b970148d693
0000000f01030f490184d5e4
0000000f0103194401c0edf6
0000000f010329fe01fd3f4f
0000000f010342ed023a1abc
0000000f01045d210019da85
0000000f010435120057d1d9
0000000f01041a290094865f
0000000f0104084e00d0c87b
0000000f0103fe26010cd988
0000000f0103fb420148d68e
0000000f0103ff8f0184d5b3
0000000f01040b2c01c0ed98
0000000f01041ea501fd3ec6
0000000f01043baa023a1a0d
0000000f01045d210019da85
0000000f010435120057d1d9
0000000f01041a290094865f
0000000f0104084e00d0c87b
0000000f0103fe26010cd988
0000000f0103fb420148d68e
0000000f0103ff8f0184d5b3
0000000f01040b2c01c0ed98
0000000f01041ea501fd3ec6
0000000f01043baa023a1a0d
0000000f01045d210019da85
0000000f010435120057d1d9
0000000f01041a290094865f
0000000f0104084e00d0c87b
0000000f0103fe26010cd988
0000000f0103fb420148d68e
0000000f0103ff8f0184d5b3
0000000f01040b2c01c0ed98
0000000f01041ea501fd3ec6
0000000f01043baa023a1a0d
0000000f01045d210019da85
0000000f010435120057d1d9
0000000f01041a290094865f
0000000f0104084e00d0c87b
0000000f0103fe26010cd988
0000000f0103fb420148d68e
0000000f0103ff8f0184d5b3
0000000f01040b2c01c0ed98
0000000f01041ea501fd3ec6
0000000f01043baa023a1a0d
0000000f01045d210019da85
0000000f010435120057d1d9
0000000f01041a290094865f
0000000f0104084e00d0c87b
0000000f0103fe26010cd988
0000000f0103fb420148d68e
0000000f0103ff8f0184d5b3
0000000f01040b2c01c0ed98
0000000f01041ea501fd3ec6
0000000f01043baa023a1a0d
0000000f01045d210019da85
0000000f010435120057d1d9
0000000f01041a290094865f
0000000f0104084e00d0c87b
0000000f0103fe26010cd988
0000000f0103fb420148d68e
0000000f0103ff8f0184d5b3
0000000f01040b2c01c0ed98
0000000f01041ea501fd3ec6
0000000f01043baa023a1a0d
0000000f01055a920019db63
0000000f01052cdf0057d29b
0000000f01050e2c009486f4
0000000f0104f9cd00d0c8dd
0000000f0104ee36010cd9b7
0000000f0104eaeb0148d689
0000000f0104efd20184d57a
0000000f0104fd1301c0ed2c
0000000f0105134901fd3e27
0000000f01053465023a1943
0000000f01055a920019db63
0000000f01052cdf0057d29b
0000000f01050e2c009486f4
0000000f0104f9cd00d0c8dd
0000000f0104ee36010cd9b7
0000000f0104eaeb0148d689
0000000f0104efd20184d57a
0000000f0104fd1301c0ed2c
0000000f0105134901fd3e27
0000000f01053465023a1943
0000000f01055a920019db63
0000000f01052cdf0057d29b
0000000f01050e2c009486f4
0000000f0104f9cd00d0c8dd
0000000f0104ee36010cd9b7
0000000f0104eaeb0148d689
0000000f0104efd20184d57a
0000000f0104fd1301c0ed2c
0000000f0105134901fd3e27
0000000f01053465023a1943
0000000f01055a920019db63
0000000f01052cdf0057d29b
0000000f01050e2c009486f4
0000000f0104f9cd00d0c8dd
0000000f0104ee36010cd9b7
0000000f0104eaeb0148d689
0000000f0104efd20184d57a
0000000f0104fd1301c0ed2c
0000000f0105134901fd3e27
0000000f01053465023a1943
0000000f01055a920019db63
0000000f01052cdf0057d29b
0000000f01050e2c009486f4
0000000f0104f9cd00d0c8dd
0000000f0104ee36010cd9b7
0000000f0104eaeb0148d689
0000000f0104efd20184d57a
0000000f0104fd1301c0ed2c
0000000f0105134901fd3e27
0000000f01053465023a1943
0000000f01055a920019db63
0000000f01052cdf0057d29b
0000000f01050e2c009486f4
0000000f0104f9cd00d0c8dd
0000000f0104ee36010cd9b7
0000000f0104eaeb0148d689
0000000f0104efd20184d57a
0000000f0104fd1301c0ed2c
0000000f0105134901fd3e27
0000000f01053465023a1943
0000000f010658010019dc5f
0000000f010624a90057d377
0000000f0106022c0094879c
0000000f0105eb4a00d0c94b
0000000f0105de44010cd9eb
0000000f0105da910148d684
0000000f0105e0130184d53b
0000000f0105eef601c0ecb2
0000000f010607eb01fd3d74
0000000f01062d1d023a185f
0000000f010658010019dc5f
0000000f010624a90057d377
0000000f0106022c0094879c
0000000f0105eb4a00d0c94b
0000000f0105de44010cd9eb
0000000f0105da910148d684
0000000f0105e0130184d53b
0000000f0105eef601c0ecb2
0000000f010607eb01fd3d74
0000000f01062d1d023a185f
0000000f010658010019dc5f
0000000f010624a90057d377
0000000f0106022c0094879c
0000000f0105eb4a00d0c94b
0000000f0105de44010cd9eb
0000000f0105da910148d684
0000000f0105e0130184d53b
0000000f0105eef601c0ecb2
0000000f010607eb01fd3d74
0000000f01062d1d023a185f
0000000f010658010019dc5f
0000000f010624a90057d377
0000000f0106022c0094879c
0000000f0105eb4a00d0c94b
0000000f0105de44010cd9eb
0000000f0105da910148d684
0000000f0105e0130184d53b
0000000f0105eef601c0ecb2
0000000f010607eb01fd3d74
0000000f01062d1d023a185f
0000000f010658010019dc5f
0000000f010624a90057d377
0000000f0106022c0094879c
0000000f0105eb4a00d0c94b
0000000f0105de44010cd9eb
0000000f0105da910148d684
0000000f0105e0130184d53b
0000000f0105eef601c0ecb2
0000000f010607eb01fd3d74
0000000f01062d1d023a185f
0000000f010658010019dc5f
0000000f010624a90057d377
0000000f0106022c0094879c
0000000f0105eb4a00d0c94b
0000000f0105de44010cd9eb
0000000f0105da910148d684
0000000f0105e0130184d53b
0000000f0105eef601c0ecb2
0000000f010607eb01fd3d74
0000000f01062d1d023a185f
0000000f0107556e0019dd77
0000000f01071c710057d46d
0000000f0106f62900948858
0000000f0106dcc300d0c9c7
0000000f0106ce50010cda25
0000000f0106ca340148d67d
0000000f0106d0510184d4f3
0000000f0106e0d701c0ec2a
0000000f0106fc8a01fd3cac
0000000f010725d3023a175f
0000000f0107556e0019dd77
0000000f01071c710057d46d
0000000f0106f62900948858
0000000f0106dcc300d0c9c7
0000000f0106ce50010cda25
0000000f0106ca340148d67d
0000000f0106d0510184d4f3
0000000f0106e0d701c0ec2a
0000000f0106fc8a01fd3cac
0000000f010725d3023a175f
0000000f0107556e0019dd77
0000000f01071c710057d46d
0000000f0106f62900948858
0000000f0106dcc300d0c9c7
0000000f0106ce50010cda25
0000000f0106ca340148d67d
0000000f0106d0510184d4f3
0000000f0106e0d701c0ec2a
0000000f0106fc8a01fd3cac
0000000f010725d3023a175f
0000000f0107556e0019dd77
0000000f01071c710057d46d
0000000f0106f62900948858
0000000f0106dcc300d0c9c7
0000000f0106ce50010cda25
0000000f0106ca340148d67d
0000000f0106d0510184d4f3
0000000f0106e0d701c0ec2a
0000000f0106fc8a01fd3cac
0000000f010725d3023a175f
0000000f0107556e0019dd77
0000000f01071c710057d46d
0000000f0106f62900948858
0000000f0106dcc300d0c9c7
0000000f0106ce50010cda25
0000000f0106ca340148d67d
0000000f0106d0510184d4f3
0000000f0106e0d701c0ec2a
0000000f0106fc8a01fd3cac
0000000f010725d3023a175f
0000000f0107556e0019dd77
0000000f01071c710057d46d
0000000f0106f62900948858
0000000f0106dcc300d0c9c7
0000000f0106ce50010cda25
0000000f0106ca340148d67d
0000000f0106d0510184d4f3
0000000f0106e0d701c0ec2a
0000000f0106fc8a01fd3cac
0000000f010725d3023a175f
0000000f010852d80019dead
0000000f010814350057d57c
0000000f0107ea2300948927
0000000f0107ce3900d0ca4f
0000000f0107be58010cda66
0000000f0107b9d40148d676
0000000f0107c08c0184d4a5
0000000f0107d2b501c0eb93
0000000f0107f12501fd3bd0
0000000f01081e85023a1646
0000000f010852d80019dead
0000000f010814350057d57c
0000000f0107ea2300948927
0000000f0107ce3900d0ca4f
0000000f0107be58010cda66
0000000f0107b9d40148d676
0000000f0107c08c0184d4a5
0000000f0107d2b501c0eb93
0000000f0107f12501fd3bd0
0000000f01081e85023a1646
0000000f010852d80019dead
0000000f010814350057d57c
0000000f0107ea2300948927
0000000f0107ce3900d0ca4f
0000000f0107be58010cda66
0000000f0107b9d40148d676
0000000f0107c08c0184d4a5
0000000f0107d2b501c0eb93
0000000f0107f12501fd3bd0
0000000f01081e85023a1646
0000000f010852d80019dead
0000000f010814350057d57c
0000000f0107ea2300948927
0000000f0107ce3900d0ca4f
0000000f0107be58010cda66
0000000f0107b9d40148d676
0000000f0107c08c0184d4a5
0000000f0107d2b501c0eb93
0000000f0107f12501fd3bd0
0000000f01081e85023a1646
0000000f010852d80019dead
0000000f010814350057d57c
0000000f0107ea2300948927
0000000f0107ce3900d0ca4f
0000000f0107be58010cda66
0000000f0107b9d40148d676
0000000f0107c08c0184d4a5
0000000f0107d2b501c0eb93
0000000f0107f12501fd3bd0
0000000f01081e85023a1646
0000000f010852d80019dead
0000000f010814350057d57c
0000000f0107ea2300948927
0000000f0107ce3900d0ca4f
0000000f0107be58010cda66
0000000f0107b9d40148d676
0000000f0107c08c0184d4a5
0000000f0107d2b501c0eb93
0000000f0107f12501fd3bd0
0000000f01081e85023a1646
0000000f0109503e0019e000
0000000f01090bf60057d6a5
0000000f0108de1900948a0a
0000000f0108bfac00d0cae5
0000000f0108ae5c010cdaad
0000000f0108a9700148d66f
0000000f0108b0c30184d44f
0000000f0108c48f01c0eaee
0000000f0108e5bd01fd3ade
0000000f01091734023a1512
0000000f0109503e0019e000
0000000f01090bf60057d6a5
0000000f0108de1900948a0a
0000000f0108bfac00d0cae5
0000000f0108ae5c010cdaad
0000000f0108a9700148d66f
0000000f0108b0c30184d44f
0000000f0108c48f01c0eaee
0000000f0108e5bd01fd3ade
0000000f01091734023a1512
0000000f0109503e0019e000
0000000f01090bf60057d6a5
0000000f0108de1900948a0a
0000000f0108bfac00d0cae5
0000000f0108ae5c010cdaad
0000000f0108a9700148d66f
0000000f0108b0c30184d44f
0000000f0108c48f01c0eaee
0000000f0108e5bd01fd3ade
0000000f01091734023a1512
0000000f0109503e0019e000
0000000f01090bf60057d6a5
0000000f0108de1900948a0a
0000000f0108bfac00d0cae5
0000000f0108ae5c010cdaad
0000000f0108a9700148d66f
0000000f0108b0c30184d44f
0000000f0108c48f01c0eaee
0000000f0108e5bd01fd3ade
0000000f01091734023a1512
0000000f0109503e0019e000
0000000f01090bf60057d6a5
0000000f0108de1900948a0a
0000000f0108bfac00d0cae5
0000000f0108ae5c010cdaad
0000000f0108a9700148d66f
0000000f0108b0c30184d44f
0000000f0108c48f01c0eaee
0000000f0108e5bd01fd3ade
0000000f01091734023a1512
0000000f0109503e0019e000
0000000f01090bf60057d6a5
0000000f0108de1900948a0a
0000000f0108bfac00d0cae5
0000000f0108ae5c010cdaad
0000000f0108a9700148d66f
0000000f0108b0c30184d44f
0000000f0108c48f01c0eaee
0000000f0108e5bd01fd3ade
0000000f01091734023a1512
0000000f010a4da10019e171
0000000f010a03b30057d7e7
0000000f0109d20b00948b00
0000000f0109b11b00d0cb87
0000000f01099e5d010cdafa
0000000f010999090148d666
0000000f0109a0f70184d3f1
0000000f0109b66501c0ea3c
0000000f0109da5101fd39d8
0000000f010a0fdf023a13c3
0000000f010a4da10019e171
0000000f010a03b30057d7e7
0000000f0109d20b00948b00
0000000f0109b11b00d0cb87
0000000f01099e5d010cdafa
0000000f010999090148d666
0000000f0109a0f70184d3f1
0000000f0109b66501c0ea3c
0000000f0109da5101fd39d8
0000000f010a0fdf023a13c3
0000000f010a4da10019e171
0000000f010a03b30057d7e7
0000000f0109d20b00948b00
0000000f0109b11b00d0cb87
0000000f01099e5d010cdafa
0000000f010999090148d666
0000000f0109a0f70184d3f1
0000000f0109b66501c0ea3c
0000000f0109da5101fd39d8
0000000f010a0fdf023a13c3
0000000f010a4da10019e171
0000000f010a03b30057d7e7
0000000f0109d20b00948b00
0000000f0109b11b00d0cb87
0000000f01099e5d010cdafa
0000000f010999090148d666
0000000f0109a0f70184d3f1
0000000f0109b66501c0ea3c
0000000f0109da5101fd39d8
0000000f010a0fdf023a13c3
0000000f010a4da10019e171
0000000f010a03b30057d7e7
0000000f0109d20b00948b00
0000000f0109b11b00d0cb87
0000000f01099e5d010cdafa
0000000f010999090148d666
0000000f0109a0f70184d3f1
0000000f0109b66501c0ea3c
0000000f0109da5101fd39d8
0000000f010a0fdf023a13c3
0000000f010a4da10019e171
0000000f010a03b30057d7e7
0000000f0109d20b00948b00
0000000f0109b11b00d0cb87
0000000f01099e5d010cdafa
0000000f010999090148d666
0000000f0109a0f70184d3f1
0000000f0109b66501c0ea3c
0000000f0109da5101fd39d8
0000000f010a0fdf023a13c3
0000000f010b4b000019e2fe
0000000f010afb6c0057d942
0000000f010ac5f900948c0a
0000000f010aa28600d0cc36
0000000f010a8e5a010cdb4c
0000000f010a889d0148d65d
0000000f010a91260184d38c
0000000f010aa83701c0e97b
0000000f010acee101fd38bd
0000000f010b0886023a125a
0000000f010b4b000019e2fe
0000000f010afb6c0057d942
0000000f010ac5f900948c0a
0000000f010aa28600d0cc36
0000000f010a8e5a010cdb4c
0000000f010a889d0148d65d
0000000f010a91260184d38c
0000000f010aa83701c0e97b
0000000f010acee101fd38bd
0000000f010b0886023a125a
0000000f010b4b000019e2fe
0000000f010afb6c0057d942
0000000f010ac5f900948c0a
0000000f010aa28600d0cc36
0000000f010a8e5a010cdb4c
0000000f010a889d0148d65d
0000000f010a91260184d38c
0000000f010aa83701c0e97b
0000000f010acee101fd38bd
0000000f010b0886023a125a
0000000f010b4b000019e2fe
0000000f010afb6c0057d942
0000000f010ac5f900948c0a
0000000f010aa28600d0cc36
0000000f010a8e5a010cdb4c
0000000f010a889d0148d65d
0000000f010a91260184d38c
0000000f010aa83701c0e97b
0000000f010acee101fd38bd
0000000f010b0886023a125a
0000000f010b4b000019e2fe
0000000f010afb6c0057d942
0000000f010ac5f900948c0a
0000000f010aa28600d0cc36
0000000f010a8e5a010cdb4c
0000000f010a889d0148d65d
0000000f010a91260184d38c
0000000f010aa83701c0e97b
0000000f010acee101fd38bd
0000000f010b0886023a125a
0000000f010b4b000019e2fe
0000000f010afb6c0057d942
0000000f010ac5f900948c0a
0000000f010aa28600d0cc36
0000000f010a8e5a010cdb4c
0000000f010a889d0148d65d
0000000f010a91260184d38c
0000000f010aa83701c0e97b
0000000f010acee101fd38bd
0000000f010b0886023a125a
0000000f010c485b0019e4a9
0000000f010bf3200057dab8
0000000f010bb9e300948d27
0000000f010b93ec00d0ccf2
0000000f010b7e52010cdba5
0000000f010b782d0148d654
0000000f010b81510184d320
0000000f010b9a0401c0e8ab
0000000f010bc36c01fd378d
0000000f010c0128023a10d6
0000000f010c485b0019e4a9
0000000f010bf3200057dab8
0000000f010bb9e300948d27
0000000f010b93ec00d0ccf2
0000000f010b7e52010cdba5
0000000f010b782d0148d654
0000000f010b81510184d320
0000000f010b9a0401c0e8ab
0000000f010bc36c01fd378d
0000000f010c0128023a10d6
0000000f010c485b0019e4a9
0000000f010bf3200057dab8
0000000f010bb9e300948d27
0000000f010b93ec00d0ccf2
0000000f010b7e52010cdba5
0000000f010b782d0148d654
0000000f010b81510184d320
0000000f010b9a0401c0e8ab
0000000f010bc36c01fd378d
0000000f010c0128023a10d6
0000000f010c485b0019e4a9
0000000f010bf3200057dab8
0000000f010bb9e300948d27
0000000f010b93ec00d0ccf2
0000000f010b7e52010cdba5
0000000f010b782d0148d654
0000000f010b81510184d320
0000000f010b9a0401c0e8ab
0000000f010bc36c01fd378d
0000000f010c0128023a10d6
0000000f010c485b0019e4a9
0000000f010bf3200057dab8
0000000f010bb9e300948d27
0000000f010b93ec00d0ccf2
0000000f010b7e52010cdba5
0000000f010b782d0148d654
0000000f010b81510184d320
0000000f010b9a0401c0e8ab
0000000f010bc36c01fd378d
0000000f010c0128023a10d6
0000000f010c485b0019e4a9
0000000f010bf3200057dab8
0000000f010bb9e300948d27
0000000f010b93ec00d0ccf2
0000000f010b7e52010cdba5
0000000f010b782d0148d654
0000000f010b81510184d320
0000000f010b9a0401c0e8ab
0000000f010bc36c01fd378d
0000000f010c0128023a10d6
0000000f010d45b10019e670
0000000f010cead00057dc46
0000000f010cadc800948e58
0000000f010c854d00d0cdbb
0000000f010c6e45010cdc04
0000000f010c67b90148d649
0000000f010c71770184d2ac
0000000f010c8bcd01c0e7ce
0000000f010cb7f301fd3649
0000000f010cf9c6023a0f38
0000000f010d45b10019e670
0000000f010cead00057dc46
0000000f010cadc800948e58
0000000f010c854d00d0cdbb
0000000f010c6e45010cdc04
0000000f010c67b90148d649
0000000f010c71770184d2ac
0000000f010c8bcd01c0e7ce
0000000f010cb7f301fd3649
0000000f010cf9c6023a0f38
0000000f010d45b10019e670
0000000f010cead00057dc46
0000000f010cadc800948e58
0000000f010c854d00d0cdbb
0000000f010c6e45010cdc04
0000000f010c67b90148d649
0000000f010c71770184d2ac
0000000f010c8bcd01c0e7ce
0000000f010cb7f301fd3649
0000000f010cf9c6023a0f38
0000000f010d45b10019e670
0000000f010cead00057dc46
0000000f010cadc800948e58
0000000f010c854d00d0cdbb
0000000f010c6e45010cdc04
0000000f010c67b90148d649
0000000f010c71770184d2ac
0000000f010c8bcd01c0e7ce
0000000f010cb7f301fd3649
0000000f010cf9c6023a0f38
0000000f010d45b10019e670
0000000f010cead00057dc46
0000000f010cadc800948e58
0000000f010c854d00d0cdbb
0000000f010c6e45010cdc04
0000000f010c67b90148d649
0000000f010c71770184d2ac
0000000f010c8bcd01c0e7ce
0000000f010cb7f301fd3649
0000000f010cf9c6023a0f38
0000000f010d45b10019e670
0000000f010cead00057dc46
0000000f010cadc800948e58
0000000f010c854d00d0cdbb
0000000f010c6e45010cdc04
0000000f010c67b90148d649
0000000f010c71770184d2ac
0000000f010c8bcd01c0e7ce
0000000f010cb7f301fd3649
0000000f010cf9c6023a0f38
0000000f010e43030019e855
0000000f010de27b0057ddef
0000000f010da1a800948f9d
0000000f010d76a900d0ce90
0000000f010d5e33010cdc69
0000000f010d573f0148d63e
0000000f010d61980184d231
0000000f010d7d9001c0e6e2
0000000f010dac7401fd34ef
0000000f010df25e023a0d7f
0000000f010e43030019e855
0000000f010de27b0057ddef
0000000f010da1a800948f9d
0000000f010d76a900d0ce90
0000000f010d5e33010cdc69
0000000f010d573f0148d63e
0000000f010d61980184d231
0000000f010d7d9001c0e6e2
0000000f010dac7401fd34ef
0000000f010df25e023a0d7f
0000000f010e43030019e855
0000000f010de27b0057ddef
0000000f010da1a800948f9d
0000000f010d76a900d0ce90
0000000f010d5e33010cdc69
0000000f010d573f0148d63e
0000000f010d61980184d231
0000000f010d7d9001c0e6e2
0000000f010dac7401fd34ef
0000000f010df25e023a0d7f
0000000f010e43030019e855
0000000f010de27b0057ddef
0000000f010da1a800948f9d
0000000f010d76a900d0ce90
0000000f010d5e33010cdc69
0000000f010d573f0148d63e
0000000f010d61980184d231
0000000f010d7d9001c0e6e2
0000000f010dac7401fd34ef
0000000f010df25e023a0d7f
0000000f010e43030019e855
0000000f010de27b0057ddef
0000000f010da1a800948f9d
0000000f010d76a900d0ce90
0000000f010d5e33010cdc69
0000000f010d573f0148d63e
0000000f010d61980184d231
0000000f010d7d9001c0e6e2
0000000f010dac7401fd34ef
0000000f010df25e023a0d7f
0000000f010e43030019e855
0000000f010de27b0057ddef
0000000f010da1a800948f9d
0000000f010d76a900d0ce90
0000000f010d5e33010cdc69
0000000f010d573f0148d63e
0000000f010d61980184d231
0000000f010d7d9001c0e6e2
0000000f010dac7401fd34ef
0000000f010df25e023a0d7f
0000000f010f40500019ea57
0000000f010eda200057dfb0
0000000f010e9582009490f5
0000000f010e680000d0cf73
0000000f010e4e1c010cdcd5
0000000f010e46bf0148d633
0000000f010e51b40184d1af
0000000f010e6f4e01c0e5e9
0000000f010ea0f001fd3381
0000000f010eeaf2023a0bac
0000000f010f40500019ea57
0000000f010eda200057dfb0
0000000f010e9582009490f5
0000000f010e680000d0cf73
0000000f010e4e1c010cdcd5
0000000f010e46bf0148d633
0000000f010e51b40184d1af
0000000f010e6f4e01c0e5e9
0000000f010ea0f001fd3381
0000000f010eeaf2023a0bac
0000000f010f40500019ea57
0000000f010eda200057dfb0
0000000f010e9582009490f5
0000000f010e680000d0cf73
0000000f010e4e1c010cdcd5
0000000f010e46bf0148d633
0000000f010e51b40184d1af
0000000f010e6f4e01c0e5e9
0000000f010ea0f001fd3381
0000000f010eeaf2023a0bac
0000000f010f40500019ea57
0000000f010eda200057dfb0
0000000f010e9582009490f5
0000000f010e680000d0cf73
0000000f010e4e1c010cdcd5
0000000f010e46bf0148d633
0000000f010e51b40184d1af
0000000f010e6f4e01c0e5e9
0000000f010ea0f001fd3381
0000000f010eeaf2023a0bac
0000000f010f40500019ea57
0000000f010eda200057dfb0
0000000f010e9582009490f5
0000000f010e680000d0cf73
0000000f010e4e1c010cdcd5
0000000f010e46bf0148d633
0000000f010e51b40184d1af
0000000f010e6f4e01c0e5e9
0000000f010ea0f001fd3381
0000000f010eeaf2023a0bac
0000000f010f40500019ea57
0000000f010eda200057dfb0
0000000f010e9582009490f5
0000000f010e680000d0cf73
0000000f010e4e1c010cdcd5
0000000f010e46bf0148d633
0000000f010e51b40184d1af
0000000f010e6f4e01c0e5e9
0000000f010ea0f001fd3381
0000000f010eeaf2023a0bac
0000000f01103d980019ec76
0000000f010fd1bf0057e18c
0000000f010f895700949260
0000000f010f595100d0d062
0000000f010f3dff010cdd46
0000000f010f363b0148d626
0000000f010f41ca0184d125
0000000f010f610701c0e4e1
0000000f010f956701fd31fe
0000000f010fe37f023a09bf
0000000f01103d980019ec76
0000000f010fd1bf0057e18c
0000000f010f895700949260
0000000f010f595100d0d062
0000000f010f3dff010cdd46
0000000f010f363b0148d626
0000000f010f41ca0184d125
0000000f010f610701c0e4e1
0000000f010f956701fd31fe
0000000f010fe37f023a09bf
0000000f01103d980019ec76
0000000f010fd1bf0057e18c
0000000f010f895700949260
0000000f010f595100d0d062
0000000f010f3dff010cdd46
0000000f010f363b0148d626
0000000f010f41ca0184d125
0000000f010f610701c0e4e1
0000000f010f956701fd31fe
0000000f010fe37f023a09bf
0000000f01103d980019ec76
0000000f010fd1bf0057e18c
0000000f010f895700949260
0000000f010f595100d0d062
0000000f010f3dff010cdd46
0000000f010f363b0148d626
0000000f010f41ca0184d125
0000000f010f610701c0e4e1
0000000f010f956701fd31fe
0000000f010fe37f023a09bf
0000000f01103d980019ec76
0000000f010fd1bf0057e18c
0000000f010f895700949260
0000000f010f595100d0d062
0000000f010f3dff010cdd46
0000000f010f363b0148d626
0000000f010f41ca0184d125
0000000f010f610701c0e4e1
0000000f010f956701fd31fe
0000000f010fe37f023a09bf
0000000f01103d980019ec76
0000000f010fd1bf0057e18c
0000000f010f895700949260
0000000f010f595100d0d062
0000000f010f3dff010cdd46
0000000f010f363b0148d626
0000000f010f41ca0184d125
0000000f010f610701c0e4e1
0000000f010f956701fd31fe
0000000f010fe37f023a09bf
0000000f01113ada0019eeb2
0000000f0110c9590057e380
0000000f01107d25009493df
0000000f01104a9c00d0d15e
0000000f01102ddc010cddbd
0000000f011025b00148d61a
0000000f011031da0184d093
0000000f011052b901c0e3cb
0000000f011089d701fd3067
0000000f0110dc07023a07b7
0000000f01113ada0019eeb2
0000000f0110c9590057e380
0000000f01107d25009493df
0000000f01104a9c00d0d15e
0000000f01102ddc010cddbd
0000000f011025b00148d61a
0000000f011031da0184d093
0000000f011052b901c0e3cb
0000000f011089d701fd3067
0000000f0110dc07023a07b7
0000000f01113ada0019eeb2
0000000f0110c9590057e380
0000000f01107d25009493df
0000000f01104a9c00d0d15e
0000000f01102ddc010cddbd
0000000f011025b00148d61a
0000000f011031da0184d093
0000000f011052b901c0e3cb
0000000f011089d701fd3067
0000000f0110dc07023a07b7
0000000f01113ada0019eeb2
0000000f0110c9590057e380
0000000f01107d25009493df
0000000f01104a9c00d0d15e
0000000f01102ddc010cddbd
0000000f011025b00148d61a
0000000f011031da0184d093
0000000f011052b901c0e3cb
0000000f011089d701fd3067
0000000f0110dc07023a07b7
0000000f01113ada0019eeb2
0000000f0110c9590057e380
0000000f01107d25009493df
0000000f01104a9c00d0d15e
0000000f01102ddc010cddbd
0000000f011025b00148d61a
0000000f011031da0184d093
0000000f011052b901c0e3cb
0000000f011089d701fd3067
0000000f0110dc07023a07b7
0000000f01113ada0019eeb2
0000000f0110c9590057e380
0000000f01107d25009493df
0000000f01104a9c00d0d15e
0000000f01102ddc010cddbd
0000000f011025b00148d61a
0000000f011031da0184d093
0000000f011052b901c0e3cb
0000000f011089d701fd3067
0000000f0110dc07023a07b7
0000000f011238160019f10b
0000000f0111c0ec0057e58e
0000000f011170ed00949571
0000000f01113be100d0d267
0000000f01111db3010cde3b
0000000f0111151e0148d60c
0000000f011121e30184cffb
0000000f0111446501c0e2a7
0000000f01117e4001fd2eba
0000000f0111d488023a0594
0000000f011238160019f10b
0000000f0111c0ec0057e58e
0000000f011170ed00949571
0000000f01113be100d0d267
0000000f01111db3010cde3b
0000000f0111151e0148d60c
0000000f011121e30184cffb
0000000f0111446501c0e2a7
0000000f01117e4001fd2eba
0000000f0111d488023a0594
0000000f011238160019f10b
0000000f0111c0ec0057e58e
0000000f011170ed00949571
0000000f01113be100d0d267
0000000f01111db3010cde3b
0000000f0111151e0148d60c
0000000f011121e30184cffb
0000000f0111446501c0e2a7
0000000f01117e4001fd2eba
0000000f0111d488023a0594
0000000f011238160019f10b
0000000f0111c0ec0057e58e
0000000f011170ed00949571
0000000f01113be100d0d267
0000000f01111db3010cde3b
0000000f0111151e0148d60c
0000000f011121e30184cffb
0000000f0111446501c0e2a7
0000000f01117e4001fd2eba
0000000f0111d488023a0594
0000000f011238160019f10b
0000000f0111c0ec0057e58e
0000000f011170ed00949571
0000000f01113be100d0d267
0000000f01111db3010cde3b
0000000f0111151e0148d60c
0000000f011121e30184cffb
0000000f0111446501c0e2a7
0000000f01117e4001fd2eba
0000000f0111d488023a0594
0000000f011238160019f10b
0000000f0111c0ec0057e58e
0000000f011170ed00949571
0000000f01113be100d0d267
0000000f01111db3010cde3b
0000000f0111151e0148d60c
0000000f011121e30184cffb
0000000f0111446501c0e2a7
0000000f01117e4001fd2eba
0000000f0111d488023a0594
0000000f0113354c0019f381
0000000f0112b8780057e7b6
0000000f011264ae00949717
0000000f01122d1e00d0d37c
0000000f01120d83010cdebe
0000000f011204860148d5fe
0000000f011211e60184cf5b
0000000f0112360a01c0e174
0000000f011272a301fd2cf9
0000000f0112cd03023a0358
0000000f0113354c0019f381
0000000f0112b8780057e7b6
0000000f011264ae00949717
0000000f01122d1e00d0d37c
0000000f01120d83010cdebe
0000000f011204860148d5fe
0000000f011211e60184cf5b
0000000f0112360a01c0e174
0000000f011272a301fd2cf9
0000000f0112cd03023a0358
0000000f0113354c0019f381
0000000f0112b8780057e7b6
0000000f011264ae00949717
0000000f01122d1e00d0d37c
0000000f01120d83010cdebe
0000000f011204860148d5fe
0000000f011211e60184cf5b
0000000f0112360a01c0e174
0000000f011272a301fd2cf9
0000000f0112cd03023a0358
0000000f0113354c0019f381
0000000f0112b8780057e7b6
0000000f011264ae00949717
0000000f01122d1e00d0d37c
0000000f01120d83010cdebe
0000000f011204860148d5fe
0000000f011211e60184cf5b
0000000f0112360a01c0e174
0000000f011272a301fd2cf9
0000000f0112cd03023a0358
0000000f0113354c0019f381
0000000f0112b8780057e7b6
0000000f011264ae00949717
0000000f01122d1e00d0d37c
0000000f01120d83010cdebe
0000000f011204860148d5fe
0000000f011211e60184cf5b
0000000f0112360a01c0e174
0000000f011272a301fd2cf9
0000000f0112cd03023a0358
0000000f0113354c0019f381
0000000f0112b8780057e7b6
0000000f011264ae00949717
0000000f01122d1e00d0d37c
0000000f01120d83010cdebe
0000000f011204860148d5fe
0000000f011211e60184cf5b
0000000f0112360a01c0e174
0000000f011272a301fd2cf9
0000000f0112cd03023a0358
0000000f0114327b0019f614
0000000f0113affe0057e9f7
0000000f01135868009498d0
0000000f01131e5500d0d49f
0000000f0112fd4c010cdf48
0000000f0112f3e70148d5ef
0000000f011301e20184ceb3
0000000f011327a801c0e034
0000000f011366ff01fd2b24
0000000f0113c577023a0101
0000000f0114327b0019f614
0000000f0113affe0057e9f7
0000000f01135868009498d0
0000000f01131e5500d0d49f
0000000f0112fd4c010cdf48
0000000f0112f3e70148d5ef
0000000f011301e20184ceb3
0000000f011327a801c0e034
0000000f011366ff01fd2b24
0000000f0113c577023a0101
0000000f0114327b0019f614
0000000f0113affe0057e9f7
0000000f01135868009498d0
0000000f01131e5500d0d49f
0000000f0112fd4c010cdf48
0000000f0112f3e70148d5ef
0000000f011301e20184ceb3
0000000f011327a801c0e034
0000000f011366ff01fd2b24
0000000f0113c577023a0101
0000000f0114327b0019f614
0000000f0113affe0057e9f7
0000000f01135868009498d0
0000000f01131e5500d0d49f
0000000f0112fd4c010cdf48
0000000f0112f3e70148d5ef
0000000f011301e20184ceb3
0000000f011327a801c0e034
0000000f011366ff01fd2b24
0000000f0113c577023a0101
0000000f0114327b0019f614
0000000f0113affe0057e9f7
0000000f01135868009498d0
0000000f01131e5500d0d49f
0000000f0112fd4c010cdf48
0000000f0112f3e70148d5ef
0000000f011301e20184ceb3
0000000f011327a801c0e034
0000000f011366ff01fd2b24
0000000f0113c577023a0101
0000000f0114327b0019f614
0000000f0113affe0057e9f7
0000000f01135868009498d0
0000000f01131e5500d0d49f
0000000f0112fd4c010cdf48
0000000f0112f3e70148d5ef
0000000f011301e20184ceb3
0000000f011327a801c0e034
0000000f011366ff01fd2b24
0000000f0113c577023a0101
0000000f01152fa40019f8c3
0000000f0114a77c0057ec51
0000000f01144c1b00949a9d
0000000f01140f8500d0d5ce
0000000f0113ed0e010cdfd7
0000000f0113e3410148d5df
0000000f0113f1d60184ce04
0000000f0114193e01c0dee6
0000000f01145b5301fd2939
0000000f0114bde40239fe8f
0000000f01152fa40019f8c3
0000000f0114a77c0057ec51
0000000f01144c1b00949a9d
0000000f01140f8500d0d5ce
0000000f0113ed0e010cdfd7
0000000f0113e3410148d5df
0000000f0113f1d60184ce04
0000000f0114193e01c0dee6
0000000f01145b5301fd2939
0000000f0114bde40239fe8f
0000000f01152fa40019f8c3
0000000f0114a77c0057ec51
0000000f01144c1b00949a9d
0000000f01140f8500d0d5ce
0000000f0113ed0e010cdfd7
0000000f0113e3410148d5df
0000000f0113f1d60184ce04
0000000f0114193e01c0dee6
0000000f01145b5301fd2939
0000000f0114bde40239fe8f
0000000f01152fa40019f8c3
0000000f0114a77c0057ec51
0000000f01144c1b00949a9d
0000000f01140f8500d0d5ce
0000000f0113ed0e010cdfd7
0000000f0113e3410148d5df
0000000f0113f1d60184ce04
0000000f0114193e01c0dee6
0000000f01145b5301fd2939
0000000f0114bde40239fe8f
0000000f01152fa40019f8c3
0000000f0114a77c0057ec51
0000000f01144c1b00949a9d
0000000f01140f8500d0d5ce
0000000f0113ed0e010cdfd7
0000000f0113e3410148d5df
0000000f0113f1d60184ce04
0000000f0114193e01c0dee6
0000000f01145b5301fd2939
0000000f0114bde40239fe8f
0000000f01152fa40019f8c3
0000000f0114a77c0057ec51
0000000f01144c1b00949a9d
0000000f01140f8500d0d5ce
0000000f0113ed0e010cdfd7
0000000f0113e3410148d5df
0000000f0113f1d60184ce04
0000000f0114193e01c0dee6
0000000f01145b5301fd2939
0000000f0114bde40239fe8f
0000000f01162cc60019fb90
0000000f01159ef30057eec5
0000000f01153fc600949c7d
0000000f011500ac00d0d70a
0000000f0114dcc8010ce06d
0000000f0114d2930148d5cf
0000000f0114e1c30184cd4e
0000000f01150acd01c0dd89
0000000f01154fa001fd273a
0000000f0115b6490239fc03
0000000f01162cc60019fb90
0000000f01159ef30057eec5
0000000f01153fc600949c7d
0000000f011500ac00d0d70a
0000000f0114dcc8010ce06d
0000000f0114d2930148d5cf
0000000f0114e1c30184cd4e
0000000f01150acd01c0dd89
0000000f01154fa001fd273a
0000000f0115b6490239fc03
0000000f01162cc60019fb90
0000000f01159ef30057eec5
0000000f01153fc600949c7d
0000000f011500ac00d0d70a
0000000f0114dcc8010ce06d
0000000f0114d2930148d5cf
0000000f0114e1c30184cd4e
0000000f01150acd01c0dd89
0000000f01154fa001fd273a
0000000f0115b6490239fc03
0000000f01162cc60019fb90
0000000f01159ef30057eec5
0000000f01153fc600949c7d
0000000f011500ac00d0d70a
0000000f0114dcc8010ce06d
0000000f0114d2930148d5cf
0000000f0114e1c30184cd4e
0000000f01150acd01c0dd89
0000000f01154fa001fd273a
0000000f0115b6490239fc03
0000000f01162cc60019fb90
0000000f01159ef30057eec5
0000000f01153fc600949c7d
0000000f011500ac00d0d70a
0000000f0114dcc8010ce06d
0000000f0114d2930148d5cf
0000000f0114e1c30184cd4e
0000000f01150acd01c0dd89
0000000f01154fa001fd273a
0000000f0115b6490239fc03
0000000f01162cc60019fb90
0000000f01159ef30057eec5
0000000f01153fc600949c7d
0000000f011500ac00d0d70a
0000000f0114dcc8010ce06d
0000000f0114d2930148d5cf
0000000f0114e1c30184cd4e
0000000f01150acd01c0dd89
0000000f01154fa001fd273a
0000000f0115b6490239fc03
0000000f011729e10019fe7a
0000000f011696620057f152
0000000f0116336900949e70
0000000f0115f1cc00d0d853
0000000f0115cc7a010ce109
0000000f0115c1de0148d5be
0000000f0115d1a80184cc91
0000000f0115fc5401c0dc1e
0000000f011643e501fd2527
0000000f0116aea70239f95d
0000000f011729e10019fe7a
0000000f011696620057f152
0000000f0116336900949e70
0000000f0115f1cc00d0d853
0000000f0115cc7a010ce109
0000000f0115c1de0148d5be
0000000f0115d1a80184cc91
0000000f0115fc5401c0dc1e
0000000f011643e501fd2527
0000000f0116aea70239f95d
0000000f011729e10019fe7a
0000000f011696620057f152
0000000f0116336900949e70
0000000f0115f1cc00d0d853
0000000f0115cc7a010ce109
0000000f0115c1de0148d5be
0000000f0115d1a80184cc91
0000000f0115fc5401c0dc1e
0000000f011643e501fd2527
0000000f0116aea70239f95d
0000000f011729e10019fe7a
0000000f011696620057f152
0000000f0116336900949e70
0000000f0115f1cc00d0d853
0000000f0115cc7a010ce109
0000000f0115c1de0148d5be
0000000f0115d1a80184cc91
0000000f0115fc5401c0dc1e
0000000f011643e501fd2527
0000000f0116aea70239f95d
0000000f011729e10019fe7a
0000000f011696620057f152
0000000f0116336900949e70
0000000f0115f1cc00d0d853
0000000f0115cc7a010ce109
0000000f0115c1de0148d5be
0000000f0115d1a80184cc91
0000000f0115fc5401c0dc1e
0000000f011643e501fd2527
0000000f0116aea70239f95d
0000000f011729e10019fe7a
0000000f011696620057f152
0000000f0116336900949e70
0000000f0115f1cc00d0d853
0000000f0115cc7a010ce109
0000000f0115c1de0148d5be
0000000f0115d1a80184cc91
0000000f0115fc5401c0dc1e
0000000f011643e501fd2527
0000000f0116aea70239f95d
0000000f011826f4001a0180
0000000f01178dc80057f3f8
0000000f011727040094a077
0000000f0116e2e400d0d9a9
0000000f0116bc24010ce1aa
0000000f0116b1200148d5ad
0000000f0116c1850184cbcc
0000000f0116edd301c0daa5
0000000f0117382101fd22fe
0000000f0117a6fc0239f69d
0000000f011826f4001a0180
0000000f01178dc80057f3f8
0000000f011727040094a077
0000000f0116e2e400d0d9a9
0000000f0116bc24010ce1aa
0000000f0116b1200148d5ad
0000000f0116c1850184cbcc
0000000f0116edd301c0daa5
0000000f0117382101fd22fe
0000000f0117a6fc0239f69d
0000000f011826f4001a0180
0000000f01178dc80057f3f8
0000000f011727040094a077
0000000f0116e2e400d0d9a9
0000000f0116bc24010ce1aa
0000000f0116b1200148d5ad
0000000f0116c1850184cbcc
0000000f0116edd301c0daa5
0000000f0117382101fd22fe
0000000f0117a6fc0239f69d
0000000f011826f4001a0180
0000000f01178dc80057f3f8
0000000f011727040094a077
0000000f0116e2e400d0d9a9
0000000f0116bc24010ce1aa
0000000f0116b1200148d5ad
0000000f0116c1850184cbcc
0000000f0116edd301c0daa5
0000000f0117382101fd22fe
0000000f0117a6fc0239f69d
0000000f011826f4001a0180
0000000f01178dc80057f3f8
0000000f011727040094a077
0000000f0116e2e400d0d9a9
0000000f0116bc24010ce1aa
0000000f0116b1200148d5ad
0000000f0116c1850184cbcc
0000000f0116edd301c0daa5
0000000f0117382101fd22fe
0000000f0117a6fc0239f69d
0000000f011826f4001a0180
0000000f01178dc80057f3f8
0000000f011727040094a077
0000000f0116e2e400d0d9a9
0000000f0116bc24010ce1aa
0000000f0116b1200148d5ad
0000000f0116c1850184cbcc
0000000f0116edd301c0daa5
0000000f0117382101fd22fe
0000000f0117a6fc0239f69d
0000000f011923ff001a04a3
0000000f011885260057f6b7
0000000f01181a960094a292
0000000f0117d3f300d0db0b
0000000f0117abc5010ce252
0000000f0117a0590148d59a
0000000f0117b1590184caff
0000000f0117df4901c0d91e
0000000f01182c5501fd20c1
0000000f01189f490239f3c2
0000000f011923ff001a04a3
0000000f011885260057f6b7
0000000f01181a960094a292
0000000f0117d3f300d0db0b
0000000f0117abc5010ce252
0000000f0117a0590148d59a
0000000f0117b1590184caff
0000000f0117df4901c0d91e
0000000f01182c5501fd20c1
0000000f01189f490239f3c2
0000000f011923ff001a04a3
0000000f011885260057f6b7
0000000f01181a960094a292
0000000f0117d3f300d0db0b
0000000f0117abc5010ce252
0000000f0117a0590148d59a
0000000f0117b1590184caff
0000000f0117df4901c0d91e
0000000f01182c5501fd20c1
0000000f01189f490239f3c2
0000000f011923ff001a04a3
0000000f011885260057f6b7
0000000f01181a960094a292
0000000f0117d3f300d0db0b
0000000f0117abc5010ce252
0000000f0117a0590148d59a
0000000f0117b1590184caff
0000000f0117df4901c0d91e
0000000f01182c5501fd20c1
0000000f01189f490239f3c2
0000000f011923ff001a04a3
0000000f011885260057f6b7
0000000f01181a960094a292
0000000f0117d3f300d0db0b
0000000f0117abc5010ce252
0000000f0117a0590148d59a
0000000f0117b1590184caff
0000000f0117df4901c0d91e
0000000f01182c5501fd20c1
0000000f01189f490239f3c2
0000000f011923ff001a04a3
0000000f011885260057f6b7
0000000f01181a960094a292
0000000f0117d3f300d0db0b
0000000f0117abc5010ce252
0000000f0117a0590148d59a
0000000f0117b1590184caff
0000000f0117df4901c0d91e
0000000f01182c5501fd20c1
0000000f01189f490239f3c2
0000000f011a2102001a07e3
0000000f01197c7c0057f990
0000000f01190e1f0094a4bf
0000000f0118c4f800d0dc7b
0000000f01189b5e010ce300
0000000f01188f8a0148d588
0000000f0118a1240184ca2c
0000000f0118d0b601c0d789
0000000f0119208001fd1e70
0000000f0119978d0239f0cd
0000000f011a2102001a07e3
0000000f01197c7c0057f990
0000000f01190e1f0094a4bf
0000000f0118c4f800d0dc7b
0000000f01189b5e010ce300
0000000f01188f8a0148d588
0000000f0118a1240184ca2c
0000000f0118d0b601c0d789
0000000f0119208001fd1e70
0000000f0119978d0239f0cd
0000000f011a2102001a07e3
0000000f01197c7c0057f990
0000000f01190e1f0094a4bf
0000000f0118c4f800d0dc7b
0000000f01189b5e010ce300
0000000f01188f8a0148d588
0000000f0118a1240184ca2c
0000000f0118d0b601c0d789
0000000f0119208001fd1e70
0000000f0119978d0239f0cd
0000000f011a2102001a07e3
0000000f01197c7c0057f990
0000000f01190e1f0094a4bf
0000000f0118c4f800d0dc7b
0000000f01189b5e010ce300
0000000f01188f8a0148d588
0000000f0118a1240184ca2c
0000000f0118d0b601c0d789
0000000f0119208001fd1e70
0000000f0119978d0239f0cd
0000000f011a2102001a07e3
0000000f01197c7c0057f990
0000000f01190e1f0094a4bf
0000000f0118c4f800d0dc7b
0000000f01189b5e010ce300
0000000f01188f8a0148d588
0000000f0118a1240184ca2c
0000000f0118d0b601c0d789
0000000f0119208001fd1e70
0000000f0119978d0239f0cd
0000000f011a2102001a07e3
0000000f01197c7c0057f990
0000000f01190e1f0094a4bf
0000000f0118c4f800d0dc7b
0000000f01189b5e010ce300
0000000f01188f8a0148d588
0000000f0118a1240184ca2c
0000000f0118d0b601c0d789
0000000f0119208001fd1e70
0000000f0119978d0239f0cd
0000000f011b1dfd001a0b40
0000000f011a73c80057fc82
0000000f011a019e0094a700
0000000f0119b5f500d0ddf7
0000000f01198aed010ce3b4
0000000f01197eb20148d574
0000000f011990e60184c950
0000000f0119c21a01c0d5e6
0000000f011a14a101fd1c0a
0000000f011a8fc80239edbe
0000000f011b1dfd001a0b40
0000000f011a73c80057fc82
0000000f011a019e0094a700
0000000f0119b5f500d0ddf7
0000000f01198aed010ce3b4
0000000f01197eb20148d574
0000000f011990e60184c950
0000000f0119c21a01c0d5e6
0000000f011a14a101fd1c0a
0000000f011a8fc80239edbe
0000000f011b1dfd001a0b40
0000000f011a73c80057fc82
0000000f011a019e0094a700
0000000f0119b5f500d0ddf7
0000000f01198aed010ce3b4
0000000f01197eb20148d574
0000000f011990e60184c950
0000000f0119c21a01c0d5e6
0000000f011a14a101fd1c0a
0000000f011a8fc80239edbe
0000000f011b1dfd001a0b40
0000000f011a73c80057fc82
0000000f011a019e0094a700
0000000f0119b5f500d0ddf7
0000000f01198aed010ce3b4
0000000f01197eb20148d574
0000000f011990e60184c950
0000000f0119c21a01c0d5e6
0000000f011a14a101fd1c0a
0000000f011a8fc80239edbe
0000000f011b1dfd001a0b40
0000000f011a73c80057fc82
0000000f011a019e0094a700
0000000f0119b5f500d0ddf7
0000000f01198aed010ce3b4
0000000f01197eb20148d574
0000000f011990e60184c950
0000000f0119c21a01c0d5e6
0000000f011a14a101fd1c0a
0000000f011a8fc80239edbe
0000000f011b1dfd001a0b40
0000000f011a73c80057fc82
0000000f011a019e0094a700
0000000f0119b5f500d0ddf7
0000000f01198aed010ce3b4
0000000f01197eb20148d574
0000000f011990e60184c950
0000000f0119c21a01c0d5e6
0000000f011a14a101fd1c0a
0000000f011a8fc80239edbe
0000000f011c1aee001a0eb9
0000000f011b6b0a0057ff8e
0000000f011af5150094a955
0000000f011aa6e800d0df7f
0000000f011a7a73010ce46e
0000000f011a6dd00148d560
0000000f011a809f0184c86e
0000000f011ab37401c0d435
0000000f011b08b901fd198f
0000000f011b87f90239ea95
0000000f011c1aee001a0eb9
0000000f011b6b0a0057ff8e
0000000f011af5150094a955
0000000f011aa6e800d0df7f
0000000f011a7a73010ce46e
0000000f011a6dd00148d560
0000000f011a809f0184c86e
0000000f011ab37401c0d435
0000000f011b08b901fd198f
0000000f011b87f90239ea95
0000000f011c1aee001a0eb9
0000000f011b6b0a0057ff8e
0000000f011af5150094a955
0000000f011aa6e800d0df7f
0000000f011a7a73010ce46e
0000000f011a6dd00148d560
0000000f011a809f0184c86e
0000000f011ab37401c0d435
0000000f011b08b901fd198f
0000000f011b87f90239ea95
0000000f011c1aee001a0eb9
0000000f011b6b0a0057ff8e
0000000f011af5150094a955
0000000f011aa6e800d0df7f
0000000f011a7a73010ce46e
0000000f011a6dd00148d560
0000000f011a809f0184c86e
0000000f011ab37401c0d435
0000000f011b08b901fd198f
0000000f011b87f90239ea95
0000000f011c1aee001a0eb9
0000000f011b6b0a0057ff8e
0000000f011af5150094a955
0000000f011aa6e800d0df7f
0000000f011a7a73010ce46e
0000000f011a6dd00148d560
0000000f011a809f0184c86e
0000000f011ab37401c0d435
0000000f011b08b901fd198f
0000000f011b87f90239ea95
0000000f011c1aee001a0eb9
0000000f011b6b0a0057ff8e
0000000f011af5150094a955
0000000f011aa6e800d0df7f
0000000f011a7a73010ce46e
0000000f011a6dd00148d560
0000000f011a809f0184c86e
0000000f011ab37401c0d435
0000000f011b08b901fd198f
0000000f011b87f90239ea95
0000000f011d17d7001a124f
0000000f011c6243005802b2
0000000f011be8810094abbc
0000000f011b97d200d0e115
0000000f011b69ef010ce52e
0000000f011b5ce40148d54b
0000000f011b704d0184c784
0000000f011ba4c501c0d276
0000000f011bfcc701fd1700
0000000f011c80210239e751
0000000f011d17d7001a124f
0000000f011c6243005802b2
0000000f011be8810094abbc
0000000f011b97d200d0e115
0000000f011b69ef010ce52e
0000000f011b5ce40148d54b
0000000f011b704d0184c784
0000000f011ba4c501c0d276
0000000f011bfcc701fd1700
0000000f011c80210239e751
0000000f011d17d7001a124f
0000000f011c6243005802b2
0000000f011be8810094abbc
0000000f011b97d200d0e115
0000000f011b69ef010ce52e
0000000f011b5ce40148d54b
0000000f011b704d0184c784
0000000f011ba4c501c0d276
0000000f011bfcc701fd1700
0000000f011c80210239e751
0000000f011d17d7001a124f
0000000f011c6243005802b2
0000000f011be8810094abbc
0000000f011b97d200d0e115
0000000f011b69ef010ce52e
0000000f011b5ce40148d54b
0000000f011b704d0184c784
0000000f011ba4c501c0d276
0000000f011bfcc701fd1700
0000000f011c80210239e751
0000000f011d17d7001a124f
0000000f011c6243005802b2
0000000f011be8810094abbc
0000000f011b97d200d0e115
0000000f011b69ef010ce52e
0000000f011b5ce40148d54b
0000000f011b704d0184c784
0000000f011ba4c501c0d276
0000000f011bfcc701fd1700
0000000f011c80210239e751
0000000f011d17d7001a124f
0000000f011c6243005802b2
0000000f011be8810094abbc
0000000f011b97d200d0e115
0000000f011b69ef010ce52e
0000000f011b5ce40148d54b
0000000f011b704d0184c784
0000000f011ba4c501c0d276
0000000f011bfcc701fd1700
0000000f011c80210239e751
0000000f011e14b7001a1602
0000000f011d5972005805f0
0000000f011cdbe30094ae37
0000000f011c88b100d0e2b7
0000000f011c5961010ce5f4
0000000f011c4bee0148d536
0000000f011c5ff20184c693
0000000f011c960b01c0d0a9
0000000f011cf0cb01fd145c
0000000f011d783f0239e3f4
0000000f011e14b7001a1602
0000000f011d5972005805f0
0000000f011cdbe30094ae37
0000000f011c88b100d0e2b7
0000000f011c5961010ce5f4
0000000f011c4bee0148d536
0000000f011c5ff20184c693
0000000f011c960b01c0d0a9
0000000f011cf0cb01fd145c
0000000f011d783f0239e3f4
0000000f011e14b7001a1602
0000000f011d5972005805f0
0000000f011cdbe30094ae37
0000000f011c88b100d0e2b7
0000000f011c5961010ce5f4
0000000f011c4bee0148d536
0000000f011c5ff20184c693
0000000f011c960b01c0d0a9
0000000f011cf0cb01fd145c
0000000f011d783f0239e3f4
0000000f011e14b7001a1602
0000000f011d5972005805f0
0000000f011cdbe30094ae37
0000000f011c88b100d0e2b7
0000000f011c5961010ce5f4
0000000f011c4bee0148d536
0000000f011c5ff20184c693
0000000f011c960b01c0d0a9
0000000f011cf0cb01fd145c
0000000f011d783f0239e3f4
0000000f011e14b7001a1602
0000000f011d5972005805f0
0000000f011cdbe30094ae37
0000000f011c88b100d0e2b7
0000000f011c5961010ce5f4
0000000f011c4bee0148d536
0000000f011c5ff20184c693
0000000f011c960b01c0d0a9
0000000f011cf0cb01fd145c
0000000f011d783f0239e3f4
0000000f011e14b7001a1602
0000000f011d5972005805f0
0000000f011cdbe30094ae37
0000000f011c88b100d0e2b7
0000000f011c5961010ce5f4
0000000f011c4bee0148d536
0000000f011c5ff20184c693
0000000f011c960b01c0d0a9
0000000f011cf0cb01fd145c
0000000f011d783f0239e3f4
0000000f011f118d001a19d1
0000000f011e509700580947
0000000f011dcf3b0094b0c6
0000000f011d798500d0e466
0000000f011d48c9010ce6c0
0000000f011d3aee0148d51f
0000000f011d4f8c0184c59b
0000000f011d874701c0cece
0000000f011de4c501fd11a3
0000000f011e70530239e07c
0000000f011f118d001a19d1
0000000f011e509700580947
0000000f011dcf3b0094b0c6
0000000f011d798500d0e466
0000000f011d48c9010ce6c0
0000000f011d3aee0148d51f
0000000f011d4f8c0184c59b
0000000f011d874701c0cece
0000000f011de4c501fd11a3
0000000f011e70530239e07c
0000000f011f118d001a19d1
0000000f011e509700580947
0000000f011dcf3b0094b0c6
0000000f011d798500d0e466
0000000f011d48c9010ce6c0
0000000f011d3aee0148d51f
0000000f011d4f8c0184c59b
0000000f011d874701c0cece
0000000f011de4c501fd11a3
0000000f011e70530239e07c
0000000f011f118d001a19d1
0000000f011e509700580947
0000000f011dcf3b0094b0c6
0000000f011d798500d0e466
0000000f011d48c9010ce6c0
0000000f011d3aee0148d51f
0000000f011d4f8c0184c59b
0000000f011d874701c0cece
0000000f011de4c501fd11a3
0000000f011e70530239e07c
0000000f011f118d001a19d1
0000000f011e509700580947
0000000f011dcf3b0094b0c6
0000000f011d798500d0e466
0000000f011d48c9010ce6c0
0000000f011d3aee0148d51f
0000000f011d4f8c0184c59b
0000000f011d874701c0cece
0000000f011de4c501fd11a3
0000000f011e70530239e07c
0000000f011f118d001a19d1
0000000f011e509700580947
0000000f011dcf3b0094b0c6
0000000f011d798500d0e466
0000000f011d48c9010ce6c0
0000000f011d3aee0148d51f
0000000f011d4f8c0184c59b
0000000f011d874701c0cece
0000000f011de4c501fd11a3
0000000f011e70530239e07c
0000000f01200e59001a1dbc
0000000f011f47b100580cb7
0000000f011ec2870094b367
0000000f011e6a4f00d0e622
0000000f011e3825010ce792
0000000f011e29e30148d509
0000000f011e3f1b0184c49b
0000000f011e787801c0cce4
0000000f011ed8b301fd0ed6
0000000f011f685c0239dcea
0000000f01200e59001a1dbc
0000000f011f47b100580cb7
0000000f011ec2870094b367
0000000f011e6a4f00d0e622
0000000f011e3825010ce792
0000000f011e29e30148d509
0000000f011e3f1b0184c49b
0000000f011e787801c0cce4
0000000f011ed8b301fd0ed6
0000000f011f685c0239dcea
0000000f01200e59001a1dbc
0000000f011f47b100580cb7
0000000f011ec2870094b367
0000000f011e6a4f00d0e622
0000000f011e3825010ce792
0000000f011e29e30148d509
0000000f011e3f1b0184c49b
0000000f011e787801c0cce4
0000000f011ed8b301fd0ed6
0000000f011f685c0239dcea
0000000f01200e59001a1dbc
0000000f011f47b100580cb7
0000000f011ec2870094b367
0000000f011e6a4f00d0e622
0000000f011e3825010ce792
0000000f011e29e30148d509
0000000f011e3f1b0184c49b
0000000f011e787801c0cce4
0000000f011ed8b301fd0ed6
0000000f011f685c0239dcea
0000000f01200e59001a1dbc
0000000f011f47b100580cb7
0000000f011ec2870094b367
0000000f011e6a4f00d0e622
0000000f011e3825010ce792
0000000f011e29e30148d509
0000000f011e3f1b0184c49b
0000000f011e787801c0cce4
0000000f011ed8b301fd0ed6
0000000f011f685c0239dcea
0000000f01200e59001a1dbc
0000000f011f47b100580cb7
0000000f011ec2870094b367
0000000f011e6a4f00d0e622
0000000f011e3825010ce792
0000000f011e29e30148d509
0000000f011e3f1b0184c49b
0000000f011e787801c0cce4
0000000f011ed8b301fd0ed6
0000000f011f685c0239dcea
0000000f01210b1b001a21c4
0000000f01203ebf00581040
0000000f011fb5c90094b61c
0000000f011f5b0e00d0e7ea
0000000f011f2777010ce86a
0000000f011f18cd0148d4f1
0000000f011f2ea00184c394
0000000f011f699d01c0caed
0000000f011fcc9601fd0bf5
0000000f0120605a0239d93e
0000000f01210b1b001a21c4
0000000f01203ebf00581040
0000000f011fb5c90094b61c
0000000f011f5b0e00d0e7ea
0000000f011f2777010ce86a
0000000f011f18cd0148d4f1
0000000f011f2ea00184c394
0000000f011f699d01c0caed
0000000f011fcc9601fd0bf5
0000000f0120605a0239d93e
0000000f01210b1b001a21c4
0000000f01203ebf00581040
0000000f011fb5c90094b61c
0000000f011f5b0e00d0e7ea
0000000f011f2777010ce86a
0000000f011f18cd0148d4f1
0000000f011f2ea00184c394
0000000f011f699d01c0caed
0000000f011fcc9601fd0bf5
0000000f0120605a0239d93e
0000000f01210b1b001a21c4
0000000f01203ebf00581040
0000000f011fb5c90094b61c
0000000f011f5b0e00d0e7ea
0000000f011f2777010ce86a
0000000f011f18cd0148d4f1
0000000f011f2ea00184c394
0000000f011f699d01c0caed
0000000f011fcc9601fd0bf5
0000000f0120605a0239d93e
0000000f01210b1b001a21c4
0000000f01203ebf00581040
0000000f011fb5c90094b61c
0000000f011f5b0e00d0e7ea
0000000f011f2777010ce86a
0000000f011f18cd0148d4f1
0000000f011f2ea00184c394
0000000f011f699d01c0caed
0000000f011fcc9601fd0bf5
0000000f0120605a0239d93e
0000000f01210b1b001a21c4
0000000f01203ebf00581040
0000000f011fb5c90094b61c
0000000f011f5b0e00d0e7ea
0000000f011f2777010ce86a
0000000f011f18cd0148d4f1
0000000f011f2ea00184c394
0000000f011f699d01c0caed
0000000f011fcc9601fd0bf5
0000000f0120605a0239d93e
0000000f012207d3001a25e9
0000000f012135c3005813e2
0000000f0120a8ff0094b8e4
0000000f01204bc100d0e9bf
0000000f012016bd010ce948
0000000f012007ac0148d4d9
0000000f01201e190184c285
0000000f01205ab801c0c8e8
0000000f0120c06e01fd08ff
0000000f0121584e0239d578
0000000f012207d3001a25e9
0000000f012135c3005813e2
0000000f0120a8ff0094b8e4
0000000f01204bc100d0e9bf
0000000f012016bd010ce948
0000000f012007ac0148d4d9
0000000f01201e190184c285
0000000f01205ab801c0c8e8
0000000f0120c06e01fd08ff
0000000f0121584e0239d578
0000000f012207d3001a25e9
0000000f012135c3005813e2
0000000f0120a8ff0094b8e4
0000000f01204bc100d0e9bf
0000000f012016bd010ce948
0000000f012007ac0148d4d9
0000000f01201e190184c285
0000000f01205ab801c0c8e8
0000000f0120c06e01fd08ff
0000000f0121584e0239d578
0000000f012207d3001a25e9
0000000f012135c3005813e2
0000000f0120a8ff0094b8e4
0000000f01204bc100d0e9bf
0000000f012016bd010ce948
0000000f012007ac0148d4d9
0000000f01201e190184c285
0000000f01205ab801c0c8e8
0000000f0120c06e01fd08ff
0000000f0121584e0239d578
0000000f012207d3001a25e9
0000000f012135c3005813e2
0000000f0120a8ff0094b8e4
0000000f01204bc100d0e9bf
0000000f012016bd010ce948
0000000f012007ac0148d4d9
0000000f01201e190184c285
0000000f01205ab801c0c8e8
0000000f0120c06e01fd08ff
0000000f0121584e0239d578
0000000f012207d3001a25e9
0000000f012135c3005813e2
0000000f0120a8ff0094b8e4
0000000f01204bc100d0e9bf
0000000f012016bd010ce948
0000000f012007ac0148d4d9
0000000f01201e190184c285
0000000f01205ab801c0c8e8
0000000f0120c06e01fd08ff
0000000f0121584e0239d578
0000000f01230480001a2a2a
0000000f01222cbb0058179e
0000000f01219c290094bbbf
0000000f01213c6800d0eba1
0000000f012105f8010cea2d
0000000f0120f67f0148d4c0
0000000f01210d860184c170
0000000f01214bc601c0c6d5
0000000f0121b43a01fd05f5
0000000f012250350239d198
0000000f01230480001a2a2a
0000000f01222cbb0058179e
0000000f01219c290094bbbf
0000000f01213c6800d0eba1
0000000f012105f8010cea2d
0000000f0120f67f0148d4c0
0000000f01210d860184c170
0000000f01214bc601c0c6d5
0000000f0121b43a01fd05f5
0000000f012250350239d198
0000000f01230480001a2a2a
0000000f01222cbb0058179e
0000000f01219c290094bbbf
0000000f01213c6800d0eba1
0000000f012105f8010cea2d
0000000f0120f67f0148d4c0
0000000f01210d860184c170
0000000f01214bc601c0c6d5
0000000f0121b43a01fd05f5
0000000f012250350239d198
0000000f01230480001a2a2a
0000000f01222cbb0058179e
0000000f01219c290094bbbf
0000000f01213c6800d0eba1
0000000f012105f8010cea2d
0000000f0120f67f0148d4c0
0000000f01210d860184c170
0000000f01214bc601c0c6d5
0000000f0121b43a01fd05f5
0000000f012250350239d198
0000000f01230480001a2a2a
0000000f01222cbb0058179e
0000000f01219c290094bbbf
0000000f01213c6800d0eba1
0000000f012105f8010cea2d
0000000f0120f67f0148d4c0
0000000f01210d860184c170
0000000f01214bc601c0c6d5
0000000f0121b43a01fd05f5
0000000f012250350239d198
0000000f01230480001a2a2a
0000000f01222cbb0058179e
0000000f01219c290094bbbf
0000000f01213c6800d0eba1
0000000f012105f8010cea2d
0000000f0120f67f0148d4c0
0000000f01210d860184c170
0000000f01214bc601c0c6d5
0000000f0121b43a01fd05f5
0000000f012250350239d198
0000000f01240122001a2e87
0000000f012323a700581b72
0000000f01228f470094beae
0000000f01222d0400d0ed8f
0000000f0121f527010ceb17
0000000f0121e5460148d4a7
0000000f0121fce70184c053
0000000f01223cc901c0c4b3
0000000f0122a7fa01fd02d6
0000000f012348110239cd9f
0000000f01240122001a2e87
0000000f012323a700581b72
0000000f01228f470094beae
0000000f01222d0400d0ed8f
0000000f0121f527010ceb17
0000000f0121e5460148d4a7
0000000f0121fce70184c053
0000000f01223cc901c0c4b3
0000000f0122a7fa01fd02d6
0000000f012348110239cd9f
0000000f01240122001a2e87
0000000f012323a700581b72
0000000f01228f470094beae
0000000f01222d0400d0ed8f
0000000f0121f527010ceb17
0000000f0121e5460148d4a7
0000000f0121fce70184c053
0000000f01223cc901c0c4b3
0000000f0122a7fa01fd02d6
0000000f012348110239cd9f
0000000f01240122001a2e87
0000000f012323a700581b72
0000000f01228f470094beae
0000000f01222d0400d0ed8f
0000000f0121f527010ceb17
0000000f0121e5460148d4a7
0000000f0121fce70184c053
0000000f01223cc901c0c4b3
0000000f0122a7fa01fd02d6
0000000f012348110239cd9f
0000000f01240122001a2e87
0000000f012323a700581b72
0000000f01228f470094beae
0000000f01222d0400d0ed8f
0000000f0121f527010ceb17
0000000f0121e5460148d4a7
0000000f0121fce70184c053
0000000f01223cc901c0c4b3
0000000f0122a7fa01fd02d6
0000000f012348110239cd9f
0000000f01240122001a2e87
0000000f012323a700581b72
0000000f01228f470094beae
0000000f01222d0400d0ed8f
0000000f0121f527010ceb17
0000000f0121e5460148d4a7
0000000f0121fce70184c053
0000000f01223cc901c0c4b3
0000000f0122a7fa01fd02d6
0000000f012348110239cd9f
0000000f0124fdb9001a3301
0000000f01241a8700581f5f
0000000f012382590094c1b0
0000000f01231d9300d0ef8a
0000000f0122e449010cec07
0000000f0122d4010148d48d
0000000f0122ec3c0184bf2e
0000000f01232dbf01c0c284
0000000f01239bae01fcffa3
0000000f01243fe10239c98b
0000000f0124fdb9001a3301
0000000f01241a8700581f5f
0000000f012382590094c1b0
0000000f01231d9300d0ef8a
0000000f0122e449010cec07
0000000f0122d4010148d48d
0000000f0122ec3c0184bf2e
0000000f01232dbf01c0c284
0000000f01239bae01fcffa3
0000000f01243fe10239c98b
0000000f0124fdb9001a3301
0000000f01241a8700581f5f
0000000f012382590094c1b0
0000000f01231d9300d0ef8a
0000000f0122e449010cec07
0000000f0122d4010148d48d
0000000f0122ec3c0184bf2e
0000000f01232dbf01c0c284
0000000f01239bae01fcffa3
0000000f01243fe10239c98b
0000000f0124fdb9001a3301
0000000f01241a8700581f5f
0000000f012382590094c1b0
0000000f01231d9300d0ef8a
0000000f0122e449010cec07
0000000f0122d4010148d48d
0000000f0122ec3c0184bf2e
0000000f01232dbf01c0c284
0000000f01239bae01fcffa3
0000000f01243fe10239c98b
0000000f0124fdb9001a3301
0000000f01241a8700581f5f
0000000f012382590094c1b0
0000000f01231d9300d0ef8a
0000000f0122e449010cec07
0000000f0122d4010148d48d
0000000f0122ec3c0184bf2e
0000000f01232dbf01c0c284
0000000f01239bae01fcffa3
0000000f01243fe10239c98b
0000000f0124fdb9001a3301
0000000f01241a8700581f5f
0000000f012382590094c1b0
0000000f01231d9300d0ef8a
0000000f0122e449010cec07
0000000f0122d4010148d48d
0000000f0122ec3c0184bf2e
0000000f01232dbf01c0c284
0000000f01239bae01fcffa3
0000000f01243fe10239c98b
0000000f0125fa44001a3797
0000000f0125115a00582366
0000000f0124755e0094c4c5
0000000f01240e1500d0f192
0000000f0123d35f010cecfd
0000000f0123c2af0148d472
0000000f0123db850184be03
0000000f01241ea801c0c047
0000000f01248f5501fcfc5b
0000000f012537a40239c55d
0000000f0125fa44001a3797
0000000f0125115a00582366
0000000f0124755e0094c4c5
0000000f01240e1500d0f192
0000000f0123d35f010cecfd
0000000f0123c2af0148d472
0000000f0123db850184be03
0000000f01241ea801c0c047
0000000f01248f5501fcfc5b
0000000f012537a40239c55d
0000000f0125fa44001a3797
0000000f0125115a00582366
0000000f0124755e0094c4c5
0000000f01240e1500d0f192
0000000f0123d35f010cecfd
0000000f0123c2af0148d472
0000000f0123db850184be03
0000000f01241ea801c0c047
0000000f01248f5501fcfc5b
0000000f012537a40239c55d
0000000f0125fa44001a3797
0000000f0125115a00582366
0000000f0124755e0094c4c5
0000000f01240e1500d0f192
0000000f0123d35f010cecfd
0000000f0123c2af0148d472
0000000f0123db850184be03
0000000f01241ea801c0c047
0000000f01248f5501fcfc5b
0000000f012537a40239c55d
0000000f0125fa44001a3797
0000000f0125115a00582366
0000000f0124755e0094c4c5
0000000f01240e1500d0f192
0000000f0123d35f010cecfd
0000000f0123c2af0148d472
0000000f0123db850184be03
0000000f01241ea801c0c047
0000000f01248f5501fcfc5b
0000000f012537a40239c55d
0000000f0125fa44001a3797
0000000f0125115a00582366
0000000f0124755e0094c4c5
0000000f01240e1500d0f192
0000000f0123d35f010cecfd
0000000f0123c2af0148d472
0000000f0123db850184be03
0000000f01241ea801c0c047
0000000f01248f5501fcfc5b
0000000f012537a40239c55d
0000000f0126f6c4001a3c49
0000000f0126082100582785
0000000f012568560094c7ed
0000000f0124fe8b00d0f3a6
0000000f0124c268010cedf9
0000000f0124b1510148d457
0000000f0124cac00184bcd0
0000000f01250f8401c0bdfc
0000000f012582ef01fcf8ff
0000000f01262f5b0239c116
0000000f0126f6c4001a3c49
0000000f0126082100582785
0000000f012568560094c7ed
0000000f0124fe8b00d0f3a6
0000000f0124c268010cedf9
0000000f0124b1510148d457
0000000f0124cac00184bcd0
0000000f01250f8401c0bdfc
0000000f012582ef01fcf8ff
0000000f01262f5b0239c116
0000000f0126f6c4001a3c49
0000000f0126082100582785
0000000f012568560094c7ed
0000000f0124fe8b00d0f3a6
0000000f0124c268010cedf9
0000000f0124b1510148d457
0000000f0124cac00184bcd0
0000000f01250f8401c0bdfc
0000000f012582ef01fcf8ff
0000000f01262f5b0239c116
0000000f0126f6c4001a3c49
0000000f0126082100582785
0000000f012568560094c7ed
0000000f0124fe8b00d0f3a6
0000000f0124c268010cedf9
0000000f0124b1510148d457
0000000f0124cac00184bcd0
0000000f01250f8401c0bdfc
0000000f012582ef01fcf8ff
0000000f01262f5b0239c116
0000000f0126f6c4001a3c49
0000000f0126082100582785
0000000f012568560094c7ed
0000000f0124fe8b00d0f3a6
0000000f0124c268010cedf9
0000000f0124b1510148d457
0000000f0124cac00184bcd0
0000000f01250f8401c0bdfc
0000000f012582ef01fcf8ff
0000000f01262f5b0239c116
0000000f0126f6c4001a3c49
0000000f0126082100582785
0000000f012568560094c7ed
0000000f0124fe8b00d0f3a6
0000000f0124c268010cedf9
0000000f0124b1510148d457
0000000f0124cac00184bcd0
0000000f01250f8401c0bdfc
0000000f012582ef01fcf8ff
0000000f01262f5b0239c116
0000000f0127f338001a4117
0000000f0126fedb00582bbd
0000000f01265b410094cb28
0000000f0125eef300d0f5c7
0000000f0125b164010ceefb
0000000f01259fe50148d43b
0000000f0125b9ef0184bb95
0000000f0126005401c0bba3
0000000f0126767b01fcf58f
0000000f012727040239bcb5
0000000f0127f338001a4117
0000000f0126fedb00582bbd
0000000f01265b410094cb28
0000000f0125eef300d0f5c7
0000000f0125b164010ceefb
0000000f01259fe50148d43b
0000000f0125b9ef0184bb95
0000000f0126005401c0bba3
0000000f0126767b01fcf58f
0000000f012727040239bcb5
0000000f0127f338001a4117
0000000f0126fedb00582bbd
0000000f01265b410094cb28
0000000f0125eef300d0f5c7
0000000f0125b164010ceefb
0000000f01259fe50148d43b
0000000f0125b9ef0184bb95
0000000f0126005401c0bba3
0000000f0126767b01fcf58f
0000000f012727040239bcb5
0000000f0127f338001a4117
0000000f0126fedb00582bbd
0000000f01265b410094cb28
0000000f0125eef300d0f5c7
0000000f0125b164010ceefb
0000000f01259fe50148d43b
0000000f0125b9ef0184bb95
0000000f0126005401c0bba3
0000000f0126767b01fcf58f
0000000f012727040239bcb5
0000000f0127f338001a4117
0000000f0126fedb00582bbd
0000000f01265b410094cb28
0000000f0125eef300d0f5c7
0000000f0125b164010ceefb
0000000f01259fe50148d43b
0000000f0125b9ef0184bb95
0000000f0126005401c0bba3
0000000f0126767b01fcf58f
0000000f012727040239bcb5
0000000f0127f338001a4117
0000000f0126fedb00582bbd
0000000f01265b410094cb28
0000000f0125eef300d0f5c7
0000000f0125b164010ceefb
0000000f01259fe50148d43b
0000000f0125b9ef0184bb95
0000000f0126005401c0bba3
0000000f0126767b01fcf58f
0000000f012727040239bcb5
0000000f0128ef9f001a4601
0000000f0127f5870058300e
0000000f01274e1e0094ce76
0000000f0126df4d00d0f7f5
0000000f0126a052010cf003
0000000f01268e6c0148d41e
0000000f0126a90f0184ba54
0000000f0126f11501c0b93c
0000000f012769fa01fcf20a
0000000f01281ea10239b83a
0000000f0128ef9f001a4601
0000000f0127f5870058300e
0000000f01274e1e0094ce76
0000000f0126df4d00d0f7f5
0000000f0126a052010cf003
0000000f01268e6c0148d41e
0000000f0126a90f0184ba54
0000000f0126f11501c0b93c
0000000f012769fa01fcf20a
0000000f01281ea10239b83a
0000000f0128ef9f001a4601
0000000f0127f5870058300e
0000000f01274e1e0094ce76
0000000f0126df4d00d0f7f5
0000000f0126a052010cf003
0000000f01268e6c0148d41e
0000000f0126a90f0184ba54
0000000f0126f11501c0b93c
0000000f012769fa01fcf20a
0000000f01281ea10239b83a
0000000f0128ef9f001a4601
0000000f0127f5870058300e
0000000f01274e1e0094ce76
0000000f0126df4d00d0f7f5
0000000f0126a052010cf003
0000000f01268e6c0148d41e
0000000f0126a90f0184ba54
0000000f0126f11501c0b93c
0000000f012769fa01fcf20a
0000000f01281ea10239b83a
0000000f0128ef9f001a4601
0000000f0127f5870058300e
0000000f01274e1e0094ce76
0000000f0126df4d00d0f7f5
0000000f0126a052010cf003
0000000f01268e6c0148d41e
0000000f0126a90f0184ba54
0000000f0126f11501c0b93c
0000000f012769fa01fcf20a
0000000f01281ea10239b83a
0000000f0128ef9f001a4601
0000000f0127f5870058300e
0000000f01274e1e0094ce76
0000000f0126df4d00d0f7f5
0000000f0126a052010cf003
0000000f01268e6c0148d41e
0000000f0126a90f0184ba54
0000000f0126f11501c0b93c
0000000f012769fa01fcf20a
0000000f01281ea10239b83a
0000000f0129ebf9001a4b07
0000000f0128ec2500583477
0000000f012840ed0094d1d7
0000000f0127cf9a00d0fa2f
0000000f01278f32010cf111
0000000f01277ce50148d401
0000000f012798220184b90b
0000000f0127e1c901c0b6c7
0000000f01285d6b01fcee71
0000000f0129162f0239b3a5
0000000f0129ebf9001a4b07
0000000f0128ec2500583477
0000000f012840ed0094d1d7
0000000f0127cf9a00d0fa2f
0000000f01278f32010cf111
0000000f01277ce50148d401
0000000f012798220184b90b
0000000f0127e1c901c0b6c7
0000000f01285d6b01fcee71
0000000f0129162f0239b3a5
0000000f0129ebf9001a4b07
0000000f0128ec2500583477
0000000f012840ed0094d1d7
0000000f0127cf9a00d0fa2f
0000000f01278f32010cf111
0000000f01277ce50148d401
0000000f012798220184b90b
0000000f0127e1c901c0b6c7
0000000f01285d6b01fcee71
0000000f0129162f0239b3a5
0000000f0129ebf9001a4b07
0000000f0128ec2500583477
0000000f012840ed0094d1d7
0000000f0127cf9a00d0fa2f
0000000f01278f32010cf111
0000000f01277ce50148d401
0000000f012798220184b90b
0000000f0127e1c901c0b6c7
0000000f01285d6b01fcee71
0000000f0129162f0239b3a5
0000000f0129ebf9001a4b07
0000000f0128ec2500583477
0000000f012840ed0094d1d7
0000000f0127cf9a00d0fa2f
0000000f01278f32010cf111
0000000f01277ce50148d401
0000000f012798220184b90b
0000000f0127e1c901c0b6c7
0000000f01285d6b01fcee71
0000000f0129162f0239b3a5
0000000f0129ebf9001a4b07
0000000f0128ec2500583477
0000000f012840ed0094d1d7
0000000f0127cf9a00d0fa2f
0000000f01278f32010cf111
0000000f01277ce50148d401
0000000f012798220184b90b
0000000f0127e1c901c0b6c7
0000000f01285d6b01fcee71
0000000f0129162f0239b3a5
0000000f012ae847001a5029
0000000f0129e2b5005838fa
0000000f012933ae0094d54c
0000000f0128bfd800d0fc76
0000000f01287e05010cf225
0000000f01286b500148d3e3
0000000f012887270184b7bb
0000000f0128d26e01c0b444
0000000f012950ce01fceac4
0000000f012a0db00239aef6
0000000f012ae847001a5029
0000000f0129e2b5005838fa
0000000f012933ae0094d54c
0000000f0128bfd800d0fc76
0000000f01287e05010cf225
0000000f01286b500148d3e3
0000000f012887270184b7bb
0000000f0128d26e01c0b444
0000000f012950ce01fceac4
0000000f012a0db00239aef6
0000000f012ae847001a5029
0000000f0129e2b5005838fa
0000000f012933ae0094d54c
0000000f0128bfd800d0fc76
0000000f01287e05010cf225
0000000f01286b500148d3e3
0000000f012887270184b7bb
0000000f0128d26e01c0b444
0000000f012950ce01fceac4
0000000f012a0db00239aef6
0000000f012ae847001a5029
0000000f0129e2b5005838fa
0000000f012933ae0094d54c
0000000f0128bfd800d0fc76
0000000f01287e05010cf225
0000000f01286b500148d3e3
0000000f012887270184b7bb
0000000f0128d26e01c0b444
0000000f012950ce01fceac4
0000000f012a0db00239aef6
0000000f012ae847001a5029
0000000f0129e2b5005838fa
0000000f012933ae0094d54c
0000000f0128bfd800d0fc76
0000000f01287e05010cf225
0000000f01286b500148d3e3
0000000f012887270184b7bb
0000000f0128d26e01c0b444
0000000f012950ce01fceac4
0000000f012a0db00239aef6
0000000f012ae847001a5029
0000000f0129e2b5005838fa
0000000f012933ae0094d54c
0000000f0128bfd800d0fc76
0000000f01287e05010cf225
0000000f01286b500148d3e3
0000000f012887270184b7bb
0000000f0128d26e01c0b444
0000000f012950ce01fceac4
0000000f012a0db00239aef6
0000000f012be488001a5567
0000000f012ad93800583d95
0000000f012a26600094d8d3
0000000f0129b00800d0fec9
0000000f01296cc9010cf33f
0000000f012959ac0148d3c5
0000000f0129761d0184b664
0000000f0129c30501c0b1b4
0000000f012a442201fce703
0000000f012b05230239aa2e
0000000f012be488001a5567
0000000f012ad93800583d95
0000000f012a26600094d8d3
0000000f0129b00800d0fec9
0000000f01296cc9010cf33f
0000000f012959ac0148d3c5
0000000f0129761d0184b664
0000000f0129c30501c0b1b4
0000000f012a442201fce703
0000000f012b05230239aa2e
0000000f012be488001a5567
0000000f012ad93800583d95
0000000f012a26600094d8d3
0000000f0129b00800d0fec9
0000000f01296cc9010cf33f
0000000f012959ac0148d3c5
0000000f0129761d0184b664
0000000f0129c30501c0b1b4
0000000f012a442201fce703
0000000f012b05230239aa2e
0000000f012be488001a5567
0000000f012ad93800583d95
0000000f012a26600094d8d3
0000000f0129b00800d0fec9
0000000f01296cc9010cf33f
0000000f012959ac0148d3c5
0000000f0129761d0184b664
0000000f0129c30501c0b1b4
0000000f012a442201fce703
0000000f012b05230239aa2e
0000000f012be488001a5567
0000000f012ad93800583d95
0000000f012a26600094d8d3
0000000f0129b00800d0fec9
0000000f01296cc9010cf33f
0000000f012959ac0148d3c5
0000000f0129761d0184b664
0000000f0129c30501c0b1b4
0000000f012a442201fce703
0000000f012b05230239aa2e
0000000f012be488001a5567
0000000f012ad93800583d95
0000000f012a26600094d8d3
0000000f0129b00800d0fec9
0000000f01296cc9010cf33f
0000000f012959ac0148d3c5
0000000f0129761d0184b664
0000000f0129c30501c0b1b4
0000000f012a442201fce703
0000000f012b05230239aa2e
0000000f012ce0bb001a5ac1
0000000f012bcfab00584249
0000000f012b19030094dc6e
0000000f012aa02900d10129
0000000f012a5b7e010cf45f
0000000f012a47fa0148d3a5
0000000f012a65050184b505
0000000f012ab38c01c0af15
0000000f012b376701fce32d
0000000f012bfc870239a54c
0000000f012ce0bb001a5ac1
0000000f012bcfab00584249
0000000f012b19030094dc6e
0000000f012aa02900d10129
0000000f012a5b7e010cf45f
0000000f012a47fa0148d3a5
0000000f012a65050184b505
0000000f012ab38c01c0af15
0000000f012b376701fce32d
0000000f012bfc870239a54c
0000000f012ce0bb001a5ac1
0000000f012bcfab00584249
0000000f012b19030094dc6e
0000000f012aa02900d10129
0000000f012a5b7e010cf45f
0000000f012a47fa0148d3a5
0000000f012a65050184b505
0000000f012ab38c01c0af15
0000000f012b376701fce32d
0000000f012bfc870239a54c
0000000f012ce0bb001a5ac1
0000000f012bcfab00584249
0000000f012b19030094dc6e
0000000f012aa02900d10129
0000000f012a5b7e010cf45f
0000000f012a47fa0148d3a5
0000000f012a65050184b505
0000000f012ab38c01c0af15
0000000f012b376701fce32d
0000000f012bfc870239a54c
0000000f012ce0bb001a5ac1
0000000f012bcfab00584249
0000000f012b19030094dc6e
0000000f012aa02900d10129
0000000f012a5b7e010cf45f
0000000f012a47fa0148d3a5
0000000f012a65050184b505
0000000f012ab38c01c0af15
0000000f012b376701fce32d
0000000f012bfc870239a54c
0000000f012ce0bb001a5ac1
0000000f012bcfab00584249
0000000f012b19030094dc6e
0000000f012aa02900d10129
0000000f012a5b7e010cf45f
0000000f012a47fa0148d3a5
0000000f012a65050184b505
0000000f012ab38c01c0af15
0000000f012b376701fce32d
0000000f012bfc870239a54c
0000000f012ddce0001a6037
0000000f012cc61000584716
0000000f012c0b970094e01b
0000000f012b903b00d10396
0000000f012b4a24010cf585
0000000f012b36390148d386
0000000f012b53dd0184b39f
0000000f012ba40501c0ac69
0000000f012c2a9d01fcdf43
0000000f012cf3dd0239a051
0000000f012ddce0001a6037
0000000f012cc61000584716
0000000f012c0b970094e01b
0000000f012b903b00d10396
0000000f012b4a24010cf585
0000000f012b36390148d386
0000000f012b53dd0184b39f
0000000f012ba40501c0ac69
0000000f012c2a9d01fcdf43
0000000f012cf3dd0239a051
0000000f012ddce0001a6037
0000000f012cc61000584716
0000000f012c0b970094e01b
0000000f012b903b00d10396
0000000f012b4a24010cf585
0000000f012b36390148d386
0000000f012b53dd0184b39f
0000000f012ba40501c0ac69
0000000f012c2a9d01fcdf43
0000000f012cf3dd0239a051
0000000f012ddce0001a6037
0000000f012cc61000584716
0000000f012c0b970094e01b
0000000f012b903b00d10396
0000000f012b4a24010cf585
0000000f012b36390148d386
0000000f012b53dd0184b39f
0000000f012ba40501c0ac69
0000000f012c2a9d01fcdf43
0000000f012cf3dd0239a051
0000000f012ddce0001a6037
0000000f012cc61000584716
0000000f012c0b970094e01b
0000000f012b903b00d10396
0000000f012b4a24010cf585
0000000f012b36390148d386
0000000f012b53dd0184b39f
0000000f012ba40501c0ac69
0000000f012c2a9d01fcdf43
0000000f012cf3dd0239a051
0000000f012ddce0001a6037
0000000f012cc61000584716
0000000f012c0b970094e01b
0000000f012b903b00d10396
0000000f012b4a24010cf585
0000000f012b36390148d386
0000000f012b53dd0184b39f
0000000f012ba40501c0ac69
0000000f012c2a9d01fcdf43
0000000f012cf3dd0239a051
0000000f012ed8f8001a65c9
0000000f012dbc6500584bfb
0000000f012cfe1c0094e3dc
0000000f012c803d00d1060f
0000000f012c38ba010cf6b1
0000000f012c24680148d365
0000000f012c42a60184b232
0000000f012c946e01c0a9af
0000000f012d1dc401fcdb45
0000000f012deb2302399b3c
0000000f012ed8f8001a65c9
0000000f012dbc6500584bfb
0000000f012cfe1c0094e3dc
0000000f012c803d00d1060f
0000000f012c38ba010cf6b1
0000000f012c24680148d365
0000000f012c42a60184b232
0000000f012c946e01c0a9af
0000000f012d1dc401fcdb45
0000000f012deb2302399b3c
0000000f012ed8f8001a65c9
0000000f012dbc6500584bfb
0000000f012cfe1c0094e3dc
0000000f012c803d00d1060f
0000000f012c38ba010cf6b1
0000000f012c24680148d365
0000000f012c42a60184b232
0000000f012c946e01c0a9af
0000000f012d1dc401fcdb45
0000000f012deb2302399b3c
0000000f012ed8f8001a65c9
0000000f012dbc6500584bfb
0000000f012cfe1c0094e3dc
0000000f012c803d00d1060f
0000000f012c38ba010cf6b1
0000000f012c24680148d365
0000000f012c42a60184b232
0000000f012c946e01c0a9af
0000000f012d1dc401fcdb45
0000000f012deb2302399b3c
0000000f012ed8f8001a65c9
0000000f012dbc6500584bfb
0000000f012cfe1c0094e3dc
0000000f012c803d00d1060f
0000000f012c38ba010cf6b1
0000000f012c24680148d365
0000000f012c42a60184b232
0000000f012c946e01c0a9af
0000000f012d1dc401fcdb45
0000000f012deb2302399b3c
0000000f012ed8f8001a65c9
0000000f012dbc6500584bfb
0000000f012cfe1c0094e3dc
0000000f012c803d00d1060f
0000000f012c38ba010cf6b1
0000000f012c24680148d365
0000000f012c42a60184b232
0000000f012c946e01c0a9af
0000000f012d1dc401fcdb45
0000000f012deb2302399b3c
0000000f012fd501001a6b76
0000000f012eb2ab005850f9
0000000f012df0910094e7af
0000000f012d703000d10895
0000000f012d2741010cf7e3
0000000f012d12880148d344
0000000f012d31600184b0be
0000000f012d84c801c0a6e7
0000000f012e10db01fcd732
0000000f012ee25a0239960e
0000000f012fd501001a6b76
0000000f012eb2ab005850f9
0000000f012df0910094e7af
0000000f012d703000d10895
0000000f012d2741010cf7e3
0000000f012d12880148d344
0000000f012d31600184b0be
0000000f012d84c801c0a6e7
0000000f012e10db01fcd732
0000000f012ee25a0239960e
0000000f012fd501001a6b76
0000000f012eb2ab005850f9
0000000f012df0910094e7af
0000000f012d703000d10895
0000000f012d2741010cf7e3
0000000f012d12880148d344
0000000f012d31600184b0be
0000000f012d84c801c0a6e7
0000000f012e10db01fcd732
0000000f012ee25a0239960e
0000000f012fd501001a6b76
0000000f012eb2ab005850f9
0000000f012df0910094e7af
0000000f012d703000d10895
0000000f012d2741010cf7e3
0000000f012d12880148d344
0000000f012d31600184b0be
0000000f012d84c801c0a6e7
0000000f012e10db01fcd732
0000000f012ee25a0239960e
0000000f012fd501001a6b76
0000000f012eb2ab005850f9
0000000f012df0910094e7af
0000000f012d703000d10895
0000000f012d2741010cf7e3
0000000f012d12880148d344
0000000f012d31600184b0be
0000000f012d84c801c0a6e7
0000000f012e10db01fcd732
0000000f012ee25a0239960e
0000000f012fd501001a6b76
0000000f012eb2ab005850f9
0000000f012df0910094e7af
0000000f012d703000d10895
0000000f012d2741010cf7e3
0000000f012d12880148d344
0000000f012d31600184b0be
0000000f012d84c801c0a6e7
0000000f012e10db01fcd732
0000000f012ee25a0239960e
0000000f0130d0fc001a713e
0000000f012fa8e100585610
0000000f012ee2f60094eb96
0000000f012e601300d10b27
0000000f012e15b8010cf91b
0000000f012e00980148d322
0000000f012e20090184af42
0000000f012e751101c0a412
0000000f012f03e201fcd30c
0000000f012fd982023990c6
0000000f0130d0fc001a713e
0000000f012fa8e100585610
0000000f012ee2f60094eb96
0000000f012e601300d10b27
0000000f012e15b8010cf91b
0000000f012e00980148d322
0000000f012e20090184af42
0000000f012e751101c0a412
0000000f012f03e201fcd30c
0000000f012fd982023990c6
0000000f0130d0fc001a713e
0000000f012fa8e100585610
0000000f012ee2f60094eb96
0000000f012e601300d10b27
0000000f012e15b8010cf91b
0000000f012e00980148d322
0000000f012e20090184af42
0000000f012e751101c0a412
0000000f012f03e201fcd30c
0000000f012fd982023990c6
0000000f0130d0fc001a713e
0000000f012fa8e100585610
0000000f012ee2f60094eb96
0000000f012e601300d10b27
0000000f012e15b8010cf91b
0000000f012e00980148d322
0000000f012e20090184af42
0000000f012e751101c0a412
0000000f012f03e201fcd30c
0000000f012fd982023990c6
0000000f0130d0fc001a713e
0000000f012fa8e100585610
0000000f012ee2f60094eb96
0000000f012e601300d10b27
0000000f012e15b8010cf91b
0000000f012e00980148d322
0000000f012e20090184af42
0000000f012e751101c0a412
0000000f012f03e201fcd30c
0000000f012fd982023990c6
0000000f0130d0fc001a713e
0000000f012fa8e100585610
0000000f012ee2f60094eb96
0000000f012e601300d10b27
0000000f012e15b8010cf91b
0000000f012e00980148d322
0000000f012e20090184af42
0000000f012e751101c0a412
0000000f012f03e201fcd30c
0000000f012fd982023990c6
0000000f0131cce8001a7723
0000000f01309f0700585b3f
0000000f012fd54a0094ef8f
0000000f012f4fe500d10dc5
0000000f012f041f010cfa58
0000000f012eee980148d300
0000000f012f0ea20184adc0
0000000f012f654a01c0a12e
0000000f012ff6d801fcced2
0000000f0130d09902398b65
0000000f0131cce8001a7723
0000000f01309f0700585b3f
0000000f012fd54a0094ef8f
0000000f012f4fe500d10dc5
0000000f012f041f010cfa58
0000000f012eee980148d300
0000000f012f0ea20184adc0
0000000f012f654a01c0a12e
0000000f012ff6d801fcced2
0000000f0130d09902398b65
0000000f0131cce8001a7723
0000000f01309f0700585b3f
0000000f012fd54a0094ef8f
0000000f012f4fe500d10dc5
0000000f012f041f010cfa58
0000000f012eee980148d300
0000000f012f0ea20184adc0
0000000f012f654a01c0a12e
0000000f012ff6d801fcced2
0000000f0130d09902398b65
0000000f0131cce8001a7723
0000000f01309f0700585b3f
0000000f012fd54a0094ef8f
0000000f012f4fe500d10dc5
0000000f012f041f010cfa58
0000000f012eee980148d300
0000000f012f0ea20184adc0
0000000f012f654a01c0a12e
0000000f012ff6d801fcced2
0000000f0130d09902398b65
0000000f0131cce8001a7723
0000000f01309f0700585b3f
0000000f012fd54a0094ef8f
0000000f012f4fe500d10dc5
0000000f012f041f010cfa58
0000000f012eee980148d300
0000000f012f0ea20184adc0
0000000f012f654a01c0a12e
0000000f012ff6d801fcced2
0000000f0130d09902398b65
0000000f0131cce8001a7723
0000000f01309f0700585b3f
0000000f012fd54a0094ef8f
0000000f012f4fe500d10dc5
0000000f012f041f010cfa58
0000000f012eee980148d300
0000000f012f0ea20184adc0
0000000f012f654a01c0a12e
0000000f012ff6d801fcced2
0000000f0130d09902398b65
0000000f0132c8c6001a7d22
0000000f0131951d00586086
0000000f0130c78e0094f39b
0000000f01303fa700d11070
0000000f012ff275010cfb9c
0000000f012fdc870148d2dd
0000000f012ffd2b0184ac36
0000000f0130557301c09e3d
0000000f0130e9be01fcca83
0000000f0131c7a0023985ea
0000000f0132c8c6001a7d22
0000000f0131951d00586086
0000000f0130c78e0094f39b
0000000f01303fa700d11070
0000000f012ff275010cfb9c
0000000f012fdc870148d2dd
0000000f012ffd2b0184ac36
0000000f0130557301c09e3d
0000000f0130e9be01fcca83
0000000f0131c7a0023985ea
0000000f0132c8c6001a7d22
0000000f0131951d00586086
0000000f0130c78e0094f39b
0000000f01303fa700d11070
0000000f012ff275010cfb9c
0000000f012fdc870148d2dd
0000000f012ffd2b0184ac36
0000000f0130557301c09e3d
0000000f0130e9be01fcca83
0000000f0131c7a0023985ea
0000000f0132c8c6001a7d22
0000000f0131951d00586086
0000000f0130c78e0094f39b
0000000f01303fa700d11070
0000000f012ff275010cfb9c
0000000f012fdc870148d2dd
0000000f012ffd2b0184ac36
0000000f0130557301c09e3d
0000000f0130e9be01fcca83
0000000f0131c7a0023985ea
0000000f0132c8c6001a7d22
0000000f0131951d00586086
0000000f0130c78e0094f39b
0000000f01303fa700d11070
0000000f012ff275010cfb9c
0000000f012fdc870148d2dd
0000000f012ffd2b0184ac36
0000000f0130557301c09e3d
0000000f0130e9be01fcca83
0000000f0131c7a0023985ea
0000000f0132c8c6001a7d22
0000000f0131951d00586086
0000000f0130c78e0094f39b
0000000f01303fa700d11070
0000000f012ff275010cfb9c
0000000f012fdc870148d2dd
0000000f012ffd2b0184ac36
0000000f0130557301c09e3d
0000000f0130e9be01fcca83
0000000f0131c7a0023985ea
0000000f0133c493001a833d
0000000f01328b21005865e6
0000000f0131b9c10094f7ba
0000000f01312f5700d11328
0000000f0130e0bb010cfce5
0000000f0130ca650148d2b9
0000000f0130eba30184aaa4
0000000f0131458a01c09b3e
0000000f0131dc9301fcc620
0000000f0132be9702398056
0000000f0133c493001a833d
0000000f01328b21005865e6
0000000f0131b9c10094f7ba
0000000f01312f5700d11328
0000000f0130e0bb010cfce5
0000000f0130ca650148d2b9
0000000f0130eba30184aaa4
0000000f0131458a01c09b3e
0000000f0131dc9301fcc620
0000000f0132be9702398056
0000000f0133c493001a833d
0000000f01328b21005865e6
0000000f0131b9c10094f7ba
0000000f01312f5700d11328
0000000f0130e0bb010cfce5
0000000f0130ca650148d2b9
0000000f0130eba30184aaa4
0000000f0131458a01c09b3e
0000000f0131dc9301fcc620
0000000f0132be9702398056
0000000f0133c493001a833d
0000000f01328b21005865e6
0000000f0131b9c10094f7ba
0000000f01312f5700d11328
0000000f0130e0bb010cfce5
0000000f0130ca650148d2b9
0000000f0130eba30184aaa4
0000000f0131458a01c09b3e
0000000f0131dc9301fcc620
0000000f0132be9702398056
0000000f0133c493001a833d
0000000f01328b21005865e6
0000000f0131b9c10094f7ba
0000000f01312f5700d11328
0000000f0130e0bb010cfce5
0000000f0130ca650148d2b9
0000000f0130eba30184aaa4
0000000f0131458a01c09b3e
0000000f0131dc9301fcc620
0000000f0132be9702398056
0000000f0133c493001a833d
0000000f01328b21005865e6
0000000f0131b9c10094f7ba
0000000f01312f5700d11328
0000000f0130e0bb010cfce5
0000000f0130ca650148d2b9
0000000f0130eba30184aaa4
0000000f0131458a01c09b3e
0000000f0131dc9301fcc620
0000000f0132be9702398056
0000000f0134c052001a8974
0000000f0133811500586b5e
0000000f0132abe20094fbec
0000000f01321ef700d115ec
0000000f0131ceef010cfe35
0000000f0131b8320148d294
0000000f0131da090184a90c
0000000f0132359001c09831
0000000f0132cf5601fcc1aa
0000000f0133b57d02397aa9
0000000f0134c052001a8974
0000000f0133811500586b5e
0000000f0132abe20094fbec
0000000f01321ef700d115ec
0000000f0131ceef010cfe35
0000000f0131b8320148d294
0000000f0131da090184a90c
0000000f0132359001c09831
0000000f0132cf5601fcc1aa
0000000f0133b57d02397aa9
0000000f0134c052001a8974
0000000f0133811500586b5e
0000000f0132abe20094fbec
0000000f01321ef700d115ec
0000000f0131ceef010cfe35
0000000f0131b8320148d294
0000000f0131da090184a90c
0000000f0132359001c09831
0000000f0132cf5601fcc1aa
0000000f0133b57d02397aa9
0000000f0134c052001a8974
0000000f0133811500586b5e
0000000f0132abe20094fbec
0000000f01321ef700d115ec
0000000f0131ceef010cfe35
0000000f0131b8320148d294
0000000f0131da090184a90c
0000000f0132359001c09831
0000000f0132cf5601fcc1aa
0000000f0133b57d02397aa9
0000000f0134c052001a8974
0000000f0133811500586b5e
0000000f0132abe20094fbec
0000000f01321ef700d115ec
0000000f0131ceef010cfe35
0000000f0131b8320148d294
0000000f0131da090184a90c
0000000f0132359001c09831
0000000f0132cf5601fcc1aa
0000000f0133b57d02397aa9
0000000f0134c052001a8974
0000000f0133811500586b5e
0000000f0132abe20094fbec
0000000f01321ef700d115ec
0000000f0131ceef010cfe35
0000000f0131b8320148d294
0000000f0131da090184a90c
0000000f0132359001c09831
0000000f0132cf5601fcc1aa
0000000f0133b57d02397aa9
0000000f0135bc00001a8fc5
0000000f013476f8005870ef
0000000f01339df200950031
0000000f01330e8400d118bc
0000000f0132bd12010cff8a
0000000f0132a5ee0148d26f
0000000f0132c85e0184a76d
0000000f0133258501c09517
0000000f0133c20801fcbd1f
0000000f0134ac52023974e2
0000000f0135bc00001a8fc5
0000000f013476f8005870ef
0000000f01339df200950031
0000000f01330e8400d118bc
0000000f0132bd12010cff8a
0000000f0132a5ee0148d26f
0000000f0132c85e0184a76d
0000000f0133258501c09517
0000000f0133c20801fcbd1f
0000000f0134ac52023974e2
0000000f0135bc00001a8fc5
0000000f013476f8005870ef
0000000f01339df200950031
0000000f01330e8400d118bc
0000000f0132bd12010cff8a
0000000f0132a5ee0148d26f
0000000f0132c85e0184a76d
0000000f0133258501c09517
0000000f0133c20801fcbd1f
0000000f0134ac52023974e2
0000000f0135bc00001a8fc5
0000000f013476f8005870ef
0000000f01339df200950031
0000000f01330e8400d118bc
0000000f0132bd12010cff8a
0000000f0132a5ee0148d26f
0000000f0132c85e0184a76d
0000000f0133258501c09517
0000000f0133c20801fcbd1f
0000000f0134ac52023974e2
0000000f0135bc00001a8fc5
0000000f013476f8005870ef
0000000f01339df200950031
0000000f01330e8400d118bc
0000000f0132bd12010cff8a
0000000f0132a5ee0148d26f
0000000f0132c85e0184a76d
0000000f0133258501c09517
0000000f0133c20801fcbd1f
0000000f0134ac52023974e2
0000000f0135bc00001a8fc5
0000000f013476f8005870ef
0000000f01339df200950031
0000000f01330e8400d118bc
0000000f0132bd12010cff8a
0000000f0132a5ee0148d26f
0000000f0132c85e0184a76d
0000000f0133258501c09517
0000000f0133c20801fcbd1f
0000000f0134ac52023974e2
0000000f0136b79f001a9632
0000000f01356cc900587698
0000000f01348ff000950488
0000000f0133fe0000d11b99
0000000f0133ab23010d00e5
0000000f013393980148d24a
0000000f0133b6a20184a5c6
0000000f0134156801c091ef
0000000f0134b4a801fcb881
0000000f0135a31502396f03
0000000f0136b79f001a9632
0000000f01356cc900587698
0000000f01348ff000950488
0000000f0133fe0000d11b99
0000000f0133ab23010d00e5
0000000f013393980148d24a
0000000f0133b6a20184a5c6
0000000f0134156801c091ef
0000000f0134b4a801fcb881
0000000f0135a31502396f03
0000000f0136b79f001a9632
0000000f01356cc900587698
0000000f01348ff000950488
0000000f0133fe0000d11b99
0000000f0133ab23010d00e5
0000000f013393980148d24a
0000000f0133b6a20184a5c6
0000000f0134156801c091ef
0000000f0134b4a801fcb881
0000000f0135a31502396f03
0000000f0136b79f001a9632
0000000f01356cc900587698
0000000f01348ff000950488
0000000f0133fe0000d11b99
0000000f0133ab23010d00e5
0000000f013393980148d24a
0000000f0133b6a20184a5c6
0000000f0134156801c091ef
0000000f0134b4a801fcb881
0000000f0135a31502396f03
0000000f0136b79f001a9632
0000000f01356cc900587698
0000000f01348ff000950488
0000000f0133fe0000d11b99
0000000f0133ab23010d00e5
0000000f013393980148d24a
0000000f0133b6a20184a5c6
0000000f0134156801c091ef
0000000f0134b4a801fcb881
0000000f0135a31502396f03
0000000f0136b79f001a9632
0000000f01356cc900587698
0000000f01348ff000950488
0000000f0133fe0000d11b99
0000000f0133ab23010d00e5
0000000f013393980148d24a
0000000f0133b6a20184a5c6
0000000f0134156801c091ef
0000000f0134b4a801fcb881
0000000f0135a31502396f03
0000000f0137b32d001a9cba
0000000f0136628900587c59
0000000f013581db009508f2
0000000f0134ed6a00d11e82
0000000f01349922010d0246
0000000f013481300148d223
0000000f0134a4d30184a418
0000000f0135053801c08eb9
0000000f0135a73601fcb3ce
0000000f013699c70239690a
0000000f0137b32d001a9cba
0000000f0136628900587c59
0000000f013581db009508f2
0000000f0134ed6a00d11e82
0000000f01349922010d0246
0000000f013481300148d223
0000000f0134a4d30184a418
0000000f0135053801c08eb9
0000000f0135a73601fcb3ce
0000000f013699c70239690a
0000000f0137b32d001a9cba
0000000f0136628900587c59
0000000f013581db009508f2
0000000f0134ed6a00d11e82
0000000f01349922010d0246
0000000f013481300148d223
0000000f0134a4d30184a418
0000000f0135053801c08eb9
0000000f0135a73601fcb3ce
0000000f013699c70239690a
0000000f0137b32d001a9cba
0000000f0136628900587c59
0000000f013581db009508f2
0000000f0134ed6a00d11e82
0000000f01349922010d0246
0000000f013481300148d223
0000000f0134a4d30184a418
0000000f0135053801c08eb9
0000000f0135a73601fcb3ce
0000000f013699c70239690a
0000000f0137b32d001a9cba
0000000f0136628900587c59
0000000f013581db009508f2
0000000f0134ed6a00d11e82
0000000f01349922010d0246
0000000f013481300148d223
0000000f0134a4d30184a418
0000000f0135053801c08eb9
0000000f0135a73601fcb3ce
0000000f013699c70239690a
0000000f0137b32d001a9cba
0000000f0136628900587c59
0000000f013581db009508f2
0000000f0134ed6a00d11e82
0000000f01349922010d0246
0000000f013481300148d223
0000000f0134a4d30184a418
0000000f0135053801c08eb9
0000000f0135a73601fcb3ce
0000000f013699c70239690a
0000000f0138aeab001aa35d
0000000f0137583600588233
0000000f013673b500950d6f
0000000f0135dcc100d12178
0000000f0135870e010d03ad
0000000f01356eb60148d1fd
0000000f013592f20184a263
0000000f0135f4f601c08b76
0000000f013699b201fcaf08
0000000f01379067023962f8
0000000f0138aeab001aa35d
0000000f0137583600588233
0000000f013673b500950d6f
0000000f0135dcc100d12178
0000000f0135870e010d03ad
0000000f01356eb60148d1fd
0000000f013592f20184a263
0000000f0135f4f601c08b76
0000000f013699b201fcaf08
0000000f01379067023962f8
0000000f0138aeab001aa35d
0000000f0137583600588233
0000000f013673b500950d6f
0000000f0135dcc100d12178
0000000f0135870e010d03ad
0000000f01356eb60148d1fd
0000000f013592f20184a263
0000000f0135f4f601c08b76
0000000f013699b201fcaf08
0000000f01379067023962f8
0000000f0138aeab001aa35d
0000000f0137583600588233
0000000f013673b500950d6f
0000000f0135dcc100d12178
0000000f0135870e010d03ad
0000000f01356eb60148d1fd
0000000f013592f20184a263
0000000f0135f4f601c08b76
0000000f013699b201fcaf08
0000000f01379067023962f8
0000000f0138aeab001aa35d
0000000f0137583600588233
0000000f013673b500950d6f
0000000f0135dcc100d12178
0000000f0135870e010d03ad
0000000f01356eb60148d1fd
0000000f013592f20184a263
0000000f0135f4f601c08b76
0000000f013699b201fcaf08
0000000f01379067023962f8
0000000f0138aeab001aa35d
0000000f0137583600588233
0000000f013673b500950d6f
0000000f0135dcc100d12178
0000000f0135870e010d03ad
0000000f01356eb60148d1fd
0000000f013592f20184a263
0000000f0135f4f601c08b76
0000000f013699b201fcaf08
0000000f01379067023962f8
0000000f0139aa18001aaa1b
0000000f01384dd100588824
0000000f0137657b009511fe
0000000f0136cc0600d1247a
0000000f013674e8010d051a
0000000f01365c290148d1d5
0000000f013680fe0184a0a7
0000000f0136e4a101c08825
0000000f01378c1a01fcaa2e
0000000f013886f502395cce
0000000f0139aa18001aaa1b
0000000f01384dd100588824
0000000f0137657b009511fe
0000000f0136cc0600d1247a
0000000f013674e8010d051a
0000000f01365c290148d1d5
0000000f013680fe0184a0a7
0000000f0136e4a101c08825
0000000f01378c1a01fcaa2e
0000000f013886f502395cce
0000000f0139aa18001aaa1b
0000000f01384dd100588824
0000000f0137657b009511fe
0000000f0136cc0600d1247a
0000000f013674e8010d051a
0000000f01365c290148d1d5
0000000f013680fe0184a0a7
0000000f0136e4a101c08825
0000000f01378c1a01fcaa2e
0000000f013886f502395cce
0000000f0139aa18001aaa1b
0000000f01384dd100588824
0000000f0137657b009511fe
0000000f0136cc0600d1247a
0000000f013674e8010d051a
0000000f01365c290148d1d5
0000000f013680fe0184a0a7
0000000f0136e4a101c08825
0000000f01378c1a01fcaa2e
0000000f013886f502395cce
0000000f0139aa18001aaa1b
0000000f01384dd100588824
0000000f0137657b009511fe
0000000f0136cc0600d1247a
0000000f013674e8010d051a
0000000f01365c290148d1d5
0000000f013680fe0184a0a7
0000000f0136e4a101c08825
0000000f01378c1a01fcaa2e
0000000f013886f502395cce
0000000f0139aa18001aaa1b
0000000f01384dd100588824
0000000f0137657b009511fe
0000000f0136cc0600d1247a
0000000f013674e8010d051a
0000000f01365c290148d1d5
0000000f013680fe0184a0a7
0000000f0136e4a101c08825
0000000f01378c1a01fcaa2e
0000000f013886f502395cce
0000000f013aa573001ab0f4
0000000f0139435900588e2e
0000000f0138572e009516a1
0000000f0137bb3800d12788
0000000f013762af010d068d
0000000f013749890148d1ad
0000000f01376ef701849ee3
0000000f0137d43901c084c6
0000000f01387e7001fca540
0000000f01397d700239568a
0000000f013aa573001ab0f4
0000000f0139435900588e2e
0000000f0138572e009516a1
0000000f0137bb3800d12788
0000000f013762af010d068d
0000000f013749890148d1ad
0000000f01376ef701849ee3
0000000f0137d43901c084c6
0000000f01387e7001fca540
0000000f01397d700239568a
0000000f013aa573001ab0f4
0000000f0139435900588e2e
0000000f0138572e009516a1
0000000f0137bb3800d12788
0000000f013762af010d068d
0000000f013749890148d1ad
0000000f01376ef701849ee3
0000000f0137d43901c084c6
0000000f01387e7001fca540
0000000f01397d700239568a
0000000f013aa573001ab0f4
0000000f0139435900588e2e
0000000f0138572e009516a1
0000000f0137bb3800d12788
0000000f013762af010d068d
0000000f013749890148d1ad
0000000f01376ef701849ee3
0000000f0137d43901c084c6
0000000f01387e7001fca540
0000000f01397d700239568a
0000000f013aa573001ab0f4
0000000f0139435900588e2e
0000000f0138572e009516a1
0000000f0137bb3800d12788
0000000f013762af010d068d
0000000f013749890148d1ad
0000000f01376ef701849ee3
0000000f0137d43901c084c6
0000000f01387e7001fca540
0000000f01397d700239568a
0000000f013aa573001ab0f4
0000000f0139435900588e2e
0000000f0138572e009516a1
0000000f0137bb3800d12788
0000000f013762af010d068d
0000000f013749890148d1ad
0000000f01376ef701849ee3
0000000f0137d43901c084c6
0000000f01387e7001fca540
0000000f01397d700239568a
0000000f013ba0be001ab7e8
0000000f013a38ce00589450
0000000f013948ce00951b55
0000000f0138aa5600d12aa3
0000000f01385063010d0806
0000000f013836d60148d184
0000000f01385cdd01849d19
0000000f0138c3be01c0815a
0000000f013970b201fca03e
0000000f013a73d80239502d
0000000f013ba0be001ab7e8
0000000f013a38ce00589450
0000000f013948ce00951b55
0000000f0138aa5600d12aa3
0000000f01385063010d0806
0000000f013836d60148d184
0000000f01385cdd01849d19
0000000f0138c3be01c0815a
0000000f013970b201fca03e
0000000f013a73d80239502d
0000000f013ba0be001ab7e8
0000000f013a38ce00589450
0000000f013948ce00951b55
0000000f0138aa5600d12aa3
0000000f01385063010d0806
0000000f013836d60148d184
0000000f01385cdd01849d19
0000000f0138c3be01c0815a
0000000f013970b201fca03e
0000000f013a73d80239502d
0000000f013ba0be001ab7e8
0000000f013a38ce00589450
0000000f013948ce00951b55
0000000f0138aa5600d12aa3
0000000f01385063010d0806
0000000f013836d60148d184
0000000f01385cdd01849d19
0000000f0138c3be01c0815a
0000000f013970b201fca03e
0000000f013a73d80239502d
0000000f013ba0be001ab7e8
0000000f013a38ce00589450
0000000f013948ce00951b55
0000000f0138aa5600d12aa3
0000000f01385063010d0806
0000000f013836d60148d184
0000000f01385cdd01849d19
0000000f0138c3be01c0815a
0000000f013970b201fca03e
0000000f013a73d80239502d
0000000f013ba0be001ab7e8
0000000f013a38ce00589450
0000000f013948ce00951b55
0000000f0138aa5600d12aa3
0000000f01385063010d0806
0000000f013836d60148d184
0000000f01385cdd01849d19
0000000f0138c3be01c0815a
0000000f013970b201fca03e
0000000f013a73d80239502d
0000000f013c9bf7001abef6
0000000f013b2e3000589a89
0000000f013a3a5b0095201d
0000000f0139996000d12dca
0000000f01393e03010d0984
0000000f013924100148d15a
0000000f01394aaf01849b47
0000000f0139b32f01c07de0
0000000f013a62e101fc9b28
0000000f013b6a2d023949b8
0000000f013c9bf7001abef6
0000000f013b2e3000589a89
0000000f013a3a5b0095201d
0000000f0139996000d12dca
0000000f01393e03010d0984
0000000f013924100148d15a
0000000f01394aaf01849b47
0000000f0139b32f01c07de0
0000000f013a62e101fc9b28
0000000f013b6a2d023949b8
0000000f013c9bf7001abef6
0000000f013b2e3000589a89
0000000f013a3a5b0095201d
0000000f0139996000d12dca
0000000f01393e03010d0984
0000000f013924100148d15a
0000000f01394aaf01849b47
0000000f0139b32f01c07de0
0000000f013a62e101fc9b28
0000000f013b6a2d023949b8
0000000f013c9bf7001abef6
0000000f013b2e3000589a89
0000000f013a3a5b0095201d
0000000f0139996000d12dca
0000000f01393e03010d0984
0000000f013924100148d15a
0000000f01394aaf01849b47
0000000f0139b32f01c07de0
0000000f013a62e101fc9b28
0000000f013b6a2d023949b8
0000000f013c9bf7001abef6
0000000f013b2e3000589a89
0000000f013a3a5b0095201d
0000000f0139996000d12dca
0000000f01393e03010d0984
0000000f013924100148d15a
0000000f01394aaf01849b47
0000000f0139b32f01c07de0
0000000f013a62e101fc9b28
0000000f013b6a2d023949b8
0000000f013c9bf7001abef6
0000000f013b2e3000589a89
0000000f013a3a5b0095201d
0000000f0139996000d12dca
0000000f01393e03010d0984
0000000f013924100148d15a
0000000f01394aaf01849b47
0000000f0139b32f01c07de0
0000000f013a62e101fc9b28
0000000f013b6a2d023949b8
0000000f013d971e001ac61f
0000000f013c237e0058a0db
0000000f013b2bd3009524f7
0000000f013a885700d130fd
0000000f013a2b8f010d0b08
0000000f013a11350148d130
0000000f013a386e0184996f
0000000f013aa28c01c07a59
0000000f013b54fb01fc95ff
0000000f013c606f02394329
0000000f013d971e001ac61f
0000000f013c237e0058a0db
0000000f013b2bd3009524f7
0000000f013a885700d130fd
0000000f013a2b8f010d0b08
0000000f013a11350148d130
0000000f013a386e0184996f
0000000f013aa28c01c07a59
0000000f013b54fb01fc95ff
0000000f013c606f02394329
0000000f013d971e001ac61f
0000000f013c237e0058a0db
0000000f013b2bd3009524f7
0000000f013a885700d130fd
0000000f013a2b8f010d0b08
0000000f013a11350148d130
0000000f013a386e0184996f
0000000f013aa28c01c07a59
0000000f013b54fb01fc95ff
0000000f013c606f02394329
0000000f013d971e001ac61f
0000000f013c237e0058a0db
0000000f013b2bd3009524f7
0000000f013a885700d130fd
0000000f013a2b8f010d0b08
0000000f013a11350148d130
0000000f013a386e0184996f
0000000f013aa28c01c07a59
0000000f013b54fb01fc95ff
0000000f013c606f02394329
0000000f013d971e001ac61f
0000000f013c237e0058a0db
0000000f013b2bd3009524f7
0000000f013a885700d130fd
0000000f013a2b8f010d0b08
0000000f013a11350148d130
0000000f013a386e0184996f
0000000f013aa28c01c07a59
0000000f013b54fb01fc95ff
0000000f013c606f02394329
0000000f013d971e001ac61f
0000000f013c237e0058a0db
0000000f013b2bd3009524f7
0000000f013a885700d130fd
0000000f013a2b8f010d0b08
0000000f013a11350148d130
0000000f013a386e0184996f
0000000f013aa28c01c07a59
0000000f013b54fb01fc95ff
0000000f013c606f02394329
0000000f013e9233001acd62
0000000f013d18b90058a745
0000000f013c1d37009529e3
0000000f013b773900d1343d
0000000f013b1907010d0c92
0000000f013afe470148d106
0000000f013b26180184978f
0000000f013b91d501c076c4
0000000f013c470201fc90c2
0000000f013d569e02393c82
0000000f013e9233001acd62
0000000f013d18b90058a745
0000000f013c1d37009529e3
0000000f013b773900d1343d
0000000f013b1907010d0c92
0000000f013afe470148d106
0000000f013b26180184978f
0000000f013b91d501c076c4
0000000f013c470201fc90c2
0000000f013d569e02393c82
0000000f013e9233001acd62
0000000f013d18b90058a745
0000000f013c1d37009529e3
0000000f013b773900d1343d
0000000f013b1907010d0c92
0000000f013afe470148d106
0000000f013b26180184978f
0000000f013b91d501c076c4
0000000f013c470201fc90c2
0000000f013d569e02393c82
0000000f013e9233001acd62
0000000f013d18b90058a745
0000000f013c1d37009529e3
0000000f013b773900d1343d
0000000f013b1907010d0c92
0000000f013afe470148d106
0000000f013b26180184978f
0000000f013b91d501c076c4
0000000f013c470201fc90c2
0000000f013d569e02393c82
0000000f013e9233001acd62
0000000f013d18b90058a745
0000000f013c1d37009529e3
0000000f013b773900d1343d
0000000f013b1907010d0c92
0000000f013afe470148d106
0000000f013b26180184978f
0000000f013b91d501c076c4
0000000f013c470201fc90c2
0000000f013d569e02393c82
0000000f013e9233001acd62
0000000f013d18b90058a745
0000000f013c1d37009529e3
0000000f013b773900d1343d
0000000f013b1907010d0c92
0000000f013afe470148d106
0000000f013b26180184978f
0000000f013b91d501c076c4
0000000f013c470201fc90c2
0000000f013d569e02393c82
0000000f013f8d36001ad4c0
0000000f013e0ddf0058adc6
0000000f013d0e8600952ee2
0000000f013c660700d13789
0000000f013c066b010d0e22
0000000f013beb440148d0da
0000000f013c13ae018495a8
0000000f013c810901c07321
0000000f013d38f401fc8b71
0000000f013e4cb8023935c3
0000000f013f8d36001ad4c0
0000000f013e0ddf0058adc6
0000000f013d0e8600952ee2
0000000f013c660700d13789
0000000f013c066b010d0e22
0000000f013beb440148d0da
0000000f013c13ae018495a8
0000000f013c810901c07321
0000000f013d38f401fc8b71
0000000f013e4cb8023935c3
0000000f013f8d36001ad4c0
0000000f013e0ddf0058adc6
0000000f013d0e8600952ee2
0000000f013c660700d13789
0000000f013c066b010d0e22
0000000f013beb440148d0da
0000000f013c13ae018495a8
0000000f013c810901c07321
0000000f013d38f401fc8b71
0000000f013e4cb8023935c3
0000000f013f8d36001ad4c0
0000000f013e0ddf0058adc6
0000000f013d0e8600952ee2
0000000f013c660700d13789
0000000f013c066b010d0e22
0000000f013beb440148d0da
0000000f013c13ae018495a8
0000000f013c810901c07321
0000000f013d38f401fc8b71
0000000f013e4cb8023935c3
0000000f013f8d36001ad4c0
0000000f013e0ddf0058adc6
0000000f013d0e8600952ee2
0000000f013c660700d13789
0000000f013c066b010d0e22
0000000f013beb440148d0da
0000000f013c13ae018495a8
0000000f013c810901c07321
0000000f013d38f401fc8b71
0000000f013e4cb8023935c3
0000000f013f8d36001ad4c0
0000000f013e0ddf0058adc6
0000000f013d0e8600952ee2
0000000f013c660700d13789
0000000f013c066b010d0e22
0000000f013beb440148d0da
0000000f013c13ae018495a8
0000000f013c810901c07321
0000000f013d38f401fc8b71
0000000f013e4cb8023935c3
0000000f01408826001adc39
0000000f013f02f10058b460
0000000f013dffc1009533f4
0000000f013d54bf00d13ae1
0000000f013cf3ba010d0fb8
0000000f013cd82c0148d0ae
0000000f013d012f018493ba
0000000f013d702901c06f72
0000000f013e2ad101fc860d
0000000f013f42be02392eea
0000000f01408826001adc39
0000000f013f02f10058b460
0000000f013dffc1009533f4
0000000f013d54bf00d13ae1
0000000f013cf3ba010d0fb8
0000000f013cd82c0148d0ae
0000000f013d012f018493ba
0000000f013d702901c06f72
0000000f013e2ad101fc860d
0000000f013f42be02392eea
0000000f01408826001adc39
0000000f013f02f10058b460
0000000f013dffc1009533f4
0000000f013d54bf00d13ae1
0000000f013cf3ba010d0fb8
0000000f013cd82c0148d0ae
0000000f013d012f018493ba
0000000f013d702901c06f72
0000000f013e2ad101fc860d
0000000f013f42be02392eea
0000000f01408826001adc39
0000000f013f02f10058b460
0000000f013dffc1009533f4
0000000f013d54bf00d13ae1
0000000f013cf3ba010d0fb8
0000000f013cd82c0148d0ae
0000000f013d012f018493ba
0000000f013d702901c06f72
0000000f013e2ad101fc860d
0000000f013f42be02392eea
0000000f01408826001adc39
0000000f013f02f10058b460
0000000f013dffc1009533f4
0000000f013d54bf00d13ae1
0000000f013cf3ba010d0fb8
0000000f013cd82c0148d0ae
0000000f013d012f018493ba
0000000f013d702901c06f72
0000000f013e2ad101fc860d
0000000f013f42be02392eea
0000000f01408826001adc39
0000000f013f02f10058b460
0000000f013dffc1009533f4
0000000f013d54bf00d13ae1
0000000f013cf3ba010d0fb8
0000000f013cd82c0148d0ae
0000000f013d012f018493ba
0000000f013d702901c06f72
0000000f013e2ad101fc860d
0000000f013f42be02392eea
0000000f01418303001ae3cc
0000000f013ff7ef0058bb11
0000000f013ef0e600953918
0000000f013e436300d13e45
0000000f013de0f4010d1154
0000000f013dc5000148d082
0000000f013dee9b018491c5
0000000f013e5f3301c06bb4
0000000f013f1c9901fc8095
0000000f014038b0023927f9
0000000f01418303001ae3cc
0000000f013ff7ef0058bb11
0000000f013ef0e600953918
0000000f013e436300d13e45
0000000f013de0f4010d1154
0000000f013dc5000148d082
0000000f013dee9b018491c5
0000000f013e5f3301c06bb4
0000000f013f1c9901fc8095
0000000f014038b0023927f9
0000000f01418303001ae3cc
0000000f013ff7ef0058bb11
0000000f013ef0e600953918
0000000f013e436300d13e45
0000000f013de0f4010d1154
0000000f013dc5000148d082
0000000f013dee9b018491c5
0000000f013e5f3301c06bb4
0000000f013f1c9901fc8095
0000000f014038b0023927f9
0000000f01418303001ae3cc
0000000f013ff7ef0058bb11
0000000f013ef0e600953918
0000000f013e436300d13e45
0000000f013de0f4010d1154
0000000f013dc5000148d082
0000000f013dee9b018491c5
0000000f013e5f3301c06bb4
0000000f013f1c9901fc8095
0000000f014038b0023927f9
0000000f01418303001ae3cc
0000000f013ff7ef0058bb11
0000000f013ef0e600953918
0000000f013e436300d13e45
0000000f013de0f4010d1154
0000000f013dc5000148d082
0000000f013dee9b018491c5
0000000f013e5f3301c06bb4
0000000f013f1c9901fc8095
0000000f014038b0023927f9
0000000f01418303001ae3cc
0000000f013ff7ef0058bb11
0000000f013ef0e600953918
0000000f013e436300d13e45
0000000f013de0f4010d1154
0000000f013dc5000148d082
0000000f013dee9b018491c5
0000000f013e5f3301c06bb4
0000000f013f1c9901fc8095
0000000f014038b0023927f9
0000000f01427dcd001aeb78
0000000f0140ecd70058c1da
0000000f013fe1f700953e4e
0000000f013f31f200d141b6
0000000f013ece19010d12f5
0000000f013eb1be0148d054
0000000f013edbf101848fc9
0000000f013f4e2801c067e9
0000000f01400e4b01fc7b0a
0000000f01412e8d023920f0
0000000f01427dcd001aeb78
0000000f0140ecd70058c1da
0000000f013fe1f700953e4e
0000000f013f31f200d141b6
0000000f013ece19010d12f5
0000000f013eb1be0148d054
0000000f013edbf101848fc9
0000000f013f4e2801c067e9
0000000f01400e4b01fc7b0a
0000000f01412e8d023920f0
0000000f01427dcd001aeb78
0000000f0140ecd70058c1da
0000000f013fe1f700953e4e
0000000f013f31f200d141b6
0000000f013ece19010d12f5
0000000f013eb1be0148d054
0000000f013edbf101848fc9
0000000f013f4e2801c067e9
0000000f01400e4b01fc7b0a
0000000f01412e8d023920f0
0000000f01427dcd001aeb78
0000000f0140ecd70058c1da
0000000f013fe1f700953e4e
0000000f013f31f200d141b6
0000000f013ece19010d12f5
0000000f013eb1be0148d054
0000000f013edbf101848fc9
0000000f013f4e2801c067e9
0000000f01400e4b01fc7b0a
0000000f01412e8d023920f0
0000000f01427dcd001aeb78
0000000f0140ecd70058c1da
0000000f013fe1f700953e4e
0000000f013f31f200d141b6
0000000f013ece19010d12f5
0000000f013eb1be0148d054
0000000f013edbf101848fc9
0000000f013f4e2801c067e9
0000000f01400e4b01fc7b0a
0000000f01412e8d023920f0
0000000f01427dcd001aeb78
0000000f0140ecd70058c1da
0000000f013fe1f700953e4e
0000000f013f31f200d141b6
0000000f013ece19010d12f5
0000000f013eb1be0148d054
0000000f013edbf101848fc9
0000000f013f4e2801c067e9
0000000f01400e4b01fc7b0a
0000000f01412e8d023920f0
0000000f01437884001af33f
0000000f0141e1aa0058c8ba
0000000f0140d2f100954397
0000000f0140206a00d14533
0000000f013fbb28010d149c
0000000f013f9e670148d026
0000000f013fc93301848dc6
0000000f01403d0701c06411
0000000f0140ffe801fc756b
0000000f01422455023919ce
0000000f01437884001af33f
0000000f0141e1aa0058c8ba
0000000f0140d2f100954397
0000000f0140206a00d14533
0000000f013fbb28010d149c
0000000f013f9e670148d026
0000000f013fc93301848dc6
0000000f01403d0701c06411
0000000f0140ffe801fc756b
0000000f01422455023919ce
0000000f01437884001af33f
0000000f0141e1aa0058c8ba
0000000f0140d2f100954397
0000000f0140206a00d14533
0000000f013fbb28010d149c
0000000f013f9e670148d026
0000000f013fc93301848dc6
0000000f01403d0701c06411
0000000f0140ffe801fc756b
0000000f01422455023919ce
0000000f01437884001af33f
0000000f0141e1aa0058c8ba
0000000f0140d2f100954397
0000000f0140206a00d14533
0000000f013fbb28010d149c
0000000f013f9e670148d026
0000000f013fc93301848dc6
0000000f01403d0701c06411
0000000f0140ffe801fc756b
0000000f01422455023919ce
0000000f01437884001af33f
0000000f0141e1aa0058c8ba
0000000f0140d2f100954397
0000000f0140206a00d14533
0000000f013fbb28010d149c
0000000f013f9e670148d026
0000000f013fc93301848dc6
0000000f01403d0701c06411
0000000f0140ffe801fc756b
0000000f01422455023919ce
0000000f01437884001af33f
0000000f0141e1aa0058c8ba
0000000f0140d2f100954397
0000000f0140206a00d14533
0000000f013fbb28010d149c
0000000f013f9e670148d026
0000000f013fc93301848dc6
0000000f01403d0701c06411
0000000f0140ffe801fc756b
0000000f01422455023919ce
0000000f01447328001afb21
0000000f0142d6680058cfb2
0000000f0141c3d5009548f2
0000000f01410ecd00d148bb
0000000f0140a821010d1649
0000000f01408afa0148cff8
0000000f0140b65e01848bbc
0000000f01412bd001c0602c
0000000f0141f16f01fc6fb8
0000000f01431a0802391294
0000000f01447328001afb21
0000000f0142d6680058cfb2
0000000f0141c3d5009548f2
0000000f01410ecd00d148bb
0000000f0140a821010d1649
0000000f01408afa0148cff8
0000000f0140b65e01848bbc
0000000f01412bd001c0602c
0000000f0141f16f01fc6fb8
0000000f01431a0802391294
0000000f01447328001afb21
0000000f0142d6680058cfb2
0000000f0141c3d5009548f2
0000000f01410ecd00d148bb
0000000f0140a821010d1649
0000000f01408afa0148cff8
0000000f0140b65e01848bbc
0000000f01412bd001c0602c
0000000f0141f16f01fc6fb8
0000000f01431a0802391294
0000000f01447328001afb21
0000000f0142d6680058cfb2
0000000f0141c3d5009548f2
0000000f01410ecd00d148bb
0000000f0140a821010d1649
0000000f01408afa0148cff8
0000000f0140b65e01848bbc
0000000f01412bd001c0602c
0000000f0141f16f01fc6fb8
0000000f01431a0802391294
0000000f01447328001afb21
0000000f0142d6680058cfb2
0000000f0141c3d5009548f2
0000000f01410ecd00d148bb
0000000f0140a821010d1649
0000000f01408afa0148cff8
0000000f0140b65e01848bbc
0000000f01412bd001c0602c
0000000f0141f16f01fc6fb8
0000000f01431a0802391294
0000000f01447328001afb21
0000000f0142d6680058cfb2
0000000f0141c3d5009548f2
0000000f01410ecd00d148bb
0000000f0140a821010d1649
0000000f01408afa0148cff8
0000000f0140b65e01848bbc
0000000f01412bd001c0602c
0000000f0141f16f01fc6fb8
0000000f01431a0802391294
0000000f01456db8001b031c
0000000f0143cb100058d6c2
0000000f0142b4a300954e5f
0000000f0141fd1900d14c51
0000000f01419504010d17fc
0000000f014177760148cfc9
0000000f0141a373018489ab
0000000f01421a8301c05c39
0000000f0142e2e001fc69f3
0000000f01440fa502390b41
0000000f01456db8001b031c
0000000f0143cb100058d6c2
0000000f0142b4a300954e5f
0000000f0141fd1900d14c51
0000000f01419504010d17fc
0000000f014177760148cfc9
0000000f0141a373018489ab
0000000f01421a8301c05c39
0000000f0142e2e001fc69f3
0000000f01440fa502390b41
0000000f01456db8001b031c
0000000f0143cb100058d6c2
0000000f0142b4a300954e5f
0000000f0141fd1900d14c51
0000000f01419504010d17fc
0000000f014177760148cfc9
0000000f0141a373018489ab
0000000f01421a8301c05c39
0000000f0142e2e001fc69f3
0000000f01440fa502390b41
0000000f01456db8001b031c
0000000f0143cb100058d6c2
0000000f0142b4a300954e5f
0000000f0141fd1900d14c51
0000000f01419504010d17fc
0000000f014177760148cfc9
0000000f0141a373018489ab
0000000f01421a8301c05c39
0000000f0142e2e001fc69f3
0000000f01440fa502390b41
0000000f01456db8001b031c
0000000f0143cb100058d6c2
0000000f0142b4a300954e5f
0000000f0141fd1900d14c51
0000000f01419504010d17fc
0000000f014177760148cfc9
0000000f0141a373018489ab
0000000f01421a8301c05c39
0000000f0142e2e001fc69f3
0000000f01440fa502390b41
0000000f01456db8001b031c
0000000f0143cb100058d6c2
0000000f0142b4a300954e5f
0000000f0141fd1900d14c51
0000000f01419504010d17fc
0000000f014177760148cfc9
0000000f0141a373018489ab
0000000f01421a8301c05c39
0000000f0142e2e001fc69f3
0000000f01440fa502390b41
0000000f01466833001b0b30
0000000f0144bfa20058dde9
0000000f0143a55b009553df
0000000f0142eb4f00d14ff2
0000000f014281d0010d19b4
0000000f014263dd0148cf99
0000000f0142907101848792
0000000f0143091f01c05838
0000000f0143d43a01fc6419
0000000f0145052c023903d6
0000000f01466833001b0b30
0000000f0144bfa20058dde9
0000000f0143a55b009553df
0000000f0142eb4f00d14ff2
0000000f014281d0010d19b4
0000000f014263dd0148cf99
0000000f0142907101848792
0000000f0143091f01c05838
0000000f0143d43a01fc6419
0000000f0145052c023903d6
0000000f01466833001b0b30
0000000f0144bfa20058dde9
0000000f0143a55b009553df
0000000f0142eb4f00d14ff2
0000000f014281d0010d19b4
0000000f014263dd0148cf99
0000000f0142907101848792
0000000f0143091f01c05838
0000000f0143d43a01fc6419
0000000f0145052c023903d6
0000000f01466833001b0b30
0000000f0144bfa20058dde9
0000000f0143a55b009553df
0000000f0142eb4f00d14ff2
0000000f014281d0010d19b4
0000000f014263dd0148cf99
0000000f0142907101848792
0000000f0143091f01c05838
0000000f0143d43a01fc6419
0000000f0145052c023903d6
0000000f01466833001b0b30
0000000f0144bfa20058dde9
0000000f0143a55b009553df
0000000f0142eb4f00d14ff2
0000000f014281d0010d19b4
0000000f014263dd0148cf99
0000000f0142907101848792
0000000f0143091f01c05838
0000000f0143d43a01fc6419
0000000f0145052c023903d6
0000000f01466833001b0b30
0000000f0144bfa20058dde9
0000000f0143a55b009553df
0000000f0142eb4f00d14ff2
0000000f014281d0010d19b4
0000000f014263dd0148cf99
0000000f0142907101848792
0000000f0143091f01c05838
0000000f0143d43a01fc6419
0000000f0145052c023903d6
0000000f0147629b001b135f
0000000f0145b41d0058e527
0000000f014495fb00955970
0000000f0143d96e00d1539f
0000000f01436e86010d1b73
0000000f0143502c0148cf69
0000000f01437d5901848573
0000000f0143f7a401c0542a
0000000f0144c57d01fc5e2d
0000000f0145fa9e0238fc53
0000000f0147629b001b135f
0000000f0145b41d0058e527
0000000f014495fb00955970
0000000f0143d96e00d1539f
0000000f01436e86010d1b73
0000000f0143502c0148cf69
0000000f01437d5901848573
0000000f0143f7a401c0542a
0000000f0144c57d01fc5e2d
0000000f0145fa9e0238fc53
0000000f0147629b001b135f
0000000f0145b41d0058e527
0000000f014495fb00955970
0000000f0143d96e00d1539f
0000000f01436e86010d1b73
0000000f0143502c0148cf69
0000000f01437d5901848573
0000000f0143f7a401c0542a
0000000f0144c57d01fc5e2d
0000000f0145fa9e0238fc53
0000000f0147629b001b135f
0000000f0145b41d0058e527
0000000f014495fb00955970
0000000f0143d96e00d1539f
0000000f01436e86010d1b73
0000000f0143502c0148cf69
0000000f01437d5901848573
0000000f0143f7a401c0542a
0000000f0144c57d01fc5e2d
0000000f0145fa9e0238fc53
0000000f0147629b001b135f
0000000f0145b41d0058e527
0000000f014495fb00955970
0000000f0143d96e00d1539f
0000000f01436e86010d1b73
0000000f0143502c0148cf69
0000000f01437d5901848573
0000000f0143f7a401c0542a
0000000f0144c57d01fc5e2d
0000000f0145fa9e0238fc53
0000000f0147629b001b135f
0000000f0145b41d0058e527
0000000f014495fb00955970
0000000f0143d96e00d1539f
0000000f01436e86010d1b73
0000000f0143502c0148cf69
0000000f01437d5901848573
0000000f0143f7a401c0542a
0000000f0144c57d01fc5e2d
0000000f0145fa9e0238fc53
0000000f01485cee001b1ba7
0000000f0146a8820058ec7d
0000000f0145868500955f14
0000000f0144c77500d15758
0000000f01445b25010d1d36
0000000f01443c650148cf38
0000000f01446a2a0184834d
0000000f0144e61201c0500f
0000000f0145b6a901fc582d
0000000f0146eff90238f4b8
0000000f01485cee001b1ba7
0000000f0146a8820058ec7d
0000000f0145868500955f14
0000000f0144c77500d15758
0000000f01445b25010d1d36
0000000f01443c650148cf38
0000000f01446a2a0184834d
0000000f0144e61201c0500f
0000000f0145b6a901fc582d
0000000f0146eff90238f4b8
0000000f01485cee001b1ba7
0000000f0146a8820058ec7d
0000000f0145868500955f14
0000000f0144c77500d15758
0000000f01445b25010d1d36
0000000f01443c650148cf38
0000000f01446a2a0184834d
0000000f0144e61201c0500f
0000000f0145b6a901fc582d
0000000f0146eff90238f4b8
0000000f01485cee001b1ba7
0000000f0146a8820058ec7d
0000000f0145868500955f14
0000000f0144c77500d15758
0000000f01445b25010d1d36
0000000f01443c650148cf38
0000000f01446a2a0184834d
0000000f0144e61201c0500f
0000000f0145b6a901fc582d
0000000f0146eff90238f4b8
0000000f01485cee001b1ba7
0000000f0146a8820058ec7d
0000000f0145868500955f14
0000000f0144c77500d15758
0000000f01445b25010d1d36
0000000f01443c650148cf38
0000000f01446a2a0184834d
0000000f0144e61201c0500f
0000000f0145b6a901fc582d
0000000f0146eff90238f4b8
0000000f01485cee001b1ba7
0000000f0146a8820058ec7d
0000000f0145868500955f14
0000000f0144c77500d15758
0000000f01445b25010d1d36
0000000f01443c650148cf38
0000000f01446a2a0184834d
0000000f0144e61201c0500f
0000000f0145b6a901fc582d
0000000f0146eff90238f4b8
0000000f0149572c001b2409
0000000f01479cd00058f3ea
0000000f014676f7009564ca
0000000f0145b56600d15b1e
0000000f014547ac010d1f00
0000000f014528860148cf06
0000000f014556e301848120
0000000f0145d46901c04be7
0000000f0146a7be01fc521a
0000000f0147e53d0238ed04
0000000f0149572c001b2409
0000000f01479cd00058f3ea
0000000f014676f7009564ca
0000000f0145b56600d15b1e
0000000f014547ac010d1f00
0000000f014528860148cf06
0000000f014556e301848120
0000000f0145d46901c04be7
0000000f0146a7be01fc521a
0000000f0147e53d0238ed04
0000000f0149572c001b2409
0000000f01479cd00058f3ea
0000000f014676f7009564ca
0000000f0145b56600d15b1e
0000000f014547ac010d1f00
0000000f014528860148cf06
0000000f014556e301848120
0000000f0145d46901c04be7
0000000f0146a7be01fc521a
0000000f0147e53d0238ed04
0000000f0149572c001b2409
0000000f01479cd00058f3ea
0000000f014676f7009564ca
0000000f0145b56600d15b1e
0000000f014547ac010d1f00
0000000f014528860148cf06
0000000f014556e301848120
0000000f0145d46901c04be7
0000000f0146a7be01fc521a
0000000f0147e53d0238ed04
0000000f0149572c001b2409
0000000f01479cd00058f3ea
0000000f014676f7009564ca
0000000f0145b56600d15b1e
0000000f014547ac010d1f00
0000000f014528860148cf06
0000000f014556e301848120
0000000f0145d46901c04be7
0000000f0146a7be01fc521a
0000000f0147e53d0238ed04
0000000f0149572c001b2409
0000000f01479cd00058f3ea
0000000f014676f7009564ca
0000000f0145b56600d15b1e
0000000f014547ac010d1f00
0000000f014528860148cf06
0000000f014556e301848120
0000000f0145d46901c04be7
0000000f0146a7be01fc521a
0000000f0147e53d0238ed04
0000000f014a5156001b2c85
0000000f014891070058fb6f
0000000f0147675100956a93
0000000f0146a33e00d15eef
0000000f0146341c010d20d0
0000000f0146148f0148ced4
0000000f0146438501847eec
0000000f0146c2a801c047b1
0000000f014798bb01fc4bf4
0000000f0148da6a0238e539
0000000f014a5156001b2c85
0000000f014891070058fb6f
0000000f0147675100956a93
0000000f0146a33e00d15eef
0000000f0146341c010d20d0
0000000f0146148f0148ced4
0000000f0146438501847eec
0000000f0146c2a801c047b1
0000000f014798bb01fc4bf4
0000000f0148da6a0238e539
0000000f014a5156001b2c85
0000000f014891070058fb6f
0000000f0147675100956a93
0000000f0146a33e00d15eef
0000000f0146341c010d20d0
0000000f0146148f0148ced4
0000000f0146438501847eec
0000000f0146c2a801c047b1
0000000f014798bb01fc4bf4
0000000f0148da6a0238e539
0000000f014a5156001b2c85
0000000f014891070058fb6f
0000000f0147675100956a93
0000000f0146a33e00d15eef
0000000f0146341c010d20d0
0000000f0146148f0148ced4
0000000f0146438501847eec
0000000f0146c2a801c047b1
0000000f014798bb01fc4bf4
0000000f0148da6a0238e539
0000000f014a5156001b2c85
0000000f014891070058fb6f
0000000f0147675100956a93
0000000f0146a33e00d15eef
0000000f0146341c010d20d0
0000000f0146148f0148ced4
0000000f0146438501847eec
0000000f0146c2a801c047b1
0000000f014798bb01fc4bf4
0000000f0148da6a0238e539
0000000f014a5156001b2c85
0000000f014891070058fb6f
0000000f0147675100956a93
0000000f0146a33e00d15eef
0000000f0146341c010d20d0
0000000f0146148f0148ced4
0000000f0146438501847eec
0000000f0146c2a801c047b1
0000000f014798bb01fc4bf4
0000000f0148da6a0238e539
0000000f014b4b6a001b3519
0000000f014985270059030a
0000000f014857930095706d
0000000f014790ff00d162cd
0000000f01472074010d22a5
0000000f014700810148cea1
0000000f0147300e01847cb0
0000000f0147b0cf01c0436f
0000000f014889a001fc45ba
0000000f0149cf810238dd56
0000000f014b4b6a001b3519
0000000f014985270059030a
0000000f014857930095706d
0000000f014790ff00d162cd
0000000f01472074010d22a5
0000000f014700810148cea1
0000000f0147300e01847cb0
0000000f0147b0cf01c0436f
0000000f014889a001fc45ba
0000000f0149cf810238dd56
0000000f014b4b6a001b3519
0000000f014985270059030a
0000000f014857930095706d
0000000f014790ff00d162cd
0000000f01472074010d22a5
0000000f014700810148cea1
0000000f0147300e01847cb0
0000000f0147b0cf01c0436f
0000000f014889a001fc45ba
0000000f0149cf810238dd56
0000000f014b4b6a001b3519
0000000f014985270059030a
0000000f014857930095706d
0000000f014790ff00d162cd
0000000f01472074010d22a5
0000000f014700810148cea1
0000000f0147300e01847cb0
0000000f0147b0cf01c0436f
0000000f014889a001fc45ba
0000000f0149cf810238dd56
0000000f014b4b6a001b3519
0000000f014985270059030a
0000000f014857930095706d
0000000f014790ff00d162cd
0000000f01472074010d22a5
0000000f014700810148cea1
0000000f0147300e01847cb0
0000000f0147b0cf01c0436f
0000000f014889a001fc45ba
0000000f0149cf810238dd56
0000000f014b4b6a001b3519
0000000f014985270059030a
0000000f014857930095706d
0000000f014790ff00d162cd
0000000f01472074010d22a5
0000000f014700810148cea1
0000000f0147300e01847cb0
0000000f0147b0cf01c0436f
0000000f014889a001fc45ba
0000000f0149cf810238dd56
0000000f014c4569001b3dc7
0000000f014a792f00590abd
0000000f014947bd00957659
0000000f01487ea700d166b6
0000000f01480cb3010d2480
0000000f0147ec5b0148ce6d
0000000f01481c8001847a6e
0000000f01489edd01c03f1f
0000000f01497a6d01fc3f6d
0000000f014ac4800238d55b
0000000f014c4569001b3dc7
0000000f014a792f00590abd
0000000f014947bd00957659
0000000f01487ea700d166b6
0000000f01480cb3010d2480
0000000f0147ec5b0148ce6d
0000000f01481c8001847a6e
0000000f01489edd01c03f1f
0000000f01497a6d01fc3f6d
0000000f014ac4800238d55b
0000000f014c4569001b3dc7
0000000f014a792f00590abd
0000000f014947bd00957659
0000000f01487ea700d166b6
0000000f01480cb3010d2480
0000000f0147ec5b0148ce6d
0000000f01481c8001847a6e
0000000f01489edd01c03f1f
0000000f01497a6d01fc3f6d
0000000f014ac4800238d55b
0000000f014c4569001b3dc7
0000000f014a792f00590abd
0000000f014947bd00957659
0000000f01487ea700d166b6
0000000f01480cb3010d2480
0000000f0147ec5b0148ce6d
0000000f01481c8001847a6e
0000000f01489edd01c03f1f
0000000f01497a6d01fc3f6d
0000000f014ac4800238d55b
0000000f014c4569001b3dc7
0000000f014a792f00590abd
0000000f014947bd00957659
0000000f01487ea700d166b6
0000000f01480cb3010d2480
0000000f0147ec5b0148ce6d
0000000f01481c8001847a6e
0000000f01489edd01c03f1f
0000000f01497a6d01fc3f6d
0000000f014ac4800238d55b
0000000f014c4569001b3dc7
0000000f014a792f00590abd
0000000f014947bd00957659
0000000f01487ea700d166b6
0000000f01480cb3010d2480
0000000f0147ec5b0148ce6d
0000000f01481c8001847a6e
0000000f01489edd01c03f1f
0000000f01497a6d01fc3f6d
0000000f014ac4800238d55b
0000000f014d3f52001b468e
0000000f014b6d1f00591287
0000000f014a37cf00957c58
0000000f01496c3700d16aac
0000000f0148f8db010d2660
0000000f0148d81c0148ce39
0000000f014908d901847825
0000000f01498cd301c03ac1
0000000f014a6b2201fc390e
0000000f014bb9670238cd48
0000000f014d3f52001b468e
0000000f014b6d1f00591287
0000000f014a37cf00957c58
0000000f01496c3700d16aac
0000000f0148f8db010d2660
0000000f0148d81c0148ce39
0000000f014908d901847825
0000000f01498cd301c03ac1
0000000f014a6b2201fc390e
0000000f014bb9670238cd48
0000000f014d3f52001b468e
0000000f014b6d1f00591287
0000000f014a37cf00957c58
0000000f01496c3700d16aac
0000000f0148f8db010d2660
0000000f0148d81c0148ce39
0000000f014908d901847825
0000000f01498cd301c03ac1
0000000f014a6b2201fc390e
0000000f014bb9670238cd48
0000000f014d3f52001b468e
0000000f014b6d1f00591287
0000000f014a37cf00957c58
0000000f01496c3700d16aac
0000000f0148f8db010d2660
0000000f0148d81c0148ce39
0000000f014908d901847825
0000000f01498cd301c03ac1
0000000f014a6b2201fc390e
0000000f014bb9670238cd48
0000000f014d3f52001b468e
0000000f014b6d1f00591287
0000000f014a37cf00957c58
0000000f01496c3700d16aac
0000000f0148f8db010d2660
0000000f0148d81c0148ce39
0000000f014908d901847825
0000000f01498cd301c03ac1
0000000f014a6b2201fc390e
0000000f014bb9670238cd48
0000000f014d3f52001b468e
0000000f014b6d1f00591287
0000000f014a37cf00957c58
0000000f01496c3700d16aac
0000000f0148f8db010d2660
0000000f0148d81c0148ce39
0000000f014908d901847825
0000000f01498cd301c03ac1
0000000f014a6b2201fc390e
0000000f014bb9670238cd48
0000000f014e3925001b4f6f
0000000f014c60f700591a68
0000000f014b27c700958268
0000000f014a59ae00d16ead
0000000f0149e4e9010d2847
0000000f0149c3c50148ce04
0000000f0149f519018475d5
0000000f014a7ab001c03657
0000000f014b5bbe01fc329b
0000000f014cae360238c51d
0000000f014e3925001b4f6f
0000000f014c60f700591a68
0000000f014b27c700958268
0000000f014a59ae00d16ead
0000000f0149e4e9010d2847
0000000f0149c3c50148ce04
0000000f0149f519018475d5
0000000f014a7ab001c03657
0000000f014b5bbe01fc329b
0000000f014cae360238c51d
0000000f014e3925001b4f6f
0000000f014c60f700591a68
0000000f014b27c700958268
0000000f014a59ae00d16ead
0000000f0149e4e9010d2847
0000000f0149c3c50148ce04
0000000f0149f519018475d5
0000000f014a7ab001c03657
0000000f014b5bbe01fc329b
0000000f014cae360238c51d
0000000f014e3925001b4f6f
0000000f014c60f700591a68
0000000f014b27c700958268
0000000f014a59ae00d16ead
0000000f0149e4e9010d2847
0000000f0149c3c50148ce04
0000000f0149f519018475d5
0000000f014a7ab001c03657
0000000f014b5bbe01fc329b
0000000f014cae360238c51d
0000000f014e3925001b4f6f
0000000f014c60f700591a68
0000000f014b27c700958268
0000000f014a59ae00d16ead
0000000f0149e4e9010d2847
0000000f0149c3c50148ce04
0000000f0149f519018475d5
0000000f014a7ab001c03657
0000000f014b5bbe01fc329b
0000000f014cae360238c51d
0000000f014e3925001b4f6f
0000000f014c60f700591a68
0000000f014b27c700958268
0000000f014a59ae00d16ead
0000000f0149e4e9010d2847
0000000f0149c3c50148ce04
0000000f0149f519018475d5
0000000f014a7ab001c03657
0000000f014b5bbe01fc329b
0000000f014cae360238c51d
0000000f014f32e3001b5868
0000000f014d54b60059225f
0000000f014c17a70095888a
0000000f014b470b00d172bb
0000000f014ad0de010d2a32
0000000f014aaf540148cdcf
0000000f014ae1400184737f
0000000f014b687401c031e0
0000000f014c4c4001fc2c15
0000000f014da2ee0238bcdb
0000000f014f32e3001b5868
0000000f014d54b60059225f
0000000f014c17a70095888a
0000000f014b470b00d172bb
0000000f014ad0de010d2a32
0000000f014aaf540148cdcf
0000000f014ae1400184737f
0000000f014b687401c031e0
0000000f014c4c4001fc2c15
0000000f014da2ee0238bcdb
0000000f014f32e3001b5868
0000000f014d54b60059225f
0000000f014c17a70095888a
0000000f014b470b00d172bb
0000000f014ad0de010d2a32
0000000f014aaf540148cdcf
0000000f014ae1400184737f
0000000f014b687401c031e0
0000000f014c4c4001fc2c15
0000000f014da2ee0238bcdb
0000000f014f32e3001b5868
0000000f014d54b60059225f
0000000f014c17a70095888a
0000000f014b470b00d172bb
0000000f014ad0de010d2a32
0000000f014aaf540148cdcf
0000000f014ae1400184737f
0000000f014b687401c031e0
0000000f014c4c4001fc2c15
0000000f014da2ee0238bcdb
0000000f014f32e3001b5868
0000000f014d54b60059225f
0000000f014c17a70095888a
0000000f014b470b00d172bb
0000000f014ad0de010d2a32
0000000f014aaf540148cdcf
0000000f014ae1400184737f
0000000f014b687401c031e0
0000000f014c4c4001fc2c15
0000000f014da2ee0238bcdb
0000000f014f32e3001b5868
0000000f014d54b60059225f
0000000f014c17a70095888a
0000000f014b470b00d172bb
0000000f014ad0de010d2a32
0000000f014aaf540148cdcf
0000000f014ae1400184737f
0000000f014b687401c031e0
0000000f014c4c4001fc2c15
0000000f014da2ee0238bcdb
0000000f01502c8a001b617a
0000000f014e485d00592a6e
0000000f014d076d00958ebe
0000000f014c345000d176d4
0000000f014bbcba010d2c24
0000000f014b9aca0148cd99
0000000f014bcd4e01847121
0000000f014c561f01c02d5b
0000000f014d3caa01fc257c
0000000f014e978c0238b481
0000000f01502c8a001b617a
0000000f014e485d00592a6e
0000000f014d076d00958ebe
0000000f014c345000d176d4
0000000f014bbcba010d2c24
0000000f014b9aca0148cd99
0000000f014bcd4e01847121
0000000f014c561f01c02d5b
0000000f014d3caa01fc257c
0000000f014e978c0238b481
0000000f01502c8a001b617a
0000000f014e485d00592a6e
0000000f014d076d00958ebe
0000000f014c345000d176d4
0000000f014bbcba010d2c24
0000000f014b9aca0148cd99
0000000f014bcd4e01847121
0000000f014c561f01c02d5b
0000000f014d3caa01fc257c
0000000f014e978c0238b481
0000000f01502c8a001b617a
0000000f014e485d00592a6e
0000000f014d076d00958ebe
0000000f014c345000d176d4
0000000f014bbcba010d2c24
0000000f014b9aca0148cd99
0000000f014bcd4e01847121
0000000f014c561f01c02d5b
0000000f014d3caa01fc257c
0000000f014e978c0238b481
0000000f01502c8a001b617a
0000000f014e485d00592a6e
0000000f014d076d00958ebe
0000000f014c345000d176d4
0000000f014bbcba010d2c24
0000000f014b9aca0148cd99
0000000f014bcd4e01847121
0000000f014c561f01c02d5b
0000000f014d3caa01fc257c
0000000f014e978c0238b481
0000000f01502c8a001b617a
0000000f014e485d00592a6e
0000000f014d076d00958ebe
0000000f014c345000d176d4
0000000f014bbcba010d2c24
0000000f014b9aca0148cd99
0000000f014bcd4e01847121
0000000f014c561f01c02d5b
0000000f014d3caa01fc257c
0000000f014e978c0238b481
0000000f0151261a001b6aa5
0000000f014f3bea00593293
0000000f014df71900959504
0000000f014d217a00d17af9
0000000f014ca87d010d2e1b
0000000f014c86270148cd63
0000000f014cb94201846ebc
0000000f014d43af01c028c9
0000000f014e2cf901fc1ed0
0000000f014f8c120238ac10
0000000f0151261a001b6aa5
0000000f014f3bea00593293
0000000f014df71900959504
0000000f014d217a00d17af9
0000000f014ca87d010d2e1b
0000000f014c86270148cd63
0000000f014cb94201846ebc
0000000f014d43af01c028c9
0000000f014e2cf901fc1ed0
0000000f014f8c120238ac10
0000000f0151261a001b6aa5
0000000f014f3bea00593293
0000000f014df71900959504
0000000f014d217a00d17af9
0000000f014ca87d010d2e1b
0000000f014c86270148cd63
0000000f014cb94201846ebc
0000000f014d43af01c028c9
0000000f014e2cf901fc1ed0
0000000f014f8c120238ac10
0000000f0151261a001b6aa5
0000000f014f3bea00593293
0000000f014df71900959504
0000000f014d217a00d17af9
0000000f014ca87d010d2e1b
0000000f014c86270148cd63
0000000f014cb94201846ebc
0000000f014d43af01c028c9
0000000f014e2cf901fc1ed0
0000000f014f8c120238ac10
0000000f0151261a001b6aa5
0000000f014f3bea00593293
0000000f014df71900959504
0000000f014d217a00d17af9
0000000f014ca87d010d2e1b
0000000f014c86270148cd63
0000000f014cb94201846ebc
0000000f014d43af01c028c9
0000000f014e2cf901fc1ed0
0000000f014f8c120238ac10
0000000f0151261a001b6aa5
0000000f014f3bea00593293
0000000f014df71900959504
0000000f014d217a00d17af9
0000000f014ca87d010d2e1b
0000000f014c86270148cd63
0000000f014cb94201846ebc
0000000f014d43af01c028c9
0000000f014e2cf901fc1ed0
0000000f014f8c120238ac10
0000000f01521f94001b73e8
0000000f01502f5f00593acf
0000000f014ee6ac00959b5c
0000000f014e0e8b00d17f2a
0000000f014d9425010d3018
0000000f014d716a0148cd2b
0000000f014da51d01846c51
0000000f014e312601c0242a
0000000f014f1d2f01fc1812
0000000f015080800238a387
0000000f01521f94001b73e8
0000000f01502f5f00593acf
0000000f014ee6ac00959b5c
0000000f014e0e8b00d17f2a
0000000f014d9425010d3018
0000000f014d716a0148cd2b
0000000f014da51d01846c51
0000000f014e312601c0242a
0000000f014f1d2f01fc1812
0000000f015080800238a387
0000000f01521f94001b73e8
0000000f01502f5f00593acf
0000000f014ee6ac00959b5c
0000000f014e0e8b00d17f2a
0000000f014d9425010d3018
0000000f014d716a0148cd2b
0000000f014da51d01846c51
0000000f014e312601c0242a
0000000f014f1d2f01fc1812
0000000f015080800238a387
0000000f01521f94001b73e8
0000000f01502f5f00593acf
0000000f014ee6ac00959b5c
0000000f014e0e8b00d17f2a
0000000f014d9425010d3018
0000000f014d716a0148cd2b
0000000f014da51d01846c51
0000000f014e312601c0242a
0000000f014f1d2f01fc1812
0000000f015080800238a387
0000000f01521f94001b73e8
0000000f01502f5f00593acf
0000000f014ee6ac00959b5c
0000000f014e0e8b00d17f2a
0000000f014d9425010d3018
0000000f014d716a0148cd2b
0000000f014da51d01846c51
0000000f014e312601c0242a
0000000f014f1d2f01fc1812
0000000f015080800238a387
0000000f01521f94001b73e8
0000000f01502f5f00593acf
0000000f014ee6ac00959b5c
0000000f014e0e8b00d17f2a
0000000f014d9425010d3018
0000000f014d716a0148cd2b
0000000f014da51d01846c51
0000000f014e312601c0242a
0000000f014f1d2f01fc1812
0000000f015080800238a387
0000000f015318f7001b7d44
0000000f015122ba00594322
0000000f014fd6240095a1c6
0000000f014efb8100d18367
0000000f014e7fb4010d321b
0000000f014e5c930148ccf4
0000000f014e90dd018469de
0000000f014f1e8301c01f7f
0000000f01500d4b01fc1140
0000000f015174d402389ae6
0000000f015318f7001b7d44
0000000f015122ba00594322
0000000f014fd6240095a1c6
0000000f014efb8100d18367
0000000f014e7fb4010d321b
0000000f014e5c930148ccf4
0000000f014e90dd018469de
0000000f014f1e8301c01f7f
0000000f01500d4b01fc1140
0000000f015174d402389ae6
0000000f015318f7001b7d44
0000000f015122ba00594322
0000000f014fd6240095a1c6
0000000f014efb8100d18367
0000000f014e7fb4010d321b
0000000f014e5c930148ccf4
0000000f014e90dd018469de
0000000f014f1e8301c01f7f
0000000f01500d4b01fc1140
0000000f015174d402389ae6
0000000f015318f7001b7d44
0000000f015122ba00594322
0000000f014fd6240095a1c6
0000000f014efb8100d18367
0000000f014e7fb4010d321b
0000000f014e5c930148ccf4
0000000f014e90dd018469de
0000000f014f1e8301c01f7f
0000000f01500d4b01fc1140
0000000f015174d402389ae6
0000000f015318f7001b7d44
0000000f015122ba00594322
0000000f014fd6240095a1c6
0000000f014efb8100d18367
0000000f014e7fb4010d321b
0000000f014e5c930148ccf4
0000000f014e90dd018469de
0000000f014f1e8301c01f7f
0000000f01500d4b01fc1140
0000000f015174d402389ae6
0000000f015318f7001b7d44
0000000f015122ba00594322
0000000f014fd6240095a1c6
0000000f014efb8100d18367
0000000f014e7fb4010d321b
0000000f014e5c930148ccf4
0000000f014e90dd018469de
0000000f014f1e8301c01f7f
0000000f01500d4b01fc1140
0000000f015174d402389ae6
0000000f01541243001b86b8
0000000f015215fb00594b8c
0000000f0150c5820095a841
0000000f014fe85d00d187b0
0000000f014f6b28010d3423
0000000f014f47a10148ccbb
0000000f014f7c8301846765
0000000f01500bc501c01ac6
0000000f0150fd4c01fc0a5c
0001000f0152690e0238922f
0000000f01541243001b86b8
0000000f015215fb00594b8c
0000000f0150c5820095a841
0000000f014fe85d00d187b0
0000000f014f6b28010d3423
0000000f014f47a10148ccbb
0000000f014f7c8301846765
0000000f01500bc501c01ac6
0000000f0150fd4c01fc0a5c
0001000f0152690e0238922f
0000000f01541243001b86b8
0000000f015215fb00594b8c
0000000f0150c5820095a841
0000000f014fe85d00d187b0
0000000f014f6b28010d3423
0000000f014f47a10148ccbb
0000000f014f7c8301846765
0000000f01500bc501c01ac6
0000000f0150fd4c01fc0a5c
0001000f0152690e0238922f
0000000f01541243001b86b8
0000000f015215fb00594b8c
0000000f0150c5820095a841
0000000f014fe85d00d187b0
0000000f014f6b28010d3423
0000000f014f47a10148ccbb
0000000f014f7c8301846765
0000000f01500bc501c01ac6
0000000f0150fd4c01fc0a5c
0001000f0152690e0238922f
0000000f01541243001b86b8
0000000f015215fb00594b8c
0000000f0150c5820095a841
0000000f014fe85d00d187b0
0000000f014f6b28010d3423
0000000f014f47a10148ccbb
0000000f014f7c8301846765
0000000f01500bc501c01ac6
0000000f0150fd4c01fc0a5c
0001000f0152690e0238922f
0000000f01541243001b86b8
0000000f015215fb00594b8c
0000000f0150c5820095a841
0000000f014fe85d00d187b0
0000000f014f6b28010d3423
0000000f014f47a10148ccbb
0000000f014f7c8301846765
0000000f01500bc501c01ac6
0000000f0150fd4c01fc0a5c
0001000f0152690e0238922f
ffff000f01550b77001b9045
0000000f015309220059540b
0000000f0151b4c50095aece
0000000f0150d51e00d18c04
0000000f01505681010d3631
0000000f015032950148cc82
0000000f0150680e018464e5
0000000f0150f8ec01c01600
0000000f0151ed3301fc0365
0001000f01535d2f02388960
ffff000f01550b77001b9045
0000000f015309220059540b
0000000f0151b4c50095aece
0000000f0150d51e00d18c04
0000000f01505681010d3631
0000000f015032950148cc82
0000000f0150680e018464e5
0000000f0150f8ec01c01600
0000000f0151ed3301fc0365
0001000f01535d2f02388960
ffff000f01550b77001b9045
0000000f015309220059540b
0000000f0151b4c50095aece
0000000f0150d51e00d18c04
0000000f01505681010d3631
0000000f015032950148cc82
0000000f0150680e018464e5
0000000f0150f8ec01c01600
0000000f0151ed3301fc0365
0001000f01535d2f02388960
ffff000f01550b77001b9045
0000000f015309220059540b
0000000f0151b4c50095aece
0000000f0150d51e00d18c04
0000000f01505681010d3631
0000000f015032950148cc82
0000000f0150680e018464e5
0000000f0150f8ec01c01600
0000000f0151ed3301fc0365
0001000f01535d2f02388960
ffff000f01550b77001b9045
0000000f015309220059540b
0000000f0151b4c50095aece
0000000f0150d51e00d18c04
0000000f01505681010d3631
0000000f015032950148cc82
0000000f0150680e018464e5
0000000f0150f8ec01c01600
0000000f0151ed3301fc0365
0001000f01535d2f02388960
ffff000f01550b77001b9045
0000000f015309220059540b
0000000f0151b4c50095aece
0000000f0150d51e00d18c04
0000000f01505681010d3631
0000000f015032950148cc82
0000000f0150680e018464e5
0000000f0150f8ec01c01600
0000000f0151ed3301fc0365
0001000f01535d2f02388960
ffff000f01560494001b99ea
0000000f0153fc2f00595ca2
0000000f0152a3ee0095b56c
0000000f0151c1c400d19064
0000000f015141c0010d3844
0000000f01511d6e0148cc48
0000000f0151537e0184625e
0000000f0151e5f801c0112d
0000000f0152dcff01fbfc5b
0001000f015451360238807a
ffff000f01560494001b99ea
0000000f0153fc2f00595ca2
0000000f0152a3ee0095b56c
0000000f0151c1c400d19064
0000000f015141c0010d3844
0000000f01511d6e0148cc48
0000000f0151537e0184625e
0000000f0151e5f801c0112d
0000000f0152dcff01fbfc5b
0001000f015451360238807a
ffff000f01560494001b99ea
0000000f0153fc2f00595ca2
0000000f0152a3ee0095b56c
0000000f0151c1c400d19064
0000000f015141c0010d3844
0000000f01511d6e0148cc48
0000000f0151537e0184625e
0000000f0151e5f801c0112d
0000000f0152dcff01fbfc5b
0001000f015451360238807a
ffff000f01560494001b99ea
0000000f0153fc2f00595ca2
0000000f0152a3ee0095b56c
0000000f0151c1c400d19064
0000000f015141c0010d3844
0000000f01511d6e0148cc48
0000000f0151537e0184625e
0000000f0151e5f801c0112d
0000000f0152dcff01fbfc5b
0001000f015451360238807a
ffff000f01560494001b99ea
0000000f0153fc2f00595ca2
0000000f0152a3ee0095b56c
0000000f0151c1c400d19064
0000000f015141c0010d3844
0000000f01511d6e0148cc48
0000000f0151537e0184625e
0000000f0151e5f801c0112d
0000000f0152dcff01fbfc5b
0001000f015451360238807a
ffff000f01560494001b99ea
0000000f0153fc2f00595ca2
0000000f0152a3ee0095b56c
0000000f0151c1c400d19064
0000000f015141c0010d3844
0000000f01511d6e0148cc48
0000000f0151537e0184625e
0000000f0151e5f801c0112d
0000000f0152dcff01fbfc5b
0001000f015451360238807a
ffff000f0156fd99001ba3a7
0000000f0154ef220059654e
0000000f015392fb0095bc1d
0000000f0152ae4e00d194d0
0000000f01522ce3010d3a5d
0000000f0152082b0148cc0e
0000000f01523ed301845fd1
0000000f0152d2e901c00c4e
0000000f0153ccaf01fbf53f
0001000f015545230238777d
ffff000f0156fd99001ba3a7
0000000f0154ef220059654e
0000000f015392fb0095bc1d
0000000f0152ae4e00d194d0
0000000f01522ce3010d3a5d
0000000f0152082b0148cc0e
0000000f01523ed301845fd1
0000000f0152d2e901c00c4e
0000000f0153ccaf01fbf53f
0001000f015545230238777d
ffff000f0156fd99001ba3a7
0000000f0154ef220059654e
0000000f015392fb0095bc1d
0000000f0152ae4e00d194d0
0000000f01522ce3010d3a5d
0000000f0152082b0148cc0e
0000000f01523ed301845fd1
0000000f0152d2e901c00c4e
0000000f0153ccaf01fbf53f
0001000f015545230238777d
ffff000f0156fd99001ba3a7
0000000f0154ef220059654e
0000000f015392fb0095bc1d
0000000f0152ae4e00d194d0
0000000f01522ce3010d3a5d
0000000f0152082b0148cc0e
0000000f01523ed301845fd1
0000000f0152d2e901c00c4e
0000000f0153ccaf01fbf53f
0001000f015545230238777d
ffff000f0156fd99001ba3a7
0000000f0154ef220059654e
0000000f015392fb0095bc1d
0000000f0152ae4e00d194d0
0000000f01522ce3010d3a5d
0000000f0152082b0148cc0e
0000000f01523ed301845fd1
0000000f0152d2e901c00c4e
0000000f0153ccaf01fbf53f
0001000f015545230238777d
ffff000f0156fd99001ba3a7
0000000f0154ef220059654e
0000000f015392fb0095bc1d
0000000f0152ae4e00d194d0
0000000f01522ce3010d3a5d
0000000f0152082b0148cc0e
0000000f01523ed301845fd1
0000000f0152d2e901c00c4e
0000000f0153ccaf01fbf53f
0001000f015545230238777d
ffff000f0157f687001bad7c
0000000f0155e1f900596e11
0000000f015481ec0095c2de
0000000f01539abd00d19948
0000000f015317ea010d3c7c
0000000f0152f2cd0148cbd3
0000000f01532a0c01845d3c
0000000f0153bfbe01c00761
0000000f0154bc4401fbee10
0001000f015638f502386e69
ffff000f0157f687001bad7c
0000000f0155e1f900596e11
0000000f015481ec0095c2de
0000000f01539abd00d19948
0000000f015317ea010d3c7c
0000000f0152f2cd0148cbd3
0000000f01532a0c01845d3c
0000000f0153bfbe01c00761
0000000f0154bc4401fbee10
0001000f015638f502386e69
ffff000f0157f687001bad7c
0000000f0155e1f900596e11
0000000f015481ec0095c2de
0000000f01539abd00d19948
0000000f015317ea010d3c7c
0000000f0152f2cd0148cbd3
0000000f01532a0c01845d3c
0000000f0153bfbe01c00761
0000000f0154bc4401fbee10
0001000f015638f502386e69
ffff000f0157f687001bad7c
0000000f0155e1f900596e11
0000000f015481ec0095c2de
0000000f01539abd00d19948
0000000f015317ea010d3c7c
0000000f0152f2cd0148cbd3
0000000f01532a0c01845d3c
0000000f0153bfbe01c00761
0000000f0154bc4401fbee10
0001000f015638f502386e69
ffff000f0157f687001bad7c
0000000f0155e1f900596e11
0000000f015481ec0095c2de
0000000f01539abd00d19948
0000000f015317ea010d3c7c
0000000f0152f2cd0148cbd3
0000000f01532a0c01845d3c
0000000f0153bfbe01c00761
0000000f0154bc4401fbee10
0001000f015638f502386e69
ffff000f0157f687001bad7c
0000000f0155e1f900596e11
0000000f015481ec0095c2de
0000000f01539abd00d19948
0000000f015317ea010d3c7c
0000000f0152f2cd0148cbd3
0000000f01532a0c01845d3c
0000000f0153bfbe01c00761
0000000f0154bc4401fbee10
0001000f015638f502386e69
ffff000f0158ef5b001bb768
0000000f0156d4b6005976eb
0000000f015570c10095c9b1
0000000f0154871100d19dcb
0000000f015402d6010d3ea0
0000000f0153dd540148cb98
0000000f0154152901845aa1
0000000f0154ac7701c00268
0000000f0155abbe01fbe6ce
0001000f01572cad0238653f
ffff000f0158ef5b001bb768
0000000f0156d4b6005976eb
0000000f015570c10095c9b1
0000000f0154871100d19dcb
0000000f015402d6010d3ea0
0000000f0153dd540148cb98
0000000f0154152901845aa1
0000000f0154ac7701c00268
0000000f0155abbe01fbe6ce
0001000f01572cad0238653f
ffff000f0158ef5b001bb768
0000000f0156d4b6005976eb
0000000f015570c10095c9b1
0000000f0154871100d19dcb
0000000f015402d6010d3ea0
0000000f0153dd540148cb98
0000000f0154152901845aa1
0000000f0154ac7701c00268
0000000f0155abbe01fbe6ce
0001000f01572cad0238653f
ffff000f0158ef5b001bb768
0000000f0156d4b6005976eb
0000000f015570c10095c9b1
0000000f0154871100d19dcb
0000000f015402d6010d3ea0
0000000f0153dd540148cb98
0000000f0154152901845aa1
0000000f0154ac7701c00268
0000000f0155abbe01fbe6ce
0001000f01572cad0238653f
ffff000f0158ef5b001bb768
0000000f0156d4b6005976eb
0000000f015570c10095c9b1
0000000f0154871100d19dcb
0000000f015402d6010d3ea0
0000000f0153dd540148cb98
0000000f0154152901845aa1
0000000f0154ac7701c00268
0000000f0155abbe01fbe6ce
0001000f01572cad0238653f
ffff000f0158ef5b001bb768
0000000f0156d4b6005976eb
0000000f015570c10095c9b1
0000000f0154871100d19dcb
0000000f015402d6010d3ea0
0000000f0153dd540148cb98
0000000f0154152901845aa1
0000000f0154ac7701c00268
0000000f0155abbe01fbe6ce
0001000f01572cad0238653f
ffff000f0159e818001bc16d
0000000f0157c75800597fda
0000000f01565f7b0095d096
0000000f0155734700d1a25a
0000000f0154eda6010d40ca
0000000f0154c7be0148cb5c
0000000f0155002b018457ff
0000000f0155991401bffd61
0000000f01569b1b01fbdf7a
0001000f0158204a02385bfd
ffff000f0159e818001bc16d
0000000f0157c75800597fda
0000000f01565f7b0095d096
0000000f0155734700d1a25a
0000000f0154eda6010d40ca
0000000f0154c7be0148cb5c
0000000f0155002b018457ff
0000000f0155991401bffd61
0000000f01569b1b01fbdf7a
0001000f0158204a02385bfd
ffff000f0159e818001bc16d
0000000f0157c75800597fda
0000000f01565f7b0095d096
0000000f0155734700d1a25a
0000000f0154eda6010d40ca
0000000f0154c7be0148cb5c
0000000f0155002b018457ff
0000000f0155991401bffd61
0000000f01569b1b01fbdf7a
0001000f0158204a02385bfd
ffff000f0159e818001bc16d
0000000f0157c75800597fda
0000000f01565f7b0095d096
0000000f0155734700d1a25a
0000000f0154eda6010d40ca
0000000f0154c7be0148cb5c
0000000f0155002b018457ff
0000000f0155991401bffd61
0000000f01569b1b01fbdf7a
0001000f0158204a02385bfd
ffff000f0159e818001bc16d
0000000f0157c75800597fda
0000000f01565f7b0095d096
0000000f0155734700d1a25a
0000000f0154eda6010d40ca
0000000f0154c7be0148cb5c
0000000f0155002b018457ff
0000000f0155991401bffd61
0000000f01569b1b01fbdf7a
0001000f0158204a02385bfd
ffff000f0159e818001bc16d
0000000f0157c75800597fda
0000000f01565f7b0095d096
0000000f0155734700d1a25a
0000000f0154eda6010d40ca
0000000f0154c7be0148cb5c
0000000f0155002b018457ff
0000000f0155991401bffd61
0000000f01569b1b01fbdf7a
0001000f0158204a02385bfd
ffff000f015ae0bc001bcb89
0000000f0158b9de005988e0
0000000f01574e180095d78c
0000000f01565f6200d1a6f5
0000000f0155d859010d42f9
0000000f0155b20c0148cb1f
0000000f0155eb1001845556
0000000f0156859501bff84e
0000000f01578a5c01fbd814
0001000f015913cb023852a5
ffff000f015ae0bc001bcb89
0000000f0158b9de005988e0
0000000f01574e180095d78c
0000000f01565f6200d1a6f5
0000000f0155d859010d42f9
0000000f0155b20c0148cb1f
0000000f0155eb1001845556
0000000f0156859501bff84e
0000000f01578a5c01fbd814
0001000f015913cb023852a5
ffff000f015ae0bc001bcb89
0000000f0158b9de005988e0
0000000f01574e180095d78c
0000000f01565f6200d1a6f5
0000000f0155d859010d42f9
0000000f0155b20c0148cb1f
0000000f0155eb1001845556
0000000f0156859501bff84e
0000000f01578a5c01fbd814
0001000f015913cb023852a5
ffff000f015ae0bc001bcb89
0000000f0158b9de005988e0
0000000f01574e180095d78c
0000000f01565f6200d1a6f5
0000000f0155d859010d42f9
0000000f0155b20c0148cb1f
0000000f0155eb1001845556
0000000f0156859501bff84e
0000000f01578a5c01fbd814
0001000f015913cb023852a5
ffff000f015ae0bc001bcb89
0000000f0158b9de005988e0
0000000f01574e180095d78c
0000000f01565f6200d1a6f5
0000000f0155d859010d42f9
0000000f0155b20c0148cb1f
0000000f0155eb1001845556
0000000f0156859501bff84e
0000000f01578a5c01fbd814
0001000f015913cb023852a5
ffff000f015ae0bc001bcb89
0000000f0158b9de005988e0
0000000f01574e180095d78c
0000000f01565f6200d1a6f5
0000000f0155d859010d42f9
0000000f0155b20c0148cb1f
0000000f0155eb1001845556
0000000f0156859501bff84e
0000000f01578a5c01fbd814
0001000f015913cb023852a5
ffff000f015bd947001bd5bd
0000000f0159ac48005991fb
0000000f01583c990095de93
0000000f01574b6000d1ab9b
0000000f0156c2f0010d452e
0000000f01569c3e0148cae2
0000000f0156d5d8018452a7
0000000f015771f901bff32e
0000000f0158798101fbd09b
0001000f015a073202384936
ffff000f015bd947001bd5bd
0000000f0159ac48005991fb
0000000f01583c990095de93
0000000f01574b6000d1ab9b
0000000f0156c2f0010d452e
0000000f01569c3e0148cae2
0000000f0156d5d8018452a7
0000000f015771f901bff32e
0000000f0158798101fbd09b
0001000f015a073202384936
ffff000f015bd947001bd5bd
0000000f0159ac48005991fb
0000000f01583c990095de93
0000000f01574b6000d1ab9b
0000000f0156c2f0010d452e
0000000f01569c3e0148cae2
0000000f0156d5d8018452a7
0000000f015771f901bff32e
0000000f0158798101fbd09b
0001000f015a073202384936
ffff000f015bd947001bd5bd
0000000f0159ac48005991fb
0000000f01583c990095de93
0000000f01574b6000d1ab9b
0000000f0156c2f0010d452e
0000000f01569c3e0148cae2
0000000f0156d5d8018452a7
0000000f015771f901bff32e
0000000f0158798101fbd09b
0001000f015a073202384936
ffff000f015bd947001bd5bd
0000000f0159ac48005991fb
0000000f01583c990095de93
0000000f01574b6000d1ab9b
0000000f0156c2f0010d452e
0000000f01569c3e0148cae2
0000000f0156d5d8018452a7
0000000f015771f901bff32e
0000000f0158798101fbd09b
0001000f015a073202384936
ffff000f015bd947001bd5bd
0000000f0159ac48005991fb
0000000f01583c990095de93
0000000f01574b6000d1ab9b
0000000f0156c2f0010d452e
0000000f01569c3e0148cae2
0000000f0156d5d8018452a7
0000000f015771f901bff32e
0000000f0158798101fbd09b
0001000f015a073202384936
ffff000f015cd1ba001be008
0000000f015a9e9600599b2d
0000000f01592afc0095e5ac
0000000f0158374100d1b04d
0000000f0157ad6a010d4768
0000000f015786520148caa4
0000000f0157c08301844ff1
0000000f01585e4001bfee02
0000000f0159688901fbc910
0001000f015afa7c02383fb0
ffff000f015cd1ba001be008
0000000f015a9e9600599b2d
0000000f01592afc0095e5ac
0000000f0158374100d1b04d
0000000f0157ad6a010d4768
0000000f015786520148caa4
0000000f0157c08301844ff1
0000000f01585e4001bfee02
0000000f0159688901fbc910
0001000f015afa7c02383fb0
ffff000f015cd1ba001be008
0000000f015a9e9600599b2d
0000000f01592afc0095e5ac
0000000f0158374100d1b04d
0000000f0157ad6a010d4768
0000000f015786520148caa4
0000000f0157c08301844ff1
0000000f01585e4001bfee02
0000000f0159688901fbc910
0001000f015afa7c02383fb0
ffff000f015cd1ba001be008
0000000f015a9e9600599b2d
0000000f01592afc0095e5ac
0000000f0158374100d1b04d
0000000f0157ad6a010d4768
0000000f015786520148caa4
0000000f0157c08301844ff1
0000000f01585e4001bfee02
0000000f0159688901fbc910
0001000f015afa7c02383fb0
ffff000f015cd1ba001be008
0000000f015a9e9600599b2d
0000000f01592afc0095e5ac
0000000f0158374100d1b04d
0000000f0157ad6a010d4768
0000000f015786520148caa4
0000000f0157c08301844ff1
0000000f01585e4001bfee02
0000000f0159688901fbc910
0001000f015afa7c02383fb0
ffff000f015cd1ba001be008
0000000f015a9e9600599b2d
0000000f01592afc0095e5ac
0000000f0158374100d1b04d
0000000f0157ad6a010d4768
0000000f015786520148caa4
0000000f0157c08301844ff1
0000000f01585e4001bfee02
0000000f0159688901fbc910
0001000f015afa7c02383fb0
ffff000f015dca13001bea6a
0000000f015b90c80059a474
0000000f015a19430095ecd6
0000000f0159230400d1b50b
0000000f015897c7010d49a8
0000000f0158704a0148ca66
0000000f0158ab1201844d34
0000000f01594a6a01bfe8c9
0000000f015a577301fbc172
0001000f015bedab02383614
ffff000f015dca13001bea6a
0000000f015b90c80059a474
0000000f015a19430095ecd6
0000000f0159230400d1b50b
0000000f015897c7010d49a8
0000000f0158704a0148ca66
0000000f0158ab1201844d34
0000000f01594a6a01bfe8c9
0000000f015a577301fbc172
0001000f015bedab02383614
ffff000f015dca13001bea6a
0000000f015b90c80059a474
0000000f015a19430095ecd6
0000000f0159230400d1b50b
0000000f015897c7010d49a8
0000000f0158704a0148ca66
0000000f0158ab1201844d34
0000000f01594a6a01bfe8c9
0000000f015a577301fbc172
0001000f015bedab02383614
ffff000f015dca13001bea6a
0000000f015b90c80059a474
0000000f015a19430095ecd6
0000000f0159230400d1b50b
0000000f015897c7010d49a8
0000000f0158704a0148ca66
0000000f0158ab1201844d34
0000000f01594a6a01bfe8c9
0000000f015a577301fbc172
0001000f015bedab02383614
ffff000f015dca13001bea6a
0000000f015b90c80059a474
0000000f015a19430095ecd6
0000000f0159230400d1b50b
0000000f015897c7010d49a8
0000000f0158704a0148ca66
0000000f0158ab1201844d34
0000000f01594a6a01bfe8c9
0000000f015a577301fbc172
0001000f015bedab02383614
ffff000f015dca13001bea6a
0000000f015b90c80059a474
0000000f015a19430095ecd6
0000000f0159230400d1b50b
0000000f015897c7010d49a8
0000000f0158704a0148ca66
0000000f0158ab1201844d34
0000000f01594a6a01bfe8c9
0000000f015a577301fbc172
0001000f015bedab02383614
ffff000f015ec253001bf4e3
0000000f015c82de0059add1
0000000f015b076c0095f411
0000000f015a0eaa00d1b9d3
0000000f01598206010d4bed
0000000f01595a240148ca26
0000000f0159958201844a70
0000000f015a367601bfe383
0000000f015b464101fbb9c2
0001000f015ce0be02382c61
ffff000f015ec253001bf4e3
0000000f015c82de0059add1
0000000f015b076c0095f411
0000000f015a0eaa00d1b9d3
0000000f01598206010d4bed
0000000f01595a240148ca26
0000000f0159958201844a70
0000000f015a367601bfe383
0000000f015b464101fbb9c2
0001000f015ce0be02382c61
ffff000f015ec253001bf4e3
0000000f015c82de0059add1
0000000f015b076c0095f411
0000000f015a0eaa00d1b9d3
0000000f01598206010d4bed
0000000f01595a240148ca26
0000000f0159958201844a70
0000000f015a367601bfe383
0000000f015b464101fbb9c2
0001000f015ce0be02382c61
ffff000f015ec253001bf4e3
0000000f015c82de0059add1
0000000f015b076c0095f411
0000000f015a0eaa00d1b9d3
0000000f01598206010d4bed
0000000f01595a240148ca26
0000000f0159958201844a70
0000000f015a367601bfe383
0000000f015b464101fbb9c2
0001000f015ce0be02382c61
ffff000f015ec253001bf4e3
0000000f015c82de0059add1
0000000f015b076c0095f411
0000000f015a0eaa00d1b9d3
0000000f01598206010d4bed
0000000f01595a240148ca26
0000000f0159958201844a70
0000000f015a367601bfe383
0000000f015b464101fbb9c2
0001000f015ce0be02382c61
ffff000f015ec253001bf4e3
0000000f015c82de0059add1
0000000f015b076c0095f411
0000000f015a0eaa00d1b9d3
0000000f01598206010d4bed
0000000f01595a240148ca26
0000000f0159958201844a70
0000000f015a367601bfe383
0000000f015b464101fbb9c2
0001000f015ce0be02382c61
ffff000f015fba79001bff73
0000000f015d74d70059b744
0000000f015bf5780095fb5e
0000000f015afa3300d1bea8
0000000f015a6c28010d4e38
0000000f015a43e00148c9e7
0000000f015a7fd6018447a6
0000000f015b226401bfde30
0000000f015c34f101fbb200
0001000f015dd3b402382298
ffff000f015fba79001bff73
0000000f015d74d70059b744
0000000f015bf5780095fb5e
0000000f015afa3300d1bea8
0000000f015a6c28010d4e38
0000000f015a43e00148c9e7
0000000f015a7fd6018447a6
0000000f015b226401bfde30
0000000f015c34f101fbb200
0001000f015dd3b402382298
ffff000f015fba79001bff73
0000000f015d74d70059b744
0000000f015bf5780095fb5e
0000000f015afa3300d1bea8
0000000f015a6c28010d4e38
0000000f015a43e00148c9e7
0000000f015a7fd6018447a6
0000000f015b226401bfde30
0000000f015c34f101fbb200
0001000f015dd3b402382298
ffff000f015fba79001bff73
0000000f015d74d70059b744
0000000f015bf5780095fb5e
0000000f015afa3300d1bea8
0000000f015a6c28010d4e38
0000000f015a43e00148c9e7
0000000f015a7fd6018447a6
0000000f015b226401bfde30
0000000f015c34f101fbb200
0001000f015dd3b402382298
ffff000f015fba79001bff73
0000000f015d74d70059b744
0000000f015bf5780095fb5e
0000000f015afa3300d1bea8
0000000f015a6c28010d4e38
0000000f015a43e00148c9e7
0000000f015a7fd6018447a6
0000000f015b226401bfde30
0000000f015c34f101fbb200
0001000f015dd3b402382298
ffff000f015fba79001bff73
0000000f015d74d70059b744
0000000f015bf5780095fb5e
0000000f015afa3300d1bea8
0000000f015a6c28010d4e38
0000000f015a43e00148c9e7
0000000f015a7fd6018447a6
0000000f015b226401bfde30
0000000f015c34f101fbb200
0001000f015dd3b402382298
ffff000f0160b285001c0a1b
0000000f015e66b30059c0cc
0000000f015ce365009602bb
0000000f015be59d00d1c388
0000000f015b562b010d5088
0000000f015b2d7f0148c9a7
0000000f015b6a0b018444d5
0000000f015c0e3501bfd8d1
0000000f015d238301fbaa2c
0001000f015ec68e023818b9
ffff000f0160b285001c0a1b
0000000f015e66b30059c0cc
0000000f015ce365009602bb
0000000f015be59d00d1c388
0000000f015b562b010d5088
0000000f015b2d7f0148c9a7
0000000f015b6a0b018444d5
0000000f015c0e3501bfd8d1
0000000f015d238301fbaa2c
0001000f015ec68e023818b9
ffff000f0160b285001c0a1b
0000000f015e66b30059c0cc
0000000f015ce365009602bb
0000000f015be59d00d1c388
0000000f015b562b010d5088
0000000f015b2d7f0148c9a7
0000000f015b6a0b018444d5
0000000f015c0e3501bfd8d1
0000000f015d238301fbaa2c
0001000f015ec68e023818b9
ffff000f0160b285001c0a1b
0000000f015e66b30059c0cc
0000000f015ce365009602bb
0000000f015be59d00d1c388
0000000f015b562b010d5088
0000000f015b2d7f0148c9a7
0000000f015b6a0b018444d5
0000000f015c0e3501bfd8d1
0000000f015d238301fbaa2c
0001000f015ec68e023818b9
ffff000f0160b285001c0a1b
0000000f015e66b30059c0cc
0000000f015ce365009602bb
0000000f015be59d00d1c388
0000000f015b562b010d5088
0000000f015b2d7f0148c9a7
0000000f015b6a0b018444d5
0000000f015c0e3501bfd8d1
0000000f015d238301fbaa2c
0001000f015ec68e023818b9
ffff000f0160b285001c0a1b
0000000f015e66b30059c0cc
0000000f015ce365009602bb
0000000f015be59d00d1c388
0000000f015b562b010d5088
0000000f015b2d7f0148c9a7
0000000f015b6a0b018444d5
0000000f015c0e3501bfd8d1
0000000f015d238301fbaa2c
0001000f015ec68e023818b9
ffff000f0161aa78001c14d9
0000000f015f58720059ca6a
0000000f015dd13500960a2a
0000000f015cd0e900d1c873
0000000f015c4011010d52de
0000000f015c17000148c966
0000000f015c5422018441fd
0000000f015cf9e701bfd365
0000000f015e11f701fba246
0001000f015fb94b02380ec4
ffff000f0161aa78001c14d9
0000000f015f58720059ca6a
0000000f015dd13500960a2a
0000000f015cd0e900d1c873
0000000f015c4011010d52de
0000000f015c17000148c966
0000000f015c5422018441fd
0000000f015cf9e701bfd365
0000000f015e11f701fba246
0001000f015fb94b02380ec4
ffff000f0161aa78001c14d9
0000000f015f58720059ca6a
0000000f015dd13500960a2a
0000000f015cd0e900d1c873
0000000f015c4011010d52de
0000000f015c17000148c966
0000000f015c5422018441fd
0000000f015cf9e701bfd365
0000000f015e11f701fba246
0001000f015fb94b02380ec4
ffff000f0161aa78001c14d9
0000000f015f58720059ca6a
0000000f015dd13500960a2a
0000000f015cd0e900d1c873
0000000f015c4011010d52de
0000000f015c17000148c966
0000000f015c5422018441fd
0000000f015cf9e701bfd365
0000000f015e11f701fba246
0001000f015fb94b02380ec4
ffff000f0161aa78001c14d9
0000000f015f58720059ca6a
0000000f015dd13500960a2a
0000000f015cd0e900d1c873
0000000f015c4011010d52de
0000000f015c17000148c966
0000000f015c5422018441fd
0000000f015cf9e701bfd365
0000000f015e11f701fba246
0001000f015fb94b02380ec4
ffff000f0161aa78001c14d9
0000000f015f58720059ca6a
0000000f015dd13500960a2a
0000000f015cd0e900d1c873
0000000f015c4011010d52de
0000000f015c17000148c966
0000000f015c5422018441fd
0000000f015cf9e701bfd365
0000000f015e11f701fba246
0001000f015fb94b02380ec4
ffff000f0162a250001c1fad
0000000f01604a140059d41e
0000000f015ebee6009611a9
0000000f015dbc1700d1cd6a
0000000f015d29d8010d5539
0000000f015d00620148c924
0000000f015d3e1a01843f1f
0000000f015de57b01bfcded
0000000f015f004d01fb9a4e
0001000f0160abeb023804b9
ffff000f0162a250001c1fad
0000000f01604a140059d41e
0000000f015ebee6009611a9
0000000f015dbc1700d1cd6a
0000000f015d29d8010d5539
0000000f015d00620148c924
0000000f015d3e1a01843f1f
0000000f015de57b01bfcded
0000000f015f004d01fb9a4e
0001000f0160abeb023804b9
ffff000f0162a250001c1fad
0000000f01604a140059d41e
0000000f015ebee6009611a9
0000000f015dbc1700d1cd6a
0000000f015d29d8010d5539
0000000f015d00620148c924
0000000f015d3e1a01843f1f
0000000f015de57b01bfcded
0000000f015f004d01fb9a4e
0001000f0160abeb023804b9
ffff000f0162a250001c1fad
0000000f01604a140059d41e
0000000f015ebee6009611a9
0000000f015dbc1700d1cd6a
0000000f015d29d8010d5539
0000000f015d00620148c924
0000000f015d3e1a01843f1f
0000000f015de57b01bfcded
0000000f015f004d01fb9a4e
0001000f0160abeb023804b9
ffff000f0162a250001c1fad
0000000f01604a140059d41e
0000000f015ebee6009611a9
0000000f015dbc1700d1cd6a
0000000f015d29d8010d5539
0000000f015d00620148c924
0000000f015d3e1a01843f1f
0000000f015de57b01bfcded
0000000f015f004d01fb9a4e
0001000f0160abeb023804b9
ffff000f0162a250001c1fad
0000000f01604a140059d41e
0000000f015ebee6009611a9
0000000f015dbc1700d1cd6a
0000000f015d29d8010d5539
0000000f015d00620148c924
0000000f015d3e1a01843f1f
0000000f015de57b01bfcded
0000000f015f004d01fb9a4e
0001000f0160abeb023804b9
ffff000f01639a0f001c2a98
0000000f01613b980059dde7
0000000f015fac790096193a
0000000f015ea72500d1d26c
0000000f015e1380010d579a
0000000f015de9a50148c8e2
0000000f015e27f401843c3a
0000000f015ed0f001bfc868
0000000f015fee8401fb9244
0001000f01619e6e0237fa97
ffff000f01639a0f001c2a98
0000000f01613b980059dde7
0000000f015fac790096193a
0000000f015ea72500d1d26c
0000000f015e1380010d579a
0000000f015de9a50148c8e2
0000000f015e27f401843c3a
0000000f015ed0f001bfc868
0000000f015fee8401fb9244
0001000f01619e6e0237fa97
ffff000f01639a0f001c2a98
0000000f01613b980059dde7
0000000f015fac790096193a
0000000f015ea72500d1d26c
0000000f015e1380010d579a
0000000f015de9a50148c8e2
0000000f015e27f401843c3a
0000000f015ed0f001bfc868
0000000f015fee8401fb9244
0001000f01619e6e0237fa97
ffff000f01639a0f001c2a98
0000000f01613b980059dde7
0000000f015fac790096193a
0000000f015ea72500d1d26c
0000000f015e1380010d579a
0000000f015de9a50148c8e2
0000000f015e27f401843c3a
0000000f015ed0f001bfc868
0000000f015fee8401fb9244
0001000f01619e6e0237fa97
ffff000f01639a0f001c2a98
0000000f01613b980059dde7
0000000f015fac790096193a
0000000f015ea72500d1d26c
0000000f015e1380010d579a
0000000f015de9a50148c8e2
0000000f015e27f401843c3a
0000000f015ed0f001bfc868
0000000f015fee8401fb9244
0001000f01619e6e0237fa97
ffff000f01639a0f001c2a98
0000000f01613b980059dde7
0000000f015fac790096193a
0000000f015ea72500d1d26c
0000000f015e1380010d579a
0000000f015de9a50148c8e2
0000000f015e27f401843c3a
0000000f015ed0f001bfc868
0000000f015fee8401fb9244
0001000f01619e6e0237fa97
ffff000f016491b2001c359a
0000000f01622cfe0059e7c5
0000000f016099ec009620db
0000000f015f921500d1d77a
0000000f015efd0a010d5a00
0000000f015ed2c90148c8a0
0000000f015f11af0184394f
0000000f015fbc4501bfc2d6
0000000f0160dc9d01fb8a28
0001000f016290d40237f060
ffff000f016491b2001c359a
0000000f01622cfe0059e7c5
0000000f016099ec009620db
0000000f015f921500d1d77a
0000000f015efd0a010d5a00
0000000f015ed2c90148c8a0
0000000f015f11af0184394f
0000000f015fbc4501bfc2d6
0000000f0160dc9d01fb8a28
0001000f016290d40237f060
ffff000f016491b2001c359a
0000000f01622cfe0059e7c5
0000000f016099ec009620db
0000000f015f921500d1d77a
0000000f015efd0a010d5a00
0000000f015ed2c90148c8a0
0000000f015f11af0184394f
0000000f015fbc4501bfc2d6
0000000f0160dc9d01fb8a28
0001000f016290d40237f060
ffff000f016491b2001c359a
0000000f01622cfe0059e7c5
0000000f016099ec009620db
0000000f015f921500d1d77a
0000000f015efd0a010d5a00
0000000f015ed2c90148c8a0
0000000f015f11af0184394f
0000000f015fbc4501bfc2d6
0000000f0160dc9d01fb8a28
0001000f016290d40237f060
ffff000f016491b2001c359a
0000000f01622cfe0059e7c5
0000000f016099ec009620db
0000000f015f921500d1d77a
0000000f015efd0a010d5a00
0000000f015ed2c90148c8a0
0000000f015f11af0184394f
0000000f015fbc4501bfc2d6
0000000f0160dc9d01fb8a28
0001000f016290d40237f060
ffff000f016491b2001c359a
0000000f01622cfe0059e7c5
0000000f016099ec009620db
0000000f015f921500d1d77a
0000000f015efd0a010d5a00
0000000f015ed2c90148c8a0
0000000f015f11af0184394f
0000000f015fbc4501bfc2d6
0000000f0160dc9d01fb8a28
0001000f016290d40237f060
ffff000f0165893c001c40b1
0000000f01631e460059f1b8
0000000f016187410096288e
0000000f01607ce600d1dc92
0000000f015fe674010d5c6c
0000000f015fbbcf0148c85c
0000000f015ffb4b0184365d
0000000f0160a77c01bfbd38
0000000f0161ca9601fb81fa
0001000f0163831c0237e613
ffff000f0165893c001c40b1
0000000f01631e460059f1b8
0000000f016187410096288e
0000000f01607ce600d1dc92
0000000f015fe674010d5c6c
0000000f015fbbcf0148c85c
0000000f015ffb4b0184365d
0000000f0160a77c01bfbd38
0000000f0161ca9601fb81fa
0001000f0163831c0237e613
ffff000f0165893c001c40b1
0000000f01631e460059f1b8
0000000f016187410096288e
0000000f01607ce600d1dc92
0000000f015fe674010d5c6c
0000000f015fbbcf0148c85c
0000000f015ffb4b0184365d
0000000f0160a77c01bfbd38
0000000f0161ca9601fb81fa
0001000f0163831c0237e613
ffff000f0165893c001c40b1
0000000f01631e460059f1b8
0000000f016187410096288e
0000000f01607ce600d1dc92
0000000f015fe674010d5c6c
0000000f015fbbcf0148c85c
0000000f015ffb4b0184365d
0000000f0160a77c01bfbd38
0000000f0161ca9601fb81fa
0001000f0163831c0237e613
ffff000f0165893c001c40b1
0000000f01631e460059f1b8
0000000f016187410096288e
0000000f01607ce600d1dc92
0000000f015fe674010d5c6c
0000000f015fbbcf0148c85c
0000000f015ffb4b0184365d
0000000f0160a77c01bfbd38
0000000f0161ca9601fb81fa
0001000f0163831c0237e613
ffff000f0165893c001c40b1
0000000f01631e460059f1b8
0000000f016187410096288e
0000000f01607ce600d1dc92
0000000f015fe674010d5c6c
0000000f015fbbcf0148c85c
0000000f015ffb4b0184365d
0000000f0160a77c01bfbd38
0000000f0161ca9601fb81fa
0001000f0163831c0237e613
ffff000f016680aa001c4bdf
0000000f01640f6f0059fbc1
0000000f0162747600963051
0000000f0161679600d1e1b7
0000000f0160cfbf010d5edd
0000000f0160a4b40148c819
0000000f0160e4c701843364
0000000f0161929301bfb78e
0000000f0162b87101fb79ba
0001000f016475460237dbb1
ffff000f016680aa001c4bdf
0000000f01640f6f0059fbc1
0000000f0162747600963051
0000000f0161679600d1e1b7
0000000f0160cfbf010d5edd
0000000f0160a4b40148c819
0000000f0160e4c701843364
0000000f0161929301bfb78e
0000000f0162b87101fb79ba
0001000f016475460237dbb1
ffff000f016680aa001c4bdf
0000000f01640f6f0059fbc1
0000000f0162747600963051
0000000f0161679600d1e1b7
0000000f0160cfbf010d5edd
0000000f0160a4b40148c819
0000000f0160e4c701843364
0000000f0161929301bfb78e
0000000f0162b87101fb79ba
0001000f016475460237dbb1
ffff000f016680aa001c4bdf
0000000f01640f6f0059fbc1
0000000f0162747600963051
0000000f0161679600d1e1b7
0000000f0160cfbf010d5edd
0000000f0160a4b40148c819
0000000f0160e4c701843364
0000000f0161929301bfb78e
0000000f0162b87101fb79ba
0001000f016475460237dbb1
ffff000f016680aa001c4bdf
0000000f01640f6f0059fbc1
0000000f0162747600963051
0000000f0161679600d1e1b7
0000000f0160cfbf010d5edd
0000000f0160a4b40148c819
0000000f0160e4c701843364
0000000f0161929301bfb78e
0000000f0162b87101fb79ba
0001000f016475460237dbb1
ffff000f016680aa001c4bdf
0000000f01640f6f0059fbc1
0000000f0162747600963051
0000000f0161679600d1e1b7
0000000f0160cfbf010d5edd
0000000f0160a4b40148c819
0000000f0160e4c701843364
0000000f0161929301bfb78e
0000000f0162b87101fb79ba
0001000f016475460237dbb1
ffff000f016777fd001c5722
0000000f0165007a005a05df
0000000f0163618b00963825
0000000f0162522700d1e6e6
0000000f0161b8e9010d6153
0000000f01618d7b0148c7d4
0000000f0161ce2301843065
0000000f01627d8a01bfb1d7
0000000f0163a62b01fb7169
0001000f016567510237d138
ffff000f016777fd001c5722
0000000f0165007a005a05df
0000000f0163618b00963825
0000000f0162522700d1e6e6
0000000f0161b8e9010d6153
0000000f01618d7b0148c7d4
0000000f0161ce2301843065
0000000f01627d8a01bfb1d7
0000000f0163a62b01fb7169
0001000f016567510237d138
ffff000f016777fd001c5722
0000000f0165007a005a05df
0000000f0163618b00963825
0000000f0162522700d1e6e6
0000000f0161b8e9010d6153
0000000f01618d7b0148c7d4
0000000f0161ce2301843065
0000000f01627d8a01bfb1d7
0000000f0163a62b01fb7169
0001000f016567510237d138
ffff000f016777fd001c5722
0000000f0165007a005a05df
0000000f0163618b00963825
0000000f0162522700d1e6e6
0000000f0161b8e9010d6153
0000000f01618d7b0148c7d4
0000000f0161ce2301843065
0000000f01627d8a01bfb1d7
0000000f0163a62b01fb7169
0001000f016567510237d138
ffff000f016777fd001c5722
0000000f0165007a005a05df
0000000f0163618b00963825
0000000f0162522700d1e6e6
0000000f0161b8e9010d6153
0000000f01618d7b0148c7d4
0000000f0161ce2301843065
0000000f01627d8a01bfb1d7
0000000f0163a62b01fb7169
0001000f016567510237d138
ffff000f016777fd001c5722
0000000f0165007a005a05df
0000000f0163618b00963825
0000000f0162522700d1e6e6
0000000f0161b8e9010d6153
0000000f01618d7b0148c7d4
0000000f0161ce2301843065
0000000f01627d8a01bfb1d7
0000000f0163a62b01fb7169
0001000f016567510237d138
ffff000f01686f35001c627c
0000000f0165f167005a1011
0000000f01644e8100964009
0000000f01633c9800d1ec21
0000000f0162a1f4010d63cf
0000000f016276210148c78f
0000000f0162b75f01842d60
0000000f0163686101bfac14
0000000f016493c601fb6905
0001000f0166593f0237c6ab
ffff000f01686f35001c627c
0000000f0165f167005a1011
0000000f01644e8100964009
0000000f01633c9800d1ec21
0000000f0162a1f4010d63cf
0000000f016276210148c78f
0000000f0162b75f01842d60
0000000f0163686101bfac14
0000000f016493c601fb6905
0001000f0166593f0237c6ab
ffff000f01686f35001c627c
0000000f0165f167005a1011
0000000f01644e8100964009
0000000f01633c9800d1ec21
0000000f0162a1f4010d63cf
0000000f016276210148c78f
0000000f0162b75f01842d60
0000000f0163686101bfac14
0000000f016493c601fb6905
0001000f0166593f0237c6ab
ffff000f01686f35001c627c
0000000f0165f167005a1011
0000000f01644e8100964009
0000000f01633c9800d1ec21
0000000f0162a1f4010d63cf
0000000f016276210148c78f
0000000f0162b75f01842d60
0000000f0163686101bfac14
0000000f016493c601fb6905
0001000f0166593f0237c6ab
ffff000f01686f35001c627c
0000000f0165f167005a1011
0000000f01644e8100964009
0000000f01633c9800d1ec21
0000000f0162a1f4010d63cf
0000000f016276210148c78f
0000000f0162b75f01842d60
0000000f0163686101bfac14
0000000f016493c601fb6905
0001000f0166593f0237c6ab
ffff000f01686f35001c627c
0000000f0165f167005a1011
0000000f01644e8100964009
0000000f01633c9800d1ec21
0000000f0162a1f4010d63cf
0000000f016276210148c78f
0000000f0162b75f01842d60
0000000f0163686101bfac14
0000000f016493c601fb6905
0001000f0166593f0237c6ab
ffff000f01696652001c6deb
0000000f0166e234005a1a59
0000000f01653b57009647ff
0000000f016426e900d1f167
0000000f01638adf010d6650
0000000f01635ea60148c74a
0000000f0163a07b01842a53
0000000f0164531801bfa645
0000000f0165814101fb6091
0001000f01674b0e0237bc07
ffff000f01696652001c6deb
0000000f0166e234005a1a59
0000000f01653b57009647ff
0000000f016426e900d1f167
0000000f01638adf010d6650
0000000f01635ea60148c74a
0000000f0163a07b01842a53
0000000f0164531801bfa645
0000000f0165814101fb6091
0001000f01674b0e0237bc07
ffff000f01696652001c6deb
0000000f0166e234005a1a59
0000000f01653b57009647ff
0000000f016426e900d1f167
0000000f01638adf010d6650
0000000f01635ea60148c74a
0000000f0163a07b01842a53
0000000f0164531801bfa645
0000000f0165814101fb6091
0001000f01674b0e0237bc07
ffff000f01696652001c6deb
0000000f0166e234005a1a59
0000000f01653b57009647ff
0000000f016426e900d1f167
0000000f01638adf010d6650
0000000f01635ea60148c74a
0000000f0163a07b01842a53
0000000f0164531801bfa645
0000000f0165814101fb6091
0001000f01674b0e0237bc07
ffff000f01696652001c6deb
0000000f0166e234005a1a59
0000000f01653b57009647ff
0000000f016426e900d1f167
0000000f01638adf010d6650
0000000f01635ea60148c74a
0000000f0163a07b01842a53
0000000f0164531801bfa645
0000000f0165814101fb6091
0001000f01674b0e0237bc07
ffff000f01696652001c6deb
0000000f0166e234005a1a59
0000000f01653b57009647ff
0000000f016426e900d1f167
0000000f01638adf010d6650
0000000f01635ea60148c74a
0000000f0163a07b01842a53
0000000f0164531801bfa645
0000000f0165814101fb6091
0001000f01674b0e0237bc07
ffff000f016a5d54001c796f
0000000f0167d2e3005a24b5
0000000f0166280c00965005
0000000f0165111900d1f6b8
0000000f016473a9010d68d6
0000000f0164470c0148c704
0000000f0164897601842741
0000000f01653dae01bfa069
0000000f01666e9c01fb580a
0001000f01683cbe0237b14f
ffff000f016a5d54001c796f
0000000f0167d2e3005a24b5
0000000f0166280c00965005
0000000f0165111900d1f6b8
0000000f016473a9010d68d6
0000000f0164470c0148c704
0000000f0164897601842741
0000000f01653dae01bfa069
0000000f01666e9c01fb580a
0001000f01683cbe0237b14f
ffff000f016a5d54001c796f
0000000f0167d2e3005a24b5
0000000f0166280c00965005
0000000f0165111900d1f6b8
0000000f016473a9010d68d6
0000000f0164470c0148c704
0000000f0164897601842741
0000000f01653dae01bfa069
0000000f01666e9c01fb580a
0001000f01683cbe0237b14f
ffff000f016a5d54001c796f
0000000f0167d2e3005a24b5
0000000f0166280c00965005
0000000f0165111900d1f6b8
0000000f016473a9010d68d6
0000000f0164470c0148c704
0000000f0164897601842741
0000000f01653dae01bfa069
0000000f01666e9c01fb580a
0001000f01683cbe0237b14f
ffff000f016a5d54001c796f
0000000f0167d2e3005a24b5
0000000f0166280c00965005
0000000f0165111900d1f6b8
0000000f016473a9010d68d6
0000000f0164470c0148c704
0000000f0164897601842741
0000000f01653dae01bfa069
0000000f01666e9c01fb580a
0001000f01683cbe0237b14f
ffff000f016a5d54001c796f
0000000f0167d2e3005a24b5
0000000f0166280c00965005
0000000f0165111900d1f6b8
0000000f016473a9010d68d6
0000000f0164470c0148c704
0000000f0164897601842741
0000000f01653dae01bfa069
0000000f01666e9c01fb580a
0001000f01683cbe0237b14f
ffff000f016b5439001c8509
0000000f0168c372005a2f26
0000000f016714a00096581b
0000000f0165fb2800d1fc14
0000000f01655c52010d6b62
0000000f01652f510148c6bd
0000000f0165725101842428
0000000f0166282401bf9a82
0000000f01675bd701fb4f72
0001000f01692e500237a681
ffff000f016b5439001c8509
0000000f0168c372005a2f26
0000000f016714a00096581b
0000000f0165fb2800d1fc14
0000000f01655c52010d6b62
0000000f01652f510148c6bd
0000000f0165725101842428
0000000f0166282401bf9a82
0000000f01675bd701fb4f72
0001000f01692e500237a681
ffff000f016b5439001c8509
0000000f0168c372005a2f26
0000000f016714a00096581b
0000000f0165fb2800d1fc14
0000000f01655c52010d6b62
0000000f01652f510148c6bd
0000000f0165725101842428
0000000f0166282401bf9a82
0000000f01675bd701fb4f72
0001000f01692e500237a681
ffff000f016b5439001c8509
0000000f0168c372005a2f26
0000000f016714a00096581b
0000000f0165fb2800d1fc14
0000000f01655c52010d6b62
0000000f01652f510148c6bd
0000000f0165725101842428
0000000f0166282401bf9a82
0000000f01675bd701fb4f72
0001000f01692e500237a681
ffff000f016b5439001c8509
0000000f0168c372005a2f26
0000000f016714a00096581b
0000000f0165fb2800d1fc14
0000000f01655c52010d6b62
0000000f01652f510148c6bd
0000000f0165725101842428
0000000f0166282401bf9a82
0000000f01675bd701fb4f72
0001000f01692e500237a681
ffff000f016b5439001c8509
0000000f0168c372005a2f26
0000000f016714a00096581b
0000000f0165fb2800d1fc14
0000000f01655c52010d6b62
0000000f01652f510148c6bd
0000000f0165725101842428
0000000f0166282401bf9a82
0000000f01675bd701fb4f72
0001000f01692e500237a681
ffff000f016c4b03001c90b9
0000000f0169b3e1005a39ac
0000000f0168011400966042
0000000f0166e51600d2017b
0000000f016644db010d6df3
0000000f016617740148c676
0000000f01665b0b01842108
0000000f0167127801bf948d
0000000f016848f001fb46c9
0001000f016a1fc202379b9e
ffff000f016c4b03001c90b9
0000000f0169b3e1005a39ac
0000000f0168011400966042
0000000f0166e51600d2017b
0000000f016644db010d6df3
0000000f016617740148c676
0000000f01665b0b01842108
0000000f0167127801bf948d
0000000f016848f001fb46c9
0001000f016a1fc202379b9e
ffff000f016c4b03001c90b9
0000000f0169b3e1005a39ac
0000000f0168011400966042
0000000f0166e51600d2017b
0000000f016644db010d6df3
0000000f016617740148c676
0000000f01665b0b01842108
0000000f0167127801bf948d
0000000f016848f001fb46c9
0001000f016a1fc202379b9e
ffff000f016c4b03001c90b9
0000000f0169b3e1005a39ac
0000000f0168011400966042
0000000f0166e51600d2017b
0000000f016644db010d6df3
0000000f016617740148c676
0000000f01665b0b01842108
0000000f0167127801bf948d
0000000f016848f001fb46c9
0001000f016a1fc202379b9e
ffff000f016c4b03001c90b9
0000000f0169b3e1005a39ac
0000000f0168011400966042
0000000f0166e51600d2017b
0000000f016644db010d6df3
0000000f016617740148c676
0000000f01665b0b01842108
0000000f0167127801bf948d
0000000f016848f001fb46c9
0001000f016a1fc202379b9e
ffff000f016c4b03001c90b9
0000000f0169b3e1005a39ac
0000000f0168011400966042
0000000f0166e51600d2017b
0000000f016644db010d6df3
0000000f016617740148c676
0000000f01665b0b01842108
0000000f0167127801bf948d
0000000f016848f001fb46c9
0001000f016a1fc202379b9e
ffff000f016d41b1001c9c7d
0000000f016aa430005a4446
0000000f0168ed670096687a
0000000f0167cee300d206ed
0000000f01672d42010d7089
0000000f0166ff770148c62e
0000000f016743a301841de2
0000000f0167fcab01bf8e8d
0000000f016935e901fb3e0e
0001000f016b1115023790a6
ffff000f016d41b1001c9c7d
0000000f016aa430005a4446
0000000f0168ed670096687a
0000000f0167cee300d206ed
0000000f01672d42010d7089
0000000f0166ff770148c62e
0000000f016743a301841de2
0000000f0167fcab01bf8e8d
0000000f016935e901fb3e0e
0001000f016b1115023790a6
ffff000f016d41b1001c9c7d
0000000f016aa430005a4446
0000000f0168ed670096687a
0000000f0167cee300d206ed
0000000f01672d42010d7089
0000000f0166ff770148c62e
0000000f016743a301841de2
0000000f0167fcab01bf8e8d
0000000f016935e901fb3e0e
0001000f016b1115023790a6
ffff000f016d41b1001c9c7d
0000000f016aa430005a4446
0000000f0168ed670096687a
0000000f0167cee300d206ed
0000000f01672d42010d7089
0000000f0166ff770148c62e
0000000f016743a301841de2
0000000f0167fcab01bf8e8d
0000000f016935e901fb3e0e
0001000f016b1115023790a6
ffff000f016d41b1001c9c7d
0000000f016aa430005a4446
0000000f0168ed670096687a
0000000f0167cee300d206ed
0000000f01672d42010d7089
0000000f0166ff770148c62e
0000000f016743a301841de2
0000000f0167fcab01bf8e8d
0000000f016935e901fb3e0e
0001000f016b1115023790a6
ffff000f016d41b1001c9c7d
0000000f016aa430005a4446
0000000f0168ed670096687a
0000000f0167cee300d206ed
0000000f01672d42010d7089
0000000f0166ff770148c62e
0000000f016743a301841de2
0000000f0167fcab01bf8e8d
0000000f016935e901fb3e0e
0001000f016b1115023790a6
ffff000f016e3843001ca856
0000000f016b9460005a4ef4
0000000f0169d998009670c1
0000000f0168b88f00d20c6b
0000000f01681587010d7325
0000000f0167e7580148c5e5
0000000f01682c1a01841ab5
0000000f0168e6bc01bf8881
0000000f016a22c001fb3542
0001000f016c024802378599
ffff000f016e3843001ca856
0000000f016b9460005a4ef4
0000000f0169d998009670c1
0000000f0168b88f00d20c6b
0000000f01681587010d7325
0000000f0167e7580148c5e5
0000000f01682c1a01841ab5
0000000f0168e6bc01bf8881
0000000f016a22c001fb3542
0001000f016c024802378599
ffff000f016e3843001ca856
0000000f016b9460005a4ef4
0000000f0169d998009670c1
0000000f0168b88f00d20c6b
0000000f01681587010d7325
0000000f0167e7580148c5e5
0000000f01682c1a01841ab5
0000000f0168e6bc01bf8881
0000000f016a22c001fb3542
0001000f016c024802378599
ffff000f016e3843001ca856
0000000f016b9460005a4ef4
0000000f0169d998009670c1
0000000f0168b88f00d20c6b
0000000f01681587010d7325
0000000f0167e7580148c5e5
0000000f01682c1a01841ab5
0000000f0168e6bc01bf8881
0000000f016a22c001fb3542
0001000f016c024802378599
ffff000f016e3843001ca856
0000000f016b9460005a4ef4
0000000f0169d998009670c1
0000000f0168b88f00d20c6b
0000000f01681587010d7325
0000000f0167e7580148c5e5
0000000f01682c1a01841ab5
0000000f0168e6bc01bf8881
0000000f016a22c001fb3542
0001000f016c024802378599
ffff000f016e3843001ca856
0000000f016b9460005a4ef4
0000000f0169d998009670c1
0000000f0168b88f00d20c6b
0000000f01681587010d7325
0000000f0167e7580148c5e5
0000000f01682c1a01841ab5
0000000f0168e6bc01bf8881
0000000f016a22c001fb3542
0001000f016c024802378599
ffff000f016f2eb9001cb444
0000000f016c846f005a59b7
0000000f016ac5a80096791a
0000000f0169a21800d211f3
0000000f0168fdab010d75c6
0000000f0168cf170148c59c
0000000f0169146f01841783
0000000f0169d0ac01bf8268
0000000f016b0f7601fb2c65
0001000f016cf35c02377a78
ffff000f016f2eb9001cb444
0000000f016c846f005a59b7
0000000f016ac5a80096791a
0000000f0169a21800d211f3
0000000f0168fdab010d75c6
0000000f0168cf170148c59c
0000000f0169146f01841783
0000000f0169d0ac01bf8268
0000000f016b0f7601fb2c65
0001000f016cf35c02377a78
ffff000f016f2eb9001cb444
0000000f016c846f005a59b7
0000000f016ac5a80096791a
0000000f0169a21800d211f3
0000000f0168fdab010d75c6
0000000f0168cf170148c59c
0000000f0169146f01841783
0000000f0169d0ac01bf8268
0000000f016b0f7601fb2c65
0001000f016cf35c02377a78
ffff000f016f2eb9001cb444
0000000f016c846f005a59b7
0000000f016ac5a80096791a
0000000f0169a21800d211f3
0000000f0168fdab010d75c6
0000000f0168cf170148c59c
0000000f0169146f01841783
0000000f0169d0ac01bf8268
0000000f016b0f7601fb2c65
0001000f016cf35c02377a78
ffff000f016f2eb9001cb444
0000000f016c846f005a59b7
0000000f016ac5a80096791a
0000000f0169a21800d211f3
0000000f0168fdab010d75c6
0000000f0168cf170148c59c
0000000f0169146f01841783
0000000f0169d0ac01bf8268
0000000f016b0f7601fb2c65
0001000f016cf35c02377a78
ffff000f016f2eb9001cb444
0000000f016c846f005a59b7
0000000f016ac5a80096791a
0000000f0169a21800d211f3
0000000f0168fdab010d75c6
0000000f0168cf170148c59c
0000000f0169146f01841783
0000000f0169d0ac01bf8268
0000000f016b0f7601fb2c65
0001000f016cf35c02377a78
ffff000f01702512001cc047
0000000f016d745e005a648f
0000000f016bb19600968182
0000000f016a8b8000d21787
0000000f0169e5ad010d786c
0000000f0169b6b40148c553
0000000f0169fca201841449
0000000f016aba7a01bf7c44
0000000f016bfc0b01fb2376
0001000f016de44f02376f41
ffff000f01702512001cc047
0000000f016d745e005a648f
0000000f016bb19600968182
0000000f016a8b8000d21787
0000000f0169e5ad010d786c
0000000f0169b6b40148c553
0000000f0169fca201841449
0000000f016aba7a01bf7c44
0000000f016bfc0b01fb2376
0001000f016de44f02376f41
ffff000f01702512001cc047
0000000f016d745e005a648f
0000000f016bb19600968182
0000000f016a8b8000d21787
0000000f0169e5ad010d786c
0000000f0169b6b40148c553
0000000f0169fca201841449
0000000f016aba7a01bf7c44
0000000f016bfc0b01fb2376
0001000f016de44f02376f41
ffff000f01702512001cc047
0000000f016d745e005a648f
0000000f016bb19600968182
0000000f016a8b8000d21787
0000000f0169e5ad010d786c
0000000f0169b6b40148c553
0000000f0169fca201841449
0000000f016aba7a01bf7c44
0000000f016bfc0b01fb2376
0001000f016de44f02376f41
ffff000f01702512001cc047
0000000f016d745e005a648f
0000000f016bb19600968182
0000000f016a8b8000d21787
0000000f0169e5ad010d786c
0000000f0169b6b40148c553
0000000f0169fca201841449
0000000f016aba7a01bf7c44
0000000f016bfc0b01fb2376
0001000f016de44f02376f41
ffff000f01702512001cc047
0000000f016d745e005a648f
0000000f016bb19600968182
0000000f016a8b8000d21787
0000000f0169e5ad010d786c
0000000f0169b6b40148c553
0000000f0169fca201841449
0000000f016aba7a01bf7c44
0000000f016bfc0b01fb2376
0001000f016de44f02376f41
ffff000f01711b4f001ccc5e
0000000f016e642c005a6f7a
0000000f016c9d62009689fb
0000000f016b74c500d21d25
0000000f016acd8c010d7b17
0000000f016a9e2f0148c508
0000000f016ae4b301841109
0000000f016ba42501bf7613
0000000f016ce87e01fb1a77
0001000f016ed523023763f6
ffff000f01711b4f001ccc5e
0000000f016e642c005a6f7a
0000000f016c9d62009689fb
0000000f016b74c500d21d25
0000000f016acd8c010d7b17
0000000f016a9e2f0148c508
0000000f016ae4b301841109
0000000f016ba42501bf7613
0000000f016ce87e01fb1a77
0001000f016ed523023763f6
ffff000f01711b4f001ccc5e
0000000f016e642c005a6f7a
0000000f016c9d62009689fb
0000000f016b74c500d21d25
0000000f016acd8c010d7b17
0000000f016a9e2f0148c508
0000000f016ae4b301841109
0000000f016ba42501bf7613
0000000f016ce87e01fb1a77
0001000f016ed523023763f6
ffff000f01711b4f001ccc5e
0000000f016e642c005a6f7a
0000000f016c9d62009689fb
0000000f016b74c500d21d25
0000000f016acd8c010d7b17
0000000f016a9e2f0148c508
0000000f016ae4b301841109
0000000f016ba42501bf7613
0000000f016ce87e01fb1a77
0001000f016ed523023763f6
ffff000f01711b4f001ccc5e
0000000f016e642c005a6f7a
0000000f016c9d62009689fb
0000000f016b74c500d21d25
0000000f016acd8c010d7b17
0000000f016a9e2f0148c508
0000000f016ae4b301841109
0000000f016ba42501bf7613
0000000f016ce87e01fb1a77
0001000f016ed523023763f6
ffff000f01711b4f001ccc5e
0000000f016e642c005a6f7a
0000000f016c9d62009689fb
0000000f016b74c500d21d25
0000000f016acd8c010d7b17
0000000f016a9e2f0148c508
0000000f016ae4b301841109
0000000f016ba42501bf7613
0000000f016ce87e01fb1a77
0001000f016ed523023763f6
ffff000f0172116f001cd88a
0000000f016f53d9005a7a7a
0000000f016d890c00969284
0000000f016c5de800d222ce
0000000f016bb549010d7dc8
0000000f016b85880148c4be
0000000f016bcca101840dc3
0000000f016c8dae01bf6fd6
0000000f016dd4ce01fb1166
0001000f016fc5d602375897
ffff000f0172116f001cd88a
0000000f016f53d9005a7a7a
0000000f016d890c00969284
0000000f016c5de800d222ce
0000000f016bb549010d7dc8
0000000f016b85880148c4be
0000000f016bcca101840dc3
0000000f016c8dae01bf6fd6
0000000f016dd4ce01fb1166
0001000f016fc5d602375897
ffff000f0172116f001cd88a
0000000f016f53d9005a7a7a
0000000f016d890c00969284
0000000f016c5de800d222ce
0000000f016bb549010d7dc8
0000000f016b85880148c4be
0000000f016bcca101840dc3
0000000f016c8dae01bf6fd6
0000000f016dd4ce01fb1166
0001000f016fc5d602375897
ffff000f0172116f001cd88a
0000000f016f53d9005a7a7a
0000000f016d890c00969284
0000000f016c5de800d222ce
0000000f016bb549010d7dc8
0000000f016b85880148c4be
0000000f016bcca101840dc3
0000000f016c8dae01bf6fd6
0000000f016dd4ce01fb1166
0001000f016fc5d602375897
ffff000f0172116f001cd88a
0000000f016f53d9005a7a7a
0000000f016d890c00969284
0000000f016c5de800d222ce
0000000f016bb549010d7dc8
0000000f016b85880148c4be
0000000f016bcca101840dc3
0000000f016c8dae01bf6fd6
0000000f016dd4ce01fb1166
0001000f016fc5d602375897
ffff000f0172116f001cd88a
0000000f016f53d9005a7a7a
0000000f016d890c00969284
0000000f016c5de800d222ce
0000000f016bb549010d7dc8
0000000f016b85880148c4be
0000000f016bcca101840dc3
0000000f016c8dae01bf6fd6
0000000f016dd4ce01fb1166
0001000f016fc5d602375897
ffff000f01730772001ce4ca
0000000f01704365005a858d
0000000f016e749400969b1d
0000000f016d46e800d22883
0000000f016c9ce4010d807e
0000000f016c6cbe0148c472
0000000f016cb46d01840a77
0000000f016d771401bf698e
0000000f016ec0fc01fb0844
0001000f0170b66902374d23
ffff000f01730772001ce4ca
0000000f01704365005a858d
0000000f016e749400969b1d
0000000f016d46e800d22883
0000000f016c9ce4010d807e
0000000f016c6cbe0148c472
0000000f016cb46d01840a77
0000000f016d771401bf698e
0000000f016ec0fc01fb0844
0001000f0170b66902374d23
ffff000f01730772001ce4ca
0000000f01704365005a858d
0000000f016e749400969b1d
0000000f016d46e800d22883
0000000f016c9ce4010d807e
0000000f016c6cbe0148c472
0000000f016cb46d01840a77
0000000f016d771401bf698e
0000000f016ec0fc01fb0844
0001000f0170b66902374d23
ffff000f01730772001ce4ca
0000000f01704365005a858d
0000000f016e749400969b1d
0000000f016d46e800d22883
0000000f016c9ce4010d807e
0000000f016c6cbe0148c472
0000000f016cb46d01840a77
0000000f016d771401bf698e
0000000f016ec0fc01fb0844
0001000f0170b66902374d23
ffff000f01730772001ce4ca
0000000f01704365005a858d
0000000f016e749400969b1d
0000000f016d46e800d22883
0000000f016c9ce4010d807e
0000000f016c6cbe0148c472
0000000f016cb46d01840a77
0000000f016d771401bf698e
0000000f016ec0fc01fb0844
0001000f0170b66902374d23
ffff000f01730772001ce4ca
0000000f01704365005a858d
0000000f016e749400969b1d
0000000f016d46e800d22883
0000000f016c9ce4010d807e
0000000f016c6cbe0148c472
0000000f016cb46d01840a77
0000000f016d771401bf698e
0000000f016ec0fc01fb0844
0001000f0170b66902374d23
ffff000f0173fd58001cf11e
0000000f017132d0005a90b4
0000000f016f5ff90096a3c6
0000000f016e2fc500d22e42
0000000f016d845b010d8339
0000000f016d53d10148c427
0000000f016d9c1501840724
0000000f016e605801bf6339
0000000f016fad0801faff12
0001000f0171a6da0237419a
ffff000f0173fd58001cf11e
0000000f017132d0005a90b4
0000000f016f5ff90096a3c6
0000000f016e2fc500d22e42
0000000f016d845b010d8339
0000000f016d53d10148c427
0000000f016d9c1501840724
0000000f016e605801bf6339
0000000f016fad0801faff12
0001000f0171a6da0237419a
ffff000f0173fd58001cf11e
0000000f017132d0005a90b4
0000000f016f5ff90096a3c6
0000000f016e2fc500d22e42
0000000f016d845b010d8339
0000000f016d53d10148c427
0000000f016d9c1501840724
0000000f016e605801bf6339
0000000f016fad0801faff12
0001000f0171a6da0237419a
ffff000f0173fd58001cf11e
0000000f017132d0005a90b4
0000000f016f5ff90096a3c6
0000000f016e2fc500d22e42
0000000f016d845b010d8339
0000000f016d53d10148c427
0000000f016d9c1501840724
0000000f016e605801bf6339
0000000f016fad0801faff12
0001000f0171a6da0237419a
ffff000f0173fd58001cf11e
0000000f017132d0005a90b4
0000000f016f5ff90096a3c6
0000000f016e2fc500d22e42
0000000f016d845b010d8339
0000000f016d53d10148c427
0000000f016d9c1501840724
0000000f016e605801bf6339
0000000f016fad0801faff12
0001000f0171a6da0237419a
ffff000f0173fd58001cf11e
0000000f017132d0005a90b4
0000000f016f5ff90096a3c6
0000000f016e2fc500d22e42
0000000f016d845b010d8339
0000000f016d53d10148c427
0000000f016d9c1501840724
0000000f016e605801bf6339
0000000f016fad0801faff12
0001000f0171a6da0237419a
ffff000f0174f321001cfd86
0000000f01722219005a9bf0
0000000f01704b3a0096ac7f
0000000f016f187e00d2340b
0000000f016e6baf010d85f9
0000000f016e3ac00148c3da
0000000f016e839a018403cb
0000000f016f497801bf5cd9
0000000f017098f101faf5ce
0001000f0172972b023735fe
ffff000f0174f321001cfd86
0000000f01722219005a9bf0
0000000f01704b3a0096ac7f
0000000f016f187e00d2340b
0000000f016e6baf010d85f9
0000000f016e3ac00148c3da
0000000f016e839a018403cb
0000000f016f497801bf5cd9
0000000f017098f101faf5ce
0001000f0172972b023735fe
ffff000f0174f321001cfd86
0000000f01722219005a9bf0
0000000f01704b3a0096ac7f
0000000f016f187e00d2340b
0000000f016e6baf010d85f9
0000000f016e3ac00148c3da
0000000f016e839a018403cb
0000000f016f497801bf5cd9
0000000f017098f101faf5ce
0001000f0172972b023735fe
ffff000f0174f321001cfd86
0000000f01722219005a9bf0
0000000f01704b3a0096ac7f
0000000f016f187e00d2340b
0000000f016e6baf010d85f9
0000000f016e3ac00148c3da
0000000f016e839a018403cb
0000000f016f497801bf5cd9
0000000f017098f101faf5ce
0001000f0172972b023735fe
ffff000f0174f321001cfd86
0000000f01722219005a9bf0
0000000f01704b3a0096ac7f
0000000f016f187e00d2340b
0000000f016e6baf010d85f9
0000000f016e3ac00148c3da
0000000f016e839a018403cb
0000000f016f497801bf5cd9
0000000f017098f101faf5ce
0001000f0172972b023735fe
ffff000f0174f321001cfd86
0000000f01722219005a9bf0
0000000f01704b3a0096ac7f
0000000f016f187e00d2340b
0000000f016e6baf010d85f9
0000000f016e3ac00148c3da
0000000f016e839a018403cb
0000000f016f497801bf5cd9
0000000f017098f101faf5ce
0001000f0172972b023735fe
ffff000f0175e8cd001d0a01
0000000f01731141005aa73e
0000000f017136590096b547
0000000f0170011500d239e0
0000000f016f52e0010d88bf
0000000f016f218d0148c38d
0000000f016f6afc0184006c
0000000f0170327401bf566d
0001000f017184b701faec79
0001000f0173875b02372a4d
ffff000f0175e8cd001d0a01
0000000f01731141005aa73e
0000000f017136590096b547
0000000f0170011500d239e0
0000000f016f52e0010d88bf
0000000f016f218d0148c38d
0000000f016f6afc0184006c
0000000f0170327401bf566d
0001000f017184b701faec79
0001000f0173875b02372a4d
ffff000f0175e8cd001d0a01
0000000f01731141005aa73e
0000000f017136590096b547
0000000f0170011500d239e0
0000000f016f52e0010d88bf
0000000f016f218d0148c38d
0000000f016f6afc0184006c
0000000f0170327401bf566d
0001000f017184b701faec79
0001000f0173875b02372a4d
ffff000f0175e8cd001d0a01
0000000f01731141005aa73e
0000000f017136590096b547
0000000f0170011500d239e0
0000000f016f52e0010d88bf
0000000f016f218d0148c38d
0000000f016f6afc0184006c
0000000f0170327401bf566d
0001000f017184b701faec79
0001000f0173875b02372a4d
ffff000f0175e8cd001d0a01
0000000f01731141005aa73e
0000000f017136590096b547
0000000f0170011500d239e0
0000000f016f52e0010d88bf
0000000f016f218d0148c38d
0000000f016f6afc0184006c
0000000f0170327401bf566d
0001000f017184b701faec79
0001000f0173875b02372a4d
ffff000f0175e8cd001d0a01
0000000f01731141005aa73e
0000000f017136590096b547
0000000f0170011500d239e0
0000000f016f52e0010d88bf
0000000f016f218d0148c38d
0000000f016f6afc0184006c
0000000f0170327401bf566d
0001000f017184b701faec79
0001000f0173875b02372a4d
ffff000f0176de5b001d1690
0000000f01740047005ab2a1
0000000f017221550096be20
0000000f0170e98700d23fbf
0000000f017039ed010d8b89
0000000f017008350148c340
0000000f0170523a0183fd06
0000000f01711b4d01bf4ff4
0001000f0172705a01fae314
0001000f0174776a02371e88
ffff000f0176de5b001d1690
0000000f01740047005ab2a1
0000000f017221550096be20
0000000f0170e98700d23fbf
0000000f017039ed010d8b89
0000000f017008350148c340
0000000f0170523a0183fd06
0000000f01711b4d01bf4ff4
0001000f0172705a01fae314
0001000f0174776a02371e88
ffff000f0176de5b001d1690
0000000f01740047005ab2a1
0000000f017221550096be20
0000000f0170e98700d23fbf
0000000f017039ed010d8b89
0000000f017008350148c340
0000000f0170523a0183fd06
0000000f01711b4d01bf4ff4
0001000f0172705a01fae314
0001000f0174776a02371e88
ffff000f0176de5b001d1690
0000000f01740047005ab2a1
0000000f017221550096be20
0000000f0170e98700d23fbf
0000000f017039ed010d8b89
0000000f017008350148c340
0000000f0170523a0183fd06
0000000f01711b4d01bf4ff4
0001000f0172705a01fae314
0001000f0174776a02371e88
ffff000f0176de5b001d1690
0000000f01740047005ab2a1
0000000f017221550096be20
0000000f0170e98700d23fbf
0000000f017039ed010d8b89
0000000f017008350148c340
0000000f0170523a0183fd06
0000000f01711b4d01bf4ff4
0001000f0172705a01fae314
0001000f0174776a02371e88
ffff000f0176de5b001d1690
0000000f01740047005ab2a1
0000000f017221550096be20
0000000f0170e98700d23fbf
0000000f017039ed010d8b89
0000000f017008350148c340
0000000f0170523a0183fd06
0000000f01711b4d01bf4ff4
0001000f0172705a01fae314
0001000f0174776a02371e88
ffff000f0177d3cc001d2333
0000000f0174ef2b005abe17
0000000f01730c2c0096c709
0000000f0171d1d600d245aa
0000000f017120d6010d8e59
0000000f0170eeba0148c2f2
0000000f017139550183f99a
0000000f0172040201bf4971
0001000f01735bd901fad99e
0001000f01756757023712b0
ffff000f0177d3cc001d2333
0000000f0174ef2b005abe17
0000000f01730c2c0096c709
0000000f0171d1d600d245aa
0000000f017120d6010d8e59
0000000f0170eeba0148c2f2
0000000f017139550183f99a
0000000f0172040201bf4971
0001000f01735bd901fad99e
0001000f01756757023712b0
ffff000f0177d3cc001d2333
0000000f0174ef2b005abe17
0000000f01730c2c0096c709
0000000f0171d1d600d245aa
0000000f017120d6010d8e59
0000000f0170eeba0148c2f2
0000000f017139550183f99a
0000000f0172040201bf4971
0001000f01735bd901fad99e
0001000f01756757023712b0
ffff000f0177d3cc001d2333
0000000f0174ef2b005abe17
0000000f01730c2c0096c709
0000000f0171d1d600d245aa
0000000f017120d6010d8e59
0000000f0170eeba0148c2f2
0000000f017139550183f99a
0000000f0172040201bf4971
0001000f01735bd901fad99e
0001000f01756757023712b0
ffff000f0177d3cc001d2333
0000000f0174ef2b005abe17
0000000f01730c2c0096c709
0000000f0171d1d600d245aa
0000000f017120d6010d8e59
0000000f0170eeba0148c2f2
0000000f017139550183f99a
0000000f0172040201bf4971
0001000f01735bd901fad99e
0001000f01756757023712b0
ffff000f0177d3cc001d2333
0000000f0174ef2b005abe17
0000000f01730c2c0096c709
0000000f0171d1d600d245aa
0000000f017120d6010d8e59
0000000f0170eeba0148c2f2
0000000f017139550183f99a
0000000f0172040201bf4971
0001000f01735bd901fad99e
0001000f01756757023712b0
ffff000f0178c91f001d2fe9
0000000f0175dded005ac9a0
0000000f0173f6e10096d001
0000000f0172ba0000d24b9e
0000000f0172079b010d912e
0000000f0171d51b0148c2a3
0000000f0172204b0183f628
0000000f0172ec9301bf42e1
0001000f0174473501fad018
0001000f01765722023706c3
ffff000f0178c91f001d2fe9
0000000f0175dded005ac9a0
0000000f0173f6e10096d001
0000000f0172ba0000d24b9e
0000000f0172079b010d912e
0000000f0171d51b0148c2a3
0000000f0172204b0183f628
0000000f0172ec9301bf42e1
0001000f0174473501fad018
0001000f01765722023706c3
ffff000f0178c91f001d2fe9
0000000f0175dded005ac9a0
0000000f0173f6e10096d001
0000000f0172ba0000d24b9e
0000000f0172079b010d912e
0000000f0171d51b0148c2a3
0000000f0172204b0183f628
0000000f0172ec9301bf42e1
0001000f0174473501fad018
0001000f01765722023706c3
ffff000f0178c91f001d2fe9
0000000f0175dded005ac9a0
0000000f0173f6e10096d001
0000000f0172ba0000d24b9e
0000000f0172079b010d912e
0000000f0171d51b0148c2a3
0000000f0172204b0183f628
0000000f0172ec9301bf42e1
0001000f0174473501fad018
0001000f01765722023706c3
ffff000f0178c91f001d2fe9
0000000f0175dded005ac9a0
0000000f0173f6e10096d001
0000000f0172ba0000d24b9e
0000000f0172079b010d912e
0000000f0171d51b0148c2a3
0000000f0172204b0183f628
0000000f0172ec9301bf42e1
0001000f0174473501fad018
0001000f01765722023706c3
ffff000f0178c91f001d2fe9
0000000f0175dded005ac9a0
0000000f0173f6e10096d001
0000000f0172ba0000d24b9e
0000000f0172079b010d912e
0000000f0171d51b0148c2a3
0000000f0172204b0183f628
0000000f0172ec9301bf42e1
0001000f0174473501fad018
0001000f01765722023706c3
ffff000f0179be54001d3cb2
0000000f0176cc8c005ad53d
0000000f0174e1710096d909
0000000f0173a20700d2519e
0000000f0172ee3b010d9408
0000000f0172bb570148c254
0000000f0173071c0183f2b0
0000000f0173d50001bf3c46
0001000f0175326d01fac681
0001000f017746cb0236fac3
ffff000f0179be54001d3cb2
0000000f0176cc8c005ad53d
0000000f0174e1710096d909
0000000f0173a20700d2519e
0000000f0172ee3b010d9408
0000000f0172bb570148c254
0000000f0173071c0183f2b0
0000000f0173d50001bf3c46
0001000f0175326d01fac681
0001000f017746cb0236fac3
ffff000f0179be54001d3cb2
0000000f0176cc8c005ad53d
0000000f0174e1710096d909
0000000f0173a20700d2519e
0000000f0172ee3b010d9408
0000000f0172bb570148c254
0000000f0173071c0183f2b0
0000000f0173d50001bf3c46
0001000f0175326d01fac681
0001000f017746cb0236fac3
ffff000f0179be54001d3cb2
0000000f0176cc8c005ad53d
0000000f0174e1710096d909
0000000f0173a20700d2519e
0000000f0172ee3b010d9408
0000000f0172bb570148c254
0000000f0173071c0183f2b0
0000000f0173d50001bf3c46
0001000f0175326d01fac681
0001000f017746cb0236fac3
ffff000f0179be54001d3cb2
0000000f0176cc8c005ad53d
0000000f0174e1710096d909
0000000f0173a20700d2519e
0000000f0172ee3b010d9408
0000000f0172bb570148c254
0000000f0173071c0183f2b0
0000000f0173d50001bf3c46
0001000f0175326d01fac681
0001000f017746cb0236fac3
ffff000f0179be54001d3cb2
0000000f0176cc8c005ad53d
0000000f0174e1710096d909
0000000f0173a20700d2519e
0000000f0172ee3b010d9408
0000000f0172bb570148c254
0000000f0173071c0183f2b0
0000000f0173d50001bf3c46
0001000f0175326d01fac681
0001000f017746cb0236fac3
ffff000f017ab36b001d498e
0000000f0177bb08005ae0ed
0000000f0175cbdc0096e221
0000000f017489e800d257a8
0000000f0173d4b7010d96e7
0000000f0173a16f0148c204
0000000f0173edca0183ef32
0000000f0174bd4801bf359f
0001000f01761d8101fabcd9
0001000f017836530236eeaf
ffff000f017ab36b001d498e
0000000f0177bb08005ae0ed
0000000f0175cbdc0096e221
0000000f017489e800d257a8
0000000f0173d4b7010d96e7
0000000f0173a16f0148c204
0000000f0173edca0183ef32
0000000f0174bd4801bf359f
0001000f01761d8101fabcd9
0001000f017836530236eeaf
ffff000f017ab36b001d498e
0000000f0177bb08005ae0ed
0000000f0175cbdc0096e221
0000000f017489e800d257a8
0000000f0173d4b7010d96e7
0000000f0173a16f0148c204
0000000f0173edca0183ef32
0000000f0174bd4801bf359f
0001000f01761d8101fabcd9
0001000f017836530236eeaf
ffff000f017ab36b001d498e
0000000f0177bb08005ae0ed
0000000f0175cbdc0096e221
0000000f017489e800d257a8
0000000f0173d4b7010d96e7
0000000f0173a16f0148c204
0000000f0173edca0183ef32
0000000f0174bd4801bf359f
0001000f01761d8101fabcd9
0001000f017836530236eeaf
ffff000f017ab36b001d498e
0000000f0177bb08005ae0ed
0000000f0175cbdc0096e221
0000000f017489e800d257a8
0000000f0173d4b7010d96e7
0000000f0173a16f0148c204
0000000f0173edca0183ef32
0000000f0174bd4801bf359f
0001000f01761d8101fabcd9
0001000f017836530236eeaf
ffff000f017ab36b001d498e
0000000f0177bb08005ae0ed
0000000f0175cbdc0096e221
0000000f017489e800d257a8
0000000f0173d4b7010d96e7
0000000f0173a16f0148c204
0000000f0173edca0183ef32
0000000f0174bd4801bf359f
0001000f01761d8101fabcd9
0001000f017836530236eeaf
ffff000f017ba865001d567c
0000000f0178a962005aecb0
0000000f0176b6240096eb48
0000000f017571a500d25dbc
0000000f0174bb0e010d99cb
0000000f017487620148c1b3
0000000f0174d4520183ebad
0000000f0175a56b01bf2eec
0001000f0177087101fab321
0001000f017925b80236e288
ffff000f017ba865001d567c
0000000f0178a962005aecb0
0000000f0176b6240096eb48
0000000f017571a500d25dbc
0000000f0174bb0e010d99cb
0000000f017487620148c1b3
0000000f0174d4520183ebad
0000000f0175a56b01bf2eec
0001000f0177087101fab321
0001000f017925b80236e288
ffff000f017ba865001d567c
0000000f0178a962005aecb0
0000000f0176b6240096eb48
0000000f017571a500d25dbc
0000000f0174bb0e010d99cb
0000000f017487620148c1b3
0000000f0174d4520183ebad
0000000f0175a56b01bf2eec
0001000f0177087101fab321
0001000f017925b80236e288
ffff000f017ba865001d567c
0000000f0178a962005aecb0
0000000f0176b6240096eb48
0000000f017571a500d25dbc
0000000f0174bb0e010d99cb
0000000f017487620148c1b3
0000000f0174d4520183ebad
0000000f0175a56b01bf2eec
0001000f0177087101fab321
0001000f017925b80236e288
ffff000f017ba865001d567c
0000000f0178a962005aecb0
0000000f0176b6240096eb48
0000000f017571a500d25dbc
0000000f0174bb0e010d99cb
0000000f017487620148c1b3
0000000f0174d4520183ebad
0000000f0175a56b01bf2eec
0001000f0177087101fab321
0001000f017925b80236e288
ffff000f017ba865001d567c
0000000f0178a962005aecb0
0000000f0176b6240096eb48
0000000f017571a500d25dbc
0000000f0174bb0e010d99cb
0000000f017487620148c1b3
0000000f0174d4520183ebad
0000000f0175a56b01bf2eec
0001000f0177087101fab321
0001000f017925b80236e288
ffff000f017c9d40001d637e
0000000f01799799005af886
0000000f0177a0470096f47f
0000000f0176593d00d263dc
0000000f0175a140010d9cb4
0000000f01756d2f0148c163
0000000f0175bab50183e822
0000000f01768d6901bf282e
0001000f0177f33c01faa959
0001000f017a14fb0236d64e
ffff000f017c9d40001d637e
0000000f01799799005af886
0000000f0177a0470096f47f
0000000f0176593d00d263dc
0000000f0175a140010d9cb4
0000000f01756d2f0148c163
0000000f0175bab50183e822
0000000f01768d6901bf282e
0001000f0177f33c01faa959
0001000f017a14fb0236d64e
ffff000f017c9d40001d637e
0000000f01799799005af886
0000000f0177a0470096f47f
0000000f0176593d00d263dc
0000000f0175a140010d9cb4
0000000f01756d2f0148c163
0000000f0175bab50183e822
0000000f01768d6901bf282e
0001000f0177f33c01faa959
0001000f017a14fb0236d64e
ffff000f017c9d40001d637e
0000000f01799799005af886
0000000f0177a0470096f47f
0000000f0176593d00d263dc
0000000f0175a140010d9cb4
0000000f01756d2f0148c163
0000000f0175bab50183e822
0000000f01768d6901bf282e
0001000f0177f33c01faa959
0001000f017a14fb0236d64e
ffff000f017c9d40001d637e
0000000f01799799005af886
0000000f0177a0470096f47f
0000000f0176593d00d263dc
0000000f0175a140010d9cb4
0000000f01756d2f0148c163
0000000f0175bab50183e822
0000000f01768d6901bf282e
0001000f0177f33c01faa959
0001000f017a14fb0236d64e
ffff000f017c9d40001d637e
0000000f01799799005af886
0000000f0177a0470096f47f
0000000f0176593d00d263dc
0000000f0175a140010d9cb4
0000000f01756d2f0148c163
0000000f0175bab50183e822
0000000f01768d6901bf282e
0001000f0177f33c01faa959
0001000f017a14fb0236d64e
ffff000f017d91fd001d7092
0000000f017a85ad005b046f
0000000f01788a450096fdc5
0000000f017740af00d26a05
0000000f0176874d010d9fa3
0000000f017652d80148c111
0000000f0176a0f30183e491
0000000f0177754201bf2165
0001000f0178dde301fa9f80
0001000f017b041c0236ca00
ffff000f017d91fd001d7092
0000000f017a85ad005b046f
0000000f01788a450096fdc5
0000000f017740af00d26a05
0000000f0176874d010d9fa3
0000000f017652d80148c111
0000000f0176a0f30183e491
0000000f0177754201bf2165
0001000f0178dde301fa9f80
0001000f017b041c0236ca00
ffff000f017d91fd001d7092
0000000f017a85ad005b046f
0000000f01788a450096fdc5
0000000f017740af00d26a05
0000000f0176874d010d9fa3
0000000f017652d80148c111
0000000f0176a0f30183e491
0000000f0177754201bf2165
0001000f0178dde301fa9f80
0001000f017b041c0236ca00
ffff000f017d91fd001d7092
0000000f017a85ad005b046f
0000000f01788a450096fdc5
0000000f017740af00d26a05
0000000f0176874d010d9fa3
0000000f017652d80148c111
0000000f0176a0f30183e491
0000000f0177754201bf2165
0001000f0178dde301fa9f80
0001000f017b041c0236ca00
ffff000f017d91fd001d7092
0000000f017a85ad005b046f
0000000f01788a450096fdc5
0000000f017740af00d26a05
0000000f0176874d010d9fa3
0000000f017652d80148c111
0000000f0176a0f30183e491
0000000f0177754201bf2165
0001000f0178dde301fa9f80
0001000f017b041c0236ca00
ffff000f017d91fd001d7092
0000000f017a85ad005b046f
0000000f01788a450096fdc5
0000000f017740af00d26a05
0000000f0176874d010d9fa3
0000000f017652d80148c111
0000000f0176a0f30183e491
0000000f0177754201bf2165
0001000f0178dde301fa9f80
0001000f017b041c0236ca00
ffff000f017e869c001d7db8
ffff000f017b739d005b106a
0000000f0179741e0097071b
0000000f017827fc00d27039
0000000f01776d34010da296
0000000f0177385b0148c0bf
0000000f0177870b0183e0fa
0000000f01785cf601bf1a90
0001000f0179c86501fa9598
0001000f017bf3190236bd9f
ffff000f017e869c001d7db8
ffff000f017b739d005b106a
0000000f0179741e0097071b
0000000f017827fc00d27039
0000000f01776d34010da296
0000000f0177385b0148c0bf
0000000f0177870b0183e0fa
0000000f01785cf601bf1a90
0001000f0179c86501fa9598
0001000f017bf3190236bd9f
ffff000f017e869c001d7db8
ffff000f017b739d005b106a
0000000f0179741e0097071b
0000000f017827fc00d27039
0000000f01776d34010da296
0000000f0177385b0148c0bf
0000000f0177870b0183e0fa
0000000f01785cf601bf1a90
0001000f0179c86501fa9598
0001000f017bf3190236bd9f
ffff000f017e869c001d7db8
ffff000f017b739d005b106a
0000000f0179741e0097071b
0000000f017827fc00d27039
0000000f01776d34010da296
0000000f0177385b0148c0bf
0000000f0177870b0183e0fa
0000000f01785cf601bf1a90
0001000f0179c86501fa9598
0001000f017bf3190236bd9f
ffff000f017e869c001d7db8
ffff000f017b739d005b106a
0000000f0179741e0097071b
0000000f017827fc00d27039
0000000f01776d34010da296
0000000f0177385b0148c0bf
0000000f0177870b0183e0fa
0000000f01785cf601bf1a90
0001000f0179c86501fa9598
0001000f017bf3190236bd9f
ffff000f017e869c001d7db8
ffff000f017b739d005b106a
0000000f0179741e0097071b
0000000f017827fc00d27039
0000000f01776d34010da296
0000000f0177385b0148c0bf
0000000f0177870b0183e0fa
0000000f01785cf601bf1a90
0001000f0179c86501fa9598
0001000f017bf3190236bd9f
ffff000f017f7b1c001d8af0
ffff000f017c616a005b1c79
0000000f017a5dd10097107f
0000000f01790f2300d27678
0000000f017852f6010da58e
0000000f01781db80148c06d
0000000f01786cfd0183dd5d
0000000f0179448401bf13af
0001000f017ab2c201fa8b9f
0001000f017ce1f40236b12b
ffff000f017f7b1c001d8af0
ffff000f017c616a005b1c79
0000000f017a5dd10097107f
0000000f01790f2300d27678
0000000f017852f6010da58e
0000000f01781db80148c06d
0000000f01786cfd0183dd5d
0000000f0179448401bf13af
0001000f017ab2c201fa8b9f
0001000f017ce1f40236b12b
ffff000f017f7b1c001d8af0
ffff000f017c616a005b1c79
0000000f017a5dd10097107f
0000000f01790f2300d27678
0000000f017852f6010da58e
0000000f01781db80148c06d
0000000f01786cfd0183dd5d
0000000f0179448401bf13af
0001000f017ab2c201fa8b9f
0001000f017ce1f40236b12b
ffff000f017f7b1c001d8af0
ffff000f017c616a005b1c79
0000000f017a5dd10097107f
0000000f01790f2300d27678
0000000f017852f6010da58e
0000000f01781db80148c06d
0000000f01786cfd0183dd5d
0000000f0179448401bf13af
0001000f017ab2c201fa8b9f
0001000f017ce1f40236b12b
ffff000f017f7b1c001d8af0
ffff000f017c616a005b1c79
0000000f017a5dd10097107f
0000000f01790f2300d27678
0000000f017852f6010da58e
0000000f01781db80148c06d
0000000f01786cfd0183dd5d
0000000f0179448401bf13af
0001000f017ab2c201fa8b9f
0001000f017ce1f40236b12b
ffff000f017f7b1c001d8af0
ffff000f017c616a005b1c79
0000000f017a5dd10097107f
0000000f01790f2300d27678
0000000f017852f6010da58e
0000000f01781db80148c06d
0000000f01786cfd0183dd5d
0000000f0179448401bf13af
0001000f017ab2c201fa8b9f
0001000f017ce1f40236b12b
ffff000f01806f7d001d983a
ffff000f017d4f13005b289a
0000000f017b475f009719f3
0000000f0179f62400d27cc1
0000000f01793891010da88c
0000000f017902ef0148c01a
0000000f017952ca0183d9ba
0000000f017a2beb01bf0cc3
0001000f017b9cf901fa8196
0001000f017dd0ac0236a4a4
ffff000f01806f7d001d983a
ffff000f017d4f13005b289a
0000000f017b475f009719f3
0000000f0179f62400d27cc1
0000000f01793891010da88c
0000000f017902ef0148c01a
0000000f017952ca0183d9ba
0000000f017a2beb01bf0cc3
0001000f017b9cf901fa8196
0001000f017dd0ac0236a4a4
ffff000f01806f7d001d983a
ffff000f017d4f13005b289a
0000000f017b475f009719f3
0000000f0179f62400d27cc1
0000000f01793891010da88c
0000000f017902ef0148c01a
0000000f017952ca0183d9ba
0000000f017a2beb01bf0cc3
0001000f017b9cf901fa8196
0001000f017dd0ac0236a4a4
ffff000f01806f7d001d983a
ffff000f017d4f13005b289a
0000000f017b475f009719f3
0000000f0179f62400d27cc1
0000000f01793891010da88c
0000000f017902ef0148c01a
0000000f017952ca0183d9ba
0000000f017a2beb01bf0cc3
0001000f017b9cf901fa8196
0001000f017dd0ac0236a4a4
ffff000f01806f7d001d983a
ffff000f017d4f13005b289a
0000000f017b475f009719f3
0000000f0179f62400d27cc1
0000000f01793891010da88c
0000000f017902ef0148c01a
0000000f017952ca0183d9ba
0000000f017a2beb01bf0cc3
0001000f017b9cf901fa8196
0001000f017dd0ac0236a4a4
ffff000f01806f7d001d983a
ffff000f017d4f13005b289a
0000000f017b475f009719f3
0000000f0179f62400d27cc1
0000000f01793891010da88c
0000000f017902ef0148c01a
0000000f017952ca0183d9ba
0000000f017a2beb01bf0cc3
0001000f017b9cf901fa8196
0001000f017dd0ac0236a4a4
ffff000f018163c0001da596
ffff000f017e3c98005b34cd
0000000f017c30c800972377
0000000f017adcff00d28314
0000000f017a1e06010dab8e
0000000f0179e8010148bfc6
0000000f017a38700183d610
0000000f017b132d01bf05cc
0001000f017c870b01fa777d
0001000f017ebf400236980b
ffff000f018163c0001da596
ffff000f017e3c98005b34cd
0000000f017c30c800972377
0000000f017adcff00d28314
0000000f017a1e06010dab8e
0000000f0179e8010148bfc6
0000000f017a38700183d610
0000000f017b132d01bf05cc
0001000f017c870b01fa777d
0001000f017ebf400236980b
ffff000f018163c0001da596
ffff000f017e3c98005b34cd
0000000f017c30c800972377
0000000f017adcff00d28314
0000000f017a1e06010dab8e
0000000f0179e8010148bfc6
0000000f017a38700183d610
0000000f017b132d01bf05cc
0001000f017c870b01fa777d
0001000f017ebf400236980b
ffff000f018163c0001da596
ffff000f017e3c98005b34cd
0000000f017c30c800972377
0000000f017adcff00d28314
0000000f017a1e06010dab8e
0000000f0179e8010148bfc6
0000000f017a38700183d610
0000000f017b132d01bf05cc
0001000f017c870b01fa777d
0001000f017ebf400236980b
ffff000f018163c0001da596
ffff000f017e3c98005b34cd
0000000f017c30c800972377
0000000f017adcff00d28314
0000000f017a1e06010dab8e
0000000f0179e8010148bfc6
0000000f017a38700183d610
0000000f017b132d01bf05cc
0001000f017c870b01fa777d
0001000f017ebf400236980b
ffff000f018163c0001da596
ffff000f017e3c98005b34cd
0000000f017c30c800972377
0000000f017adcff00d28314
0000000f017a1e06010dab8e
0000000f0179e8010148bfc6
0000000f017a38700183d610
0000000f017b132d01bf05cc
0001000f017c870b01fa777d
0001000f017ebf400236980b
ffff000f018257e4001db304
ffff000f017f29fa005b4113
0000000f017d1a0b00972d09
0000000f017bc3b400d28972
0000000f017b0355010dae95
0000000f017acceb0148bf72
0000000f017b1df00183d261
0000000f017bfa4901befec9
0001000f017d70f801fa6d54
0001000f017fadb202368b5f
ffff000f018257e4001db304
ffff000f017f29fa005b4113
0000000f017d1a0b00972d09
0000000f017bc3b400d28972
0000000f017b0355010dae95
0000000f017acceb0148bf72
0000000f017b1df00183d261
0000000f017bfa4901befec9
0001000f017d70f801fa6d54
0001000f017fadb202368b5f
ffff000f018257e4001db304
ffff000f017f29fa005b4113
0000000f017d1a0b00972d09
0000000f017bc3b400d28972
0000000f017b0355010dae95
0000000f017acceb0148bf72
0000000f017b1df00183d261
0000000f017bfa4901befec9
0001000f017d70f801fa6d54
0001000f017fadb202368b5f
ffff000f018257e4001db304
ffff000f017f29fa005b4113
0000000f017d1a0b00972d09
0000000f017bc3b400d28972
0000000f017b0355010dae95
0000000f017acceb0148bf72
0000000f017b1df00183d261
0000000f017bfa4901befec9
0001000f017d70f801fa6d54
0001000f017fadb202368b5f
ffff000f018257e4001db304
ffff000f017f29fa005b4113
0000000f017d1a0b00972d09
0000000f017bc3b400d28972
0000000f017b0355010dae95
0000000f017acceb0148bf72
0000000f017b1df00183d261
0000000f017bfa4901befec9
0001000f017d70f801fa6d54
0001000f017fadb202368b5f
ffff000f018257e4001db304
ffff000f017f29fa005b4113
0000000f017d1a0b00972d09
0000000f017bc3b400d28972
0000000f017b0355010dae95
0000000f017acceb0148bf72
0000000f017b1df00183d261
0000000f017bfa4901befec9
0001000f017d70f801fa6d54
0001000f017fadb202368b5f
ffff000f01834bea001dc083
ffff000f01801737005b4d6b
0000000f017e0327009736ab
0000000f017caa4200d28fda
0000000f017be87d010db1a1
0000000f017bb1af0148bf1d
0000000f017c034a0183ceac
0000000f017ce13e01bef7bb
0001000f017e5abe01fa631b
0001000f01809bff02367ea0
ffff000f01834bea001dc083
ffff000f01801737005b4d6b
0000000f017e0327009736ab
0000000f017caa4200d28fda
0000000f017be87d010db1a1
0000000f017bb1af0148bf1d
0000000f017c034a0183ceac
0000000f017ce13e01bef7bb
0001000f017e5abe01fa631b
0001000f01809bff02367ea0
ffff000f01834bea001dc083
ffff000f01801737005b4d6b
0000000f017e0327009736ab
0000000f017caa4200d28fda
0000000f017be87d010db1a1
0000000f017bb1af0148bf1d
0000000f017c034a0183ceac
0000000f017ce13e01bef7bb
0001000f017e5abe01fa631b
0001000f01809bff02367ea0
ffff000f01834bea001dc083
ffff000f01801737005b4d6b
0000000f017e0327009736ab
0000000f017caa4200d28fda
0000000f017be87d010db1a1
0000000f017bb1af0148bf1d
0000000f017c034a0183ceac
0000000f017ce13e01bef7bb
0001000f017e5abe01fa631b
0001000f01809bff02367ea0
ffff000f01834bea001dc083
ffff000f01801737005b4d6b
0000000f017e0327009736ab
0000000f017caa4200d28fda
0000000f017be87d010db1a1
0000000f017bb1af0148bf1d
0000000f017c034a0183ceac
0000000f017ce13e01bef7bb
0001000f017e5abe01fa631b
0001000f01809bff02367ea0
ffff000f01834bea001dc083
ffff000f01801737005b4d6b
0000000f017e0327009736ab
0000000f017caa4200d28fda
0000000f017be87d010db1a1
0000000f017bb1af0148bf1d
0000000f017c034a0183ceac
0000000f017ce13e01bef7bb
0001000f017e5abe01fa631b
0001000f01809bff02367ea0
ffff000f01843fd0001dce13
ffff000f01810450005b59d6
0000000f017eec1e0097405b
0000000f017d90aa00d2964c
0000000f017ccd7e010db4b3
0000000f017c964d0148bec8
0000000f017ce87c0183caf0
0000000f017dc80c01bef0a2
0001000f017f445f01fa58d2
0001000f01818a29023671cf
ffff000f01843fd0001dce13
ffff000f01810450005b59d6
0000000f017eec1e0097405b
0000000f017d90aa00d2964c
0000000f017ccd7e010db4b3
0000000f017c964d0148bec8
0000000f017ce87c0183caf0
0000000f017dc80c01bef0a2
0001000f017f445f01fa58d2
0001000f01818a29023671cf
ffff000f01843fd0001dce13
ffff000f01810450005b59d6
0000000f017eec1e0097405b
0000000f017d90aa00d2964c
0000000f017ccd7e010db4b3
0000000f017c964d0148bec8
0000000f017ce87c0183caf0
0000000f017dc80c01bef0a2
0001000f017f445f01fa58d2
0001000f01818a29023671cf
ffff000f01843fd0001dce13
ffff000f01810450005b59d6
0000000f017eec1e0097405b
0000000f017d90aa00d2964c
0000000f017ccd7e010db4b3
0000000f017c964d0148bec8
0000000f017ce87c0183caf0
0000000f017dc80c01bef0a2
0001000f017f445f01fa58d2
0001000f01818a29023671cf
ffff000f01843fd0001dce13
ffff000f01810450005b59d6
0000000f017eec1e0097405b
0000000f017d90aa00d2964c
0000000f017ccd7e010db4b3
0000000f017c964d0148bec8
0000000f017ce87c0183caf0
0000000f017dc80c01bef0a2
0001000f017f445f01fa58d2
0001000f01818a29023671cf
ffff000f01843fd0001dce13
ffff000f01810450005b59d6
0000000f017eec1e0097405b
0000000f017d90aa00d2964c
0000000f017ccd7e010db4b3
0000000f017c964d0148bec8
0000000f017ce87c0183caf0
0000000f017dc80c01bef0a2
0001000f017f445f01fa58d2
0001000f01818a29023671cf
ffff000f01853397001ddbb4
ffff000f0181f144005b6652
0000000f017fd4ee00974a1a
0000000f017e76ea00d29cc8
0000000f017db259010db7c9
0000000f017d7ac30148be72
0000000f017dcd870183c72f
0000000f017eaeb301bee97e
0001000f01802dd901fa4e7a
0001000f01827830023664eb
ffff000f01853397001ddbb4
ffff000f0181f144005b6652
0000000f017fd4ee00974a1a
0000000f017e76ea00d29cc8
0000000f017db259010db7c9
0000000f017d7ac30148be72
0000000f017dcd870183c72f
0000000f017eaeb301bee97e
0001000f01802dd901fa4e7a
0001000f01827830023664eb
ffff000f01853397001ddbb4
ffff000f0181f144005b6652
0000000f017fd4ee00974a1a
0000000f017e76ea00d29cc8
0000000f017db259010db7c9
0000000f017d7ac30148be72
0000000f017dcd870183c72f
0000000f017eaeb301bee97e
0001000f01802dd901fa4e7a
0001000f01827830023664eb
ffff000f01853397001ddbb4
ffff000f0181f144005b6652
0000000f017fd4ee00974a1a
0000000f017e76ea00d29cc8
0000000f017db259010db7c9
0000000f017d7ac30148be72
0000000f017dcd870183c72f
0000000f017eaeb301bee97e
0001000f01802dd901fa4e7a
0001000f01827830023664eb
ffff000f01853397001ddbb4
ffff000f0181f144005b6652
0000000f017fd4ee00974a1a
0000000f017e76ea00d29cc8
0000000f017db259010db7c9
0000000f017d7ac30148be72
0000000f017dcd870183c72f
0000000f017eaeb301bee97e
0001000f01802dd901fa4e7a
0001000f01827830023664eb
ffff000f01853397001ddbb4
ffff000f0181f144005b6652
0000000f017fd4ee00974a1a
0000000f017e76ea00d29cc8
0000000f017db259010db7c9
0000000f017d7ac30148be72
0000000f017dcd870183c72f
0000000f017eaeb301bee97e
0001000f01802dd901fa4e7a
0001000f01827830023664eb
ffff000f0186273f001de967
ffff000f0182de14005b72e0
0000000f0180bd97009753e9
0000000f017f5d0300d2a34f
0000000f017e970c010dbae4
0000000f017e5f120148be1c
0000000f017eb26c0183c368
0000000f017f953301bee24e
0001000f0181172d01fa4412
0001000f01836612023657f5
ffff000f0186273f001de967
ffff000f0182de14005b72e0
0000000f0180bd97009753e9
0000000f017f5d0300d2a34f
0000000f017e970c010dbae4
0000000f017e5f120148be1c
0000000f017eb26c0183c368
0000000f017f953301bee24e
0001000f0181172d01fa4412
0001000f01836612023657f5
ffff000f0186273f001de967
ffff000f0182de14005b72e0
0000000f0180bd97009753e9
0000000f017f5d0300d2a34f
0000000f017e970c010dbae4
0000000f017e5f120148be1c
0000000f017eb26c0183c368
0000000f017f953301bee24e
0001000f0181172d01fa4412
0001000f01836612023657f5
ffff000f0186273f001de967
ffff000f0182de14005b72e0
0000000f0180bd97009753e9
0000000f017f5d0300d2a34f
0000000f017e970c010dbae4
0000000f017e5f120148be1c
0000000f017eb26c0183c368
0000000f017f953301bee24e
0001000f0181172d01fa4412
0001000f01836612023657f5
ffff000f0186273f001de967
ffff000f0182de14005b72e0
0000000f0180bd97009753e9
0000000f017f5d0300d2a34f
0000000f017e970c010dbae4
0000000f017e5f120148be1c
0000000f017eb26c0183c368
0000000f017f953301bee24e
0001000f0181172d01fa4412
0001000f01836612023657f5
ffff000f0186273f001de967
ffff000f0182de14005b72e0
0000000f0180bd97009753e9
0000000f017f5d0300d2a34f
0000000f017e970c010dbae4
0000000f017e5f120148be1c
0000000f017eb26c0183c368
0000000f017f953301bee24e
0001000f0181172d01fa4412
0001000f01836612023657f5
ffff000f01871ac8001df72a
ffff000f0183cabe005b7f80
0000000f0181a61900975dc6
0000000f018042f500d2a9df
0000000f017f7b97010dbe04
0000000f017f43390148bdc5
0000000f017f97280183bf9a
0000000f01807b8c01bedb14
0001000f0182005b01fa399b
0001000f018453d002364aed
ffff000f01871ac8001df72a
ffff000f0183cabe005b7f80
0000000f0181a61900975dc6
0000000f018042f500d2a9df
0000000f017f7b97010dbe04
0000000f017f43390148bdc5
0000000f017f97280183bf9a
0000000f01807b8c01bedb14
0001000f0182005b01fa399b
0001000f018453d002364aed
ffff000f01871ac8001df72a
ffff000f0183cabe005b7f80
0000000f0181a61900975dc6
0000000f018042f500d2a9df
0000000f017f7b97010dbe04
0000000f017f43390148bdc5
0000000f017f97280183bf9a
0000000f01807b8c01bedb14
0001000f0182005b01fa399b
0001000f018453d002364aed
ffff000f01871ac8001df72a
ffff000f0183cabe005b7f80
0000000f0181a61900975dc6
0000000f018042f500d2a9df
0000000f017f7b97010dbe04
0000000f017f43390148bdc5
0000000f017f97280183bf9a
0000000f01807b8c01bedb14
0001000f0182005b01fa399b
0001000f018453d002364aed
ffff000f01871ac8001df72a
ffff000f0183cabe005b7f80
0000000f0181a61900975dc6
0000000f018042f500d2a9df
0000000f017f7b97010dbe04
0000000f017f43390148bdc5
0000000f017f97280183bf9a
0000000f01807b8c01bedb14
0001000f0182005b01fa399b
0001000f018453d002364aed
ffff000f01871ac8001df72a
ffff000f0183cabe005b7f80
0000000f0181a61900975dc6
0000000f018042f500d2a9df
0000000f017f7b97010dbe04
0000000f017f43390148bdc5
0000000f017f97280183bf9a
0000000f01807b8c01bedb14
0001000f0182005b01fa399b
0001000f018453d002364aed
ffff000f01880e31001e04fd
ffff000f0184b744005b8c32
0000000f01828e75009767b1
0000000f018128bf00d2b07a
0000000f01805ffb010dc128
0000000f018027390148bd6e
0000000f01807bbd0183bbc7
0000000f018161be01bed3ce
0001000f0182e96101fa2f14
0001000f0185416a02363dd4
ffff000f01880e31001e04fd
ffff000f0184b744005b8c32
0000000f01828e75009767b1
0000000f018128bf00d2b07a
0000000f01805ffb010dc128
0000000f018027390148bd6e
0000000f01807bbd0183bbc7
0000000f018161be01bed3ce
0001000f0182e96101fa2f14
0001000f0185416a02363dd4
ffff000f01880e31001e04fd
ffff000f0184b744005b8c32
0000000f01828e75009767b1
0000000f018128bf00d2b07a
0000000f01805ffb010dc128
0000000f018027390148bd6e
0000000f01807bbd0183bbc7
0000000f018161be01bed3ce
0001000f0182e96101fa2f14
0001000f0185416a02363dd4
ffff000f01880e31001e04fd
ffff000f0184b744005b8c32
0000000f01828e75009767b1
0000000f018128bf00d2b07a
0000000f01805ffb010dc128
0000000f018027390148bd6e
0000000f01807bbd0183bbc7
0000000f018161be01bed3ce
0001000f0182e96101fa2f14
0001000f0185416a02363dd4
ffff000f01880e31001e04fd
ffff000f0184b744005b8c32
0000000f01828e75009767b1
0000000f018128bf00d2b07a
0000000f01805ffb010dc128
0000000f018027390148bd6e
0000000f01807bbd0183bbc7
0000000f018161be01bed3ce
0001000f0182e96101fa2f14
0001000f0185416a02363dd4
ffff000f01880e31001e04fd
ffff000f0184b744005b8c32
0000000f01828e75009767b1
0000000f018128bf00d2b07a
0000000f01805ffb010dc128
0000000f018027390148bd6e
0000000f01807bbd0183bbc7
0000000f018161be01bed3ce
0001000f0182e96101fa2f14
0001000f0185416a02363dd4
ffff000f0189017b001e12e1
ffff000f0185a3a5005b98f6
0000000f018376a9009771ac
0000000f01820e6200d2b71f
0000000f01814437010dc452
0000000f01810b100148bd16
0000000f0181602a0183b7ee
0000000f018247c701becc7d
0001000f0183d24101fa247d
0001000f01862edf023630a8
ffff000f0189017b001e12e1
ffff000f0185a3a5005b98f6
0000000f018376a9009771ac
0000000f01820e6200d2b71f
0000000f01814437010dc452
0000000f01810b100148bd16
0000000f0181602a0183b7ee
0000000f018247c701becc7d
0001000f0183d24101fa247d
0001000f01862edf023630a8
ffff000f0189017b001e12e1
ffff000f0185a3a5005b98f6
0000000f018376a9009771ac
0000000f01820e6200d2b71f
0000000f01814437010dc452
0000000f01810b100148bd16
0000000f0181602a0183b7ee
0000000f018247c701becc7d
0001000f0183d24101fa247d
0001000f01862edf023630a8
ffff000f0189017b001e12e1
ffff000f0185a3a5005b98f6
0000000f018376a9009771ac
0000000f01820e6200d2b71f
0000000f01814437010dc452
0000000f01810b100148bd16
0000000f0181602a0183b7ee
0000000f018247c701becc7d
0001000f0183d24101fa247d
0001000f01862edf023630a8
ffff000f0189017b001e12e1
ffff000f0185a3a5005b98f6
0000000f018376a9009771ac
0000000f01820e6200d2b71f
0000000f01814437010dc452
0000000f01810b100148bd16
0000000f0181602a0183b7ee
0000000f018247c701becc7d
0001000f0183d24101fa247d
0001000f01862edf023630a8
ffff000f0189017b001e12e1
ffff000f0185a3a5005b98f6
0000000f018376a9009771ac
0000000f01820e6200d2b71f
0000000f01814437010dc452
0000000f01810b100148bd16
0000000f0181602a0183b7ee
0000000f018247c701becc7d
0001000f0183d24101fa247d
0001000f01862edf023630a8
ffff000f0189f4a6001e20d5
ffff000f01868fe0005ba5cb
0000000f01845eb600977bb5
0000000f0182f3dc00d2bdce
0000000f0182284a010dc780
0000000f0181eec00148bcbd
0000000f0182446f0183b40f
0000000f01832da901bec522
0001000f0184baf901fa19d8
0001000f01871c300236236b
ffff000f0189f4a6001e20d5
ffff000f01868fe0005ba5cb
0000000f01845eb600977bb5
0000000f0182f3dc00d2bdce
0000000f0182284a010dc780
0000000f0181eec00148bcbd
0000000f0182446f0183b40f
0000000f01832da901bec522
0001000f0184baf901fa19d8
0001000f01871c300236236b
ffff000f0189f4a6001e20d5
ffff000f01868fe0005ba5cb
0000000f01845eb600977bb5
0000000f0182f3dc00d2bdce
0000000f0182284a010dc780
0000000f0181eec00148bcbd
0000000f0182446f0183b40f
0000000f01832da901bec522
0001000f0184baf901fa19d8
0001000f01871c300236236b
ffff000f0189f4a6001e20d5
ffff000f01868fe0005ba5cb
0000000f01845eb600977bb5
0000000f0182f3dc00d2bdce
0000000f0182284a010dc780
0000000f0181eec00148bcbd
0000000f0182446f0183b40f
0000000f01832da901bec522
0001000f0184baf901fa19d8
0001000f01871c300236236b
ffff000f0189f4a6001e20d5
ffff000f01868fe0005ba5cb
0000000f01845eb600977bb5
0000000f0182f3dc00d2bdce
0000000f0182284a010dc780
0000000f0181eec00148bcbd
0000000f0182446f0183b40f
0000000f01832da901bec522
0001000f0184baf901fa19d8
0001000f01871c300236236b
ffff000f0189f4a6001e20d5
ffff000f01868fe0005ba5cb
0000000f01845eb600977bb5
0000000f0182f3dc00d2bdce
0000000f0182284a010dc780
0000000f0181eec00148bcbd
0000000f0182446f0183b40f
0000000f01832da901bec522
0001000f0184baf901fa19d8
0001000f01871c300236236b
ffff000f018ae7b1001e2eda
ffff000f01877bf6005bb2b1
0000000f0185469b009785cc
0000000f0183d92e00d2c486
0000000f01830c36010dcab4
0000000f0182d2470148bc64
0000000f0183288b0183b02b
0000000f0184136201bebdbb
0001000f0185a38a01fa0f23
0001000f0188095d0236161c
ffff000f018ae7b1001e2eda
ffff000f01877bf6005bb2b1
0000000f0185469b009785cc
0000000f0183d92e00d2c486
0000000f01830c36010dcab4
0000000f0182d2470148bc64
0000000f0183288b0183b02b
0000000f0184136201bebdbb
0001000f0185a38a01fa0f23
0001000f0188095d0236161c
ffff000f018ae7b1001e2eda
ffff000f01877bf6005bb2b1
0000000f0185469b009785cc
0000000f0183d92e00d2c486
0000000f01830c36010dcab4
0000000f0182d2470148bc64
0000000f0183288b0183b02b
0000000f0184136201bebdbb
0001000f0185a38a01fa0f23
0001000f0188095d0236161c
ffff000f018ae7b1001e2eda
ffff000f01877bf6005bb2b1
0000000f0185469b009785cc
0000000f0183d92e00d2c486
0000000f01830c36010dcab4
0000000f0182d2470148bc64
0000000f0183288b0183b02b
0000000f0184136201bebdbb
0001000f0185a38a01fa0f23
0001000f0188095d0236161c
ffff000f018ae7b1001e2eda
ffff000f01877bf6005bb2b1
0000000f0185469b009785cc
0000000f0183d92e00d2c486
0000000f01830c36010dcab4
0000000f0182d2470148bc64
0000000f0183288b0183b02b
0000000f0184136201bebdbb
0001000f0185a38a01fa0f23
0001000f0188095d0236161c
ffff000f018ae7b1001e2eda
ffff000f01877bf6005bb2b1
0000000f0185469b009785cc
0000000f0183d92e00d2c486
0000000f01830c36010dcab4
0000000f0182d2470148bc64
0000000f0183288b0183b02b
0000000f0184136201bebdbb
0001000f0185a38a01fa0f23
0001000f0188095d0236161c
ffff000f018bda9c001e3cee
ffff000f018867e7005bbfa9
0000000f01862e5900978ff2
0000000f0184be5800d2cb49
0000000f0183eff9010dcdec
0000000f0183b5a60148bc0b
0000000f01840c7f0183ac40
0000000f0184f8f301beb64a
0001000f01868bf401fa045f
0001000f0188f664023608bc
ffff000f018bda9c001e3cee
ffff000f018867e7005bbfa9
0000000f01862e5900978ff2
0000000f0184be5800d2cb49
0000000f0183eff9010dcdec
0000000f0183b5a60148bc0b
0000000f01840c7f0183ac40
0000000f0184f8f301beb64a
0001000f01868bf401fa045f
0001000f0188f664023608bc
ffff000f018bda9c001e3cee
ffff000f018867e7005bbfa9
0000000f01862e5900978ff2
0000000f0184be5800d2cb49
0000000f0183eff9010dcdec
0000000f0183b5a60148bc0b
0000000f01840c7f0183ac40
0000000f0184f8f301beb64a
0001000f01868bf401fa045f
0001000f0188f664023608bc
ffff000f018bda9c001e3cee
ffff000f018867e7005bbfa9
0000000f01862e5900978ff2
0000000f0184be5800d2cb49
0000000f0183eff9010dcdec
0000000f0183b5a60148bc0b
0000000f01840c7f0183ac40
0000000f0184f8f301beb64a
0001000f01868bf401fa045f
0001000f0188f664023608bc
ffff000f018bda9c001e3cee
ffff000f018867e7005bbfa9
0000000f01862e5900978ff2
0000000f0184be5800d2cb49
0000000f0183eff9010dcdec
0000000f0183b5a60148bc0b
0000000f01840c7f0183ac40
0000000f0184f8f301beb64a
0001000f01868bf401fa045f
0001000f0188f664023608bc
ffff000f018bda9c001e3cee
ffff000f018867e7005bbfa9
0000000f01862e5900978ff2
0000000f0184be5800d2cb49
0000000f0183eff9010dcdec
0000000f0183b5a60148bc0b
0000000f01840c7f0183ac40
0000000f0184f8f301beb64a
0001000f01868bf401fa045f
0001000f0188f664023608bc
ffff000f018ccd68001e4b11
ffff000f018953b1005bccb1
0000000f018715ee00979a26
0000000f0185a35900d2d215
0000000f0184d393010dd128
0000000f018498dc0148bbb1
0000000f0184f04b0183a850
0000000f0185de5c01beaece
0001000f0187743601f9f98b
0001000f0189e3470235fb4a
ffff000f018ccd68001e4b11
ffff000f018953b1005bccb1
0000000f018715ee00979a26
0000000f0185a35900d2d215
0000000f0184d393010dd128
0000000f018498dc0148bbb1
0000000f0184f04b0183a850
0000000f0185de5c01beaece
0001000f0187743601f9f98b
0001000f0189e3470235fb4a
ffff000f018ccd68001e4b11
ffff000f018953b1005bccb1
0000000f018715ee00979a26
0000000f0185a35900d2d215
0000000f0184d393010dd128
0000000f018498dc0148bbb1
0000000f0184f04b0183a850
0000000f0185de5c01beaece
0001000f0187743601f9f98b
0001000f0189e3470235fb4a
ffff000f018ccd68001e4b11
ffff000f018953b1005bccb1
0000000f018715ee00979a26
0000000f0185a35900d2d215
0000000f0184d393010dd128
0000000f018498dc0148bbb1
0000000f0184f04b0183a850
0000000f0185de5c01beaece
0001000f0187743601f9f98b
0001000f0189e3470235fb4a
ffff000f018ccd68001e4b11
ffff000f018953b1005bccb1
0000000f018715ee00979a26
0000000f0185a35900d2d215
0000000f0184d393010dd128
0000000f018498dc0148bbb1
0000000f0184f04b0183a850
0000000f0185de5c01beaece
0001000f0187743601f9f98b
0001000f0189e3470235fb4a
ffff000f018ccd68001e4b11
ffff000f018953b1005bccb1
0000000f018715ee00979a26
0000000f0185a35900d2d215
0000000f0184d393010dd128
0000000f018498dc0148bbb1
0000000f0184f04b0183a850
0000000f0185de5c01beaece
0001000f0187743601f9f98b
0001000f0189e3470235fb4a
ffff000f018dc014001e5944
ffff000f018a3f56005bd9cb
0000000f0187fd5c0097a469
0000000f0186883100d2d8ec
0000000f0185b704010dd46a
0000000f01857be90148bb56
0000000f0185d3ed0183a45a
0000000f0186c39b01bea747
0001000f01885c5001f9eea9
0001000f018ad0040235edc7
ffff000f018dc014001e5944
ffff000f018a3f56005bd9cb
0000000f0187fd5c0097a469
0000000f0186883100d2d8ec
0000000f0185b704010dd46a
0000000f01857be90148bb56
0000000f0185d3ed0183a45a
0000000f0186c39b01bea747
0001000f01885c5001f9eea9
0001000f018ad0040235edc7
ffff000f018dc014001e5944
ffff000f018a3f56005bd9cb
0000000f0187fd5c0097a469
0000000f0186883100d2d8ec
0000000f0185b704010dd46a
0000000f01857be90148bb56
0000000f0185d3ed0183a45a
0000000f0186c39b01bea747
0001000f01885c5001f9eea9
0001000f018ad0040235edc7
ffff000f018dc014001e5944
ffff000f018a3f56005bd9cb
0000000f0187fd5c0097a469
0000000f0186883100d2d8ec
0000000f0185b704010dd46a
0000000f01857be90148bb56
0000000f0185d3ed0183a45a
0000000f0186c39b01bea747
0001000f01885c5001f9eea9
0001000f018ad0040235edc7
ffff000f018dc014001e5944
ffff000f018a3f56005bd9cb
0000000f0187fd5c0097a469
0000000f0186883100d2d8ec
0000000f0185b704010dd46a
0000000f01857be90148bb56
0000000f0185d3ed0183a45a
0000000f0186c39b01bea747
0001000f01885c5001f9eea9
0001000f018ad0040235edc7
ffff000f018dc014001e5944
ffff000f018a3f56005bd9cb
0000000f0187fd5c0097a469
0000000f0186883100d2d8ec
0000000f0185b704010dd46a
0000000f01857be90148bb56
0000000f0185d3ed0183a45a
0000000f0186c39b01bea747
0001000f01885c5001f9eea9
0001000f018ad0040235edc7
ffff000f018eb2a0001e6787
ffff000f018b2ad5005be6f6
0000000f0188e4a10097aeb9
0000000f01876ce100d2dfcc
0000000f01869a4c010dd7b0
0000000f01865ecd0148bafb
0000000f0186b7660183a05e
0000000f0187a8b201be9fb5
0001000f0189444201f9e3b8
0001000f018bbc9c0235e033
ffff000f018eb2a0001e6787
ffff000f018b2ad5005be6f6
0000000f0188e4a10097aeb9
0000000f01876ce100d2dfcc
0000000f01869a4c010dd7b0
0000000f01865ecd0148bafb
0000000f0186b7660183a05e
0000000f0187a8b201be9fb5
0001000f0189444201f9e3b8
0001000f018bbc9c0235e033
ffff000f018eb2a0001e6787
ffff000f018b2ad5005be6f6
0000000f0188e4a10097aeb9
0000000f01876ce100d2dfcc
0000000f01869a4c010dd7b0
0000000f01865ecd0148bafb
0000000f0186b7660183a05e
0000000f0187a8b201be9fb5
0001000f0189444201f9e3b8
0001000f018bbc9c0235e033
ffff000f018eb2a0001e6787
ffff000f018b2ad5005be6f6
0000000f0188e4a10097aeb9
0000000f01876ce100d2dfcc
0000000f01869a4c010dd7b0
0000000f01865ecd0148bafb
0000000f0186b7660183a05e
0000000f0187a8b201be9fb5
0001000f0189444201f9e3b8
0001000f018bbc9c0235e033
ffff000f018eb2a0001e6787
ffff000f018b2ad5005be6f6
0000000f0188e4a10097aeb9
0000000f01876ce100d2dfcc
0000000f01869a4c010dd7b0
0000000f01865ecd0148bafb
0000000f0186b7660183a05e
0000000f0187a8b201be9fb5
0001000f0189444201f9e3b8
0001000f018bbc9c0235e033
ffff000f018eb2a0001e6787
ffff000f018b2ad5005be6f6
0000000f0188e4a10097aeb9
0000000f01876ce100d2dfcc
0000000f01869a4c010dd7b0
0000000f01865ecd0148bafb
0000000f0186b7660183a05e
0000000f0187a8b201be9fb5
0001000f0189444201f9e3b8
0001000f018bbc9c0235e033
ffff000f018fa50d001e75d8
ffff000f018c162e005bf431
0000000f0189cbbe0097b918
0000000f0188516700d2e6b6
0000000f01877d6b010ddafb
0000000f018741880148baa0
0000000f01879ab601839c5c
0000000f01888da001be9818
0001000f018a2c0c01f9d8b8
0001000f018ca90f0235d28e
ffff000f018fa50d001e75d8
ffff000f018c162e005bf431
0000000f0189cbbe0097b918
0000000f0188516700d2e6b6
0000000f01877d6b010ddafb
0000000f018741880148baa0
0000000f01879ab601839c5c
0000000f01888da001be9818
0001000f018a2c0c01f9d8b8
0001000f018ca90f0235d28e
ffff000f018fa50d001e75d8
ffff000f018c162e005bf431
0000000f0189cbbe0097b918
0000000f0188516700d2e6b6
0000000f01877d6b010ddafb
0000000f018741880148baa0
0000000f01879ab601839c5c
0000000f01888da001be9818
0001000f018a2c0c01f9d8b8
0001000f018ca90f0235d28e
ffff000f018fa50d001e75d8
ffff000f018c162e005bf431
0000000f0189cbbe0097b918
0000000f0188516700d2e6b6
0000000f01877d6b010ddafb
0000000f018741880148baa0
0000000f01879ab601839c5c
0000000f01888da001be9818
0001000f018a2c0c01f9d8b8
0001000f018ca90f0235d28e
ffff000f018fa50d001e75d8
ffff000f018c162e005bf431
0000000f0189cbbe0097b918
0000000f0188516700d2e6b6
0000000f01877d6b010ddafb
0000000f018741880148baa0
0000000f01879ab601839c5c
0000000f01888da001be9818
0001000f018a2c0c01f9d8b8
0001000f018ca90f0235d28e
ffff000f018fa50d001e75d8
ffff000f018c162e005bf431
0000000f0189cbbe0097b918
0000000f0188516700d2e6b6
0000000f01877d6b010ddafb
0000000f018741880148baa0
0000000f01879ab601839c5c
0000000f01888da001be9818
0001000f018a2c0c01f9d8b8
0001000f018ca90f0235d28e
ffff000f01909759001e8439
ffff000f018d0160005c017e
0000000f018ab2b20097c385
0000000f018935c300d2edaa
0000000f01886060010dde4b
0000000f018824190148ba44
0000000f01887ddc01839855
0000000f0189726401be9071
0001000f018b13ad01f9cda9
0001000f018d955d0235c4d9
ffff000f01909759001e8439
ffff000f018d0160005c017e
0000000f018ab2b20097c385
0000000f018935c300d2edaa
0000000f01886060010dde4b
0000000f018824190148ba44
0000000f01887ddc01839855
0000000f0189726401be9071
0001000f018b13ad01f9cda9
0001000f018d955d0235c4d9
ffff000f01909759001e8439
ffff000f018d0160005c017e
0000000f018ab2b20097c385
0000000f018935c300d2edaa
0000000f01886060010dde4b
0000000f018824190148ba44
0000000f01887ddc01839855
0000000f0189726401be9071
0001000f018b13ad01f9cda9
0001000f018d955d0235c4d9
ffff000f01909759001e8439
ffff000f018d0160005c017e
0000000f018ab2b20097c385
0000000f018935c300d2edaa
0000000f01886060010dde4b
0000000f018824190148ba44
0000000f01887ddc01839855
0000000f0189726401be9071
0001000f018b13ad01f9cda9
0001000f018d955d0235c4d9
ffff000f01909759001e8439
ffff000f018d0160005c017e
0000000f018ab2b20097c385
0000000f018935c300d2edaa
0000000f01886060010dde4b
0000000f018824190148ba44
0000000f01887ddc01839855
0000000f0189726401be9071
0001000f018b13ad01f9cda9
0001000f018d955d0235c4d9
ffff000f01909759001e8439
ffff000f018d0160005c017e
0000000f018ab2b20097c385
0000000f018935c300d2edaa
0000000f01886060010dde4b
0000000f018824190148ba44
0000000f01887ddc01839855
0000000f0189726401be9071
0001000f018b13ad01f9cda9
0001000f018d955d0235c4d9
ffff000f01918985001e92a8
ffff000f018dec6c005c0eda
0000000f018b997d0097ce00
0000000f018a19f700d2f4a7
0000000f0189432b010de19f
0000000f018906800148b9e7
0000000f018960d901839448
0000000f018a56ff01be88c0
0001000f018bfb2601f9c28c
0001000f018e81840235b712
ffff000f01918985001e92a8
ffff000f018dec6c005c0eda
0000000f018b997d0097ce00
0000000f018a19f700d2f4a7
0000000f0189432b010de19f
0000000f018906800148b9e7
0000000f018960d901839448
0000000f018a56ff01be88c0
0001000f018bfb2601f9c28c
0001000f018e81840235b712
ffff000f01918985001e92a8
ffff000f018dec6c005c0eda
0000000f018b997d0097ce00
0000000f018a19f700d2f4a7
0000000f0189432b010de19f
0000000f018906800148b9e7
0000000f018960d901839448
0000000f018a56ff01be88c0
0001000f018bfb2601f9c28c
0001000f018e81840235b712
ffff000f01918985001e92a8
ffff000f018dec6c005c0eda
0000000f018b997d0097ce00
0000000f018a19f700d2f4a7
0000000f0189432b010de19f
0000000f018906800148b9e7
0000000f018960d901839448
0000000f018a56ff01be88c0
0001000f018bfb2601f9c28c
0001000f018e81840235b712
ffff000f01918985001e92a8
ffff000f018dec6c005c0eda
0000000f018b997d0097ce00
0000000f018a19f700d2f4a7
0000000f0189432b010de19f
0000000f018906800148b9e7
0000000f018960d901839448
0000000f018a56ff01be88c0
0001000f018bfb2601f9c28c
0001000f018e81840235b712
ffff000f01918985001e92a8
ffff000f018dec6c005c0eda
0000000f018b997d0097ce00
0000000f018a19f700d2f4a7
0000000f0189432b010de19f
0000000f018906800148b9e7
0000000f018960d901839448
0000000f018a56ff01be88c0
0001000f018bfb2601f9c28c
0001000f018e81840235b712
ffff000f01927b92001ea125
ffff000f018ed751005c1c48
0000000f018c801f0097d889
0000000f018afe0000d2fbae
0000000f018a25cd010de4f9
0000000f0189e8bd0148b98a
0000000f018a43ac01839035
0000000f018b3b7001be8104
0001000f018ce27701f9b760
0001000f018f6d870235a93c
ffff000f01927b92001ea125
ffff000f018ed751005c1c48
0000000f018c801f0097d889
0000000f018afe0000d2fbae
0000000f018a25cd010de4f9
0000000f0189e8bd0148b98a
0000000f018a43ac01839035
0000000f018b3b7001be8104
0001000f018ce27701f9b760
0001000f018f6d870235a93c
ffff000f01927b92001ea125
ffff000f018ed751005c1c48
0000000f018c801f0097d889
0000000f018afe0000d2fbae
0000000f018a25cd010de4f9
0000000f0189e8bd0148b98a
0000000f018a43ac01839035
0000000f018b3b7001be8104
0001000f018ce27701f9b760
0001000f018f6d870235a93c
ffff000f01927b92001ea125
ffff000f018ed751005c1c48
0000000f018c801f0097d889
0000000f018afe0000d2fbae
0000000f018a25cd010de4f9
0000000f0189e8bd0148b98a
0000000f018a43ac01839035
0000000f018b3b7001be8104
0001000f018ce27701f9b760
0001000f018f6d870235a93c
ffff000f01927b92001ea125
ffff000f018ed751005c1c48
0000000f018c801f0097d889
0000000f018afe0000d2fbae
0000000f018a25cd010de4f9
0000000f0189e8bd0148b98a
0000000f018a43ac01839035
0000000f018b3b7001be8104
0001000f018ce27701f9b760
0001000f018f6d870235a93c
ffff000f01927b92001ea125
ffff000f018ed751005c1c48
0000000f018c801f0097d889
0000000f018afe0000d2fbae
0000000f018a25cd010de4f9
0000000f0189e8bd0148b98a
0000000f018a43ac01839035
0000000f018b3b7001be8104
0001000f018ce27701f9b760
0001000f018f6d870235a93c
ffff000f01936d7e001eafb1
ffff000f018fc210005c29c5
0000000f018d66980097e320
0000000f018be1e000d302be
0000000f018b0844010de856
0000000f018acad00148b92d
0000000f018b265401838c1d
0000000f018c1fb801be793d
0001000f018dc99e01f9ac25
0001000f0190596302359b54
ffff000f01936d7e001eafb1
ffff000f018fc210005c29c5
0000000f018d66980097e320
0000000f018be1e000d302be
0000000f018b0844010de856
0000000f018acad00148b92d
0000000f018b265401838c1d
0000000f018c1fb801be793d
0001000f018dc99e01f9ac25
0001000f0190596302359b54
ffff000f01936d7e001eafb1
ffff000f018fc210005c29c5
0000000f018d66980097e320
0000000f018be1e000d302be
0000000f018b0844010de856
0000000f018acad00148b92d
0000000f018b265401838c1d
0000000f018c1fb801be793d
0001000f018dc99e01f9ac25
0001000f0190596302359b54
ffff000f01936d7e001eafb1
ffff000f018fc210005c29c5
0000000f018d66980097e320
0000000f018be1e000d302be
0000000f018b0844010de856
0000000f018acad00148b92d
0000000f018b265401838c1d
0000000f018c1fb801be793d
0001000f018dc99e01f9ac25
0001000f0190596302359b54
ffff000f01936d7e001eafb1
ffff000f018fc210005c29c5
0000000f018d66980097e320
0000000f018be1e000d302be
0000000f018b0844010de856
0000000f018acad00148b92d
0000000f018b265401838c1d
0000000f018c1fb801be793d
0001000f018dc99e01f9ac25
0001000f0190596302359b54
ffff000f01936d7e001eafb1
ffff000f018fc210005c29c5
0000000f018d66980097e320
0000000f018be1e000d302be
0000000f018b0844010de856
0000000f018acad00148b92d
0000000f018b265401838c1d
0000000f018c1fb801be793d
0001000f018dc99e01f9ac25
0001000f0190596302359b54
ffff000f01945f4a001ebe4b
ffff000f0190aca8005c3753
0000000f018e4ce80097edc4
0000000f018cc59500d309d8
0000000f018bea91010debb9
0000000f018bacb90148b8ce
0000000f018c08d3018387ff
0000000f018d03d501be716c
0001000f018eb09d01f9a0dc
0001000f0191451902358d5d
ffff000f01945f4a001ebe4b
ffff000f0190aca8005c3753
0000000f018e4ce80097edc4
0000000f018cc59500d309d8
0000000f018bea91010debb9
0000000f018bacb90148b8ce
0000000f018c08d3018387ff
0000000f018d03d501be716c
0001000f018eb09d01f9a0dc
0001000f0191451902358d5d
ffff000f01945f4a001ebe4b
ffff000f0190aca8005c3753
0000000f018e4ce80097edc4
0000000f018cc59500d309d8
0000000f018bea91010debb9
0000000f018bacb90148b8ce
0000000f018c08d3018387ff
0000000f018d03d501be716c
0001000f018eb09d01f9a0dc
0001000f0191451902358d5d
ffff000f01945f4a001ebe4b
ffff000f0190aca8005c3753
0000000f018e4ce80097edc4
0000000f018cc59500d309d8
0000000f018bea91010debb9
0000000f018bacb90148b8ce
0000000f018c08d3018387ff
0000000f018d03d501be716c
0001000f018eb09d01f9a0dc
0001000f0191451902358d5d
ffff000f01945f4a001ebe4b
ffff000f0190aca8005c3753
0000000f018e4ce80097edc4
0000000f018cc59500d309d8
0000000f018bea91010debb9
0000000f018bacb90148b8ce
0000000f018c08d3018387ff
0000000f018d03d501be716c
0001000f018eb09d01f9a0dc
0001000f0191451902358d5d
ffff000f01945f4a001ebe4b
ffff000f0190aca8005c3753
0000000f018e4ce80097edc4
0000000f018cc59500d309d8
0000000f018bea91010debb9
0000000f018bacb90148b8ce
0000000f018c08d3018387ff
0000000f018d03d501be716c
0001000f018eb09d01f9a0dc
0001000f0191451902358d5d
ffff000f019550f6001eccf3
ffff000f01919719005c44f1
0000000f018f330e0097f876
0000000f018da92000d310fc
0000000f018cccb4010def20
0000000f018c8e780148b870
0000000f018ceb27018383db
0000000f018de7c901be6990
0001000f018f977201f99585
0001000f019230aa02357f55
ffff000f019550f6001eccf3
ffff000f01919719005c44f1
0000000f018f330e0097f876
0000000f018da92000d310fc
0000000f018cccb4010def20
0000000f018c8e780148b870
0000000f018ceb27018383db
0000000f018de7c901be6990
0001000f018f977201f99585
0001000f019230aa02357f55
ffff000f019550f6001eccf3
ffff000f01919719005c44f1
0000000f018f330e0097f876
0000000f018da92000d310fc
0000000f018cccb4010def20
0000000f018c8e780148b870
0000000f018ceb27018383db
0000000f018de7c901be6990
0001000f018f977201f99585
0001000f019230aa02357f55
ffff000f019550f6001eccf3
ffff000f01919719005c44f1
0000000f018f330e0097f876
0000000f018da92000d310fc
0000000f018cccb4010def20
0000000f018c8e780148b870
0000000f018ceb27018383db
0000000f018de7c901be6990
0001000f018f977201f99585
0001000f019230aa02357f55
ffff000f019550f6001eccf3
ffff000f01919719005c44f1
0000000f018f330e0097f876
0000000f018da92000d310fc
0000000f018cccb4010def20
0000000f018c8e780148b870
0000000f018ceb27018383db
0000000f018de7c901be6990
0001000f018f977201f99585
0001000f019230aa02357f55
ffff000f019550f6001eccf3
ffff000f01919719005c44f1
0000000f018f330e0097f876
0000000f018da92000d310fc
0000000f018cccb4010def20
0000000f018c8e780148b870
0000000f018ceb27018383db
0000000f018de7c901be6990
0001000f018f977201f99585
0001000f019230aa02357f55
ffff000f01964282001edba8
ffff000f01928163005c529f
0000000f0190190b00980336
0000000f018e8c8100d31829
0000000f018daeac010df28b
0000000f018d700b0148b811
0000000f018dcd5001837fb2
0000000f018ecb9101be61aa
0001000f01907e1e01f98a1f
0001000f01931c140235713d
ffff000f01964282001edba8
ffff000f01928163005c529f
0000000f0190190b00980336
0000000f018e8c8100d31829
0000000f018daeac010df28b
0000000f018d700b0148b811
0000000f018dcd5001837fb2
0000000f018ecb9101be61aa
0001000f01907e1e01f98a1f
0001000f01931c140235713d
ffff000f01964282001edba8
ffff000f01928163005c529f
0000000f0190190b00980336
0000000f018e8c8100d31829
0000000f018daeac010df28b
0000000f018d700b0148b811
0000000f018dcd5001837fb2
0000000f018ecb9101be61aa
0001000f01907e1e01f98a1f
0001000f01931c140235713d
ffff000f01964282001edba8
ffff000f01928163005c529f
0000000f0190190b00980336
0000000f018e8c8100d31829
0000000f018daeac010df28b
0000000f018d700b0148b811
0000000f018dcd5001837fb2
0000000f018ecb9101be61aa
0001000f01907e1e01f98a1f
0001000f01931c140235713d
ffff000f01964282001edba8
ffff000f01928163005c529f
0000000f0190190b00980336
0000000f018e8c8100d31829
0000000f018daeac010df28b
0000000f018d700b0148b811
0000000f018dcd5001837fb2
0000000f018ecb9101be61aa
0001000f01907e1e01f98a1f
0001000f01931c140235713d
ffff000f01964282001edba8
ffff000f01928163005c529f
0000000f0190190b00980336
0000000f018e8c8100d31829
0000000f018daeac010df28b
0000000f018d700b0148b811
0000000f018dcd5001837fb2
0000000f018ecb9101be61aa
0001000f01907e1e01f98a1f
0001000f01931c140235713d
ffff000f019733ee001eea6c
ffff000f01936b86005c605d
0000000f0190fede00980e04
0000000f018f6fb600d31f5f
0000000f018e9079010df5fb
0000000f018e51740148b7b1
0000000f018eaf4e01837b84
0000000f018faf3001be59ba
0001000f019164a101f97eab
0001000f0194075802356316
ffff000f019733ee001eea6c
ffff000f01936b86005c605d
0000000f0190fede00980e04
0000000f018f6fb600d31f5f
0000000f018e9079010df5fb
0000000f018e51740148b7b1
0000000f018eaf4e01837b84
0000000f018faf3001be59ba
0001000f019164a101f97eab
0001000f0194075802356316
ffff000f019733ee001eea6c
ffff000f01936b86005c605d
0000000f0190fede00980e04
0000000f018f6fb600d31f5f
0000000f018e9079010df5fb
0000000f018e51740148b7b1
0000000f018eaf4e01837b84
0000000f018faf3001be59ba
0001000f019164a101f97eab
0001000f0194075802356316
ffff000f019733ee001eea6c
ffff000f01936b86005c605d
0000000f0190fede00980e04
0000000f018f6fb600d31f5f
0000000f018e9079010df5fb
0000000f018e51740148b7b1
0000000f018eaf4e01837b84
0000000f018faf3001be59ba
0001000f019164a101f97eab
0001000f0194075802356316
ffff000f019733ee001eea6c
ffff000f01936b86005c605d
0000000f0190fede00980e04
0000000f018f6fb600d31f5f
0000000f018e9079010df5fb
0000000f018e51740148b7b1
0000000f018eaf4e01837b84
0000000f018faf3001be59ba
0001000f019164a101f97eab
0001000f0194075802356316
ffff000f019733ee001eea6c
ffff000f01936b86005c605d
0000000f0190fede00980e04
0000000f018f6fb600d31f5f
0000000f018e9079010df5fb
0000000f018e51740148b7b1
0000000f018eaf4e01837b84
0000000f018faf3001be59ba
0001000f019164a101f97eab
0001000f0194075802356316
ffff000f01982539001ef93c
ffff000f01945582005c6e2a
0000000f0191e487009818de
0000000f019052c200d3269f
0000000f018f721a010df970
0000000f018f32b20148b751
0000000f018f91210183774f
0000000f019092a301be51bf
0001000f01924afa01f97329
0001000f0194f276023554de
ffff000f01982539001ef93c
ffff000f01945582005c6e2a
0000000f0191e487009818de
0000000f019052c200d3269f
0000000f018f721a010df970
0000000f018f32b20148b751
0000000f018f91210183774f
0000000f019092a301be51bf
0001000f01924afa01f97329
0001000f0194f276023554de
ffff000f01982539001ef93c
ffff000f01945582005c6e2a
0000000f0191e487009818de
0000000f019052c200d3269f
0000000f018f721a010df970
0000000f018f32b20148b751
0000000f018f91210183774f
0000000f019092a301be51bf
0001000f01924afa01f97329
0001000f0194f276023554de
ffff000f01982539001ef93c
ffff000f01945582005c6e2a
0000000f0191e487009818de
0000000f019052c200d3269f
0000000f018f721a010df970
0000000f018f32b20148b751
0000000f018f91210183774f
0000000f019092a301be51bf
0001000f01924afa01f97329
0001000f0194f276023554de
ffff000f01982539001ef93c
ffff000f01945582005c6e2a
0000000f0191e487009818de
0000000f019052c200d3269f
0000000f018f721a010df970
0000000f018f32b20148b751
0000000f018f91210183774f
0000000f019092a301be51bf
0001000f01924afa01f97329
0001000f0194f276023554de
ffff000f01982539001ef93c
ffff000f01945582005c6e2a
0000000f0191e487009818de
0000000f019052c200d3269f
0000000f018f721a010df970
0000000f018f32b20148b751
0000000f018f91210183774f
0000000f019092a301be51bf
0001000f01924afa01f97329
0001000f0194f276023554de
ffff000f01991664001f0819
ffff000f01953f56005c7c07
0000000f0192ca06009823c7
0000000f019135a200d32de8
0000000f01905391010dfce9
0000000f019013c40148b6f1
0000000f019072c901837316
0000000f019175ec01be49bb
0001000f0193312901f96799
0001000f0195dd6d02354697
ffff000f01991664001f0819
ffff000f01953f56005c7c07
0000000f0192ca06009823c7
0000000f019135a200d32de8
0000000f01905391010dfce9
0000000f019013c40148b6f1
0000000f019072c901837316
0000000f019175ec01be49bb
0001000f0193312901f96799
0001000f0195dd6d02354697
ffff000f01991664001f0819
ffff000f01953f56005c7c07
0000000f0192ca06009823c7
0000000f019135a200d32de8
0000000f01905391010dfce9
0000000f019013c40148b6f1
0000000f019072c901837316
0000000f019175ec01be49bb
0001000f0193312901f96799
0001000f0195dd6d02354697
ffff000f01991664001f0819
ffff000f01953f56005c7c07
0000000f0192ca06009823c7
0000000f019135a200d32de8
0000000f01905391010dfce9
0000000f019013c40148b6f1
0000000f019072c901837316
0000000f019175ec01be49bb
0001000f0193312901f96799
0001000f0195dd6d02354697
ffff000f01991664001f0819
ffff000f01953f56005c7c07
0000000f0192ca06009823c7
0000000f019135a200d32de8
0000000f01905391010dfce9
0000000f019013c40148b6f1
0000000f019072c901837316
0000000f019175ec01be49bb
0001000f0193312901f96799
0001000f0195dd6d02354697
ffff000f01991664001f0819
ffff000f01953f56005c7c07
0000000f0192ca06009823c7
0000000f019135a200d32de8
0000000f01905391010dfce9
0000000f019013c40148b6f1
0000000f019072c901837316
0000000f019175ec01be49bb
0001000f0193312901f96799
0001000f0195dd6d02354697
ffff000f019a076f001f1704
ffff000f01962903005c89f3
0000000f0193af5b00982ebc
0000000f0192185700d3353b
0000000f019134dc010e0067
0000000f0190f4ab0148b68f
0000000f0191544601836ed7
0000000f0192590901be41ac
0001000f0194172e01f95bfb
0001000f0196c83e02353841
ffff000f019a076f001f1704
ffff000f01962903005c89f3
0000000f0193af5b00982ebc
0000000f0192185700d3353b
0000000f019134dc010e0067
0000000f0190f4ab0148b68f
0000000f0191544601836ed7
0000000f0192590901be41ac
0001000f0194172e01f95bfb
0001000f0196c83e02353841
ffff000f019a076f001f1704
ffff000f01962903005c89f3
0000000f0193af5b00982ebc
0000000f0192185700d3353b
0000000f019134dc010e0067
0000000f0190f4ab0148b68f
0000000f0191544601836ed7
0000000f0192590901be41ac
0001000f0194172e01f95bfb
0001000f0196c83e02353841
ffff000f019a076f001f1704
ffff000f01962903005c89f3
0000000f0193af5b00982ebc
0000000f0192185700d3353b
0000000f019134dc010e0067
0000000f0190f4ab0148b68f
0000000f0191544601836ed7
0000000f0192590901be41ac
0001000f0194172e01f95bfb
0001000f0196c83e02353841
ffff000f019a076f001f1704
ffff000f01962903005c89f3
0000000f0193af5b00982ebc
0000000f0192185700d3353b
0000000f019134dc010e0067
0000000f0190f4ab0148b68f
0000000f0191544601836ed7
0000000f0192590901be41ac
0001000f0194172e01f95bfb
0001000f0196c83e02353841
ffff000f019a076f001f1704
ffff000f01962903005c89f3
0000000f0193af5b00982ebc
0000000f0192185700d3353b
0000000f019134dc010e0067
0000000f0190f4ab0148b68f
0000000f0191544601836ed7
0000000f0192590901be41ac
0001000f0194172e01f95bfb
0001000f0196c83e02353841
ffff000f019af85a001f25fb
ffff000f01971288005c97ef
0000000f01949485009839bf
0000000f0192fae000d33c97
0000000f019215fc010e03e9
0000000f0191d5660148b62e
0000000f0192359701836a92
0000000f01933bfc01be3993
0001000f0194fd0a01f9504f
0001000f0197b2e8023529db
ffff000f019af85a001f25fb
ffff000f01971288005c97ef
0000000f01949485009839bf
0000000f0192fae000d33c97
0000000f019215fc010e03e9
0000000f0191d5660148b62e
0000000f0192359701836a92
0000000f01933bfc01be3993
0001000f0194fd0a01f9504f
0001000f0197b2e8023529db
ffff000f019af85a001f25fb
ffff000f01971288005c97ef
0000000f01949485009839bf
0000000f0192fae000d33c97
0000000f019215fc010e03e9
0000000f0191d5660148b62e
0000000f0192359701836a92
0000000f01933bfc01be3993
0001000f0194fd0a01f9504f
0001000f0197b2e8023529db
ffff000f019af85a001f25fb
ffff000f01971288005c97ef
0000000f01949485009839bf
0000000f0192fae000d33c97
0000000f019215fc010e03e9
0000000f0191d5660148b62e
0000000f0192359701836a92
0000000f01933bfc01be3993
0001000f0194fd0a01f9504f
0001000f0197b2e8023529db
ffff000f019af85a001f25fb
ffff000f01971288005c97ef
0000000f01949485009839bf
0000000f0192fae000d33c97
0000000f019215fc010e03e9
0000000f0191d5660148b62e
0000000f0192359701836a92
0000000f01933bfc01be3993
0001000f0194fd0a01f9504f
0001000f0197b2e8023529db
ffff000f019af85a001f25fb
ffff000f01971288005c97ef
0000000f01949485009839bf
0000000f0192fae000d33c97
0000000f019215fc010e03e9
0000000f0191d5660148b62e
0000000f0192359701836a92
0000000f01933bfc01be3993
0001000f0194fd0a01f9504f
0001000f0197b2e8023529db
ffff000f019be924001f34ff
ffff000f0197fbe6005ca5fa
0000000f01957985009844cf
0000000f0193dd3e00d343fb
0000000f0192f6f0010e0770
0000000f0192b5f60148b5cc
0000000f019316bd01836648
0000000f01941ec201be3170
0001000f0195e2bb01f94495
0001000f01989d6b02351b66
ffff000f019be924001f34ff
ffff000f0197fbe6005ca5fa
0000000f01957985009844cf
0000000f0193dd3e00d343fb
0000000f0192f6f0010e0770
0000000f0192b5f60148b5cc
0000000f019316bd01836648
0000000f01941ec201be3170
0001000f0195e2bb01f94495
0001000f01989d6b02351b66
ffff000f019be924001f34ff
ffff000f0197fbe6005ca5fa
0000000f01957985009844cf
0000000f0193dd3e00d343fb
0000000f0192f6f0010e0770
0000000f0192b5f60148b5cc
0000000f019316bd01836648
0000000f01941ec201be3170
0001000f0195e2bb01f94495
0001000f01989d6b02351b66
ffff000f019be924001f34ff
ffff000f0197fbe6005ca5fa
0000000f01957985009844cf
0000000f0193dd3e00d343fb
0000000f0192f6f0010e0770
0000000f0192b5f60148b5cc
0000000f019316bd01836648
0000000f01941ec201be3170
0001000f0195e2bb01f94495
0001000f01989d6b02351b66
ffff000f019be924001f34ff
ffff000f0197fbe6005ca5fa
0000000f01957985009844cf
0000000f0193dd3e00d343fb
0000000f0192f6f0010e0770
0000000f0192b5f60148b5cc
0000000f019316bd01836648
0000000f01941ec201be3170
0001000f0195e2bb01f94495
0001000f01989d6b02351b66
ffff000f019be924001f34ff
ffff000f0197fbe6005ca5fa
0000000f01957985009844cf
0000000f0193dd3e00d343fb
0000000f0192f6f0010e0770
0000000f0192b5f60148b5cc
0000000f019316bd01836648
0000000f01941ec201be3170
0001000f0195e2bb01f94495
0001000f01989d6b02351b66
ffff000f019cd9ce001f440f
ffff000f0198e51b005cb414
0000000f01965e5a00984fec
0000000f0194bf7100d34b69
0000000f0193d7b8010e0afb
0000000f019396590148b569
0000000f0193f7b6018361f9
0000000f0195015e01be2943
0001000f0196c84201f938ce
0001000f019987c802350ce2
ffff000f019cd9ce001f440f
ffff000f0198e51b005cb414
0000000f01965e5a00984fec
0000000f0194bf7100d34b69
0000000f0193d7b8010e0afb
0000000f019396590148b569
0000000f0193f7b6018361f9
0000000f0195015e01be2943
0001000f0196c84201f938ce
0001000f019987c802350ce2
ffff000f019cd9ce001f440f
ffff000f0198e51b005cb414
0000000f01965e5a00984fec
0000000f0194bf7100d34b69
0000000f0193d7b8010e0afb
0000000f019396590148b569
0000000f0193f7b6018361f9
0000000f0195015e01be2943
0001000f0196c84201f938ce
0001000f019987c802350ce2
ffff000f019cd9ce001f440f
ffff000f0198e51b005cb414
0000000f01965e5a00984fec
0000000f0194bf7100d34b69
0000000f0193d7b8010e0afb
0000000f019396590148b569
0000000f0193f7b6018361f9
0000000f0195015e01be2943
0001000f0196c84201f938ce
0001000f019987c802350ce2
ffff000f019cd9ce001f440f
ffff000f0198e51b005cb414
0000000f01965e5a00984fec
0000000f0194bf7100d34b69
0000000f0193d7b8010e0afb
0000000f019396590148b569
0000000f0193f7b6018361f9
0000000f0195015e01be2943
0001000f0196c84201f938ce
0001000f019987c802350ce2
ffff000f019cd9ce001f440f
ffff000f0198e51b005cb414
0000000f01965e5a00984fec
0000000f0194bf7100d34b69
0000000f0193d7b8010e0afb
0000000f019396590148b569
0000000f0193f7b6018361f9
0000000f0195015e01be2943
0001000f0196c84201f938ce
0001000f019987c802350ce2
ffff000f019dca57001f532a
ffff000f0199ce29005cc23d
0000000f0197430400985b16
0000000f0195a17700d352e0
0000000f0194b854010e0e8b
0000000f019476900148b506
0000000f0194d88301835da4
0000000f0195e3cd01be210c
0001000f0197ad9e01f92cf9
0001000f019a71fd0234fe4f
ffff000f019dca57001f532a
ffff000f0199ce29005cc23d
0000000f0197430400985b16
0000000f0195a17700d352e0
0000000f0194b854010e0e8b
0000000f019476900148b506
0000000f0194d88301835da4
0000000f0195e3cd01be210c
0001000f0197ad9e01f92cf9
0001000f019a71fd0234fe4f
ffff000f019dca57001f532a
ffff000f0199ce29005cc23d
0000000f0197430400985b16
0000000f0195a17700d352e0
0000000f0194b854010e0e8b
0000000f019476900148b506
0000000f0194d88301835da4
0000000f0195e3cd01be210c
0001000f0197ad9e01f92cf9
0001000f019a71fd0234fe4f
ffff000f019dca57001f532a
ffff000f0199ce29005cc23d
0000000f0197430400985b16
0000000f0195a17700d352e0
0000000f0194b854010e0e8b
0000000f019476900148b506
0000000f0194d88301835da4
0000000f0195e3cd01be210c
0001000f0197ad9e01f92cf9
0001000f019a71fd0234fe4f
ffff000f019dca57001f532a
ffff000f0199ce29005cc23d
0000000f0197430400985b16
0000000f0195a17700d352e0
0000000f0194b854010e0e8b
0000000f019476900148b506
0000000f0194d88301835da4
0000000f0195e3cd01be210c
0001000f0197ad9e01f92cf9
0001000f019a71fd0234fe4f
ffff000f019dca57001f532a
ffff000f0199ce29005cc23d
0000000f0197430400985b16
0000000f0195a17700d352e0
0000000f0194b854010e0e8b
0000000f019476900148b506
0000000f0194d88301835da4
0000000f0195e3cd01be210c
0001000f0197ad9e01f92cf9
0001000f019a71fd0234fe4f
ffff000f019ebac0001f6252
ffff000f019ab70f005cd075
0000000f019827830098664d
0000000f0196835200d35a61
0000000f019598c3010e121f
0000000f0195569b0148b4a3
0000000f0195b9240183594a
0000000f0196c61101be18cb
0001000f019892d001f92117
0001000f019b5c0c0234efad
ffff000f019ebac0001f6252
ffff000f019ab70f005cd075
0000000f019827830098664d
0000000f0196835200d35a61
0000000f019598c3010e121f
0000000f0195569b0148b4a3
0000000f0195b9240183594a
0000000f0196c61101be18cb
0001000f019892d001f92117
0001000f019b5c0c0234efad
ffff000f019ebac0001f6252
ffff000f019ab70f005cd075
0000000f019827830098664d
0000000f0196835200d35a61
0000000f019598c3010e121f
0000000f0195569b0148b4a3
0000000f0195b9240183594a
0000000f0196c61101be18cb
0001000f019892d001f92117
0001000f019b5c0c0234efad
ffff000f019ebac0001f6252
ffff000f019ab70f005cd075
0000000f019827830098664d
0000000f0196835200d35a61
0000000f019598c3010e121f
0000000f0195569b0148b4a3
0000000f0195b9240183594a
0000000f0196c61101be18cb
0001000f019892d001f92117
0001000f019b5c0c0234efad
ffff000f019ebac0001f6252
ffff000f019ab70f005cd075
0000000f019827830098664d
0000000f0196835200d35a61
0000000f019598c3010e121f
0000000f0195569b0148b4a3
0000000f0195b9240183594a
0000000f0196c61101be18cb
0001000f019892d001f92117
0001000f019b5c0c0234efad
ffff000f019ebac0001f6252
ffff000f019ab70f005cd075
0000000f019827830098664d
0000000f0196835200d35a61
0000000f019598c3010e121f
0000000f0195569b0148b4a3
0000000f0195b9240183594a
0000000f0196c61101be18cb
0001000f019892d001f92117
0001000f019b5c0c0234efad
ffff000f019fab09001f7186
ffff000f019b9fcd005cdebb
0000000f01990bd800987191
0000000f0197650000d361ea
0000000f01967907010e15b7
0000000f0196367a0148b43f
0000000f01969999018354ea
0000000f0197a82901be1081
0001000f019977d701f91527
0001000f019c45f40234e0fd
ffff000f019fab09001f7186
ffff000f019b9fcd005cdebb
0000000f01990bd800987191
0000000f0197650000d361ea
0000000f01967907010e15b7
0000000f0196367a0148b43f
0000000f01969999018354ea
0000000f0197a82901be1081
0001000f019977d701f91527
0001000f019c45f40234e0fd
ffff000f019fab09001f7186
ffff000f019b9fcd005cdebb
0000000f01990bd800987191
0000000f0197650000d361ea
0000000f01967907010e15b7
0000000f0196367a0148b43f
0000000f01969999018354ea
0000000f0197a82901be1081
0001000f019977d701f91527
0001000f019c45f40234e0fd
ffff000f019fab09001f7186
ffff000f019b9fcd005cdebb
0000000f01990bd800987191
0000000f0197650000d361ea
0000000f01967907010e15b7
0000000f0196367a0148b43f
0000000f01969999018354ea
0000000f0197a82901be1081
0001000f019977d701f91527
0001000f019c45f40234e0fd
ffff000f019fab09001f7186
ffff000f019b9fcd005cdebb
0000000f01990bd800987191
0000000f0197650000d361ea
0000000f01967907010e15b7
0000000f0196367a0148b43f
0000000f01969999018354ea
0000000f0197a82901be1081
0001000f019977d701f91527
0001000f019c45f40234e0fd
ffff000f019fab09001f7186
ffff000f019b9fcd005cdebb
0000000f01990bd800987191
0000000f0197650000d361ea
0000000f01967907010e15b7
0000000f0196367a0148b43f
0000000f01969999018354ea
0000000f0197a82901be1081
0001000f019977d701f91527
0001000f019c45f40234e0fd
ffff000f01a09b32001f80c5
ffff000f019c8863005ced11
0000000f0199f00000987ce2
0000000f0198468200d3697c
0000000f0197591d010e1954
0000000f0197162c0148b3da
0000000f019779e101835085
0000000f01988a1401be082c
0001000f019a5cb301f9092a
0001000f019d2fb40234d23e
ffff000f01a09b32001f80c5
ffff000f019c8863005ced11
0000000f0199f00000987ce2
0000000f0198468200d3697c
0000000f0197591d010e1954
0000000f0197162c0148b3da
0000000f019779e101835085
0000000f01988a1401be082c
0001000f019a5cb301f9092a
0001000f019d2fb40234d23e
ffff000f01a09b32001f80c5
ffff000f019c8863005ced11
0000000f0199f00000987ce2
0000000f0198468200d3697c
0000000f0197591d010e1954
0000000f0197162c0148b3da
0000000f019779e101835085
0000000f01988a1401be082c
0001000f019a5cb301f9092a
0001000f019d2fb40234d23e
ffff000f01a09b32001f80c5
ffff000f019c8863005ced11
0000000f0199f00000987ce2
0000000f0198468200d3697c
0000000f0197591d010e1954
0000000f0197162c0148b3da
0000000f019779e101835085
0000000f01988a1401be082c
0001000f019a5cb301f9092a
0001000f019d2fb40234d23e
ffff000f01a09b32001f80c5
ffff000f019c8863005ced11
0000000f0199f00000987ce2
0000000f0198468200d3697c
0000000f0197591d010e1954
0000000f0197162c0148b3da
0000000f019779e101835085
0000000f01988a1401be082c
0001000f019a5cb301f9092a
0001000f019d2fb40234d23e
ffff000f01a09b32001f80c5
ffff000f019c8863005ced11
0000000f0199f00000987ce2
0000000f0198468200d3697c
0000000f0197591d010e1954
0000000f0197162c0148b3da
0000000f019779e101835085
0000000f01988a1401be082c
0001000f019a5cb301f9092a
0001000f019d2fb40234d23e
ffff000f01a18b3a001f900f
ffff000f019d70d0005cfb74
0000000f019ad3fe0098883f
0000000f019927d800d37117
0000000f01983907010e1cf5
0000000f0197f5b00148b375
0000000f019859fc01834c1b
0000000f01996bd301bdffce
0001000f019b416401f8fd1f
0001000f019e194d0234c371
ffff000f01a18b3a001f900f
ffff000f019d70d0005cfb74
0000000f019ad3fe0098883f
0000000f019927d800d37117
0000000f01983907010e1cf5
0000000f0197f5b00148b375
0000000f019859fc01834c1b
0000000f01996bd301bdffce
0001000f019b416401f8fd1f
0001000f019e194d0234c371
ffff000f01a18b3a001f900f
ffff000f019d70d0005cfb74
0000000f019ad3fe0098883f
0000000f019927d800d37117
0000000f01983907010e1cf5
0000000f0197f5b00148b375
0000000f019859fc01834c1b
0000000f01996bd301bdffce
0001000f019b416401f8fd1f
0001000f019e194d0234c371
ffff000f01a18b3a001f900f
ffff000f019d70d0005cfb74
0000000f019ad3fe0098883f
0000000f019927d800d37117
0000000f01983907010e1cf5
0000000f0197f5b00148b375
0000000f019859fc01834c1b
0000000f01996bd301bdffce
0001000f019b416401f8fd1f
0001000f019e194d0234c371
ffff000f01a18b3a001f900f
ffff000f019d70d0005cfb74
0000000f019ad3fe0098883f
0000000f019927d800d37117
0000000f01983907010e1cf5
0000000f0197f5b00148b375
0000000f019859fc01834c1b
0000000f01996bd301bdffce
0001000f019b416401f8fd1f
0001000f019e194d0234c371
ffff000f01a18b3a001f900f
ffff000f019d70d0005cfb74
0000000f019ad3fe0098883f
0000000f019927d800d37117
0000000f01983907010e1cf5
0000000f0197f5b00148b375
0000000f019859fc01834c1b
0000000f01996bd301bdffce
0001000f019b416401f8fd1f
0001000f019e194d0234c371
ffff000f01a27b21001f9f64
ffff000f019e5915005d09e6
0000000f019bb7d0009893a9
0000000f019a090100d378bb
0000000f019918c3010e209a
0000000f0198d5080148b310
0000000f019939eb018347ac
0000000f019a4d6601bdf766
0001000f019c25ea01f8f108
0001000f019f02bf0234b496
ffff000f01a27b21001f9f64
ffff000f019e5915005d09e6
0000000f019bb7d0009893a9
0000000f019a090100d378bb
0000000f019918c3010e209a
0000000f0198d5080148b310
0000000f019939eb018347ac
0000000f019a4d6601bdf766
0001000f019c25ea01f8f108
0001000f019f02bf0234b496
ffff000f01a27b21001f9f64
ffff000f019e5915005d09e6
0000000f019bb7d0009893a9
0000000f019a090100d378bb
0000000f019918c3010e209a
0000000f0198d5080148b310
0000000f019939eb018347ac
0000000f019a4d6601bdf766
0001000f019c25ea01f8f108
0001000f019f02bf0234b496
ffff000f01a27b21001f9f64
ffff000f019e5915005d09e6
0000000f019bb7d0009893a9
0000000f019a090100d378bb
0000000f019918c3010e209a
0000000f0198d5080148b310
0000000f019939eb018347ac
0000000f019a4d6601bdf766
0001000f019c25ea01f8f108
0001000f019f02bf0234b496
ffff000f01a27b21001f9f64
ffff000f019e5915005d09e6
0000000f019bb7d0009893a9
0000000f019a090100d378bb
0000000f019918c3010e209a
0000000f0198d5080148b310
0000000f019939eb018347ac
0000000f019a4d6601bdf766
0001000f019c25ea01f8f108
0001000f019f02bf0234b496
ffff000f01a27b21001f9f64
ffff000f019e5915005d09e6
0000000f019bb7d0009893a9
0000000f019a090100d378bb
0000000f019918c3010e209a
0000000f0198d5080148b310
0000000f019939eb018347ac
0000000f019a4d6601bdf766
0001000f019c25ea01f8f108
0001000f019f02bf0234b496
ffff000f01a36ae9001faec4
ffff000f019f4132005d1866
0000000f019c9b7700989f1f
0000000f019ae9fd00d38067
0000000f0199f853010e2444
0000000f0199b4330148b2aa
0000000f019a19ac01834338
0000000f019b2ecc01bdeef5
0001000f019d0a4501f8e4e3
0001000f019fec0a0234a5ad
ffff000f01a36ae9001faec4
ffff000f019f4132005d1866
0000000f019c9b7700989f1f
0000000f019ae9fd00d38067
0000000f0199f853010e2444
0000000f0199b4330148b2aa
0000000f019a19ac01834338
0000000f019b2ecc01bdeef5
0001000f019d0a4501f8e4e3
0001000f019fec0a0234a5ad
ffff000f01a36ae9001faec4
ffff000f019f4132005d1866
0000000f019c9b7700989f1f
0000000f019ae9fd00d38067
0000000f0199f853010e2444
0000000f0199b4330148b2aa
0000000f019a19ac01834338
0000000f019b2ecc01bdeef5
0001000f019d0a4501f8e4e3
0001000f019fec0a0234a5ad
ffff000f01a36ae9001faec4
ffff000f019f4132005d1866
0000000f019c9b7700989f1f
0000000f019ae9fd00d38067
0000000f0199f853010e2444
0000000f0199b4330148b2aa
0000000f019a19ac01834338
0000000f019b2ecc01bdeef5
0001000f019d0a4501f8e4e3
0001000f019fec0a0234a5ad
ffff000f01a36ae9001faec4
ffff000f019f4132005d1866
0000000f019c9b7700989f1f
0000000f019ae9fd00d38067
0000000f0199f853010e2444
0000000f0199b4330148b2aa
0000000f019a19ac01834338
0000000f019b2ecc01bdeef5
0001000f019d0a4501f8e4e3
0001000f019fec0a0234a5ad
ffff000f01a36ae9001faec4
ffff000f019f4132005d1866
0000000f019c9b7700989f1f
0000000f019ae9fd00d38067
0000000f0199f853010e2444
0000000f0199b4330148b2aa
0000000f019a19ac01834338
0000000f019b2ecc01bdeef5
0001000f019d0a4501f8e4e3
0001000f019fec0a0234a5ad
ffff000f01a45a90001fbe2f
ffff000f01a02926005d26f4
0000000f019d7ef10098aaa2
0000000f019bcacc00d3881d
0000000f019ad7b5010e27f2
0000000f019a93300148b244
0000000f019af94001833ebe
0000000f019c100501bde67a
0001000f019dee7501f8d8b2
0001000f01a0d52d023496b5
ffff000f01a45a90001fbe2f
ffff000f01a02926005d26f4
0000000f019d7ef10098aaa2
0000000f019bcacc00d3881d
0000000f019ad7b5010e27f2
0000000f019a93300148b244
0000000f019af94001833ebe
0000000f019c100501bde67a
0001000f019dee7501f8d8b2
0001000f01a0d52d023496b5
ffff000f01a45a90001fbe2f
ffff000f01a02926005d26f4
0000000f019d7ef10098aaa2
0000000f019bcacc00d3881d
0000000f019ad7b5010e27f2
0000000f019a93300148b244
0000000f019af94001833ebe
0000000f019c100501bde67a
0001000f019dee7501f8d8b2
0001000f01a0d52d023496b5
ffff000f01a45a90001fbe2f
ffff000f01a02926005d26f4
0000000f019d7ef10098aaa2
0000000f019bcacc00d3881d
0000000f019ad7b5010e27f2
0000000f019a93300148b244
0000000f019af94001833ebe
0000000f019c100501bde67a
0001000f019dee7501f8d8b2
0001000f01a0d52d023496b5
ffff000f01a45a90001fbe2f
ffff000f01a02926005d26f4
0000000f019d7ef10098aaa2
0000000f019bcacc00d3881d
0000000f019ad7b5010e27f2
0000000f019a93300148b244
0000000f019af94001833ebe
0000000f019c100501bde67a
0001000f019dee7501f8d8b2
0001000f01a0d52d023496b5
ffff000f01a45a90001fbe2f
ffff000f01a02926005d26f4
0000000f019d7ef10098aaa2
0000000f019bcacc00d3881d
0000000f019ad7b5010e27f2
0000000f019a93300148b244
0000000f019af94001833ebe
0000000f019c100501bde67a
0001000f019dee7501f8d8b2
0001000f01a0d52d023496b5
ffff000f01a54a17001fcda4
ffff000f01a110f2005d3590
0000000f019e62400098b631
0000000f019cab6e00d38fdb
0000000f019bb6ea010e2ba4
0000000f019b72000148b1dd
0000000f019bd8a701833a3f
0000000f019cf11201bdddf5
0001000f019ed27901f8cc73
0001000f01a1be29023487b1
ffff000f01a54a17001fcda4
ffff000f01a110f2005d3590
0000000f019e62400098b631
0000000f019cab6e00d38fdb
0000000f019bb6ea010e2ba4
0000000f019b72000148b1dd
0000000f019bd8a701833a3f
0000000f019cf11201bdddf5
0001000f019ed27901f8cc73
0001000f01a1be29023487b1
ffff000f01a54a17001fcda4
ffff000f01a110f2005d3590
0000000f019e62400098b631
0000000f019cab6e00d38fdb
0000000f019bb6ea010e2ba4
0000000f019b72000148b1dd
0000000f019bd8a701833a3f
0000000f019cf11201bdddf5
0001000f019ed27901f8cc73
0001000f01a1be29023487b1
ffff000f01a54a17001fcda4
ffff000f01a110f2005d3590
0000000f019e62400098b631
0000000f019cab6e00d38fdb
0000000f019bb6ea010e2ba4
0000000f019b72000148b1dd
0000000f019bd8a701833a3f
0000000f019cf11201bdddf5
0001000f019ed27901f8cc73
0001000f01a1be29023487b1
ffff000f01a54a17001fcda4
ffff000f01a110f2005d3590
0000000f019e62400098b631
0000000f019cab6e00d38fdb
0000000f019bb6ea010e2ba4
0000000f019b72000148b1dd
0000000f019bd8a701833a3f
0000000f019cf11201bdddf5
0001000f019ed27901f8cc73
0001000f01a1be29023487b1
ffff000f01a54a17001fcda4
ffff000f01a110f2005d3590
0000000f019e62400098b631
0000000f019cab6e00d38fdb
0000000f019bb6ea010e2ba4
0000000f019b72000148b1dd
0000000f019bd8a701833a3f
0000000f019cf11201bdddf5
0001000f019ed27901f8cc73
0001000f01a1be29023487b1
ffff000f01a6397e001fdd23
ffff000f01a1f895005d4439
0000000f019f45630098c1cc
0000000f019d8be300d397a2
0000000f019c95f1010e2f5b
0000000f019c50a20148b176
0000000f019cb7e0018335bb
0000000f019dd1f101bdd567
0001000f019fb65101f8c028
0001000f01a2a6fd0234789e
ffff000f01a6397e001fdd23
ffff000f01a1f895005d4439
0000000f019f45630098c1cc
0000000f019d8be300d397a2
0000000f019c95f1010e2f5b
0000000f019c50a20148b176
0000000f019cb7e0018335bb
0000000f019dd1f101bdd567
0001000f019fb65101f8c028
0001000f01a2a6fd0234789e
ffff000f01a6397e001fdd23
ffff000f01a1f895005d4439
0000000f019f45630098c1cc
0000000f019d8be300d397a2
0000000f019c95f1010e2f5b
0000000f019c50a20148b176
0000000f019cb7e0018335bb
0000000f019dd1f101bdd567
0001000f019fb65101f8c028
0001000f01a2a6fd0234789e
ffff000f01a6397e001fdd23
ffff000f01a1f895005d4439
0000000f019f45630098c1cc
0000000f019d8be300d397a2
0000000f019c95f1010e2f5b
0000000f019c50a20148b176
0000000f019cb7e0018335bb
0000000f019dd1f101bdd567
0001000f019fb65101f8c028
0001000f01a2a6fd0234789e
ffff000f01a6397e001fdd23
ffff000f01a1f895005d4439
0000000f019f45630098c1cc
0000000f019d8be300d397a2
0000000f019c95f1010e2f5b
0000000f019c50a20148b176
0000000f019cb7e0018335bb
0000000f019dd1f101bdd567
0001000f019fb65101f8c028
0001000f01a2a6fd0234789e
ffff000f01a6397e001fdd23
ffff000f01a1f895005d4439
0000000f019f45630098c1cc
0000000f019d8be300d397a2
0000000f019c95f1010e2f5b
0000000f019c50a20148b176
0000000f019cb7e0018335bb
0000000f019dd1f101bdd567
0001000f019fb65101f8c028
0001000f01a2a6fd0234789e
ffff000f01a728c4001fecac
ffff000f01a2e00f005d52f0
0000000f01a028590098cd74
0000000f019e6c2b00d39f72
0000000f019d74cb010e3316
0000000f019d2f170148b10e
0000000f019d96eb01833132
0000000f019eb2a301bdcccf
0001000f01a099fe01f8b3d0
0001000f01a38faa0234697e
ffff000f01a728c4001fecac
ffff000f01a2e00f005d52f0
0000000f01a028590098cd74
0000000f019e6c2b00d39f72
0000000f019d74cb010e3316
0000000f019d2f170148b10e
0000000f019d96eb01833132
0000000f019eb2a301bdcccf
0001000f01a099fe01f8b3d0
0001000f01a38faa0234697e
ffff000f01a728c4001fecac
ffff000f01a2e00f005d52f0
0000000f01a028590098cd74
0000000f019e6c2b00d39f72
0000000f019d74cb010e3316
0000000f019d2f170148b10e
0000000f019d96eb01833132
0000000f019eb2a301bdcccf
0001000f01a099fe01f8b3d0
0001000f01a38faa0234697e
ffff000f01a728c4001fecac
ffff000f01a2e00f005d52f0
0000000f01a028590098cd74
0000000f019e6c2b00d39f72
0000000f019d74cb010e3316
0000000f019d2f170148b10e
0000000f019d96eb01833132
0000000f019eb2a301bdcccf
0001000f01a099fe01f8b3d0
0001000f01a38faa0234697e
ffff000f01a728c4001fecac
ffff000f01a2e00f005d52f0
0000000f01a028590098cd74
0000000f019e6c2b00d39f72
0000000f019d74cb010e3316
0000000f019d2f170148b10e
0000000f019d96eb01833132
0000000f019eb2a301bdcccf
0001000f01a099fe01f8b3d0
0001000f01a38faa0234697e
ffff000f01a728c4001fecac
ffff000f01a2e00f005d52f0
0000000f01a028590098cd74
0000000f019e6c2b00d39f72
0000000f019d74cb010e3316
0000000f019d2f170148b10e
0000000f019d96eb01833132
0000000f019eb2a301bdcccf
0001000f01a099fe01f8b3d0
0001000f01a38faa0234697e
ffff000f01a817ea001ffc3f
ffff000f01a3c760005d61b5
0000000f01a10b240098d928
0000000f019f4c4500d3a74a
0000000f019e5376010e36d4
0000000f019e0d5d0148b0a6
0000000f019e75c801832ca4
0000000f019f932701bdc42f
0001000f01a17d7f01f8a76c
0001000f01a4782f02345a51
ffff000f01a817ea001ffc3f
ffff000f01a3c760005d61b5
0000000f01a10b240098d928
0000000f019f4c4500d3a74a
0000000f019e5376010e36d4
0000000f019e0d5d0148b0a6
0000000f019e75c801832ca4
0000000f019f932701bdc42f
0001000f01a17d7f01f8a76c
0001000f01a4782f02345a51
ffff000f01a817ea001ffc3f
ffff000f01a3c760005d61b5
0000000f01a10b240098d928
0000000f019f4c4500d3a74a
0000000f019e5376010e36d4
0000000f019e0d5d0148b0a6
0000000f019e75c801832ca4
0000000f019f932701bdc42f
0001000f01a17d7f01f8a76c
0001000f01a4782f02345a51
ffff000f01a817ea001ffc3f
ffff000f01a3c760005d61b5
0000000f01a10b240098d928
0000000f019f4c4500d3a74a
0000000f019e5376010e36d4
0000000f019e0d5d0148b0a6
0000000f019e75c801832ca4
0000000f019f932701bdc42f
0001000f01a17d7f01f8a76c
0001000f01a4782f02345a51
ffff000f01a817ea001ffc3f
ffff000f01a3c760005d61b5
0000000f01a10b240098d928
0000000f019f4c4500d3a74a
0000000f019e5376010e36d4
0000000f019e0d5d0148b0a6
0000000f019e75c801832ca4
0000000f019f932701bdc42f
0001000f01a17d7f01f8a76c
0001000f01a4782f02345a51
ffff000f01a817ea001ffc3f
ffff000f01a3c760005d61b5
0000000f01a10b240098d928
0000000f019f4c4500d3a74a
0000000f019e5376010e36d4
0000000f019e0d5d0148b0a6
0000000f019e75c801832ca4
0000000f019f932701bdc42f
0001000f01a17d7f01f8a76c
0001000f01a4782f02345a51
ffff000f01a906f000200bdb
ffff000f01a4ae89005d7087
0000000f01a1edc20098e4e7
0000000f01a02c3100d3af2a
0000000f019f31f4010e3a98
0000000f019eeb750148b03d
0000000f019f547801832810
0000000f01a0737e01bdbb84
0001000f01a260d401f89afb
0001000f01a5608c02344b16
ffff000f01a906f000200bdb
ffff000f01a4ae89005d7087
0000000f01a1edc20098e4e7
0000000f01a02c3100d3af2a
0000000f019f31f4010e3a98
0000000f019eeb750148b03d
0000000f019f547801832810
0000000f01a0737e01bdbb84
0001000f01a260d401f89afb
0001000f01a5608c02344b16
ffff000f01a906f000200bdb
ffff000f01a4ae89005d7087
0000000f01a1edc20098e4e7
0000000f01a02c3100d3af2a
0000000f019f31f4010e3a98
0000000f019eeb750148b03d
0000000f019f547801832810
0000000f01a0737e01bdbb84
0001000f01a260d401f89afb
0001000f01a5608c02344b16
ffff000f01a906f000200bdb
ffff000f01a4ae89005d7087
0000000f01a1edc20098e4e7
0000000f01a02c3100d3af2a
0000000f019f31f4010e3a98
0000000f019eeb750148b03d
0000000f019f547801832810
0000000f01a0737e01bdbb84
0001000f01a260d401f89afb
0001000f01a5608c02344b16
ffff000f01a906f000200bdb
ffff000f01a4ae89005d7087
0000000f01a1edc20098e4e7
0000000f01a02c3100d3af2a
0000000f019f31f4010e3a98
0000000f019eeb750148b03d
0000000f019f547801832810
0000000f01a0737e01bdbb84
0001000f01a260d401f89afb
0001000f01a5608c02344b16
ffff000f01a906f000200bdb
ffff000f01a4ae89005d7087
0000000f01a1edc20098e4e7
0000000f01a02c3100d3af2a
0000000f019f31f4010e3a98
0000000f019eeb750148b03d
0000000f019f547801832810
0000000f01a0737e01bdbb84
0001000f01a260d401f89afb
0001000f01a5608c02344b16
ffff000f01a9f5d600201b80
ffff000f01a59588005d7f66
0000000f01a2d0330098f0b3
0000000f01a10bf000d3b713
0000000f01a01043010e3e5f
0000000f019fc95f0148afd4
0000000f01a032f901832378
0000000f01a153a801bdb2d1
0001000f01a343fd01f88e7d
0001000f01a648c102343bcf
ffff000f01a9f5d600201b80
ffff000f01a59588005d7f66
0000000f01a2d0330098f0b3
0000000f01a10bf000d3b713
0000000f01a01043010e3e5f
0000000f019fc95f0148afd4
0000000f01a032f901832378
0000000f01a153a801bdb2d1
0001000f01a343fd01f88e7d
0001000f01a648c102343bcf
ffff000f01a9f5d600201b80
ffff000f01a59588005d7f66
0000000f01a2d0330098f0b3
0000000f01a10bf000d3b713
0000000f01a01043010e3e5f
0000000f019fc95f0148afd4
0000000f01a032f901832378
0000000f01a153a801bdb2d1
0001000f01a343fd01f88e7d
0001000f01a648c102343bcf
ffff000f01a9f5d600201b80
ffff000f01a59588005d7f66
0000000f01a2d0330098f0b3
0000000f01a10bf000d3b713
0000000f01a01043010e3e5f
0000000f019fc95f0148afd4
0000000f01a032f901832378
0000000f01a153a801bdb2d1
0001000f01a343fd01f88e7d
0001000f01a648c102343bcf
ffff000f01a9f5d600201b80
ffff000f01a59588005d7f66
0000000f01a2d0330098f0b3
0000000f01a10bf000d3b713
0000000f01a01043010e3e5f
0000000f019fc95f0148afd4
0000000f01a032f901832378
0000000f01a153a801bdb2d1
0001000f01a343fd01f88e7d
0001000f01a648c102343bcf
ffff000f01a9f5d600201b80
ffff000f01a59588005d7f66
0000000f01a2d0330098f0b3
0000000f01a10bf000d3b713
0000000f01a01043010e3e5f
0000000f019fc95f0148afd4
0000000f01a032f901832378
0000000f01a153a801bdb2d1
0001000f01a343fd01f88e7d
0001000f01a648c102343bcf
ffff000f01aae49c00202b2f
ffff000f01a67c5f005d8e53
0000000f01a3b2780098fc8a
0000000f01a1eb8000d3bf05
0000000f01a0ee64010e422a
0000000f01a0a71b0148af6a
0000000f01a1114c01831edb
0000000f01a233a301bdaa14
0001000f01a426fa01f881f4
0001000f01a730cf02342c7b
ffff000f01aae49c00202b2f
ffff000f01a67c5f005d8e53
0000000f01a3b2780098fc8a
0000000f01a1eb8000d3bf05
0000000f01a0ee64010e422a
0000000f01a0a71b0148af6a
0000000f01a1114c01831edb
0000000f01a233a301bdaa14
0001000f01a426fa01f881f4
0001000f01a730cf02342c7b
ffff000f01aae49c00202b2f
ffff000f01a67c5f005d8e53
0000000f01a3b2780098fc8a
0000000f01a1eb8000d3bf05
0000000f01a0ee64010e422a
0000000f01a0a71b0148af6a
0000000f01a1114c01831edb
0000000f01a233a301bdaa14
0001000f01a426fa01f881f4
0001000f01a730cf02342c7b
ffff000f01aae49c00202b2f
ffff000f01a67c5f005d8e53
0000000f01a3b2780098fc8a
0000000f01a1eb8000d3bf05
0000000f01a0ee64010e422a
0000000f01a0a71b0148af6a
0000000f01a1114c01831edb
0000000f01a233a301bdaa14
0001000f01a426fa01f881f4
0001000f01a730cf02342c7b
ffff000f01aae49c00202b2f
ffff000f01a67c5f005d8e53
0000000f01a3b2780098fc8a
0000000f01a1eb8000d3bf05
0000000f01a0ee64010e422a
0000000f01a0a71b0148af6a
0000000f01a1114c01831edb
0000000f01a233a301bdaa14
0001000f01a426fa01f881f4
0001000f01a730cf02342c7b
ffff000f01aae49c00202b2f
ffff000f01a67c5f005d8e53
0000000f01a3b2780098fc8a
0000000f01a1eb8000d3bf05
0000000f01a0ee64010e422a
0000000f01a0a71b0148af6a
0000000f01a1114c01831edb
0000000f01a233a301bdaa14
0001000f01a426fa01f881f4
0001000f01a730cf02342c7b
ffff000f01abd34200203ae6
ffff000f01a7630d005d9d4c
0000000f01a494910099086e
0000000f01a2cae300d3c6ff
0000000f01a1cc56010e45fa
0000000f01a184a80148af00
0000000f01a1ef7001831a38
0000000f01a3137101bda14f
0001000f01a509cb01f8755e
0001000f01a818b502341d1a
ffff000f01abd34200203ae6
ffff000f01a7630d005d9d4c
0000000f01a494910099086e
0000000f01a2cae300d3c6ff
0000000f01a1cc56010e45fa
0000000f01a184a80148af00
0000000f01a1ef7001831a38
0000000f01a3137101bda14f
0001000f01a509cb01f8755e
0001000f01a818b502341d1a
ffff000f01abd34200203ae6
ffff000f01a7630d005d9d4c
0000000f01a494910099086e
0000000f01a2cae300d3c6ff
0000000f01a1cc56010e45fa
0000000f01a184a80148af00
0000000f01a1ef7001831a38
0000000f01a3137101bda14f
0001000f01a509cb01f8755e
0001000f01a818b502341d1a
ffff000f01abd34200203ae6
ffff000f01a7630d005d9d4c
0000000f01a494910099086e
0000000f01a2cae300d3c6ff
0000000f01a1cc56010e45fa
0000000f01a184a80148af00
0000000f01a1ef7001831a38
0000000f01a3137101bda14f
0001000f01a509cb01f8755e
0001000f01a818b502341d1a
ffff000f01abd34200203ae6
ffff000f01a7630d005d9d4c
0000000f01a494910099086e
0000000f01a2cae300d3c6ff
0000000f01a1cc56010e45fa
0000000f01a184a80148af00
0000000f01a1ef7001831a38
0000000f01a3137101bda14f
0001000f01a509cb01f8755e
0001000f01a818b502341d1a
ffff000f01abd34200203ae6
ffff000f01a7630d005d9d4c
0000000f01a494910099086e
0000000f01a2cae300d3c6ff
0000000f01a1cc56010e45fa
0000000f01a184a80148af00
0000000f01a1ef7001831a38
0000000f01a3137101bda14f
0001000f01a509cb01f8755e
0001000f01a818b502341d1a
ffff000f01acc1c800204aa6
ffff000f01a84991005dac52
0000000f01a5767c0099145c
0000000f01a3aa1700d3cf01
0000000f01a2aa1a010e49ce
0000000f01a262060148ae96
0000000f01a2cd6601831591
0000000f01a3f31101bd9880
0001000f01a5ec6f01f868bc
0001000f01a9007302340dad
ffff000f01acc1c800204aa6
ffff000f01a84991005dac52
0000000f01a5767c0099145c
0000000f01a3aa1700d3cf01
0000000f01a2aa1a010e49ce
0000000f01a262060148ae96
0000000f01a2cd6601831591
0000000f01a3f31101bd9880
0001000f01a5ec6f01f868bc
0001000f01a9007302340dad
ffff000f01acc1c800204aa6
ffff000f01a84991005dac52
0000000f01a5767c0099145c
0000000f01a3aa1700d3cf01
0000000f01a2aa1a010e49ce
0000000f01a262060148ae96
0000000f01a2cd6601831591
0000000f01a3f31101bd9880
0001000f01a5ec6f01f868bc
0001000f01a9007302340dad
ffff000f01acc1c800204aa6
ffff000f01a84991005dac52
0000000f01a5767c0099145c
0000000f01a3aa1700d3cf01
0000000f01a2aa1a010e49ce
0000000f01a262060148ae96
0000000f01a2cd6601831591
0000000f01a3f31101bd9880
0001000f01a5ec6f01f868bc
0001000f01a9007302340dad
ffff000f01acc1c800204aa6
ffff000f01a84991005dac52
0000000f01a5767c0099145c
0000000f01a3aa1700d3cf01
0000000f01a2aa1a010e49ce
0000000f01a262060148ae96
0000000f01a2cd6601831591
0000000f01a3f31101bd9880
0001000f01a5ec6f01f868bc
0001000f01a9007302340dad
ffff000f01acc1c800204aa6
ffff000f01a84991005dac52
0000000f01a5767c0099145c
0000000f01a3aa1700d3cf01
0000000f01a2aa1a010e49ce
0000000f01a262060148ae96
0000000f01a2cd6601831591
0000000f01a3f31101bd9880
0001000f01a5ec6f01f868bc
0001000f01a9007302340dad
ffff000f01adb02e00205a6e
ffff000f01a92fed005dbb64
0000000f01a6583b00992057
0000000f01a4891d00d3d70b
0000000f01a387af010e4da5
0000000f01a33f350148ae2b
0000000f01a3ab2d018310e5
0000000f01a4d28201bd8fa8
0001000f01a6cee801f85c0e
0001000f01a9e8090233fe33
ffff000f01adb02e00205a6e
ffff000f01a92fed005dbb64
0000000f01a6583b00992057
0000000f01a4891d00d3d70b
0000000f01a387af010e4da5
0000000f01a33f350148ae2b
0000000f01a3ab2d018310e5
0000000f01a4d28201bd8fa8
0001000f01a6cee801f85c0e
0001000f01a9e8090233fe33
ffff000f01adb02e00205a6e
ffff000f01a92fed005dbb64
0000000f01a6583b00992057
0000000f01a4891d00d3d70b
0000000f01a387af010e4da5
0000000f01a33f350148ae2b
0000000f01a3ab2d018310e5
0000000f01a4d28201bd8fa8
0001000f01a6cee801f85c0e
0001000f01a9e8090233fe33
ffff000f01adb02e00205a6e
ffff000f01a92fed005dbb64
0000000f01a6583b00992057
0000000f01a4891d00d3d70b
0000000f01a387af010e4da5
0000000f01a33f350148ae2b
0000000f01a3ab2d018310e5
0000000f01a4d28201bd8fa8
0001000f01a6cee801f85c0e
0001000f01a9e8090233fe33
ffff000f01adb02e00205a6e
ffff000f01a92fed005dbb64
0000000f01a6583b00992057
0000000f01a4891d00d3d70b
0000000f01a387af010e4da5
0000000f01a33f350148ae2b
0000000f01a3ab2d018310e5
0000000f01a4d28201bd8fa8
0001000f01a6cee801f85c0e
0001000f01a9e8090233fe33
ffff000f01adb02e00205a6e
ffff000f01a92fed005dbb64
0000000f01a6583b00992057
0000000f01a4891d00d3d70b
0000000f01a387af010e4da5
0000000f01a33f350148ae2b
0000000f01a3ab2d018310e5
0000000f01a4d28201bd8fa8
0001000f01a6cee801f85c0e
0001000f01a9e8090233fe33
ffff000f01ae9e7400206a3e
ffff000f01aa161f005dca83
0000000f01a739cc00992c5d
0000000f01a567f500d3df1e
0000000f01a46515010e5181
0000000f01a41c350148adc0
0000000f01a488c501830c33
0000000f01a5b1c601bd86c7
0001000f01a7b13301f84f54
0001000f01aacf770233eead
ffff000f01ae9e7400206a3e
ffff000f01aa161f005dca83
0000000f01a739cc00992c5d
0000000f01a567f500d3df1e
0000000f01a46515010e5181
0000000f01a41c350148adc0
0000000f01a488c501830c33
0000000f01a5b1c601bd86c7
0001000f01a7b13301f84f54
0001000f01aacf770233eead
ffff000f01ae9e7400206a3e
ffff000f01aa161f005dca83
0000000f01a739cc00992c5d
0000000f01a567f500d3df1e
0000000f01a46515010e5181
0000000f01a41c350148adc0
0000000f01a488c501830c33
0000000f01a5b1c601bd86c7
0001000f01a7b13301f84f54
0001000f01aacf770233eead
ffff000f01ae9e7400206a3e
ffff000f01aa161f005dca83
0000000f01a739cc00992c5d
0000000f01a567f500d3df1e
0000000f01a46515010e5181
0000000f01a41c350148adc0
0000000f01a488c501830c33
0000000f01a5b1c601bd86c7
0001000f01a7b13301f84f54
0001000f01aacf770233eead
ffff000f01ae9e7400206a3e
ffff000f01aa161f005dca83
0000000f01a739cc00992c5d
0000000f01a567f500d3df1e
0000000f01a46515010e5181
0000000f01a41c350148adc0
0000000f01a488c501830c33
0000000f01a5b1c601bd86c7
0001000f01a7b13301f84f54
0001000f01aacf770233eead
ffff000f01ae9e7400206a3e
ffff000f01aa161f005dca83
0000000f01a739cc00992c5d
0000000f01a567f500d3df1e
0000000f01a46515010e5181
0000000f01a41c350148adc0
0000000f01a488c501830c33
0000000f01a5b1c601bd86c7
0001000f01a7b13301f84f54
0001000f01aacf770233eead
ffff000f01af8c9a00207a16
ffff000f01aafc28005dd9af
0000000f01a81b310099386e
0000000f01a6469e00d3e739
0000000f01a5424c010e5561
0000000f01a4f9060148ad54
0000000f01a5662f0183077d
0001000f01a690db01bd7dde
0001000f01a8935201f8428e
0001000f01abb6be0233df1b
ffff000f01af8c9a00207a16
ffff000f01aafc28005dd9af
0000000f01a81b310099386e
0000000f01a6469e00d3e739
0000000f01a5424c010e5561
0000000f01a4f9060148ad54
0000000f01a5662f0183077d
0001000f01a690db01bd7dde
0001000f01a8935201f8428e
0001000f01abb6be0233df1b
ffff000f01af8c9a00207a16
ffff000f01aafc28005dd9af
0000000f01a81b310099386e
0000000f01a6469e00d3e739
0000000f01a5424c010e5561
0000000f01a4f9060148ad54
0000000f01a5662f0183077d
0001000f01a690db01bd7dde
0001000f01a8935201f8428e
0001000f01abb6be0233df1b
ffff000f01af8c9a00207a16
ffff000f01aafc28005dd9af
0000000f01a81b310099386e
0000000f01a6469e00d3e739
0000000f01a5424c010e5561
0000000f01a4f9060148ad54
0000000f01a5662f0183077d
0001000f01a690db01bd7dde
0001000f01a8935201f8428e
0001000f01abb6be0233df1b
ffff000f01af8c9a00207a16
ffff000f01aafc28005dd9af
0000000f01a81b310099386e
0000000f01a6469e00d3e739
0000000f01a5424c010e5561
0000000f01a4f9060148ad54
0000000f01a5662f0183077d
0001000f01a690db01bd7dde
0001000f01a8935201f8428e
0001000f01abb6be0233df1b
ffff000f01af8c9a00207a16
ffff000f01aafc28005dd9af
0000000f01a81b310099386e
0000000f01a6469e00d3e739
0000000f01a5424c010e5561
0000000f01a4f9060148ad54
0000000f01a5662f0183077d
0001000f01a690db01bd7dde
0001000f01a8935201f8428e
0001000f01abb6be0233df1b
ffff000f01b07aa0002089f6
ffff000f01abe208005de8e7
0000000f01a8fc680099448b
0000000f01a7251800d3ef5c
0000000f01a61f54010e5945
0000000f01a5d5a80148ace8
0000000f01a64369018302c3
0001000f01a76fc101bd74eb
0001000f01a9754401f835bc
0001000f01ac9ddc0233cf7d
ffff000f01b07aa0002089f6
ffff000f01abe208005de8e7
0000000f01a8fc680099448b
0000000f01a7251800d3ef5c
0000000f01a61f54010e5945
0000000f01a5d5a80148ace8
0000000f01a64369018302c3
0001000f01a76fc101bd74eb
0001000f01a9754401f835bc
0001000f01ac9ddc0233cf7d
ffff000f01b07aa0002089f6
ffff000f01abe208005de8e7
0000000f01a8fc680099448b
0000000f01a7251800d3ef5c
0000000f01a61f54010e5945
0000000f01a5d5a80148ace8
0000000f01a64369018302c3
0001000f01a76fc101bd74eb
0001000f01a9754401f835bc
0001000f01ac9ddc0233cf7d
ffff000f01b07aa0002089f6
ffff000f01abe208005de8e7
0000000f01a8fc680099448b
0000000f01a7251800d3ef5c
0000000f01a61f54010e5945
0000000f01a5d5a80148ace8
0000000f01a64369018302c3
0001000f01a76fc101bd74eb
0001000f01a9754401f835bc
0001000f01ac9ddc0233cf7d
ffff000f01b07aa0002089f6
ffff000f01abe208005de8e7
0000000f01a8fc680099448b
0000000f01a7251800d3ef5c
0000000f01a61f54010e5945
0000000f01a5d5a80148ace8
0000000f01a64369018302c3
0001000f01a76fc101bd74eb
0001000f01a9754401f835bc
0001000f01ac9ddc0233cf7d
ffff000f01b07aa0002089f6
ffff000f01abe208005de8e7
0000000f01a8fc680099448b
0000000f01a7251800d3ef5c
0000000f01a61f54010e5945
0000000f01a5d5a80148ace8
0000000f01a64369018302c3
0001000f01a76fc101bd74eb
0001000f01a9754401f835bc
0001000f01ac9ddc0233cf7d
ffff000f01b16887002099dd
ffff000f01acc7be005df82a
0000000f01a9dd72009950b2
0000000f01a8036400d3f787
0000000f01a6fc2c010e5d2c
0000000f01a6b21a0148ac7b
0000000f01a720730182fe03
0001000f01a84e7901bd6bf0
0001000f01aa570a01f828df
0001000f01ad84d20233bfd3
ffff000f01b16887002099dd
ffff000f01acc7be005df82a
0000000f01a9dd72009950b2
0000000f01a8036400d3f787
0000000f01a6fc2c010e5d2c
0000000f01a6b21a0148ac7b
0000000f01a720730182fe03
0001000f01a84e7901bd6bf0
0001000f01aa570a01f828df
0001000f01ad84d20233bfd3
ffff000f01b16887002099dd
ffff000f01acc7be005df82a
0000000f01a9dd72009950b2
0000000f01a8036400d3f787
0000000f01a6fc2c010e5d2c
0000000f01a6b21a0148ac7b
0000000f01a720730182fe03
0001000f01a84e7901bd6bf0
0001000f01aa570a01f828df
0001000f01ad84d20233bfd3
ffff000f01b16887002099dd
ffff000f01acc7be005df82a
0000000f01a9dd72009950b2
0000000f01a8036400d3f787
0000000f01a6fc2c010e5d2c
0000000f01a6b21a0148ac7b
0000000f01a720730182fe03
0001000f01a84e7901bd6bf0
0001000f01aa570a01f828df
0001000f01ad84d20233bfd3
ffff000f01b16887002099dd
ffff000f01acc7be005df82a
0000000f01a9dd72009950b2
0000000f01a8036400d3f787
0000000f01a6fc2c010e5d2c
0000000f01a6b21a0148ac7b
0000000f01a720730182fe03
0001000f01a84e7901bd6bf0
0001000f01aa570a01f828df
0001000f01ad84d20233bfd3
ffff000f01b16887002099dd
ffff000f01acc7be005df82a
0000000f01a9dd72009950b2
0000000f01a8036400d3f787
0000000f01a6fc2c010e5d2c
0000000f01a6b21a0148ac7b
0000000f01a720730182fe03
0001000f01a84e7901bd6bf0
0001000f01aa570a01f828df
0001000f01ad84d20233bfd3
ffff000f01b2564e0020a9cb
ffff000f01adad4b005e077a
0000000f01aabe4f00995ce5
0000000f01a8e18000d3ffba
0000000f01a7d8d5010e6118
0000000f01a78e5d0148ac0e
0000000f01a7fd4f0182f93e
0001000f01a92d0201bd62ec
0001000f01ab38a201f81bf7
0001000f01ae6ba00233b01e
ffff000f01b2564e0020a9cb
ffff000f01adad4b005e077a
0000000f01aabe4f00995ce5
0000000f01a8e18000d3ffba
0000000f01a7d8d5010e6118
0000000f01a78e5d0148ac0e
0000000f01a7fd4f0182f93e
0001000f01a92d0201bd62ec
0001000f01ab38a201f81bf7
0001000f01ae6ba00233b01e
ffff000f01b2564e0020a9cb
ffff000f01adad4b005e077a
0000000f01aabe4f00995ce5
0000000f01a8e18000d3ffba
0000000f01a7d8d5010e6118
0000000f01a78e5d0148ac0e
0000000f01a7fd4f0182f93e
0001000f01a92d0201bd62ec
0001000f01ab38a201f81bf7
0001000f01ae6ba00233b01e
ffff000f01b2564e0020a9cb
ffff000f01adad4b005e077a
0000000f01aabe4f00995ce5
0000000f01a8e18000d3ffba
0000000f01a7d8d5010e6118
0000000f01a78e5d0148ac0e
0000000f01a7fd4f0182f93e
0001000f01a92d0201bd62ec
0001000f01ab38a201f81bf7
0001000f01ae6ba00233b01e
ffff000f01b2564e0020a9cb
ffff000f01adad4b005e077a
0000000f01aabe4f00995ce5
0000000f01a8e18000d3ffba
0000000f01a7d8d5010e6118
0000000f01a78e5d0148ac0e
0000000f01a7fd4f0182f93e
0001000f01a92d0201bd62ec
0001000f01ab38a201f81bf7
0001000f01ae6ba00233b01e
ffff000f01b2564e0020a9cb
ffff000f01adad4b005e077a
0000000f01aabe4f00995ce5
0000000f01a8e18000d3ffba
0000000f01a7d8d5010e6118
0000000f01a78e5d0148ac0e
0000000f01a7fd4f0182f93e
0001000f01a92d0201bd62ec
0001000f01ab38a201f81bf7
0001000f01ae6ba00233b01e
ffff000f01b343f60020b9c1
ffff000f01ae92af005e16d5
0000000f01ab9efe00996923
0000000f01a9bf6e00d407f5
0000000f01a8b54e010e6508
0000000f01a86a700148aba0
0000000f01a8d9fa0182f475
0001000f01aa0b5c01bd59df
0001000f01ac1a0e01f80f03
0001000f01af52460233a05e
ffff000f01b343f60020b9c1
ffff000f01ae92af005e16d5
0000000f01ab9efe00996923
0000000f01a9bf6e00d407f5
0000000f01a8b54e010e6508
0000000f01a86a700148aba0
0000000f01a8d9fa0182f475
0001000f01aa0b5c01bd59df
0001000f01ac1a0e01f80f03
0001000f01af52460233a05e
ffff000f01b343f60020b9c1
ffff000f01ae92af005e16d5
0000000f01ab9efe00996923
0000000f01a9bf6e00d407f5
0000000f01a8b54e010e6508
0000000f01a86a700148aba0
0000000f01a8d9fa0182f475
0001000f01aa0b5c01bd59df
0001000f01ac1a0e01f80f03
0001000f01af52460233a05e
ffff000f01b343f60020b9c1
ffff000f01ae92af005e16d5
0000000f01ab9efe00996923
0000000f01a9bf6e00d407f5
0000000f01a8b54e010e6508
0000000f01a86a700148aba0
0000000f01a8d9fa0182f475
0001000f01aa0b5c01bd59df
0001000f01ac1a0e01f80f03
0001000f01af52460233a05e
ffff000f01b343f60020b9c1
ffff000f01ae92af005e16d5
0000000f01ab9efe00996923
0000000f01a9bf6e00d407f5
0000000f01a8b54e010e6508
0000000f01a86a700148aba0
0000000f01a8d9fa0182f475
0001000f01aa0b5c01bd59df
0001000f01ac1a0e01f80f03
0001000f01af52460233a05e
ffff000f01b343f60020b9c1
ffff000f01ae92af005e16d5
0000000f01ab9efe00996923
0000000f01a9bf6e00d407f5
0000000f01a8b54e010e6508
0000000f01a86a700148aba0
0000000f01a8d9fa0182f475
0001000f01aa0b5c01bd59df
0001000f01ac1a0e01f80f03
0001000f01af52460233a05e
ffff000f01b4317e0020c9bd
ffff000f01af77e9005e263c
0000000f01ac7f7f0099756c
0000000f01aa9d2c00d41038
0000000f01a99198010e68fb
0000000f01a946530148ab32
0000000f01a9b6770182efa7
0001000f01aae98701bd50ca
0001000f01acfb4c01f80203
0001000f01b038c402339092
ffff000f01b4317e0020c9bd
ffff000f01af77e9005e263c
0000000f01ac7f7f0099756c
0000000f01aa9d2c00d41038
0000000f01a99198010e68fb
0000000f01a946530148ab32
0000000f01a9b6770182efa7
0001000f01aae98701bd50ca
0001000f01acfb4c01f80203
0001000f01b038c402339092
ffff000f01b4317e0020c9bd
ffff000f01af77e9005e263c
0000000f01ac7f7f0099756c
0000000f01aa9d2c00d41038
0000000f01a99198010e68fb
0000000f01a946530148ab32
0000000f01a9b6770182efa7
0001000f01aae98701bd50ca
0001000f01acfb4c01f80203
0001000f01b038c402339092
ffff000f01b4317e0020c9bd
ffff000f01af77e9005e263c
0000000f01ac7f7f0099756c
0000000f01aa9d2c00d41038
0000000f01a99198010e68fb
0000000f01a946530148ab32
0000000f01a9b6770182efa7
0001000f01aae98701bd50ca
0001000f01acfb4c01f80203
0001000f01b038c402339092
ffff000f01b4317e0020c9bd
ffff000f01af77e9005e263c
0000000f01ac7f7f0099756c
0000000f01aa9d2c00d41038
0000000f01a99198010e68fb
0000000f01a946530148ab32
0000000f01a9b6770182efa7
0001000f01aae98701bd50ca
0001000f01acfb4c01f80203
0001000f01b038c402339092
ffff000f01b4317e0020c9bd
ffff000f01af77e9005e263c
0000000f01ac7f7f0099756c
0000000f01aa9d2c00d41038
0000000f01a99198010e68fb
0000000f01a946530148ab32
0000000f01a9b6770182efa7
0001000f01aae98701bd50ca
0001000f01acfb4c01f80203
0001000f01b038c402339092
ffff000f01b51ee70020d9bf
ffff000f01b05cfa005e35ae
0000000f01ad5fd3009981c0
0000000f01ab7abb00d41883
0000000f01aa6db2010e6cf3
0000000f01aa22060148aac4
0000000f01aa92c30182ead5
0001000f01abc78301bd47ac
0001000f01addc5e01f7f4f9
0001000f01b11f1a023380bb
ffff000f01b51ee70020d9bf
ffff000f01b05cfa005e35ae
0000000f01ad5fd3009981c0
0000000f01ab7abb00d41883
0000000f01aa6db2010e6cf3
0000000f01aa22060148aac4
0000000f01aa92c30182ead5
0001000f01abc78301bd47ac
0001000f01addc5e01f7f4f9
0001000f01b11f1a023380bb
ffff000f01b51ee70020d9bf
ffff000f01b05cfa005e35ae
0000000f01ad5fd3009981c0
0000000f01ab7abb00d41883
0000000f01aa6db2010e6cf3
0000000f01aa22060148aac4
0000000f01aa92c30182ead5
0001000f01abc78301bd47ac
0001000f01addc5e01f7f4f9
0001000f01b11f1a023380bb
ffff000f01b51ee70020d9bf
ffff000f01b05cfa005e35ae
0000000f01ad5fd3009981c0
0000000f01ab7abb00d41883
0000000f01aa6db2010e6cf3
0000000f01aa22060148aac4
0000000f01aa92c30182ead5
0001000f01abc78301bd47ac
0001000f01addc5e01f7f4f9
0001000f01b11f1a023380bb
ffff000f01b51ee70020d9bf
ffff000f01b05cfa005e35ae
0000000f01ad5fd3009981c0
0000000f01ab7abb00d41883
0000000f01aa6db2010e6cf3
0000000f01aa22060148aac4
0000000f01aa92c30182ead5
0001000f01abc78301bd47ac
0001000f01addc5e01f7f4f9
0001000f01b11f1a023380bb
ffff000f01b51ee70020d9bf
ffff000f01b05cfa005e35ae
0000000f01ad5fd3009981c0
0000000f01ab7abb00d41883
0000000f01aa6db2010e6cf3
0000000f01aa22060148aac4
0000000f01aa92c30182ead5
0001000f01abc78301bd47ac
0001000f01addc5e01f7f4f9
0001000f01b11f1a023380bb
ffff000f01b60c310020e9c8
ffff000f01b141e2005e452c
0000000f01ae3ff900998e1f
0000000f01ac581a00d420d5
0000000f01ab499b010e70ee
0000000f01aafd890148aa55
0000000f01ab6edf0182e5fd
0001000f01aca55001bd3e86
0001000f01aebd4201f7e7e3
0001000f01b20548023370d9
ffff000f01b60c310020e9c8
ffff000f01b141e2005e452c
0000000f01ae3ff900998e1f
0000000f01ac581a00d420d5
0000000f01ab499b010e70ee
0000000f01aafd890148aa55
0000000f01ab6edf0182e5fd
0001000f01aca55001bd3e86
0001000f01aebd4201f7e7e3
0001000f01b20548023370d9
ffff000f01b60c310020e9c8
ffff000f01b141e2005e452c
0000000f01ae3ff900998e1f
0000000f01ac581a00d420d5
0000000f01ab499b010e70ee
0000000f01aafd890148aa55
0000000f01ab6edf0182e5fd
0001000f01aca55001bd3e86
0001000f01aebd4201f7e7e3
0001000f01b20548023370d9
ffff000f01b60c310020e9c8
ffff000f01b141e2005e452c
0000000f01ae3ff900998e1f
0000000f01ac581a00d420d5
0000000f01ab499b010e70ee
0000000f01aafd890148aa55
0000000f01ab6edf0182e5fd
0001000f01aca55001bd3e86
0001000f01aebd4201f7e7e3
0001000f01b20548023370d9
ffff000f01b60c310020e9c8
ffff000f01b141e2005e452c
0000000f01ae3ff900998e1f
0000000f01ac581a00d420d5
0000000f01ab499b010e70ee
0000000f01aafd890148aa55
0000000f01ab6edf0182e5fd
0001000f01aca55001bd3e86
0001000f01aebd4201f7e7e3
0001000f01b20548023370d9
ffff000f01b60c310020e9c8
ffff000f01b141e2005e452c
0000000f01ae3ff900998e1f
0000000f01ac581a00d420d5
0000000f01ab499b010e70ee
0000000f01aafd890148aa55
0000000f01ab6edf0182e5fd
0001000f01aca55001bd3e86
0001000f01aebd4201f7e7e3
0001000f01b20548023370d9
ffff000f01b6f95b0020f9d6
ffff000f01b226a0005e54b5
0000000f01af1ff200999a88
0000000f01ad354a00d42930
0000000f01ac2555010e74ed
0000000f01abd8dc0148a9e6
0000000f01ac4acc0182e121
0001000f01ad82ee01bd3557
0001000f01af9dfa01f7dac2
0001000f01b2eb4e023360ed
ffff000f01b6f95b0020f9d6
ffff000f01b226a0005e54b5
0000000f01af1ff200999a88
0000000f01ad354a00d42930
0000000f01ac2555010e74ed
0000000f01abd8dc0148a9e6
0000000f01ac4acc0182e121
0001000f01ad82ee01bd3557
0001000f01af9dfa01f7dac2
0001000f01b2eb4e023360ed
ffff000f01b6f95b0020f9d6
ffff000f01b226a0005e54b5
0000000f01af1ff200999a88
0000000f01ad354a00d42930
0000000f01ac2555010e74ed
0000000f01abd8dc0148a9e6
0000000f01ac4acc0182e121
0001000f01ad82ee01bd3557
0001000f01af9dfa01f7dac2
0001000f01b2eb4e023360ed
ffff000f01b6f95b0020f9d6
ffff000f01b226a0005e54b5
0000000f01af1ff200999a88
0000000f01ad354a00d42930
0000000f01ac2555010e74ed
0000000f01abd8dc0148a9e6
0000000f01ac4acc0182e121
0001000f01ad82ee01bd3557
0001000f01af9dfa01f7dac2
0001000f01b2eb4e023360ed
ffff000f01b6f95b0020f9d6
ffff000f01b226a0005e54b5
0000000f01af1ff200999a88
0000000f01ad354a00d42930
0000000f01ac2555010e74ed
0000000f01abd8dc0148a9e6
0000000f01ac4acc0182e121
0001000f01ad82ee01bd3557
0001000f01af9dfa01f7dac2
0001000f01b2eb4e023360ed
ffff000f01b6f95b0020f9d6
ffff000f01b226a0005e54b5
0000000f01af1ff200999a88
0000000f01ad354a00d42930
0000000f01ac2555010e74ed
0000000f01abd8dc0148a9e6
0000000f01ac4acc0182e121
0001000f01ad82ee01bd3557
0001000f01af9dfa01f7dac2
0001000f01b2eb4e023360ed
ffff000f01b7e666002109ea
ffff000f01b30b34005e6449
0000000f01afffbc0099a6fb
0000000f01ae124b00d43192
0000000f01ad00de010e78f0
0000000f01acb3fe0148a976
0000000f01ad26880182dc41
0001000f01ae605c01bd2c20
0001000f01b07e8301f7cd96
0001000f01b3d12c023350f6
ffff000f01b7e666002109ea
ffff000f01b30b34005e6449
0000000f01afffbc0099a6fb
0000000f01ae124b00d43192
0000000f01ad00de010e78f0
0000000f01acb3fe0148a976
0000000f01ad26880182dc41
0001000f01ae605c01bd2c20
0001000f01b07e8301f7cd96
0001000f01b3d12c023350f6
ffff000f01b7e666002109ea
ffff000f01b30b34005e6449
0000000f01afffbc0099a6fb
0000000f01ae124b00d43192
0000000f01ad00de010e78f0
0000000f01acb3fe0148a976
0000000f01ad26880182dc41
0001000f01ae605c01bd2c20
0001000f01b07e8301f7cd96
0001000f01b3d12c023350f6
ffff000f01b7e666002109ea
ffff000f01b30b34005e6449
0000000f01afffbc0099a6fb
0000000f01ae124b00d43192
0000000f01ad00de010e78f0
0000000f01acb3fe0148a976
0000000f01ad26880182dc41
0001000f01ae605c01bd2c20
0001000f01b07e8301f7cd96
0001000f01b3d12c023350f6
ffff000f01b7e666002109ea
ffff000f01b30b34005e6449
0000000f01afffbc0099a6fb
0000000f01ae124b00d43192
0000000f01ad00de010e78f0
0000000f01acb3fe0148a976
0000000f01ad26880182dc41
0001000f01ae605c01bd2c20
0001000f01b07e8301f7cd96
0001000f01b3d12c023350f6
ffff000f01b7e666002109ea
ffff000f01b30b34005e6449
0000000f01afffbc0099a6fb
0000000f01ae124b00d43192
0000000f01ad00de010e78f0
0000000f01acb3fe0148a976
0000000f01ad26880182dc41
0001000f01ae605c01bd2c20
0001000f01b07e8301f7cd96
0001000f01b3d12c023350f6
ffff000f01b8d35300211a04
ffff000f01b3ef9f005e73e8
0000000f01b0df590099b37a
0000000f01aeef1c00d439fb
0000000f01addc37010e7cf7
0000000f01ad8ef00148a906
0000000f01ae02140182d75b
0001000f01af3d9a01bd22e0
0001000f01b15ee001f7c060
0001000f01b4b6e1023340f4
ffff000f01b8d35300211a04
ffff000f01b3ef9f005e73e8
0000000f01b0df590099b37a
0000000f01aeef1c00d439fb
0000000f01addc37010e7cf7
0000000f01ad8ef00148a906
0000000f01ae02140182d75b
0001000f01af3d9a01bd22e0
0001000f01b15ee001f7c060
0001000f01b4b6e1023340f4
ffff000f01b8d35300211a04
ffff000f01b3ef9f005e73e8
0000000f01b0df590099b37a
0000000f01aeef1c00d439fb
0000000f01addc37010e7cf7
0000000f01ad8ef00148a906
0000000f01ae02140182d75b
0001000f01af3d9a01bd22e0
0001000f01b15ee001f7c060
0001000f01b4b6e1023340f4
ffff000f01b8d35300211a04
ffff000f01b3ef9f005e73e8
0000000f01b0df590099b37a
0000000f01aeef1c00d439fb
0000000f01addc37010e7cf7
0000000f01ad8ef00148a906
0000000f01ae02140182d75b
0001000f01af3d9a01bd22e0
0001000f01b15ee001f7c060
0001000f01b4b6e1023340f4
ffff000f01b8d35300211a04
ffff000f01b3ef9f005e73e8
0000000f01b0df590099b37a
0000000f01aeef1c00d439fb
0000000f01addc37010e7cf7
0000000f01ad8ef00148a906
0000000f01ae02140182d75b
0001000f01af3d9a01bd22e0
0001000f01b15ee001f7c060
0001000f01b4b6e1023340f4
ffff000f01b8d35300211a04
ffff000f01b3ef9f005e73e8
0000000f01b0df590099b37a
0000000f01aeef1c00d439fb
0000000f01addc37010e7cf7
0000000f01ad8ef00148a906
0000000f01ae02140182d75b
0001000f01af3d9a01bd22e0
0001000f01b15ee001f7c060
0001000f01b4b6e1023340f4
ffff000f01b9c02000212a23
ffff000f01b4d3e0005e8391
0000000f01b1bec70099c002
0000000f01afcbbc00d4426d
0000000f01aeb760010e8101
0000000f01ae69b20148a896
0000000f01aedd6f0182d272
0001000f01b01aaa01bd1999
0001000f01b23f0f01f7b31f
0001000f01b59c6f023330e8
ffff000f01b9c02000212a23
ffff000f01b4d3e0005e8391
0000000f01b1bec70099c002
0000000f01afcbbc00d4426d
0000000f01aeb760010e8101
0000000f01ae69b20148a896
0000000f01aedd6f0182d272
0001000f01b01aaa01bd1999
0001000f01b23f0f01f7b31f
0001000f01b59c6f023330e8
ffff000f01b9c02000212a23
ffff000f01b4d3e0005e8391
0000000f01b1bec70099c002
0000000f01afcbbc00d4426d
0000000f01aeb760010e8101
0000000f01ae69b20148a896
0000000f01aedd6f0182d272
0001000f01b01aaa01bd1999
0001000f01b23f0f01f7b31f
0001000f01b59c6f023330e8
ffff000f01b9c02000212a23
ffff000f01b4d3e0005e8391
0000000f01b1bec70099c002
0000000f01afcbbc00d4426d
0000000f01aeb760010e8101
0000000f01ae69b20148a896
0000000f01aedd6f0182d272
0001000f01b01aaa01bd1999
0001000f01b23f0f01f7b31f
0001000f01b59c6f023330e8
ffff000f01b9c02000212a23
ffff000f01b4d3e0005e8391
0000000f01b1bec70099c002
0000000f01afcbbc00d4426d
0000000f01aeb760010e8101
0000000f01ae69b20148a896
0000000f01aedd6f0182d272
0001000f01b01aaa01bd1999
0001000f01b23f0f01f7b31f
0001000f01b59c6f023330e8
ffff000f01b9c02000212a23
ffff000f01b4d3e0005e8391
0000000f01b1bec70099c002
0000000f01afcbbc00d4426d
0000000f01aeb760010e8101
0000000f01ae69b20148a896
0000000f01aedd6f0182d272
0001000f01b01aaa01bd1999
0001000f01b23f0f01f7b31f
0001000f01b59c6f023330e8
ffff000f01baaccf00213a47
ffff000f01b5b7f8005e9345
0000000f01b29e080099cc95
0000000f01b0a82d00d44ae6
0000000f01af9258010e8510
0000000f01af44420148a825
0000000f01afb89a0182cd83
0001000f01b0f78901bd1049
0001000f01b31f1101f7a5d3
0001000f01b681d4023320d3
ffff000f01baaccf00213a47
ffff000f01b5b7f8005e9345
0000000f01b29e080099cc95
0000000f01b0a82d00d44ae6
0000000f01af9258010e8510
0000000f01af44420148a825
0000000f01afb89a0182cd83
0001000f01b0f78901bd1049
0001000f01b31f1101f7a5d3
0001000f01b681d4023320d3
ffff000f01baaccf00213a47
ffff000f01b5b7f8005e9345
0000000f01b29e080099cc95
0000000f01b0a82d00d44ae6
0000000f01af9258010e8510
0000000f01af44420148a825
0000000f01afb89a0182cd83
0001000f01b0f78901bd1049
0001000f01b31f1101f7a5d3
0001000f01b681d4023320d3
ffff000f01baaccf00213a47
ffff000f01b5b7f8005e9345
0000000f01b29e080099cc95
0000000f01b0a82d00d44ae6
0000000f01af9258010e8510
0000000f01af44420148a825
0000000f01afb89a0182cd83
0001000f01b0f78901bd1049
0001000f01b31f1101f7a5d3
0001000f01b681d4023320d3
ffff000f01baaccf00213a47
ffff000f01b5b7f8005e9345
0000000f01b29e080099cc95
0000000f01b0a82d00d44ae6
0000000f01af9258010e8510
0000000f01af44420148a825
0000000f01afb89a0182cd83
0001000f01b0f78901bd1049
0001000f01b31f1101f7a5d3
0001000f01b681d4023320d3
ffff000f01baaccf00213a47
ffff000f01b5b7f8005e9345
0000000f01b29e080099cc95
0000000f01b0a82d00d44ae6
0000000f01af9258010e8510
0000000f01af44420148a825
0000000f01afb89a0182cd83
0001000f01b0f78901bd1049
0001000f01b31f1101f7a5d3
0001000f01b681d4023320d3
ffff000f01bb995f00214a70
ffff000f01b69be7005ea304
0000000f01b37d1a0099d932
0000000f01b1846e00d45366
0000000f01b06d1f010e8922
0000000f01b01ea20148a7b4
0000000f01b093950182c891
0001000f01b1d43901bd06f1
0001000f01b3fee501f7987d
0001000f01b76712023310b3
ffff000f01bb995f00214a70
ffff000f01b69be7005ea304
0000000f01b37d1a0099d932
0000000f01b1846e00d45366
0000000f01b06d1f010e8922
0000000f01b01ea20148a7b4
0000000f01b093950182c891
0001000f01b1d43901bd06f1
0001000f01b3fee501f7987d
0001000f01b76712023310b3
ffff000f01bb995f00214a70
ffff000f01b69be7005ea304
0000000f01b37d1a0099d932
0000000f01b1846e00d45366
0000000f01b06d1f010e8922
0000000f01b01ea20148a7b4
0000000f01b093950182c891
0001000f01b1d43901bd06f1
0001000f01b3fee501f7987d
0001000f01b76712023310b3
ffff000f01bb995f00214a70
ffff000f01b69be7005ea304
0000000f01b37d1a0099d932
0000000f01b1846e00d45366
0000000f01b06d1f010e8922
0000000f01b01ea20148a7b4
0000000f01b093950182c891
0001000f01b1d43901bd06f1
0001000f01b3fee501f7987d
0001000f01b76712023310b3
ffff000f01bb995f00214a70
ffff000f01b69be7005ea304
0000000f01b37d1a0099d932
0000000f01b1846e00d45366
0000000f01b06d1f010e8922
0000000f01b01ea20148a7b4
0000000f01b093950182c891
0001000f01b1d43901bd06f1
0001000f01b3fee501f7987d
0001000f01b76712023310b3
ffff000f01bb995f00214a70
ffff000f01b69be7005ea304
0000000f01b37d1a0099d932
0000000f01b1846e00d45366
0000000f01b06d1f010e8922
0000000f01b01ea20148a7b4
0000000f01b093950182c891
0001000f01b1d43901bd06f1
0001000f01b3fee501f7987d
0001000f01b76712023310b3
ffff000f01bc85d100215a9d
ffff000f01b77fab005eb2cc
0000000f01b45bfe0099e5da
0000000f01b2607f00d45bee
0000000f01b147b5010e8d37
0000000f01b0f8d10148a742
0000000f01b16e5e0182c399
0001000f01b2b0b801bcfd91
0001000f01b4de8b01f78b1c
0001000f01b84c2702330089
ffff000f01bc85d100215a9d
ffff000f01b77fab005eb2cc
0000000f01b45bfe0099e5da
0000000f01b2607f00d45bee
0000000f01b147b5010e8d37
0000000f01b0f8d10148a742
0000000f01b16e5e0182c399
0001000f01b2b0b801bcfd91
0001000f01b4de8b01f78b1c
0001000f01b84c2702330089
ffff000f01bc85d100215a9d
ffff000f01b77fab005eb2cc
0000000f01b45bfe0099e5da
0000000f01b2607f00d45bee
0000000f01b147b5010e8d37
0000000f01b0f8d10148a742
0000000f01b16e5e0182c399
0001000f01b2b0b801bcfd91
0001000f01b4de8b01f78b1c
0001000f01b84c2702330089
ffff000f01bc85d100215a9d
ffff000f01b77fab005eb2cc
0000000f01b45bfe0099e5da
0000000f01b2607f00d45bee
0000000f01b147b5010e8d37
0000000f01b0f8d10148a742
0000000f01b16e5e0182c399
0001000f01b2b0b801bcfd91
0001000f01b4de8b01f78b1c
0001000f01b84c2702330089
ffff000f01bc85d100215a9d
ffff000f01b77fab005eb2cc
0000000f01b45bfe0099e5da
0000000f01b2607f00d45bee
0000000f01b147b5010e8d37
0000000f01b0f8d10148a742
0000000f01b16e5e0182c399
0001000f01b2b0b801bcfd91
0001000f01b4de8b01f78b1c
0001000f01b84c2702330089
ffff000f01bc85d100215a9d
ffff000f01b77fab005eb2cc
0000000f01b45bfe0099e5da
0000000f01b2607f00d45bee
0000000f01b147b5010e8d37
0000000f01b0f8d10148a742
0000000f01b16e5e0182c399
0001000f01b2b0b801bcfd91
0001000f01b4de8b01f78b1c
0001000f01b84c2702330089
ffff000f01bd722400216ace
ffff000f01b86347005ec29f
ffff000f01b53ab40099f28b
0000000f01b33c6000d4647d
0000000f01b2221b010e9151
0000000f01b1d2cf0148a6d0
0000000f01b248f70182be9e
0001000f01b38d0801bcf429
0001000f01b5be0401f77db1
0001000f01b931140232f056
ffff000f01bd722400216ace
ffff000f01b86347005ec29f
ffff000f01b53ab40099f28b
0000000f01b33c6000d4647d
0000000f01b2221b010e9151
0000000f01b1d2cf0148a6d0
0000000f01b248f70182be9e
0001000f01b38d0801bcf429
0001000f01b5be0401f77db1
0001000f01b931140232f056
ffff000f01bd722400216ace
ffff000f01b86347005ec29f
ffff000f01b53ab40099f28b
0000000f01b33c6000d4647d
0000000f01b2221b010e9151
0000000f01b1d2cf0148a6d0
0000000f01b248f70182be9e
0001000f01b38d0801bcf429
0001000f01b5be0401f77db1
0001000f01b931140232f056
ffff000f01bd722400216ace
ffff000f01b86347005ec29f
ffff000f01b53ab40099f28b
0000000f01b33c6000d4647d
0000000f01b2221b010e9151
0000000f01b1d2cf0148a6d0
0000000f01b248f70182be9e
0001000f01b38d0801bcf429
0001000f01b5be0401f77db1
0001000f01b931140232f056
ffff000f01bd722400216ace
ffff000f01b86347005ec29f
ffff000f01b53ab40099f28b
0000000f01b33c6000d4647d
0000000f01b2221b010e9151
0000000f01b1d2cf0148a6d0
0000000f01b248f70182be9e
0001000f01b38d0801bcf429
0001000f01b5be0401f77db1
0001000f01b931140232f056
ffff000f01bd722400216ace
ffff000f01b86347005ec29f
ffff000f01b53ab40099f28b
0000000f01b33c6000d4647d
0000000f01b2221b010e9151
0000000f01b1d2cf0148a6d0
0000000f01b248f70182be9e
0001000f01b38d0801bcf429
0001000f01b5be0401f77db1
0001000f01b931140232f056
ffff000f01be5e5900217b03
ffff000f01b946b8005ed27b
ffff000f01b6193b0099ff46
0000000f01b4181000d46d13
0000000f01b2fc50010e956e
0000000f01b2ac9b0148a65d
0000000f01b3235f0182b99e
0001000f01b4692801bceab9
0001000f01b69d4f01f7703c
0001000f01ba15da0232e01a
ffff000f01be5e5900217b03
ffff000f01b946b8005ed27b
ffff000f01b6193b0099ff46
0000000f01b4181000d46d13
0000000f01b2fc50010e956e
0000000f01b2ac9b0148a65d
0000000f01b3235f0182b99e
0001000f01b4692801bceab9
0001000f01b69d4f01f7703c
0001000f01ba15da0232e01a
ffff000f01be5e5900217b03
ffff000f01b946b8005ed27b
ffff000f01b6193b0099ff46
0000000f01b4181000d46d13
0000000f01b2fc50010e956e
0000000f01b2ac9b0148a65d
0000000f01b3235f0182b99e
0001000f01b4692801bceab9
0001000f01b69d4f01f7703c
0001000f01ba15da0232e01a
ffff000f01be5e5900217b03
ffff000f01b946b8005ed27b
ffff000f01b6193b0099ff46
0000000f01b4181000d46d13
0000000f01b2fc50010e956e
0000000f01b2ac9b0148a65d
0000000f01b3235f0182b99e
0001000f01b4692801bceab9
0001000f01b69d4f01f7703c
0001000f01ba15da0232e01a
ffff000f01be5e5900217b03
ffff000f01b946b8005ed27b
ffff000f01b6193b0099ff46
0000000f01b4181000d46d13
0000000f01b2fc50010e956e
0000000f01b2ac9b0148a65d
0000000f01b3235f0182b99e
0001000f01b4692801bceab9
0001000f01b69d4f01f7703c
0001000f01ba15da0232e01a
ffff000f01be5e5900217b03
ffff000f01b946b8005ed27b
ffff000f01b6193b0099ff46
0000000f01b4181000d46d13
0000000f01b2fc50010e956e
0000000f01b2ac9b0148a65d
0000000f01b3235f0182b99e
0001000f01b4692801bceab9
0001000f01b69d4f01f7703c
0001000f01ba15da0232e01a
ffff000f01bf4a7000218b3c
ffff000f01ba2a01005ee262
ffff000f01b6f794009a0c0b
0000000f01b4f39000d475b1
0000000f01b3d653010e998e
0000000f01b386370148a5ea
0000000f01b3fd960182b499
0001000f01b5451701bce141
0001000f01b77c6c01f762bc
0001000f01bafa770232cfd4
ffff000f01bf4a7000218b3c
ffff000f01ba2a01005ee262
ffff000f01b6f794009a0c0b
0000000f01b4f39000d475b1
0000000f01b3d653010e998e
0000000f01b386370148a5ea
0000000f01b3fd960182b499
0001000f01b5451701bce141
0001000f01b77c6c01f762bc
0001000f01bafa770232cfd4
ffff000f01bf4a7000218b3c
ffff000f01ba2a01005ee262
ffff000f01b6f794009a0c0b
0000000f01b4f39000d475b1
0000000f01b3d653010e998e
0000000f01b386370148a5ea
0000000f01b3fd960182b499
0001000f01b5451701bce141
0001000f01b77c6c01f762bc
0001000f01bafa770232cfd4
ffff000f01bf4a7000218b3c
ffff000f01ba2a01005ee262
ffff000f01b6f794009a0c0b
0000000f01b4f39000d475b1
0000000f01b3d653010e998e
0000000f01b386370148a5ea
0000000f01b3fd960182b499
0001000f01b5451701bce141
0001000f01b77c6c01f762bc
0001000f01bafa770232cfd4
ffff000f01bf4a7000218b3c
ffff000f01ba2a01005ee262
ffff000f01b6f794009a0c0b
0000000f01b4f39000d475b1
0000000f01b3d653010e998e
0000000f01b386370148a5ea
0000000f01b3fd960182b499
0001000f01b5451701bce141
0001000f01b77c6c01f762bc
0001000f01bafa770232cfd4
ffff000f01bf4a7000218b3c
ffff000f01ba2a01005ee262
ffff000f01b6f794009a0c0b
0000000f01b4f39000d475b1
0000000f01b3d653010e998e
0000000f01b386370148a5ea
0000000f01b3fd960182b499
0001000f01b5451701bce141
0001000f01b77c6c01f762bc
0001000f01bafa770232cfd4
ffff000f01c0366900219b79
ffff000f01bb0d1f005ef252
ffff000f01b7d5bf009a18d9
0000000f01b5cee000d47e56
0000000f01b4b025010e9db2
0000000f01b45fa10148a577
0000000f01b4d79c0182af90
0001000f01b620d701bcd7c1
0001000f01b85b5c01f75533
0001000f01bbdeec0232bf85
ffff000f01c0366900219b79
ffff000f01bb0d1f005ef252
ffff000f01b7d5bf009a18d9
0000000f01b5cee000d47e56
0000000f01b4b025010e9db2
0000000f01b45fa10148a577
0000000f01b4d79c0182af90
0001000f01b620d701bcd7c1
0001000f01b85b5c01f75533
0001000f01bbdeec0232bf85
ffff000f01c0366900219b79
ffff000f01bb0d1f005ef252
ffff000f01b7d5bf009a18d9
0000000f01b5cee000d47e56
0000000f01b4b025010e9db2
0000000f01b45fa10148a577
0000000f01b4d79c0182af90
0001000f01b620d701bcd7c1
0001000f01b85b5c01f75533
0001000f01bbdeec0232bf85
ffff000f01c0366900219b79
ffff000f01bb0d1f005ef252
ffff000f01b7d5bf009a18d9
0000000f01b5cee000d47e56
0000000f01b4b025010e9db2
0000000f01b45fa10148a577
0000000f01b4d79c0182af90
0001000f01b620d701bcd7c1
0001000f01b85b5c01f75533
0001000f01bbdeec0232bf85
ffff000f01c0366900219b79
ffff000f01bb0d1f005ef252
ffff000f01b7d5bf009a18d9
0000000f01b5cee000d47e56
0000000f01b4b025010e9db2
0000000f01b45fa10148a577
0000000f01b4d79c0182af90
0001000f01b620d701bcd7c1
0001000f01b85b5c01f75533
0001000f01bbdeec0232bf85
ffff000f01c0366900219b79
ffff000f01bb0d1f005ef252
ffff000f01b7d5bf009a18d9
0000000f01b5cee000d47e56
0000000f01b4b025010e9db2
0000000f01b45fa10148a577
0000000f01b4d79c0182af90
0001000f01b620d701bcd7c1
0001000f01b85b5c01f75533
0001000f01bbdeec0232bf85
ffff000f01c122430021abb9
ffff000f01bbf015005f024b
ffff000f01b8b3bb009a25b2
0000000f01b6a9fe00d48702
0000000f01b589c6010ea1da
0000000f01b538d90148a503
0000000f01b5b1700182aa83
0001000f01b6fc6601bcce3a
0001000f01b93a1d01f747a0
0001000f01bcc33a0232af2e
ffff000f01c122430021abb9
ffff000f01bbf015005f024b
ffff000f01b8b3bb009a25b2
0000000f01b6a9fe00d48702
0000000f01b589c6010ea1da
0000000f01b538d90148a503
0000000f01b5b1700182aa83
0001000f01b6fc6601bcce3a
0001000f01b93a1d01f747a0
0001000f01bcc33a0232af2e
ffff000f01c122430021abb9
ffff000f01bbf015005f024b
ffff000f01b8b3bb009a25b2
0000000f01b6a9fe00d48702
0000000f01b589c6010ea1da
0000000f01b538d90148a503
0000000f01b5b1700182aa83
0001000f01b6fc6601bcce3a
0001000f01b93a1d01f747a0
0001000f01bcc33a0232af2e
ffff000f01c122430021abb9
ffff000f01bbf015005f024b
ffff000f01b8b3bb009a25b2
0000000f01b6a9fe00d48702
0000000f01b589c6010ea1da
0000000f01b538d90148a503
0000000f01b5b1700182aa83
0001000f01b6fc6601bcce3a
0001000f01b93a1d01f747a0
0001000f01bcc33a0232af2e
ffff000f01c122430021abb9
ffff000f01bbf015005f024b
ffff000f01b8b3bb009a25b2
0000000f01b6a9fe00d48702
0000000f01b589c6010ea1da
0000000f01b538d90148a503
0000000f01b5b1700182aa83
0001000f01b6fc6601bcce3a
0001000f01b93a1d01f747a0
0001000f01bcc33a0232af2e
ffff000f01c122430021abb9
ffff000f01bbf015005f024b
ffff000f01b8b3bb009a25b2
0000000f01b6a9fe00d48702
0000000f01b589c6010ea1da
0000000f01b538d90148a503
0000000f01b5b1700182aa83
0001000f01b6fc6601bcce3a
0001000f01b93a1d01f747a0
0001000f01bcc33a0232af2e
ffff000f01c20e010021bbfb
ffff000f01bcd2e0005f124e
ffff000f01b99189009a3293
0000000f01b784ed00d48fb5
0000000e01b66336010ea606
0000000f01b611e00148a48f
0000000f01b68b130182a572
0001000f01b7d7c501bcc4aa
0001000f01ba18b101f73a03
0001000f01bda76002329ece
ffff000f01c20e010021bbfb
ffff000f01bcd2e0005f124e
ffff000f01b99189009a3293
0000000f01b784ed00d48fb5
0000000e01b66336010ea606
0000000f01b611e00148a48f
0000000f01b68b130182a572
0001000f01b7d7c501bcc4aa
0001000f01ba18b101f73a03
0001000f01bda76002329ece
ffff000f01c20e010021bbfb
ffff000f01bcd2e0005f124e
ffff000f01b99189009a3293
0000000f01b784ed00d48fb5
0000000e01b66336010ea606
0000000f01b611e00148a48f
0000000f01b68b130182a572
0001000f01b7d7c501bcc4aa
0001000f01ba18b101f73a03
0001000f01bda76002329ece
ffff000f01c20e010021bbfb
ffff000f01bcd2e0005f124e
ffff000f01b99189009a3293
0000000f01b784ed00d48fb5
0000000e01b66336010ea606
0000000f01b611e00148a48f
0000000f01b68b130182a572
0001000f01b7d7c501bcc4aa
0001000f01ba18b101f73a03
0001000f01bda76002329ece
ffff000f01c20e010021bbfb
ffff000f01bcd2e0005f124e
ffff000f01b99189009a3293
0000000f01b784ed00d48fb5
0000000e01b66336010ea606
0000000f01b611e00148a48f
0000000f01b68b130182a572
0001000f01b7d7c501bcc4aa
0001000f01ba18b101f73a03
0001000f01bda76002329ece
ffff000f01c20e010021bbfb
ffff000f01bcd2e0005f124e
ffff000f01b99189009a3293
0000000f01b784ed00d48fb5
0000000e01b66336010ea606
0000000f01b611e00148a48f
0000000f01b68b130182a572
0001000f01b7d7c501bcc4aa
0001000f01ba18b101f73a03
0001000f01bda76002329ece
ffff000f01c2f9a00021cc41
ffff000f01bdb583005f225a
ffff000f01ba6f28009a3f7e
0000000f01b85faa00d4986f
0000000e01b73c73010eaa34
0000000e01b6eab50148a41b
0000000f01b764850182a05c
0001000f01b8b2f301bcbb14
0001000f01baf71701f72c5d
0001000f01be8b5d02328e65
ffff000f01c2f9a00021cc41
ffff000f01bdb583005f225a
ffff000f01ba6f28009a3f7e
0000000f01b85faa00d4986f
0000000e01b73c73010eaa34
0000000e01b6eab50148a41b
0000000f01b764850182a05c
0001000f01b8b2f301bcbb14
0001000f01baf71701f72c5d
0001000f01be8b5d02328e65
ffff000f01c2f9a00021cc41
ffff000f01bdb583005f225a
ffff000f01ba6f28009a3f7e
0000000f01b85faa00d4986f
0000000e01b73c73010eaa34
0000000e01b6eab50148a41b
0000000f01b764850182a05c
0001000f01b8b2f301bcbb14
0001000f01baf71701f72c5d
0001000f01be8b5d02328e65
ffff000f01c2f9a00021cc41
ffff000f01bdb583005f225a
ffff000f01ba6f28009a3f7e
0000000f01b85faa00d4986f
0000000e01b73c73010eaa34
0000000e01b6eab50148a41b
0000000f01b764850182a05c
0001000f01b8b2f301bcbb14
0001000f01baf71701f72c5d
0001000f01be8b5d02328e65
ffff000f01c2f9a00021cc41
ffff000f01bdb583005f225a
ffff000f01ba6f28009a3f7e
0000000f01b85faa00d4986f
0000000e01b73c73010eaa34
0000000e01b6eab50148a41b
0000000f01b764850182a05c
0001000f01b8b2f301bcbb14
0001000f01baf71701f72c5d
0001000f01be8b5d02328e65
ffff000f01c2f9a00021cc41
ffff000f01bdb583005f225a
ffff000f01ba6f28009a3f7e
0000000f01b85faa00d4986f
0000000e01b73c73010eaa34
0000000e01b6eab50148a41b
0000000f01b764850182a05c
0001000f01b8b2f301bcbb14
0001000f01baf71701f72c5d
0001000f01be8b5d02328e65
ffff000f01c3e5220021dc88
ffff000f01be97fc005f326f
ffff000f01bb4c98009a4c73
0000000f01b93a3700d4a130
0000000e01b81580010eae67
0000000e01b7c3590148a3a6
0000000f01b83dc501829b42
0001000f01b98df101bcb175
0001000f01bbd54f01f71ead
0001000f01bf6f3302327df4
ffff000f01c3e5220021dc88
ffff000f01be97fc005f326f
ffff000f01bb4c98009a4c73
0000000f01b93a3700d4a130
0000000e01b81580010eae67
0000000e01b7c3590148a3a6
0000000f01b83dc501829b42
0001000f01b98df101bcb175
0001000f01bbd54f01f71ead
0001000f01bf6f3302327df4
ffff000f01c3e5220021dc88
ffff000f01be97fc005f326f
ffff000f01bb4c98009a4c73
0000000f01b93a3700d4a130
0000000e01b81580010eae67
0000000e01b7c3590148a3a6
0000000f01b83dc501829b42
0001000f01b98df101bcb175
0001000f01bbd54f01f71ead
0001000f01bf6f3302327df4
ffff000f01c3e5220021dc88
ffff000f01be97fc005f326f
ffff000f01bb4c98009a4c73
0000000f01b93a3700d4a130
0000000e01b81580010eae67
0000000e01b7c3590148a3a6
0000000f01b83dc501829b42
0001000f01b98df101bcb175
0001000f01bbd54f01f71ead
0001000f01bf6f3302327df4
ffff000f01c3e5220021dc88
ffff000f01be97fc005f326f
ffff000f01bb4c98009a4c73
0000000f01b93a3700d4a130
0000000e01b81580010eae67
0000000e01b7c3590148a3a6
0000000f01b83dc501829b42
0001000f01b98df101bcb175
0001000f01bbd54f01f71ead
0001000f01bf6f3302327df4
ffff000f01c3e5220021dc88
ffff000f01be97fc005f326f
ffff000f01bb4c98009a4c73
0000000f01b93a3700d4a130
0000000e01b81580010eae67
0000000e01b7c3590148a3a6
0000000f01b83dc501829b42
0001000f01b98df101bcb175
0001000f01bbd54f01f71ead
0001000f01bf6f3302327df4
ffff000f01c4d0870021ecd2
ffff000f01bf7a4b005f428c
ffff000f01bc29d9009a5971
0000000f01ba149300d4a9f8
0000000e01b8ee5a010eb29d
0000000e01b89bca0148a331
0000000f01b916d401829624
0001000f01ba68be01bca7d0
0001000f01bcb35901f710f4
0001000f01c052e202326d7a
ffff000f01c4d0870021ecd2
ffff000f01bf7a4b005f428c
ffff000f01bc29d9009a5971
0000000f01ba149300d4a9f8
0000000e01b8ee5a010eb29d
0000000e01b89bca0148a331
0000000f01b916d401829624
0001000f01ba68be01bca7d0
0001000f01bcb35901f710f4
0001000f01c052e202326d7a
ffff000f01c4d0870021ecd2
ffff000f01bf7a4b005f428c
ffff000f01bc29d9009a5971
0000000f01ba149300d4a9f8
0000000e01b8ee5a010eb29d
0000000e01b89bca0148a331
0000000f01b916d401829624
0001000f01ba68be01bca7d0
0001000f01bcb35901f710f4
0001000f01c052e202326d7a
ffff000f01c4d0870021ecd2
ffff000f01bf7a4b005f428c
ffff000f01bc29d9009a5971
0000000f01ba149300d4a9f8
0000000e01b8ee5a010eb29d
0000000e01b89bca0148a331
0000000f01b916d401829624
0001000f01ba68be01bca7d0
0001000f01bcb35901f710f4
0001000f01c052e202326d7a
ffff000f01c4d0870021ecd2
ffff000f01bf7a4b005f428c
ffff000f01bc29d9009a5971
0000000f01ba149300d4a9f8
0000000e01b8ee5a010eb29d
0000000e01b89bca0148a331
0000000f01b916d401829624
0001000f01ba68be01bca7d0
0001000f01bcb35901f710f4
0001000f01c052e202326d7a
ffff000f01c4d0870021ecd2
ffff000f01bf7a4b005f428c
ffff000f01bc29d9009a5971
0000000f01ba149300d4a9f8
0000000e01b8ee5a010eb29d
0000000e01b89bca0148a331
0000000f01b916d401829624
0001000f01ba68be01bca7d0
0001000f01bcb35901f710f4
0001000f01c052e202326d7a
ffff000f01c5bbcf0021fd1e
ffff000f01c05c71005f52b3
ffff000f01bd06ec009a6677
0000000f01baeebe00d4b2c7
0000000e01b9c703010eb6d6
0000000e01b9740a0148a2bb
0000000f01b9efb101829102
0001000f01bb435a01bc9e22
0001000f01bd913501f70331
0001000f01c1366802325cf9
ffff000f01c5bbcf0021fd1e
ffff000f01c05c71005f52b3
ffff000f01bd06ec009a6677
0000000f01baeebe00d4b2c7
0000000e01b9c703010eb6d6
0000000e01b9740a0148a2bb
0000000f01b9efb101829102
0001000f01bb435a01bc9e22
0001000f01bd913501f70331
0001000f01c1366802325cf9
ffff000f01c5bbcf0021fd1e
ffff000f01c05c71005f52b3
ffff000f01bd06ec009a6677
0000000f01baeebe00d4b2c7
0000000e01b9c703010eb6d6
0000000e01b9740a0148a2bb
0000000f01b9efb101829102
0001000f01bb435a01bc9e22
0001000f01bd913501f70331
0001000f01c1366802325cf9
ffff000f01c5bbcf0021fd1e
ffff000f01c05c71005f52b3
ffff000f01bd06ec009a6677
0000000f01baeebe00d4b2c7
0000000e01b9c703010eb6d6
0000000e01b9740a0148a2bb
0000000f01b9efb101829102
0001000f01bb435a01bc9e22
0001000f01bd913501f70331
0001000f01c1366802325cf9
ffff000f01c5bbcf0021fd1e
ffff000f01c05c71005f52b3
ffff000f01bd06ec009a6677
0000000f01baeebe00d4b2c7
0000000e01b9c703010eb6d6
0000000e01b9740a0148a2bb
0000000f01b9efb101829102
0001000f01bb435a01bc9e22
0001000f01bd913501f70331
0001000f01c1366802325cf9
ffff000f01c5bbcf0021fd1e
ffff000f01c05c71005f52b3
ffff000f01bd06ec009a6677
0000000f01baeebe00d4b2c7
0000000e01b9c703010eb6d6
0000000e01b9740a0148a2bb
0000000f01b9efb101829102
0001000f01bb435a01bc9e22
0001000f01bd913501f70331
0001000f01c1366802325cf9
ffff000f01c6a6fa00220d6b
ffff000f01c13e6e005f62e2
ffff000f01bde3d1009a7387
0000000e01bbc8b800d4bb9d
0000000e01ba9f7a010ebb12
0000000e01ba4c170148a245
0000000f01bac85c01828bdb
0001000f01bc1dc601bc946e
0001000f01be6ee301f6f565
0001000f01c219c702324c70
ffff000f01c6a6fa00220d6b
ffff000f01c13e6e005f62e2
ffff000f01bde3d1009a7387
0000000e01bbc8b800d4bb9d
0000000e01ba9f7a010ebb12
0000000e01ba4c170148a245
0000000f01bac85c01828bdb
0001000f01bc1dc601bc946e
0001000f01be6ee301f6f565
0001000f01c219c702324c70
ffff000f01c6a6fa00220d6b
ffff000f01c13e6e005f62e2
ffff000f01bde3d1009a7387
0000000e01bbc8b800d4bb9d
0000000e01ba9f7a010ebb12
0000000e01ba4c170148a245
0000000f01bac85c01828bdb
0001000f01bc1dc601bc946e
0001000f01be6ee301f6f565
0001000f01c219c702324c70
ffff000f01c6a6fa00220d6b
ffff000f01c13e6e005f62e2
ffff000f01bde3d1009a7387
0000000e01bbc8b800d4bb9d
0000000e01ba9f7a010ebb12
0000000e01ba4c170148a245
0000000f01bac85c01828bdb
0001000f01bc1dc601bc946e
0001000f01be6ee301f6f565
0001000f01c219c702324c70
ffff000f01c6a6fa00220d6b
ffff000f01c13e6e005f62e2
ffff000f01bde3d1009a7387
0000000e01bbc8b800d4bb9d
0000000e01ba9f7a010ebb12
0000000e01ba4c170148a245
0000000f01bac85c01828bdb
0001000f01bc1dc601bc946e
0001000f01be6ee301f6f565
0001000f01c219c702324c70
ffff000f01c6a6fa00220d6b
ffff000f01c13e6e005f62e2
ffff000f01bde3d1009a7387
0000000e01bbc8b800d4bb9d
0000000e01ba9f7a010ebb12
0000000e01ba4c170148a245
0000000f01bac85c01828bdb
0001000f01bc1dc601bc946e
0001000f01be6ee301f6f565
0001000f01c219c702324c70
ffff000f01c7920800221dba
ffff000f01c22041005f7319
ffff000f01bec086009a80a0
0000000e01bca28000d4c479
0000000e01bb77bf010ebf53
0000000e01bb23f30148a1cf
0000000f01bba0d6018286b1
0001000f01bcf80101bc8ab2
0001000f01bf4c6301f6e790
0001000f01c2fcff02323bdf
ffff000f01c7920800221dba
ffff000f01c22041005f7319
ffff000f01bec086009a80a0
0000000e01bca28000d4c479
0000000e01bb77bf010ebf53
0000000e01bb23f30148a1cf
0000000f01bba0d6018286b1
0001000f01bcf80101bc8ab2
0001000f01bf4c6301f6e790
0001000f01c2fcff02323bdf
ffff000f01c7920800221dba
ffff000f01c22041005f7319
ffff000f01bec086009a80a0
0000000e01bca28000d4c479
0000000e01bb77bf010ebf53
0000000e01bb23f30148a1cf
0000000f01bba0d6018286b1
0001000f01bcf80101bc8ab2
0001000f01bf4c6301f6e790
0001000f01c2fcff02323bdf
ffff000f01c7920800221dba
ffff000f01c22041005f7319
ffff000f01bec086009a80a0
0000000e01bca28000d4c479
0000000e01bb77bf010ebf53
0000000e01bb23f30148a1cf
0000000f01bba0d6018286b1
0001000f01bcf80101bc8ab2
0001000f01bf4c6301f6e790
0001000f01c2fcff02323bdf
ffff000f01c7920800221dba
ffff000f01c22041005f7319
ffff000f01bec086009a80a0
0000000e01bca28000d4c479
0000000e01bb77bf010ebf53
0000000e01bb23f30148a1cf
0000000f01bba0d6018286b1
0001000f01bcf80101bc8ab2
0001000f01bf4c6301f6e790
0001000f01c2fcff02323bdf
ffff000f01c7920800221dba
ffff000f01c22041005f7319
ffff000f01bec086009a80a0
0000000e01bca28000d4c479
0000000e01bb77bf010ebf53
0000000e01bb23f30148a1cf
0000000f01bba0d6018286b1
0001000f01bcf80101bc8ab2
0001000f01bf4c6301f6e790
0001000f01c2fcff02323bdf
ffff000f01c87cfa00222e0a
ffff000f01c301eb005f8358
ffff000f01bf9d0d009a8dc1
0000000e01bd7c1800d4cd5c
0000000e01bc4fd2010ec396
0000000e01bbfb9c0148a158
0000000e01bc791d01828182
0001000f01bdd20b01bc80ef
0001000f01c029b501f6d9b2
0001000f01c3e00e02322b47
ffff000f01c87cfa00222e0a
ffff000f01c301eb005f8358
ffff000f01bf9d0d009a8dc1
0000000e01bd7c1800d4cd5c
0000000e01bc4fd2010ec396
0000000e01bbfb9c0148a158
0000000e01bc791d01828182
0001000f01bdd20b01bc80ef
0001000f01c029b501f6d9b2
0001000f01c3e00e02322b47
ffff000f01c87cfa00222e0a
ffff000f01c301eb005f8358
ffff000f01bf9d0d009a8dc1
0000000e01bd7c1800d4cd5c
0000000e01bc4fd2010ec396
0000000e01bbfb9c0148a158
0000000e01bc791d01828182
0001000f01bdd20b01bc80ef
0001000f01c029b501f6d9b2
0001000f01c3e00e02322b47
ffff000f01c87cfa00222e0a
ffff000f01c301eb005f8358
ffff000f01bf9d0d009a8dc1
0000000e01bd7c1800d4cd5c
0000000e01bc4fd2010ec396
0000000e01bbfb9c0148a158
0000000e01bc791d01828182
0001000f01bdd20b01bc80ef
0001000f01c029b501f6d9b2
0001000f01c3e00e02322b47
ffff000f01c87cfa00222e0a
ffff000f01c301eb005f8358
ffff000f01bf9d0d009a8dc1
0000000e01bd7c1800d4cd5c
0000000e01bc4fd2010ec396
0000000e01bbfb9c0148a158
0000000e01bc791d01828182
0001000f01bdd20b01bc80ef
0001000f01c029b501f6d9b2
0001000f01c3e00e02322b47
ffff000f01c87cfa00222e0a
ffff000f01c301eb005f8358
ffff000f01bf9d0d009a8dc1
0000000e01bd7c1800d4cd5c
0000000e01bc4fd2010ec396
0000000e01bbfb9c0148a158
0000000e01bc791d01828182
0001000f01bdd20b01bc80ef
0001000f01c029b501f6d9b2
0001000f01c3e00e02322b47
ffff000f01c967cf00223e5b
ffff000f01c3e36c005f939f
ffff000f01c07964009a9aec
0000000e01be557f00d4d646
0000000e01bd27b3010ec7dd
0000000e01bcd3120148a0e1
0000000e01bd513201827c50
0001000f01beabe501bc7725
0001000f01c106d901f6cbcb
0001000f01c4c2f702321aa8
ffff000f01c967cf00223e5b
ffff000f01c3e36c005f939f
ffff000f01c07964009a9aec
0000000e01be557f00d4d646
0000000e01bd27b3010ec7dd
0000000e01bcd3120148a0e1
0000000e01bd513201827c50
0001000f01beabe501bc7725
0001000f01c106d901f6cbcb
0001000f01c4c2f702321aa8
ffff000f01c967cf00223e5b
ffff000f01c3e36c005f939f
ffff000f01c07964009a9aec
0000000e01be557f00d4d646
0000000e01bd27b3010ec7dd
0000000e01bcd3120148a0e1
0000000e01bd513201827c50
0001000f01beabe501bc7725
0001000f01c106d901f6cbcb
0001000f01c4c2f702321aa8
ffff000f01c967cf00223e5b
ffff000f01c3e36c005f939f
ffff000f01c07964009a9aec
0000000e01be557f00d4d646
0000000e01bd27b3010ec7dd
0000000e01bcd3120148a0e1
0000000e01bd513201827c50
0001000f01beabe501bc7725
0001000f01c106d901f6cbcb
0001000f01c4c2f702321aa8
ffff000f01c967cf00223e5b
ffff000f01c3e36c005f939f
ffff000f01c07964009a9aec
0000000e01be557f00d4d646
0000000e01bd27b3010ec7dd
0000000e01bcd3120148a0e1
0000000e01bd513201827c50
0001000f01beabe501bc7725
0001000f01c106d901f6cbcb
0001000f01c4c2f702321aa8
ffff000f01c967cf00223e5b
ffff000f01c3e36c005f939f
ffff000f01c07964009a9aec
0000000e01be557f00d4d646
0000000e01bd27b3010ec7dd
0000000e01bcd3120148a0e1
0000000e01bd513201827c50
0001000f01beabe501bc7725
0001000f01c106d901f6cbcb
0001000f01c4c2f702321aa8
ffff000f01ca528800224eac
ffff000f01c4c4c4005fa3ee
ffff000f01c1558d009aa81f
0000000e01bf2eb400d4df36
0000000e01bdff62010ecc27
0000000e01bdaa570148a069
0000000e01be291601827719
0001000f01bf858d01bc6d53
0001000f01c1e3cf01f6bddc
0001000f01c5a5b802320a02
ffff000f01ca528800224eac
ffff000f01c4c4c4005fa3ee
ffff000f01c1558d009aa81f
0000000e01bf2eb400d4df36
0000000e01bdff62010ecc27
0000000e01bdaa570148a069
0000000e01be291601827719
0001000f01bf858d01bc6d53
0001000f01c1e3cf01f6bddc
0001000f01c5a5b802320a02
ffff000f01ca528800224eac
ffff000f01c4c4c4005fa3ee
ffff000f01c1558d009aa81f
0000000e01bf2eb400d4df36
0000000e01bdff62010ecc27
0000000e01bdaa570148a069
0000000e01be291601827719
0001000f01bf858d01bc6d53
0001000f01c1e3cf01f6bddc
0001000f01c5a5b802320a02
ffff000f01ca528800224eac
ffff000f01c4c4c4005fa3ee
ffff000f01c1558d009aa81f
0000000e01bf2eb400d4df36
0000000e01bdff62010ecc27
0000000e01bdaa570148a069
0000000e01be291601827719
0001000f01bf858d01bc6d53
0001000f01c1e3cf01f6bddc
0001000f01c5a5b802320a02
ffff000f01ca528800224eac
ffff000f01c4c4c4005fa3ee
ffff000f01c1558d009aa81f
0000000e01bf2eb400d4df36
0000000e01bdff62010ecc27
0000000e01bdaa570148a069
0000000e01be291601827719
0001000f01bf858d01bc6d53
0001000f01c1e3cf01f6bddc
0001000f01c5a5b802320a02
ffff000f01ca528800224eac
ffff000f01c4c4c4005fa3ee
ffff000f01c1558d009aa81f
0000000e01bf2eb400d4df36
0000000e01bdff62010ecc27
0000000e01bdaa570148a069
0000000e01be291601827719
0001000f01bf858d01bc6d53
0001000f01c1e3cf01f6bddc
0001000f01c5a5b802320a02
ffff000f01cb3d2400225efd
ffff000f01c5a5f3005fb445
ffff000f01c23187009ab55a
0000000e01c007b800d4e82d
0000000e01bed6de010ed074
0000000e01be816901489ff2
0000000e01bf00c7018271de
0001000f01c05f0401bc637b
0001000f01c2c09701f6afe4
0001000f01c688510231f954
ffff000f01cb3d2400225efd
ffff000f01c5a5f3005fb445
ffff000f01c23187009ab55a
0000000e01c007b800d4e82d
0000000e01bed6de010ed074
0000000e01be816901489ff2
0000000e01bf00c7018271de
0001000f01c05f0401bc637b
0001000f01c2c09701f6afe4
0001000f01c688510231f954
ffff000f01cb3d2400225efd
ffff000f01c5a5f3005fb445
ffff000f01c23187009ab55a
0000000e01c007b800d4e82d
0000000e01bed6de010ed074
0000000e01be816901489ff2
0000000e01bf00c7018271de
0001000f01c05f0401bc637b
0001000f01c2c09701f6afe4
0001000f01c688510231f954
ffff000f01cb3d2400225efd
ffff000f01c5a5f3005fb445
ffff000f01c23187009ab55a
0000000e01c007b800d4e82d
0000000e01bed6de010ed074
0000000e01be816901489ff2
0000000e01bf00c7018271de
0001000f01c05f0401bc637b
0001000f01c2c09701f6afe4
0001000f01c688510231f954
ffff000f01cb3d2400225efd
ffff000f01c5a5f3005fb445
ffff000f01c23187009ab55a
0000000e01c007b800d4e82d
0000000e01bed6de010ed074
0000000e01be816901489ff2
0000000e01bf00c7018271de
0001000f01c05f0401bc637b
0001000f01c2c09701f6afe4
0001000f01c688510231f954
ffff000f01cb3d2400225efd
ffff000f01c5a5f3005fb445
ffff000f01c23187009ab55a
0000000e01c007b800d4e82d
0000000e01bed6de010ed074
0000000e01be816901489ff2
0000000e01bf00c7018271de
0001000f01c05f0401bc637b
0001000f01c2c09701f6afe4
0001000f01c688510231f954
ffff000f01cc27a500226f4f
ffff000f01c686f9005fc4a3
ffff000f01c30d53009ac29e
0000000e01c0e08a00d4f12a
0000000e01bfae29010ed4c5
0000000e01bf584801489f79
0000000e01bfd84601826ca0
0001000f01c1384b01bc599c
0001000f01c39d3101f6a1e3
0001000f01c76ac40231e8a0
ffff000f01cc27a500226f4f
ffff000f01c686f9005fc4a3
ffff000f01c30d53009ac29e
0000000e01c0e08a00d4f12a
0000000e01bfae29010ed4c5
0000000e01bf584801489f79
0000000e01bfd84601826ca0
0001000f01c1384b01bc599c
0001000f01c39d3101f6a1e3
0001000f01c76ac40231e8a0
ffff000f01cc27a500226f4f
ffff000f01c686f9005fc4a3
ffff000f01c30d53009ac29e
0000000e01c0e08a00d4f12a
0000000e01bfae29010ed4c5
0000000e01bf584801489f79
0000000e01bfd84601826ca0
0001000f01c1384b01bc599c
0001000f01c39d3101f6a1e3
0001000f01c76ac40231e8a0
ffff000f01cc27a500226f4f
ffff000f01c686f9005fc4a3
ffff000f01c30d53009ac29e
0000000e01c0e08a00d4f12a
0000000e01bfae29010ed4c5
0000000e01bf584801489f79
0000000e01bfd84601826ca0
0001000f01c1384b01bc599c
0001000f01c39d3101f6a1e3
0001000f01c76ac40231e8a0
ffff000f01cc27a500226f4f
ffff000f01c686f9005fc4a3
ffff000f01c30d53009ac29e
0000000e01c0e08a00d4f12a
0000000e01bfae29010ed4c5
0000000e01bf584801489f79
0000000e01bfd84601826ca0
0001000f01c1384b01bc599c
0001000f01c39d3101f6a1e3
0001000f01c76ac40231e8a0
ffff000f01cc27a500226f4f
ffff000f01c686f9005fc4a3
ffff000f01c30d53009ac29e
0000000e01c0e08a00d4f12a
0000000e01bfae29010ed4c5
0000000e01bf584801489f79
0000000e01bfd84601826ca0
0001000f01c1384b01bc599c
0001000f01c39d3101f6a1e3
0001000f01c76ac40231e8a0
ffff000f01cd120b00227fa0
ffff000f01c767d5005fd508
ffff000f01c3e8ef009acfea
0000000e01c1b92b00d4fa2e
0000000e01c08540010ed919
0000000e01c02ef501489f01
0000000e01c0af930182675d
0001000f01c2116001bc4fb5
0001000f01c4799c01f693da
0001000f01c84d0f0231d7e6
ffff000f01cd120b00227fa0
ffff000f01c767d5005fd508
ffff000f01c3e8ef009acfea
0000000e01c1b92b00d4fa2e
0000000e01c08540010ed919
0000000e01c02ef501489f01
0000000e01c0af930182675d
0001000f01c2116001bc4fb5
0001000f01c4799c01f693da
0001000f01c84d0f0231d7e6
ffff000f01cd120b00227fa0
ffff000f01c767d5005fd508
ffff000f01c3e8ef009acfea
0000000e01c1b92b00d4fa2e
0000000e01c08540010ed919
0000000e01c02ef501489f01
0000000e01c0af930182675d
0001000f01c2116001bc4fb5
0001000f01c4799c01f693da
0001000f01c84d0f0231d7e6
ffff000f01cd120b00227fa0
ffff000f01c767d5005fd508
ffff000f01c3e8ef009acfea
0000000e01c1b92b00d4fa2e
0000000e01c08540010ed919
0000000e01c02ef501489f01
0000000e01c0af930182675d
0001000f01c2116001bc4fb5
0001000f01c4799c01f693da
0001000f01c84d0f0231d7e6
ffff000f01cd120b00227fa0
ffff000f01c767d5005fd508
ffff000f01c3e8ef009acfea
0000000e01c1b92b00d4fa2e
0000000e01c08540010ed919
0000000e01c02ef501489f01
0000000e01c0af930182675d
0001000f01c2116001bc4fb5
0001000f01c4799c01f693da
0001000f01c84d0f0231d7e6
ffff000f01cd120b00227fa0
ffff000f01c767d5005fd508
ffff000f01c3e8ef009acfea
0000000e01c1b92b00d4fa2e
0000000e01c08540010ed919
0000000e01c02ef501489f01
0000000e01c0af930182675d
0001000f01c2116001bc4fb5
0001000f01c4799c01f693da
0001000f01c84d0f0231d7e6
ffff000f01cdfc5500228ff1
ffff000f01c84889005fe575
ffff000f01c4c45c009add3e
0000000e01c2919b00d50338
0000000e01c15c26010edd70
0000000e01c1056f01489e88
0000000e01c186ad01826217
0001000f01c2ea4401bc45c8
0001000f01c555da01f685c8
0001000f01c92f330231c725
ffff000f01cdfc5500228ff1
ffff000f01c84889005fe575
ffff000f01c4c45c009add3e
0000000e01c2919b00d50338
0000000e01c15c26010edd70
0000000e01c1056f01489e88
0000000e01c186ad01826217
0001000f01c2ea4401bc45c8
0001000f01c555da01f685c8
0001000f01c92f330231c725
ffff000f01cdfc5500228ff1
ffff000f01c84889005fe575
ffff000f01c4c45c009add3e
0000000e01c2919b00d50338
0000000e01c15c26010edd70
0000000e01c1056f01489e88
0000000e01c186ad01826217
0001000f01c2ea4401bc45c8
0001000f01c555da01f685c8
0001000f01c92f330231c725
ffff000f01cdfc5500228ff1
ffff000f01c84889005fe575
ffff000f01c4c45c009add3e
0000000e01c2919b00d50338
0000000e01c15c26010edd70
0000000e01c1056f01489e88
0000000e01c186ad01826217
0001000f01c2ea4401bc45c8
0001000f01c555da01f685c8
0001000f01c92f330231c725
ffff000f01cdfc5500228ff1
ffff000f01c84889005fe575
ffff000f01c4c45c009add3e
0000000e01c2919b00d50338
0000000e01c15c26010edd70
0000000e01c1056f01489e88
0000000e01c186ad01826217
0001000f01c2ea4401bc45c8
0001000f01c555da01f685c8
0001000f01c92f330231c725
ffff000f01cdfc5500228ff1
ffff000f01c84889005fe575
ffff000f01c4c45c009add3e
0000000e01c2919b00d50338
0000000e01c15c26010edd70
0000000e01c1056f01489e88
0000000e01c186ad01826217
0001000f01c2ea4401bc45c8
0001000f01c555da01f685c8
0001000f01c92f330231c725
ffff000f01cee6830022a041
ffff000f01c92914005ff5e8
ffff000f01c59f9b009aea9a
0000000e01c369d900d50c48
0000000e01c232d8010ee1ca
0000000e01c1dbb601489e0f
0000000e01c25d9501825ccd
0001000f01c3c2f701bc3bd4
0001000f01c631e901f677af
0001000f01ca11300231b65e
ffff000f01cee6830022a041
ffff000f01c92914005ff5e8
ffff000f01c59f9b009aea9a
0000000e01c369d900d50c48
0000000e01c232d8010ee1ca
0000000e01c1dbb601489e0f
0000000e01c25d9501825ccd
0001000f01c3c2f701bc3bd4
0001000f01c631e901f677af
0001000f01ca11300231b65e
ffff000f01cee6830022a041
ffff000f01c92914005ff5e8
ffff000f01c59f9b009aea9a
0000000e01c369d900d50c48
0000000e01c232d8010ee1ca
0000000e01c1dbb601489e0f
0000000e01c25d9501825ccd
0001000f01c3c2f701bc3bd4
0001000f01c631e901f677af
0001000f01ca11300231b65e
ffff000f01cee6830022a041
ffff000f01c92914005ff5e8
ffff000f01c59f9b009aea9a
0000000e01c369d900d50c48
0000000e01c232d8010ee1ca
0000000e01c1dbb601489e0f
0000000e01c25d9501825ccd
0001000f01c3c2f701bc3bd4
0001000f01c631e901f677af
0001000f01ca11300231b65e
ffff000f01cee6830022a041
ffff000f01c92914005ff5e8
ffff000f01c59f9b009aea9a
0000000e01c369d900d50c48
0000000e01c232d8010ee1ca
0000000e01c1dbb601489e0f
0000000e01c25d9501825ccd
0001000f01c3c2f701bc3bd4
0001000f01c631e901f677af
0001000f01ca11300231b65e
ffff000f01cee6830022a041
ffff000f01c92914005ff5e8
ffff000f01c59f9b009aea9a
0000000e01c369d900d50c48
0000000e01c232d8010ee1ca
0000000e01c1dbb601489e0f
0000000e01c25d9501825ccd
0001000f01c3c2f701bc3bd4
0001000f01c631e901f677af
0001000f01ca11300231b65e
ffff000f01cfd0970022b090
ffff000f01ca097600600663
ffff000f01c67aaa009af7fe
0000000e01c441e600d5155e
0000000e01c30958010ee628
0000000e01c2b1cb01489d95
0000000e01c3344a0182577f
0001000f01c49b7901bc31da
0001000f01c70dca01f6698d
0001000f01caf3070231a591
ffff000f01cfd0970022b090
ffff000f01ca097600600663
ffff000f01c67aaa009af7fe
0000000e01c441e600d5155e
0000000e01c30958010ee628
0000000e01c2b1cb01489d95
0000000e01c3344a0182577f
0001000f01c49b7901bc31da
0001000f01c70dca01f6698d
0001000f01caf3070231a591
ffff000f01cfd0970022b090
ffff000f01ca097600600663
ffff000f01c67aaa009af7fe
0000000e01c441e600d5155e
0000000e01c30958010ee628
0000000e01c2b1cb01489d95
0000000e01c3344a0182577f
0001000f01c49b7901bc31da
0001000f01c70dca01f6698d
0001000f01caf3070231a591
ffff000f01cfd0970022b090
ffff000f01ca097600600663
ffff000f01c67aaa009af7fe
0000000e01c441e600d5155e
0000000e01c30958010ee628
0000000e01c2b1cb01489d95
0000000e01c3344a0182577f
0001000f01c49b7901bc31da
0001000f01c70dca01f6698d
0001000f01caf3070231a591
ffff000f01cfd0970022b090
ffff000f01ca097600600663
ffff000f01c67aaa009af7fe
0000000e01c441e600d5155e
0000000e01c30958010ee628
0000000e01c2b1cb01489d95
0000000e01c3344a0182577f
0001000f01c49b7901bc31da
0001000f01c70dca01f6698d
0001000f01caf3070231a591
ffff000f01cfd0970022b090
ffff000f01ca097600600663
ffff000f01c67aaa009af7fe
0000000e01c441e600d5155e
0000000e01c30958010ee628
0000000e01c2b1cb01489d95
0000000e01c3344a0182577f
0001000f01c49b7901bc31da
0001000f01c70dca01f6698d
0001000f01caf3070231a591
ffff000f01d0ba8f0022c0dd
ffff000f01cae9af006016e4
ffff000f01c7558b009b056a
0000000e01c519c100d51e7b
0000000e01c3dfa6010eea88
0000000e01c387ac01489d1b
0000000e01c40acd0182522d
0001000f01c573c901bc27d9
0001000f01c7e97d01f65b64
0001000f01cbd4b6023194be
ffff000f01d0ba8f0022c0dd
ffff000f01cae9af006016e4
ffff000f01c7558b009b056a
0000000e01c519c100d51e7b
0000000e01c3dfa6010eea88
0000000e01c387ac01489d1b
0000000e01c40acd0182522d
0001000f01c573c901bc27d9
0001000f01c7e97d01f65b64
0001000f01cbd4b6023194be
ffff000f01d0ba8f0022c0dd
ffff000f01cae9af006016e4
ffff000f01c7558b009b056a
0000000e01c519c100d51e7b
0000000e01c3dfa6010eea88
0000000e01c387ac01489d1b
0000000e01c40acd0182522d
0001000f01c573c901bc27d9
0001000f01c7e97d01f65b64
0001000f01cbd4b6023194be
ffff000f01d0ba8f0022c0dd
ffff000f01cae9af006016e4
ffff000f01c7558b009b056a
0000000e01c519c100d51e7b
0000000e01c3dfa6010eea88
0000000e01c387ac01489d1b
0000000e01c40acd0182522d
0001000f01c573c901bc27d9
0001000f01c7e97d01f65b64
0001000f01cbd4b6023194be
ffff000f01d0ba8f0022c0dd
ffff000f01cae9af006016e4
ffff000f01c7558b009b056a
0000000e01c519c100d51e7b
0000000e01c3dfa6010eea88
0000000e01c387ac01489d1b
0000000e01c40acd0182522d
0001000f01c573c901bc27d9
0001000f01c7e97d01f65b64
0001000f01cbd4b6023194be
ffff000f01d0ba8f0022c0dd
ffff000f01cae9af006016e4
ffff000f01c7558b009b056a
0000000e01c519c100d51e7b
0000000e01c3dfa6010eea88
0000000e01c387ac01489d1b
0000000e01c40acd0182522d
0001000f01c573c901bc27d9
0001000f01c7e97d01f65b64
0001000f01cbd4b6023194be
ffff000f01d1a46e0022d129
ffff000f01cbc9c00060276b
ffff000f01c8303c009b12de
0000000e01c5f16a00d5279e
0000000e01c4b5c0010eeeec
0000000e01c45d5b01489ca1
0000000e01c4e11d01824cd8
0001000f01c64be801bc1dd1
0001000f01c8c50201f64d32
0001000f01ccb63f023183e6
ffff000f01d1a46e0022d129
ffff000f01cbc9c00060276b
ffff000f01c8303c009b12de
0000000e01c5f16a00d5279e
0000000e01c4b5c0010eeeec
0000000e01c45d5b01489ca1
0000000e01c4e11d01824cd8
0001000f01c64be801bc1dd1
0001000f01c8c50201f64d32
0001000f01ccb63f023183e6
ffff000f01d1a46e0022d129
ffff000f01cbc9c00060276b
ffff000f01c8303c009b12de
0000000e01c5f16a00d5279e
0000000e01c4b5c0010eeeec
0000000e01c45d5b01489ca1
0000000e01c4e11d01824cd8
0001000f01c64be801bc1dd1
0001000f01c8c50201f64d32
0001000f01ccb63f023183e6
ffff000f01d1a46e0022d129
ffff000f01cbc9c00060276b
ffff000f01c8303c009b12de
0000000e01c5f16a00d5279e
0000000e01c4b5c0010eeeec
0000000e01c45d5b01489ca1
0000000e01c4e11d01824cd8
0001000f01c64be801bc1dd1
0001000f01c8c50201f64d32
0001000f01ccb63f023183e6
ffff000f01d1a46e0022d129
ffff000f01cbc9c00060276b
ffff000f01c8303c009b12de
0000000e01c5f16a00d5279e
0000000e01c4b5c0010eeeec
0000000e01c45d5b01489ca1
0000000e01c4e11d01824cd8
0001000f01c64be801bc1dd1
0001000f01c8c50201f64d32
0001000f01ccb63f023183e6
ffff000f01d1a46e0022d129
ffff000f01cbc9c00060276b
ffff000f01c8303c009b12de
0000000e01c5f16a00d5279e
0000000e01c4b5c0010eeeec
0000000e01c45d5b01489ca1
0000000e01c4e11d01824cd8
0001000f01c64be801bc1dd1
0001000f01c8c50201f64d32
0001000f01ccb63f023183e6
ffff000f01d28e310022e173
ffff000f01cca9a8006037f9
ffff000f01c90abf009b205a
0000000e01c6c8e200d530c6
0000000e01c58ba8010ef353
0000000e01c532d601489c26
0000000e01c5b73b0182477f
0001000f01c723d601bc13c3
0001000f01c9a05901f63ef9
0001000f01cd97a102317308
ffff000f01d28e310022e173
ffff000f01cca9a8006037f9
ffff000f01c90abf009b205a
0000000e01c6c8e200d530c6
0000000e01c58ba8010ef353
0000000e01c532d601489c26
0000000e01c5b73b0182477f
0001000f01c723d601bc13c3
0001000f01c9a05901f63ef9
0001000f01cd97a102317308
ffff000f01d28e310022e173
ffff000f01cca9a8006037f9
ffff000f01c90abf009b205a
0000000e01c6c8e200d530c6
0000000e01c58ba8010ef353
0000000e01c532d601489c26
0000000e01c5b73b0182477f
0001000f01c723d601bc13c3
0001000f01c9a05901f63ef9
0001000f01cd97a102317308
ffff000f01d28e310022e173
ffff000f01cca9a8006037f9
ffff000f01c90abf009b205a
0000000e01c6c8e200d530c6
0000000e01c58ba8010ef353
0000000e01c532d601489c26
0000000e01c5b73b0182477f
0001000f01c723d601bc13c3
0001000f01c9a05901f63ef9
0001000f01cd97a102317308
ffff000f01d28e310022e173
ffff000f01cca9a8006037f9
ffff000f01c90abf009b205a
0000000e01c6c8e200d530c6
0000000e01c58ba8010ef353
0000000e01c532d601489c26
0000000e01c5b73b0182477f
0001000f01c723d601bc13c3
0001000f01c9a05901f63ef9
0001000f01cd97a102317308
ffff000f01d28e310022e173
ffff000f01cca9a8006037f9
ffff000f01c90abf009b205a
0000000e01c6c8e200d530c6
0000000e01c58ba8010ef353
0000000e01c532d601489c26
0000000e01c5b73b0182477f
0001000f01c723d601bc13c3
0001000f01c9a05901f63ef9
0001000f01cd97a102317308
ffff000f01d377db0022f1bb
ffff000f01cd89670060488d
ffff000f01c9e513009b2ddd
0000000e01c7a02700d539f5
0000000e01c6615d010ef7bc
0000000e01c6081e01489bab
0000000e01c68d2601824222
0001000f01c7fb9301bc09af
0001000f01ca7b8301f630b9
0002000f01ce78dd02316225
ffff000f01d377db0022f1bb
ffff000f01cd89670060488d
ffff000f01c9e513009b2ddd
0000000e01c7a02700d539f5
0000000e01c6615d010ef7bc
0000000e01c6081e01489bab
0000000e01c68d2601824222
0001000f01c7fb9301bc09af
0001000f01ca7b8301f630b9
0002000f01ce78dd02316225
ffff000f01d377db0022f1bb
ffff000f01cd89670060488d
ffff000f01c9e513009b2ddd
0000000e01c7a02700d539f5
0000000e01c6615d010ef7bc
0000000e01c6081e01489bab
0000000e01c68d2601824222
0001000f01c7fb9301bc09af
0001000f01ca7b8301f630b9
0002000f01ce78dd02316225
ffff000f01d377db0022f1bb
ffff000f01cd89670060488d
ffff000f01c9e513009b2ddd
0000000e01c7a02700d539f5
0000000e01c6615d010ef7bc
0000000e01c6081e01489bab
0000000e01c68d2601824222
0001000f01c7fb9301bc09af
0001000f01ca7b8301f630b9
0002000f01ce78dd02316225
ffff000f01d377db0022f1bb
ffff000f01cd89670060488d
ffff000f01c9e513009b2ddd
0000000e01c7a02700d539f5
0000000e01c6615d010ef7bc
0000000e01c6081e01489bab
0000000e01c68d2601824222
0001000f01c7fb9301bc09af
0001000f01ca7b8301f630b9
0002000f01ce78dd02316225
ffff000f01d377db0022f1bb
ffff000f01cd89670060488d
ffff000f01c9e513009b2ddd
0000000e01c7a02700d539f5
0000000e01c6615d010ef7bc
0000000e01c6081e01489bab
0000000e01c68d2601824222
0001000f01c7fb9301bc09af
0001000f01ca7b8301f630b9
0002000f01ce78dd02316225
ffff000f01d4616b00230200
ffff000f01ce68fe00605926
ffff000f01cabf38009b3b67
0000000e01c8773c00d54329
0000000e01c736df010efc29
0000000e01c6dd3401489b30
0000000e01c762de01823cc1
0001000f01c8d31e01bbff94
0001000f01cb567e01f62271
0002000f01cf59f20231513d
ffff000f01d4616b00230200
ffff000f01ce68fe00605926
ffff000f01cabf38009b3b67
0000000e01c8773c00d54329
0000000e01c736df010efc29
0000000e01c6dd3401489b30
0000000e01c762de01823cc1
0001000f01c8d31e01bbff94
0001000f01cb567e01f62271
0002000f01cf59f20231513d
ffff000f01d4616b00230200
ffff000f01ce68fe00605926
ffff000f01cabf38009b3b67
0000000e01c8773c00d54329
0000000e01c736df010efc29
0000000e01c6dd3401489b30
0000000e01c762de01823cc1
0001000f01c8d31e01bbff94
0001000f01cb567e01f62271
0002000f01cf59f20231513d
ffff000f01d4616b00230200
ffff000f01ce68fe00605926
ffff000f01cabf38009b3b67
0000000e01c8773c00d54329
0000000e01c736df010efc29
0000000e01c6dd3401489b30
0000000e01c762de01823cc1
0001000f01c8d31e01bbff94
0001000f01cb567e01f62271
0002000f01cf59f20231513d
ffff000f01d4616b00230200
ffff000f01ce68fe00605926
ffff000f01cabf38009b3b67
0000000e01c8773c00d54329
0000000e01c736df010efc29
0000000e01c6dd3401489b30
0000000e01c762de01823cc1
0001000f01c8d31e01bbff94
0001000f01cb567e01f62271
0002000f01cf59f20231513d
ffff000f01d4616b00230200
ffff000f01ce68fe00605926
ffff000f01cabf38009b3b67
0000000e01c8773c00d54329
0000000e01c736df010efc29
0000000e01c6dd3401489b30
0000000e01c762de01823cc1
0001000f01c8d31e01bbff94
0001000f01cb567e01f62271
0002000f01cf59f20231513d
fffe000f01d54ae100231242
ffff000f01cf486d006069c6
ffff000f01cb992e009b48f9
0000000e01c94e1e00d54c64
0000000e01c80c2f010f0099
0000000e01c7b21601489ab4
0000000e01c838640182375d
0001000f01c9aa7801bbf573
0001000f01cc314b01f61421
0002000f01d03ae102314050
fffe000f01d54ae100231242
ffff000f01cf486d006069c6
ffff000f01cb992e009b48f9
0000000e01c94e1e00d54c64
0000000e01c80c2f010f0099
0000000e01c7b21601489ab4
0000000e01c838640182375d
0001000f01c9aa7801bbf573
0001000f01cc314b01f61421
0002000f01d03ae102314050
fffe000f01d54ae100231242
ffff000f01cf486d006069c6
ffff000f01cb992e009b48f9
0000000e01c94e1e00d54c64
0000000e01c80c2f010f0099
0000000e01c7b21601489ab4
0000000e01c838640182375d
0001000f01c9aa7801bbf573
0001000f01cc314b01f61421
0002000f01d03ae102314050
fffe000f01d54ae100231242
ffff000f01cf486d006069c6
ffff000f01cb992e009b48f9
0000000e01c94e1e00d54c64
0000000e01c80c2f010f0099
0000000e01c7b21601489ab4
0000000e01c838640182375d
0001000f01c9aa7801bbf573
0001000f01cc314b01f61421
0002000f01d03ae102314050
fffe000f01d54ae100231242
ffff000f01cf486d006069c6
ffff000f01cb992e009b48f9
0000000e01c94e1e00d54c64
0000000e01c80c2f010f0099
0000000e01c7b21601489ab4
0000000e01c838640182375d
0001000f01c9aa7801bbf573
0001000f01cc314b01f61421
0002000f01d03ae102314050
fffe000f01d54ae100231242
ffff000f01cf486d006069c6
ffff000f01cb992e009b48f9
0000000e01c94e1e00d54c64
0000000e01c80c2f010f0099
0000000e01c7b21601489ab4
0000000e01c838640182375d
0001000f01c9aa7801bbf573
0001000f01cc314b01f61421
0002000f01d03ae102314050
fffe000f01d6343d00232282
ffff000f01d027b400607a6b
ffff000f01cc72f5009b5692
0000000e01ca24ce00d555a4
0000000e01c8e14b010f050c
0000000e01c886c401489a38
0000000e01c90db6018231f5
0001000f01ca81a001bbeb4b
0001000f01cd0bea01f605ca
0002000f01d11baa02312f5f
fffe000f01d6343d00232282
ffff000f01d027b400607a6b
ffff000f01cc72f5009b5692
0000000e01ca24ce00d555a4
0000000e01c8e14b010f050c
0000000e01c886c401489a38
0000000e01c90db6018231f5
0001000f01ca81a001bbeb4b
0001000f01cd0bea01f605ca
0002000f01d11baa02312f5f
fffe000f01d6343d00232282
ffff000f01d027b400607a6b
ffff000f01cc72f5009b5692
0000000e01ca24ce00d555a4
0000000e01c8e14b010f050c
0000000e01c886c401489a38
0000000e01c90db6018231f5
0001000f01ca81a001bbeb4b
0001000f01cd0bea01f605ca
0002000f01d11baa02312f5f
fffe000f01d6343d00232282
ffff000f01d027b400607a6b
ffff000f01cc72f5009b5692
0000000e01ca24ce00d555a4
0000000e01c8e14b010f050c
0000000e01c886c401489a38
0000000e01c90db6018231f5
0001000f01ca81a001bbeb4b
0001000f01cd0bea01f605ca
0002000f01d11baa02312f5f
fffe000f01d6343d00232282
ffff000f01d027b400607a6b
ffff000f01cc72f5009b5692
0000000e01ca24ce00d555a4
0000000e01c8e14b010f050c
0000000e01c886c401489a38
0000000e01c90db6018231f5
0001000f01ca81a001bbeb4b
0001000f01cd0bea01f605ca
0002000f01d11baa02312f5f
fffe000f01d6343d00232282
ffff000f01d027b400607a6b
ffff000f01cc72f5009b5692
0000000e01ca24ce00d555a4
0000000e01c8e14b010f050c
0000000e01c886c401489a38
0000000e01c90db6018231f5
0001000f01ca81a001bbeb4b
0001000f01cd0bea01f605ca
0002000f01d11baa02312f5f
fffe000f01d71d81002332be
ffff000f01d106d200608b15
ffff000e01cd4c8d009b6432
0000000e01cafb4d00d55eea
0000000e01c9b634010f0982
0000000e01c95b40014899bc
0000000e01c9e2d601822c8a
0001000f01cb589701bbe11e
0001000f01cde65b01f5f76d
0002000f01d1fc4c02311e69
fffe000f01d71d81002332be
ffff000f01d106d200608b15
ffff000e01cd4c8d009b6432
0000000e01cafb4d00d55eea
0000000e01c9b634010f0982
0000000e01c95b40014899bc
0000000e01c9e2d601822c8a
0001000f01cb589701bbe11e
0001000f01cde65b01f5f76d
0002000f01d1fc4c02311e69
fffe000f01d71d81002332be
ffff000f01d106d200608b15
ffff000e01cd4c8d009b6432
0000000e01cafb4d00d55eea
0000000e01c9b634010f0982
0000000e01c95b40014899bc
0000000e01c9e2d601822c8a
0001000f01cb589701bbe11e
0001000f01cde65b01f5f76d
0002000f01d1fc4c02311e69
fffe000f01d71d81002332be
ffff000f01d106d200608b15
ffff000e01cd4c8d009b6432
0000000e01cafb4d00d55eea
0000000e01c9b634010f0982
0000000e01c95b40014899bc
0000000e01c9e2d601822c8a
0001000f01cb589701bbe11e
0001000f01cde65b01f5f76d
0002000f01d1fc4c02311e69
fffe000f01d71d81002332be
ffff000f01d106d200608b15
ffff000e01cd4c8d009b6432
0000000e01cafb4d00d55eea
0000000e01c9b634010f0982
0000000e01c95b40014899bc
0000000e01c9e2d601822c8a
0001000f01cb589701bbe11e
0001000f01cde65b01f5f76d
0002000f01d1fc4c02311e69
fffe000f01d71d81002332be
ffff000f01d106d200608b15
ffff000e01cd4c8d009b6432
0000000e01cafb4d00d55eea
0000000e01c9b634010f0982
0000000e01c95b40014899bc
0000000e01c9e2d601822c8a
0001000f01cb589701bbe11e
0001000f01cde65b01f5f76d
0002000f01d1fc4c02311e69
fffe000f01d806ab002342f6
ffff000f01d1e5c900609bc5
ffff000e01ce25f6009b71da
0000000e01cbd19a00d56835
0000000e01ca8aea010f0dfa
0000000e01ca2f880148993f
0000000e01cab7c20182271c
0001000f01cc2f5c01bbd6eb
0001000f01cec09e01f5e908
0002000f01d2dcc902310d6f
fffe000f01d806ab002342f6
ffff000f01d1e5c900609bc5
ffff000e01ce25f6009b71da
0000000e01cbd19a00d56835
0000000e01ca8aea010f0dfa
0000000e01ca2f880148993f
0000000e01cab7c20182271c
0001000f01cc2f5c01bbd6eb
0001000f01cec09e01f5e908
0002000f01d2dcc902310d6f
fffe000f01d806ab002342f6
ffff000f01d1e5c900609bc5
ffff000e01ce25f6009b71da
0000000e01cbd19a00d56835
0000000e01ca8aea010f0dfa
0000000e01ca2f880148993f
0000000e01cab7c20182271c
0001000f01cc2f5c01bbd6eb
0001000f01cec09e01f5e908
0002000f01d2dcc902310d6f
fffe000f01d806ab002342f6
ffff000f01d1e5c900609bc5
ffff000e01ce25f6009b71da
0000000e01cbd19a00d56835
0000000e01ca8aea010f0dfa
0000000e01ca2f880148993f
0000000e01cab7c20182271c
0001000f01cc2f5c01bbd6eb
0001000f01cec09e01f5e908
0002000f01d2dcc902310d6f
fffe000f01d806ab002342f6
ffff000f01d1e5c900609bc5
ffff000e01ce25f6009b71da
0000000e01cbd19a00d56835
0000000e01ca8aea010f0dfa
0000000e01ca2f880148993f
0000000e01cab7c20182271c
0001000f01cc2f5c01bbd6eb
0001000f01cec09e01f5e908
0002000f01d2dcc902310d6f
fffe000f01d806ab002342f6
ffff000f01d1e5c900609bc5
ffff000e01ce25f6009b71da
0000000e01cbd19a00d56835
0000000e01ca8aea010f0dfa
0000000e01ca2f880148993f
0000000e01cab7c20182271c
0001000f01cc2f5c01bbd6eb
0001000f01cec09e01f5e908
0002000f01d2dcc902310d6f
fffe000f01d8efbd0023532a
ffff000f01d2c4970060ac79
ffff000e01ceff31009b7f88
0000000e01cca7b500d57186
0000000e01cb5f6d010f1276
0000000e01cb039d014898c2
0000000e01cb8c7c018221a9
0001000f01cd05f001bbccb1
0001000f01cf9ab301f5da9c
0002000f01d3bd200230fc71
fffe000f01d8efbd0023532a
ffff000f01d2c4970060ac79
ffff000e01ceff31009b7f88
0000000e01cca7b500d57186
0000000e01cb5f6d010f1276
0000000e01cb039d014898c2
0000000e01cb8c7c018221a9
0001000f01cd05f001bbccb1
0001000f01cf9ab301f5da9c
0002000f01d3bd200230fc71
fffe000f01d8efbd0023532a
ffff000f01d2c4970060ac79
ffff000e01ceff31009b7f88
0000000e01cca7b500d57186
0000000e01cb5f6d010f1276
0000000e01cb039d014898c2
0000000e01cb8c7c018221a9
0001000f01cd05f001bbccb1
0001000f01cf9ab301f5da9c
0002000f01d3bd200230fc71
fffe000f01d8efbd0023532a
ffff000f01d2c4970060ac79
ffff000e01ceff31009b7f88
0000000e01cca7b500d57186
0000000e01cb5f6d010f1276
0000000e01cb039d014898c2
0000000e01cb8c7c018221a9
0001000f01cd05f001bbccb1
0001000f01cf9ab301f5da9c
0002000f01d3bd200230fc71
fffe000f01d8efbd0023532a
ffff000f01d2c4970060ac79
ffff000e01ceff31009b7f88
0000000e01cca7b500d57186
0000000e01cb5f6d010f1276
0000000e01cb039d014898c2
0000000e01cb8c7c018221a9
0001000f01cd05f001bbccb1
0001000f01cf9ab301f5da9c
0002000f01d3bd200230fc71
fffe000f01d8efbd0023532a
ffff000f01d2c4970060ac79
ffff000e01ceff31009b7f88
0000000e01cca7b500d57186
0000000e01cb5f6d010f1276
0000000e01cb039d014898c2
0000000e01cb8c7c018221a9
0001000f01cd05f001bbccb1
0001000f01cf9ab301f5da9c
0002000f01d3bd200230fc71
fffe000f01d9d8b70023635b
ffff000f01d3a33e0060bd33
ffff000e01cfd83d009b8d3c
0000000e01cd7d9e00d57add
0000000e01cc33bd010f16f4
0000000e01cbd77e01489845
0000000e01cc610301821c34
0001000f01cddc5301bbc272
0001000f01d0749b01f5cc2a
0002000f01d49d520230eb70
fffe000f01d9d8b70023635b
ffff000f01d3a33e0060bd33
ffff000e01cfd83d009b8d3c
0000000e01cd7d9e00d57add
0000000e01cc33bd010f16f4
0000000e01cbd77e01489845
0000000e01cc610301821c34
0001000f01cddc5301bbc272
0001000f01d0749b01f5cc2a
0002000f01d49d520230eb70
fffe000f01d9d8b70023635b
ffff000f01d3a33e0060bd33
ffff000e01cfd83d009b8d3c
0000000e01cd7d9e00d57add
0000000e01cc33bd010f16f4
0000000e01cbd77e01489845
0000000e01cc610301821c34
0001000f01cddc5301bbc272
0001000f01d0749b01f5cc2a
0002000f01d49d520230eb70
fffe000f01d9d8b70023635b
ffff000f01d3a33e0060bd33
ffff000e01cfd83d009b8d3c
0000000e01cd7d9e00d57add
0000000e01cc33bd010f16f4
0000000e01cbd77e01489845
0000000e01cc610301821c34
0001000f01cddc5301bbc272
0001000f01d0749b01f5cc2a
0002000f01d49d520230eb70
fffe000f01d9d8b70023635b
ffff000f01d3a33e0060bd33
ffff000e01cfd83d009b8d3c
0000000e01cd7d9e00d57add
0000000e01cc33bd010f16f4
0000000e01cbd77e01489845
0000000e01cc610301821c34
0001000f01cddc5301bbc272
0001000f01d0749b01f5cc2a
0002000f01d49d520230eb70
fffe000f01d9d8b70023635b
ffff000f01d3a33e0060bd33
ffff000e01cfd83d009b8d3c
0000000e01cd7d9e00d57add
0000000e01cc33bd010f16f4
0000000e01cbd77e01489845
0000000e01cc610301821c34
0001000f01cddc5301bbc272
0001000f01d0749b01f5cc2a
0002000f01d49d520230eb70
fffe000f01dac19800237386
ffff000f01d481bd0060cdf1
ffff000e01d0b11a009b9af8
0000000e01ce535500d58439
0000000e01cd07da010f1b75
0000000e01ccab2c014897c8
0000000e01cd3557018216bb
0001000f01ceb28401bbb82c
0001000f01d14e5501f5bdb1
0002000f01d57d5e0230da6a
fffe000f01dac19800237386
ffff000f01d481bd0060cdf1
ffff000e01d0b11a009b9af8
0000000e01ce535500d58439
0000000e01cd07da010f1b75
0000000e01ccab2c014897c8
0000000e01cd3557018216bb
0001000f01ceb28401bbb82c
0001000f01d14e5501f5bdb1
0002000f01d57d5e0230da6a
fffe000f01dac19800237386
ffff000f01d481bd0060cdf1
ffff000e01d0b11a009b9af8
0000000e01ce535500d58439
0000000e01cd07da010f1b75
0000000e01ccab2c014897c8
0000000e01cd3557018216bb
0001000f01ceb28401bbb82c
0001000f01d14e5501f5bdb1
0002000f01d57d5e0230da6a
fffe000f01dac19800237386
ffff000f01d481bd0060cdf1
ffff000e01d0b11a009b9af8
0000000e01ce535500d58439
0000000e01cd07da010f1b75
0000000e01ccab2c014897c8
0000000e01cd3557018216bb
0001000f01ceb28401bbb82c
0001000f01d14e5501f5bdb1
0002000f01d57d5e0230da6a
fffe000f01dac19800237386
ffff000f01d481bd0060cdf1
ffff000e01d0b11a009b9af8
0000000e01ce535500d58439
0000000e01cd07da010f1b75
0000000e01ccab2c014897c8
0000000e01cd3557018216bb
0001000f01ceb28401bbb82c
0001000f01d14e5501f5bdb1
0002000f01d57d5e0230da6a
fffe000f01dac19800237386
ffff000f01d481bd0060cdf1
ffff000e01d0b11a009b9af8
0000000e01ce535500d58439
0000000e01cd07da010f1b75
0000000e01ccab2c014897c8
0000000e01cd3557018216bb
0001000f01ceb28401bbb82c
0001000f01d14e5501f5bdb1
0002000f01d57d5e0230da6a
fffe000f01dbaa61002383ad
ffff000f01d560150060deb4
ffff000e01d189c8009ba8ba
0000000e01cf28da00d58d9a
0000000e01cddbc3010f1ff9
0000000e01cd7ea60148974a
0000000e01ce09780182113e
0001000e01cf888301bbade2
0001000f01d227e101f5af32
0002000f01d65d440230c961
fffe000f01dbaa61002383ad
ffff000f01d560150060deb4
ffff000e01d189c8009ba8ba
0000000e01cf28da00d58d9a
0000000e01cddbc3010f1ff9
0000000e01cd7ea60148974a
0000000e01ce09780182113e
0001000e01cf888301bbade2
0001000f01d227e101f5af32
0002000f01d65d440230c961
fffe000f01dbaa61002383ad
ffff000f01d560150060deb4
ffff000e01d189c8009ba8ba
0000000e01cf28da00d58d9a
0000000e01cddbc3010f1ff9
0000000e01cd7ea60148974a
0000000e01ce09780182113e
0001000e01cf888301bbade2
0001000f01d227e101f5af32
0002000f01d65d440230c961
fffe000f01dbaa61002383ad
ffff000f01d560150060deb4
ffff000e01d189c8009ba8ba
0000000e01cf28da00d58d9a
0000000e01cddbc3010f1ff9
0000000e01cd7ea60148974a
0000000e01ce09780182113e
0001000e01cf888301bbade2
0001000f01d227e101f5af32
0002000f01d65d440230c961
fffe000f01dbaa61002383ad
ffff000f01d560150060deb4
ffff000e01d189c8009ba8ba
0000000e01cf28da00d58d9a
0000000e01cddbc3010f1ff9
0000000e01cd7ea60148974a
0000000e01ce09780182113e
0001000e01cf888301bbade2
0001000f01d227e101f5af32
0002000f01d65d440230c961
fffe000f01dbaa61002383ad
ffff000f01d560150060deb4
ffff000e01d189c8009ba8ba
0000000e01cf28da00d58d9a
0000000e01cddbc3010f1ff9
0000000e01cd7ea60148974a
0000000e01ce09780182113e
0001000e01cf888301bbade2
0001000f01d227e101f5af32
0002000f01d65d440230c961
fffe000f01dc9313002393cf
ffff000f01d63e450060ef7b
ffff000e01d26248009bb682
0000000e01cffe2e00d59701
0000000e01ceaf7a010f2480
0000000e01ce51ed014896cc
0000000e01cedd6501820bbf
0001000e01d05e5101bba391
0001000f01d3013f01f5a0ac
0002000f01d73d050230b855
fffe000f01dc9313002393cf
ffff000f01d63e450060ef7b
ffff000e01d26248009bb682
0000000e01cffe2e00d59701
0000000e01ceaf7a010f2480
0000000e01ce51ed014896cc
0000000e01cedd6501820bbf
0001000e01d05e5101bba391
0001000f01d3013f01f5a0ac
0002000f01d73d050230b855
fffe000f01dc9313002393cf
ffff000f01d63e450060ef7b
ffff000e01d26248009bb682
0000000e01cffe2e00d59701
0000000e01ceaf7a010f2480
0000000e01ce51ed014896cc
0000000e01cedd6501820bbf
0001000e01d05e5101bba391
0001000f01d3013f01f5a0ac
0002000f01d73d050230b855
fffe000f01dc9313002393cf
ffff000f01d63e450060ef7b
ffff000e01d26248009bb682
0000000e01cffe2e00d59701
0000000e01ceaf7a010f2480
0000000e01ce51ed014896cc
0000000e01cedd6501820bbf
0001000e01d05e5101bba391
0001000f01d3013f01f5a0ac
0002000f01d73d050230b855
fffe000f01dc9313002393cf
ffff000f01d63e450060ef7b
ffff000e01d26248009bb682
0000000e01cffe2e00d59701
0000000e01ceaf7a010f2480
0000000e01ce51ed014896cc
0000000e01cedd6501820bbf
0001000e01d05e5101bba391
0001000f01d3013f01f5a0ac
0002000f01d73d050230b855
fffe000f01dc9313002393cf
ffff000f01d63e450060ef7b
ffff000e01d26248009bb682
0000000e01cffe2e00d59701
0000000e01ceaf7a010f2480
0000000e01ce51ed014896cc
0000000e01cedd6501820bbf
0001000e01d05e5101bba391
0001000f01d3013f01f5a0ac
0002000f01d73d050230b855
fffe000f01dd7bae0023a3eb
ffff000f01d71c4e00610046
ffff000e01d33a99009bc451
0000000e01d0d34f00d5a06c
0000000e01cf82fd010f2909
0000000e01cf25000148964d
0000000e01cfb1200182063c
0001000e01d133ee01bb993b
0001000f01d3da7001f59220
0002000f01d81ca10230a746
fffe000f01dd7bae0023a3eb
ffff000f01d71c4e00610046
ffff000e01d33a99009bc451
0000000e01d0d34f00d5a06c
0000000e01cf82fd010f2909
0000000e01cf25000148964d
0000000e01cfb1200182063c
0001000e01d133ee01bb993b
0001000f01d3da7001f59220
0002000f01d81ca10230a746
fffe000f01dd7bae0023a3eb
ffff000f01d71c4e00610046
ffff000e01d33a99009bc451
0000000e01d0d34f00d5a06c
0000000e01cf82fd010f2909
0000000e01cf25000148964d
0000000e01cfb1200182063c
0001000e01d133ee01bb993b
0001000f01d3da7001f59220
0002000f01d81ca10230a746
fffe000f01dd7bae0023a3eb
ffff000f01d71c4e00610046
ffff000e01d33a99009bc451
0000000e01d0d34f00d5a06c
0000000e01cf82fd010f2909
0000000e01cf25000148964d
0000000e01cfb1200182063c
0001000e01d133ee01bb993b
0001000f01d3da7001f59220
0002000f01d81ca10230a746
fffe000f01dd7bae0023a3eb
ffff000f01d71c4e00610046
ffff000e01d33a99009bc451
0000000e01d0d34f00d5a06c
0000000e01cf82fd010f2909
0000000e01cf25000148964d
0000000e01cfb1200182063c
0001000e01d133ee01bb993b
0001000f01d3da7001f59220
0002000f01d81ca10230a746
fffe000f01dd7bae0023a3eb
ffff000f01d71c4e00610046
ffff000e01d33a99009bc451
0000000e01d0d34f00d5a06c
0000000e01cf82fd010f2909
0000000e01cf25000148964d
0000000e01cfb1200182063c
0001000e01d133ee01bb993b
0001000f01d3da7001f59220
0002000f01d81ca10230a746
fffe000f01de64310023b402
ffff000f01d7fa2f00611115
ffff000e01d412bb009bd226
0000000e01d1a83f00d5a9de
0000000e01d0564c010f2d96
0000000e01cff7df014895ce
0000000e01d084a7018200b5
0001000e01d2095901bb8edf
0001000f01d4b37301f5838e
0002000f01d8fc1802309635
fffe000f01de64310023b402
ffff000f01d7fa2f00611115
ffff000e01d412bb009bd226
0000000e01d1a83f00d5a9de
0000000e01d0564c010f2d96
0000000e01cff7df014895ce
0000000e01d084a7018200b5
0001000e01d2095901bb8edf
0001000f01d4b37301f5838e
0002000f01d8fc1802309635
fffe000f01de64310023b402
ffff000f01d7fa2f00611115
ffff000e01d412bb009bd226
0000000e01d1a83f00d5a9de
0000000e01d0564c010f2d96
0000000e01cff7df014895ce
0000000e01d084a7018200b5
0001000e01d2095901bb8edf
0001000f01d4b37301f5838e
0002000f01d8fc1802309635
fffe000f01de64310023b402
ffff000f01d7fa2f00611115
ffff000e01d412bb009bd226
0000000e01d1a83f00d5a9de
0000000e01d0564c010f2d96
0000000e01cff7df014895ce
0000000e01d084a7018200b5
0001000e01d2095901bb8edf
0001000f01d4b37301f5838e
0002000f01d8fc1802309635
fffe000f01de64310023b402
ffff000f01d7fa2f00611115
ffff000e01d412bb009bd226
0000000e01d1a83f00d5a9de
0000000e01d0564c010f2d96
0000000e01cff7df014895ce
0000000e01d084a7018200b5
0001000e01d2095901bb8edf
0001000f01d4b37301f5838e
0002000f01d8fc1802309635
fffe000f01de64310023b402
ffff000f01d7fa2f00611115
ffff000e01d412bb009bd226
0000000e01d1a83f00d5a9de
0000000e01d0564c010f2d96
0000000e01cff7df014895ce
0000000e01d084a7018200b5
0001000e01d2095901bb8edf
0001000f01d4b37301f5838e
0002000f01d8fc1802309635
fffe000f01df4c9e0023c412
ffff000f01d8d7e9006121e7
ffff000e01d4eaaf009be001
0000000e01d27cfc00d5b354
0000000e01d12969010f3224
0000000e01d0ca8b0148954f
0000000e01d157fb0181fb2c
0001000e01d2de9301bb847e
0001000f01d58c4801f574f6
0002000f01d9db6b02308520
fffe000f01df4c9e0023c412
ffff000f01d8d7e9006121e7
ffff000e01d4eaaf009be001
0000000e01d27cfc00d5b354
0000000e01d12969010f3224
0000000e01d0ca8b0148954f
0000000e01d157fb0181fb2c
0001000e01d2de9301bb847e
0001000f01d58c4801f574f6
0002000f01d9db6b02308520
fffe000f01df4c9e0023c412
ffff000f01d8d7e9006121e7
ffff000e01d4eaaf009be001
0000000e01d27cfc00d5b354
0000000e01d12969010f3224
0000000e01d0ca8b0148954f
0000000e01d157fb0181fb2c
0001000e01d2de9301bb847e
0001000f01d58c4801f574f6
0002000f01d9db6b02308520
fffe000f01df4c9e0023c412
ffff000f01d8d7e9006121e7
ffff000e01d4eaaf009be001
0000000e01d27cfc00d5b354
0000000e01d12969010f3224
0000000e01d0ca8b0148954f
0000000e01d157fb0181fb2c
0001000e01d2de9301bb847e
0001000f01d58c4801f574f6
0002000f01d9db6b02308520
fffe000f01df4c9e0023c412
ffff000f01d8d7e9006121e7
ffff000e01d4eaaf009be001
0000000e01d27cfc00d5b354
0000000e01d12969010f3224
0000000e01d0ca8b0148954f
0000000e01d157fb0181fb2c
0001000e01d2de9301bb847e
0001000f01d58c4801f574f6
0002000f01d9db6b02308520
fffe000f01df4c9e0023c412
ffff000f01d8d7e9006121e7
ffff000e01d4eaaf009be001
0000000e01d27cfc00d5b354
0000000e01d12969010f3224
0000000e01d0ca8b0148954f
0000000e01d157fb0181fb2c
0001000e01d2de9301bb847e
0001000f01d58c4801f574f6
0002000f01d9db6b02308520
fffe000f01e034f40023d41d
ffff000f01d9b57d006132be
ffff000e01d5c274009bede2
0000000e01d3518800d5bccf
0000000e01d1fc52010f36b6
0000000e01d19d03014894d0
0000000e01d22b1c0181f59f
0001000e01d3b39b01bb7a17
0001000f01d664f001f56658
0002000f01daba9902307409
fffe000f01e034f40023d41d
ffff000f01d9b57d006132be
ffff000e01d5c274009bede2
0000000e01d3518800d5bccf
0000000e01d1fc52010f36b6
0000000e01d19d03014894d0
0000000e01d22b1c0181f59f
0001000e01d3b39b01bb7a17
0001000f01d664f001f56658
0002000f01daba9902307409
fffe000f01e034f40023d41d
ffff000f01d9b57d006132be
ffff000e01d5c274009bede2
0000000e01d3518800d5bccf
0000000e01d1fc52010f36b6
0000000e01d19d03014894d0
0000000e01d22b1c0181f59f
0001000e01d3b39b01bb7a17
0001000f01d664f001f56658
0002000f01daba9902307409
fffe000f01e034f40023d41d
ffff000f01d9b57d006132be
ffff000e01d5c274009bede2
0000000e01d3518800d5bccf
0000000e01d1fc52010f36b6
0000000e01d19d03014894d0
0000000e01d22b1c0181f59f
0001000e01d3b39b01bb7a17
0001000f01d664f001f56658
0002000f01daba9902307409
fffe000f01e034f40023d41d
ffff000f01d9b57d006132be
ffff000e01d5c274009bede2
0000000e01d3518800d5bccf
0000000e01d1fc52010f36b6
0000000e01d19d03014894d0
0000000e01d22b1c0181f59f
0001000e01d3b39b01bb7a17
0001000f01d664f001f56658
0002000f01daba9902307409
fffe000f01e034f40023d41d
ffff000f01d9b57d006132be
ffff000e01d5c274009bede2
0000000e01d3518800d5bccf
0000000e01d1fc52010f36b6
0000000e01d19d03014894d0
0000000e01d22b1c0181f59f
0001000e01d3b39b01bb7a17
0001000f01d664f001f56658
0002000f01daba9902307409
fffe000f01e11d350023e420
ffff000f01da92ea00614397
ffff000e01d69a0b009bfbc9
0000000e01d425e200d5c64f
0000000e01d2cf07010f3b4a
0000000e01d26f4801489450
0000000e01d2fe0a0181f00f
0001000e01d4887201bb6fab
0001000f01d73d6b01f557b4
0002000f01db99a2023062f0
fffe000f01e11d350023e420
ffff000f01da92ea00614397
ffff000e01d69a0b009bfbc9
0000000e01d425e200d5c64f
0000000e01d2cf07010f3b4a
0000000e01d26f4801489450
0000000e01d2fe0a0181f00f
0001000e01d4887201bb6fab
0001000f01d73d6b01f557b4
0002000f01db99a2023062f0
fffe000f01e11d350023e420
ffff000f01da92ea00614397
ffff000e01d69a0b009bfbc9
0000000e01d425e200d5c64f
0000000e01d2cf07010f3b4a
0000000e01d26f4801489450
0000000e01d2fe0a0181f00f
0001000e01d4887201bb6fab
0001000f01d73d6b01f557b4
0002000f01db99a2023062f0
fffe000f01e11d350023e420
ffff000f01da92ea00614397
ffff000e01d69a0b009bfbc9
0000000e01d425e200d5c64f
0000000e01d2cf07010f3b4a
0000000e01d26f4801489450
0000000e01d2fe0a0181f00f
0001000e01d4887201bb6fab
0001000f01d73d6b01f557b4
0002000f01db99a2023062f0
fffe000f01e11d350023e420
ffff000f01da92ea00614397
ffff000e01d69a0b009bfbc9
0000000e01d425e200d5c64f
0000000e01d2cf07010f3b4a
0000000e01d26f4801489450
0000000e01d2fe0a0181f00f
0001000e01d4887201bb6fab
0001000f01d73d6b01f557b4
0002000f01db99a2023062f0
fffe000f01e11d350023e420
ffff000f01da92ea00614397
ffff000e01d69a0b009bfbc9
0000000e01d425e200d5c64f
0000000e01d2cf07010f3b4a
0000000e01d26f4801489450
0000000e01d2fe0a0181f00f
0001000e01d4887201bb6fab
0001000f01d73d6b01f557b4
0002000f01db99a2023062f0
fffe000f01e2055f0023f41d
ffff000f01db703000615474
ffff000e01d77173009c09b6
0000000e01d4fa0900d5cfd5
0000000e01d3a18a010f3fe1
0000000e01d34158014893d0
0000000e01d3d0c50181ea7d
0001000e01d55d1701bb653a
0001000f01d815b801f5490b
0002000f01dc7887023051d5
fffe000f01e2055f0023f41d
ffff000f01db703000615474
ffff000e01d77173009c09b6
0000000e01d4fa0900d5cfd5
0000000e01d3a18a010f3fe1
0000000e01d34158014893d0
0000000e01d3d0c50181ea7d
0001000e01d55d1701bb653a
0001000f01d815b801f5490b
0002000f01dc7887023051d5
fffe000f01e2055f0023f41d
ffff000f01db703000615474
ffff000e01d77173009c09b6
0000000e01d4fa0900d5cfd5
0000000e01d3a18a010f3fe1
0000000e01d34158014893d0
0000000e01d3d0c50181ea7d
0001000e01d55d1701bb653a
0001000f01d815b801f5490b
0002000f01dc7887023051d5
fffe000f01e2055f0023f41d
ffff000f01db703000615474
ffff000e01d77173009c09b6
0000000e01d4fa0900d5cfd5
0000000e01d3a18a010f3fe1
0000000e01d34158014893d0
0000000e01d3d0c50181ea7d
0001000e01d55d1701bb653a
0001000f01d815b801f5490b
0002000f01dc7887023051d5
fffe000f01e2055f0023f41d
ffff000f01db703000615474
ffff000e01d77173009c09b6
0000000e01d4fa0900d5cfd5
0000000e01d3a18a010f3fe1
0000000e01d34158014893d0
0000000e01d3d0c50181ea7d
0001000e01d55d1701bb653a
0001000f01d815b801f5490b
0002000f01dc7887023051d5
fffe000f01e2055f0023f41d
ffff000f01db703000615474
ffff000e01d77173009c09b6
0000000e01d4fa0900d5cfd5
0000000e01d3a18a010f3fe1
0000000e01d34158014893d0
0000000e01d3d0c50181ea7d
0001000e01d55d1701bb653a
0001000f01d815b801f5490b
0002000f01dc7887023051d5
fffe000f01e2ed7400240413
ffff000f01dc4d4f00616554
ffff000e01d848ad009c17a8
0000000e01d5cdff00d5d95f
0000000e01d473d9010f447a
0000000e01d4133501489350
0000000e01d4a34d0181e4e7
0001000e01d6318b01bb5ac3
0001000f01d8edd901f53a5c
0002000f01dd5748023040b8
fffe000f01e2ed7400240413
ffff000f01dc4d4f00616554
ffff000e01d848ad009c17a8
0000000e01d5cdff00d5d95f
0000000e01d473d9010f447a
0000000e01d4133501489350
0000000e01d4a34d0181e4e7
0001000e01d6318b01bb5ac3
0001000f01d8edd901f53a5c
0002000f01dd5748023040b8
fffe000f01e2ed7400240413
ffff000f01dc4d4f00616554
ffff000e01d848ad009c17a8
0000000e01d5cdff00d5d95f
0000000e01d473d9010f447a
0000000e01d4133501489350
0000000e01d4a34d0181e4e7
0001000e01d6318b01bb5ac3
0001000f01d8edd901f53a5c
0002000f01dd5748023040b8
fffe000f01e2ed7400240413
ffff000f01dc4d4f00616554
ffff000e01d848ad009c17a8
0000000e01d5cdff00d5d95f
0000000e01d473d9010f447a
0000000e01d4133501489350
0000000e01d4a34d0181e4e7
0001000e01d6318b01bb5ac3
0001000f01d8edd901f53a5c
0002000f01dd5748023040b8
fffe000f01e2ed7400240413
ffff000f01dc4d4f00616554
ffff000e01d848ad009c17a8
0000000e01d5cdff00d5d95f
0000000e01d473d9010f447a
0000000e01d4133501489350
0000000e01d4a34d0181e4e7
0001000e01d6318b01bb5ac3
0001000f01d8edd901f53a5c
0002000f01dd5748023040b8
fffe000f01e2ed7400240413
ffff000f01dc4d4f00616554
ffff000e01d848ad009c17a8
0000000e01d5cdff00d5d95f
0000000e01d473d9010f447a
0000000e01d4133501489350
0000000e01d4a34d0181e4e7
0001000e01d6318b01bb5ac3
0001000f01d8edd901f53a5c
0002000f01dd5748023040b8
fffe000f01e3d57400241401
ffff000f01dd2a4800617637
ffff000e01d91fb9009c25a0
0000000e01d6a1c300d5e2ed
0000000e01d545f4010f4916
0000000e01d4e4df014892d0
0000000e01d575a10181df4d
0001000e01d705cd01bb5048
0001000f01d9c5cc01f52ba8
0002000f01de35e502302f9a
fffe000f01e3d57400241401
ffff000f01dd2a4800617637
ffff000e01d91fb9009c25a0
0000000e01d6a1c300d5e2ed
0000000e01d545f4010f4916
0000000e01d4e4df014892d0
0000000e01d575a10181df4d
0001000e01d705cd01bb5048
0001000f01d9c5cc01f52ba8
0002000f01de35e502302f9a
fffe000f01e3d57400241401
ffff000f01dd2a4800617637
ffff000e01d91fb9009c25a0
0000000e01d6a1c300d5e2ed
0000000e01d545f4010f4916
0000000e01d4e4df014892d0
0000000e01d575a10181df4d
0001000e01d705cd01bb5048
0001000f01d9c5cc01f52ba8
0002000f01de35e502302f9a
fffe000f01e3d57400241401
ffff000f01dd2a4800617637
ffff000e01d91fb9009c25a0
0000000e01d6a1c300d5e2ed
0000000e01d545f4010f4916
0000000e01d4e4df014892d0
0000000e01d575a10181df4d
0001000e01d705cd01bb5048
0001000f01d9c5cc01f52ba8
0002000f01de35e502302f9a
fffe000f01e3d57400241401
ffff000f01dd2a4800617637
ffff000e01d91fb9009c25a0
0000000e01d6a1c300d5e2ed
0000000e01d545f4010f4916
0000000e01d4e4df014892d0
0000000e01d575a10181df4d
0001000e01d705cd01bb5048
0001000f01d9c5cc01f52ba8
0002000f01de35e502302f9a
fffe000f01e3d57400241401
ffff000f01dd2a4800617637
ffff000e01d91fb9009c25a0
0000000e01d6a1c300d5e2ed
0000000e01d545f4010f4916
0000000e01d4e4df014892d0
0000000e01d575a10181df4d
0001000e01d705cd01bb5048
0001000f01d9c5cc01f52ba8
0002000f01de35e502302f9a
